ISO-10303-21;
HEADER;
/* Generated by software containing ST-Developer
 * from STEP Tools, Inc. (www.steptools.com) 
 */
/* OPTION: using custom renumber hook */

FILE_DESCRIPTION(
/* description */ ('STEP AP242 Edition 2',
'CAx-IF Rec.Pracs.---Representation and Presentation of Product Manufa
cturing Information (PMI)---4.0---2014-10-13',
'CAx-IF Rec.Pracs.---3D Tessellated Geometry---0.4---2014-09-14','2;1',
'CAx-IF Rec.Pracs.---User Defined Attributes---1.5---2016-08-15'),
/* implementation_level */ '2;1');

FILE_NAME(
/* name */ 'Part Studio 2 - Part 1',
/* time_stamp */ '2026-10-03T06:13:29Z',
/* author */ (''),
/* organization */ (''),
/* preprocessor_version */ 'ST-DEVELOPER v20',
/* originating_system */ 'ONSHAPE BY PTC INC, 1.221',
/* authorisation */ '  ');

FILE_SCHEMA (('AP242_MANAGED_MODEL_BASED_3D_ENGINEERING_MIM_LF { 1 0 10303 442 3 1 4 }'));
ENDSEC;

DATA;
#10=SHAPE_REPRESENTATION_RELATIONSHIP('','',#1825,#11);
#11=ADVANCED_BREP_SHAPE_REPRESENTATION('',(#1823),#2895);
#12=CYLINDRICAL_SURFACE('',#1866,0.0023);
#13=CYLINDRICAL_SURFACE('',#1876,0.0023);
#14=CYLINDRICAL_SURFACE('',#1885,0.0023);
#15=CYLINDRICAL_SURFACE('',#1896,0.0023);
#16=CYLINDRICAL_SURFACE('',#1929,0.0019);
#17=CYLINDRICAL_SURFACE('',#1932,0.0019);
#18=CYLINDRICAL_SURFACE('',#1935,0.0019);
#19=CYLINDRICAL_SURFACE('',#1938,0.0019);
#20=CIRCLE('',#1839,0.0019);
#21=CIRCLE('',#1840,0.0019);
#22=CIRCLE('',#1841,0.0019);
#23=CIRCLE('',#1842,0.0019);
#24=CIRCLE('',#1867,0.0023);
#25=CIRCLE('',#1868,0.0023);
#26=CIRCLE('',#1877,0.0023);
#27=CIRCLE('',#1878,0.0023);
#28=CIRCLE('',#1886,0.0023);
#29=CIRCLE('',#1887,0.0023);
#30=CIRCLE('',#1897,0.0023);
#31=CIRCLE('',#1898,0.0023);
#32=CIRCLE('',#1930,0.0019);
#33=CIRCLE('',#1933,0.0019);
#34=CIRCLE('',#1936,0.0019);
#35=CIRCLE('',#1939,0.0019);
#36=ORIENTED_EDGE('',*,*,#512,.T.);
#37=ORIENTED_EDGE('',*,*,#513,.T.);
#38=ORIENTED_EDGE('',*,*,#514,.F.);
#39=ORIENTED_EDGE('',*,*,#515,.F.);
#40=ORIENTED_EDGE('',*,*,#516,.T.);
#41=ORIENTED_EDGE('',*,*,#517,.T.);
#42=ORIENTED_EDGE('',*,*,#518,.F.);
#43=ORIENTED_EDGE('',*,*,#519,.F.);
#44=ORIENTED_EDGE('',*,*,#520,.T.);
#45=ORIENTED_EDGE('',*,*,#521,.T.);
#46=ORIENTED_EDGE('',*,*,#522,.F.);
#47=ORIENTED_EDGE('',*,*,#523,.F.);
#48=ORIENTED_EDGE('',*,*,#524,.F.);
#49=ORIENTED_EDGE('',*,*,#525,.F.);
#50=ORIENTED_EDGE('',*,*,#526,.F.);
#51=ORIENTED_EDGE('',*,*,#527,.T.);
#52=ORIENTED_EDGE('',*,*,#528,.T.);
#53=ORIENTED_EDGE('',*,*,#529,.F.);
#54=ORIENTED_EDGE('',*,*,#530,.T.);
#55=ORIENTED_EDGE('',*,*,#531,.T.);
#56=ORIENTED_EDGE('',*,*,#532,.F.);
#57=ORIENTED_EDGE('',*,*,#533,.F.);
#58=ORIENTED_EDGE('',*,*,#534,.T.);
#59=ORIENTED_EDGE('',*,*,#535,.T.);
#60=ORIENTED_EDGE('',*,*,#536,.F.);
#61=ORIENTED_EDGE('',*,*,#537,.F.);
#62=ORIENTED_EDGE('',*,*,#538,.T.);
#63=ORIENTED_EDGE('',*,*,#539,.T.);
#64=ORIENTED_EDGE('',*,*,#540,.F.);
#65=ORIENTED_EDGE('',*,*,#541,.F.);
#66=ORIENTED_EDGE('',*,*,#542,.T.);
#67=ORIENTED_EDGE('',*,*,#543,.T.);
#68=ORIENTED_EDGE('',*,*,#544,.F.);
#69=ORIENTED_EDGE('',*,*,#545,.F.);
#70=ORIENTED_EDGE('',*,*,#546,.T.);
#71=ORIENTED_EDGE('',*,*,#547,.T.);
#72=ORIENTED_EDGE('',*,*,#548,.T.);
#73=ORIENTED_EDGE('',*,*,#549,.F.);
#74=ORIENTED_EDGE('',*,*,#550,.F.);
#75=ORIENTED_EDGE('',*,*,#551,.T.);
#76=ORIENTED_EDGE('',*,*,#552,.F.);
#77=ORIENTED_EDGE('',*,*,#537,.T.);
#78=ORIENTED_EDGE('',*,*,#553,.F.);
#79=ORIENTED_EDGE('',*,*,#554,.F.);
#80=ORIENTED_EDGE('',*,*,#555,.T.);
#81=ORIENTED_EDGE('',*,*,#556,.F.);
#82=ORIENTED_EDGE('',*,*,#557,.F.);
#83=ORIENTED_EDGE('',*,*,#558,.F.);
#84=ORIENTED_EDGE('',*,*,#559,.T.);
#85=ORIENTED_EDGE('',*,*,#560,.T.);
#86=ORIENTED_EDGE('',*,*,#561,.T.);
#87=ORIENTED_EDGE('',*,*,#562,.T.);
#88=ORIENTED_EDGE('',*,*,#563,.F.);
#89=ORIENTED_EDGE('',*,*,#564,.F.);
#90=ORIENTED_EDGE('',*,*,#565,.T.);
#91=ORIENTED_EDGE('',*,*,#566,.F.);
#92=ORIENTED_EDGE('',*,*,#561,.F.);
#93=ORIENTED_EDGE('',*,*,#567,.T.);
#94=ORIENTED_EDGE('',*,*,#568,.F.);
#95=ORIENTED_EDGE('',*,*,#569,.T.);
#96=ORIENTED_EDGE('',*,*,#570,.T.);
#97=ORIENTED_EDGE('',*,*,#571,.F.);
#98=ORIENTED_EDGE('',*,*,#572,.T.);
#99=ORIENTED_EDGE('',*,*,#573,.F.);
#100=ORIENTED_EDGE('',*,*,#565,.F.);
#101=ORIENTED_EDGE('',*,*,#574,.T.);
#102=ORIENTED_EDGE('',*,*,#575,.F.);
#103=ORIENTED_EDGE('',*,*,#576,.F.);
#104=ORIENTED_EDGE('',*,*,#577,.T.);
#105=ORIENTED_EDGE('',*,*,#578,.T.);
#106=ORIENTED_EDGE('',*,*,#579,.F.);
#107=ORIENTED_EDGE('',*,*,#580,.F.);
#108=ORIENTED_EDGE('',*,*,#581,.T.);
#109=ORIENTED_EDGE('',*,*,#582,.T.);
#110=ORIENTED_EDGE('',*,*,#583,.F.);
#111=ORIENTED_EDGE('',*,*,#584,.F.);
#112=ORIENTED_EDGE('',*,*,#585,.T.);
#113=ORIENTED_EDGE('',*,*,#586,.T.);
#114=ORIENTED_EDGE('',*,*,#587,.F.);
#115=ORIENTED_EDGE('',*,*,#588,.F.);
#116=ORIENTED_EDGE('',*,*,#589,.T.);
#117=ORIENTED_EDGE('',*,*,#590,.T.);
#118=ORIENTED_EDGE('',*,*,#563,.T.);
#119=ORIENTED_EDGE('',*,*,#591,.T.);
#120=ORIENTED_EDGE('',*,*,#572,.F.);
#121=ORIENTED_EDGE('',*,*,#592,.F.);
#122=ORIENTED_EDGE('',*,*,#593,.F.);
#123=ORIENTED_EDGE('',*,*,#594,.F.);
#124=ORIENTED_EDGE('',*,*,#595,.T.);
#125=ORIENTED_EDGE('',*,*,#596,.T.);
#126=ORIENTED_EDGE('',*,*,#564,.T.);
#127=ORIENTED_EDGE('',*,*,#592,.T.);
#128=ORIENTED_EDGE('',*,*,#574,.F.);
#129=ORIENTED_EDGE('',*,*,#567,.F.);
#130=ORIENTED_EDGE('',*,*,#597,.T.);
#131=ORIENTED_EDGE('',*,*,#598,.F.);
#132=ORIENTED_EDGE('',*,*,#599,.F.);
#133=ORIENTED_EDGE('',*,*,#600,.T.);
#134=ORIENTED_EDGE('',*,*,#541,.T.);
#135=ORIENTED_EDGE('',*,*,#601,.F.);
#136=ORIENTED_EDGE('',*,*,#602,.F.);
#137=ORIENTED_EDGE('',*,*,#603,.T.);
#138=ORIENTED_EDGE('',*,*,#604,.T.);
#139=ORIENTED_EDGE('',*,*,#605,.F.);
#140=ORIENTED_EDGE('',*,*,#606,.F.);
#141=ORIENTED_EDGE('',*,*,#607,.T.);
#142=ORIENTED_EDGE('',*,*,#608,.T.);
#143=ORIENTED_EDGE('',*,*,#609,.F.);
#144=ORIENTED_EDGE('',*,*,#610,.F.);
#145=ORIENTED_EDGE('',*,*,#611,.T.);
#146=ORIENTED_EDGE('',*,*,#612,.T.);
#147=ORIENTED_EDGE('',*,*,#613,.F.);
#148=ORIENTED_EDGE('',*,*,#614,.F.);
#149=ORIENTED_EDGE('',*,*,#615,.T.);
#150=ORIENTED_EDGE('',*,*,#616,.T.);
#151=ORIENTED_EDGE('',*,*,#617,.F.);
#152=ORIENTED_EDGE('',*,*,#618,.F.);
#153=ORIENTED_EDGE('',*,*,#619,.T.);
#154=ORIENTED_EDGE('',*,*,#540,.T.);
#155=ORIENTED_EDGE('',*,*,#620,.F.);
#156=ORIENTED_EDGE('',*,*,#621,.F.);
#157=ORIENTED_EDGE('',*,*,#601,.T.);
#158=ORIENTED_EDGE('',*,*,#622,.T.);
#159=ORIENTED_EDGE('',*,*,#623,.T.);
#160=ORIENTED_EDGE('',*,*,#624,.F.);
#161=ORIENTED_EDGE('',*,*,#625,.F.);
#162=ORIENTED_EDGE('',*,*,#626,.F.);
#163=ORIENTED_EDGE('',*,*,#543,.F.);
#164=ORIENTED_EDGE('',*,*,#627,.F.);
#165=ORIENTED_EDGE('',*,*,#628,.T.);
#166=ORIENTED_EDGE('',*,*,#620,.T.);
#167=ORIENTED_EDGE('',*,*,#539,.F.);
#168=ORIENTED_EDGE('',*,*,#629,.T.);
#169=ORIENTED_EDGE('',*,*,#630,.T.);
#170=ORIENTED_EDGE('',*,*,#542,.F.);
#171=ORIENTED_EDGE('',*,*,#603,.F.);
#172=ORIENTED_EDGE('',*,*,#631,.T.);
#173=ORIENTED_EDGE('',*,*,#627,.T.);
#174=ORIENTED_EDGE('',*,*,#632,.F.);
#175=ORIENTED_EDGE('',*,*,#633,.F.);
#176=ORIENTED_EDGE('',*,*,#634,.F.);
#177=ORIENTED_EDGE('',*,*,#635,.F.);
#178=ORIENTED_EDGE('',*,*,#562,.F.);
#179=ORIENTED_EDGE('',*,*,#566,.T.);
#180=ORIENTED_EDGE('',*,*,#573,.T.);
#181=ORIENTED_EDGE('',*,*,#591,.F.);
#182=ORIENTED_EDGE('',*,*,#602,.T.);
#183=ORIENTED_EDGE('',*,*,#621,.T.);
#184=ORIENTED_EDGE('',*,*,#628,.F.);
#185=ORIENTED_EDGE('',*,*,#631,.F.);
#186=ORIENTED_EDGE('',*,*,#636,.F.);
#187=ORIENTED_EDGE('',*,*,#637,.T.);
#188=ORIENTED_EDGE('',*,*,#555,.F.);
#189=ORIENTED_EDGE('',*,*,#638,.T.);
#190=ORIENTED_EDGE('',*,*,#639,.T.);
#191=ORIENTED_EDGE('',*,*,#534,.F.);
#192=ORIENTED_EDGE('',*,*,#536,.T.);
#193=ORIENTED_EDGE('',*,*,#640,.F.);
#194=ORIENTED_EDGE('',*,*,#641,.F.);
#195=ORIENTED_EDGE('',*,*,#553,.T.);
#196=ORIENTED_EDGE('',*,*,#535,.F.);
#197=ORIENTED_EDGE('',*,*,#639,.F.);
#198=ORIENTED_EDGE('',*,*,#642,.T.);
#199=ORIENTED_EDGE('',*,*,#640,.T.);
#200=ORIENTED_EDGE('',*,*,#638,.F.);
#201=ORIENTED_EDGE('',*,*,#554,.T.);
#202=ORIENTED_EDGE('',*,*,#641,.T.);
#203=ORIENTED_EDGE('',*,*,#642,.F.);
#204=ORIENTED_EDGE('',*,*,#643,.F.);
#205=ORIENTED_EDGE('',*,*,#644,.F.);
#206=ORIENTED_EDGE('',*,*,#645,.T.);
#207=ORIENTED_EDGE('',*,*,#646,.T.);
#208=ORIENTED_EDGE('',*,*,#647,.F.);
#209=ORIENTED_EDGE('',*,*,#648,.F.);
#210=ORIENTED_EDGE('',*,*,#649,.T.);
#211=ORIENTED_EDGE('',*,*,#644,.T.);
#212=ORIENTED_EDGE('',*,*,#650,.T.);
#213=ORIENTED_EDGE('',*,*,#651,.F.);
#214=ORIENTED_EDGE('',*,*,#652,.F.);
#215=ORIENTED_EDGE('',*,*,#648,.T.);
#216=ORIENTED_EDGE('',*,*,#527,.F.);
#217=ORIENTED_EDGE('',*,*,#653,.F.);
#218=ORIENTED_EDGE('',*,*,#654,.T.);
#219=ORIENTED_EDGE('',*,*,#655,.T.);
#220=ORIENTED_EDGE('',*,*,#526,.T.);
#221=ORIENTED_EDGE('',*,*,#656,.F.);
#222=ORIENTED_EDGE('',*,*,#657,.F.);
#223=ORIENTED_EDGE('',*,*,#653,.T.);
#224=ORIENTED_EDGE('',*,*,#525,.T.);
#225=ORIENTED_EDGE('',*,*,#658,.T.);
#226=ORIENTED_EDGE('',*,*,#659,.F.);
#227=ORIENTED_EDGE('',*,*,#660,.F.);
#228=ORIENTED_EDGE('',*,*,#661,.F.);
#229=ORIENTED_EDGE('',*,*,#656,.T.);
#230=ORIENTED_EDGE('',*,*,#662,.F.);
#231=ORIENTED_EDGE('',*,*,#663,.T.);
#232=ORIENTED_EDGE('',*,*,#532,.T.);
#233=ORIENTED_EDGE('',*,*,#664,.F.);
#234=ORIENTED_EDGE('',*,*,#665,.F.);
#235=ORIENTED_EDGE('',*,*,#660,.T.);
#236=ORIENTED_EDGE('',*,*,#531,.F.);
#237=ORIENTED_EDGE('',*,*,#666,.F.);
#238=ORIENTED_EDGE('',*,*,#667,.T.);
#239=ORIENTED_EDGE('',*,*,#664,.T.);
#240=ORIENTED_EDGE('',*,*,#530,.F.);
#241=ORIENTED_EDGE('',*,*,#668,.F.);
#242=ORIENTED_EDGE('',*,*,#669,.T.);
#243=ORIENTED_EDGE('',*,*,#666,.T.);
#244=ORIENTED_EDGE('',*,*,#529,.T.);
#245=ORIENTED_EDGE('',*,*,#670,.F.);
#246=ORIENTED_EDGE('',*,*,#671,.F.);
#247=ORIENTED_EDGE('',*,*,#668,.T.);
#248=ORIENTED_EDGE('',*,*,#528,.F.);
#249=ORIENTED_EDGE('',*,*,#655,.F.);
#250=ORIENTED_EDGE('',*,*,#672,.T.);
#251=ORIENTED_EDGE('',*,*,#670,.T.);
#252=ORIENTED_EDGE('',*,*,#673,.T.);
#253=ORIENTED_EDGE('',*,*,#646,.F.);
#254=ORIENTED_EDGE('',*,*,#674,.F.);
#255=ORIENTED_EDGE('',*,*,#651,.T.);
#256=ORIENTED_EDGE('',*,*,#654,.F.);
#257=ORIENTED_EDGE('',*,*,#657,.T.);
#258=ORIENTED_EDGE('',*,*,#661,.T.);
#259=ORIENTED_EDGE('',*,*,#665,.T.);
#260=ORIENTED_EDGE('',*,*,#667,.F.);
#261=ORIENTED_EDGE('',*,*,#669,.F.);
#262=ORIENTED_EDGE('',*,*,#671,.T.);
#263=ORIENTED_EDGE('',*,*,#672,.F.);
#264=ORIENTED_EDGE('',*,*,#645,.F.);
#265=ORIENTED_EDGE('',*,*,#649,.F.);
#266=ORIENTED_EDGE('',*,*,#652,.T.);
#267=ORIENTED_EDGE('',*,*,#674,.T.);
#268=ORIENTED_EDGE('',*,*,#643,.T.);
#269=ORIENTED_EDGE('',*,*,#673,.F.);
#270=ORIENTED_EDGE('',*,*,#650,.F.);
#271=ORIENTED_EDGE('',*,*,#647,.T.);
#272=ORIENTED_EDGE('',*,*,#630,.F.);
#273=ORIENTED_EDGE('',*,*,#675,.T.);
#274=ORIENTED_EDGE('',*,*,#556,.T.);
#275=ORIENTED_EDGE('',*,*,#637,.F.);
#276=ORIENTED_EDGE('',*,*,#676,.F.);
#277=ORIENTED_EDGE('',*,*,#662,.T.);
#278=ORIENTED_EDGE('',*,*,#659,.T.);
#279=ORIENTED_EDGE('',*,*,#677,.F.);
#280=ORIENTED_EDGE('',*,*,#524,.T.);
#281=ORIENTED_EDGE('',*,*,#626,.T.);
#282=ORIENTED_EDGE('',*,*,#677,.T.);
#283=ORIENTED_EDGE('',*,*,#658,.F.);
#284=ORIENTED_EDGE('',*,*,#676,.T.);
#285=ORIENTED_EDGE('',*,*,#636,.T.);
#286=ORIENTED_EDGE('',*,*,#533,.T.);
#287=ORIENTED_EDGE('',*,*,#663,.F.);
#288=ORIENTED_EDGE('',*,*,#629,.F.);
#289=ORIENTED_EDGE('',*,*,#538,.F.);
#290=ORIENTED_EDGE('',*,*,#552,.T.);
#291=ORIENTED_EDGE('',*,*,#675,.F.);
#292=ORIENTED_EDGE('',*,*,#678,.F.);
#293=ORIENTED_EDGE('',*,*,#679,.T.);
#294=ORIENTED_EDGE('',*,*,#545,.T.);
#295=ORIENTED_EDGE('',*,*,#680,.F.);
#296=ORIENTED_EDGE('',*,*,#681,.T.);
#297=ORIENTED_EDGE('',*,*,#682,.T.);
#298=ORIENTED_EDGE('',*,*,#683,.F.);
#299=ORIENTED_EDGE('',*,*,#680,.T.);
#300=ORIENTED_EDGE('',*,*,#544,.T.);
#301=ORIENTED_EDGE('',*,*,#684,.F.);
#302=ORIENTED_EDGE('',*,*,#679,.F.);
#303=ORIENTED_EDGE('',*,*,#685,.T.);
#304=ORIENTED_EDGE('',*,*,#686,.T.);
#305=ORIENTED_EDGE('',*,*,#546,.F.);
#306=ORIENTED_EDGE('',*,*,#686,.F.);
#307=ORIENTED_EDGE('',*,*,#687,.T.);
#308=ORIENTED_EDGE('',*,*,#684,.T.);
#309=ORIENTED_EDGE('',*,*,#547,.F.);
#310=ORIENTED_EDGE('',*,*,#682,.F.);
#311=ORIENTED_EDGE('',*,*,#685,.F.);
#312=ORIENTED_EDGE('',*,*,#678,.T.);
#313=ORIENTED_EDGE('',*,*,#683,.T.);
#314=ORIENTED_EDGE('',*,*,#687,.F.);
#315=ORIENTED_EDGE('',*,*,#681,.F.);
#316=ORIENTED_EDGE('',*,*,#688,.F.);
#317=ORIENTED_EDGE('',*,*,#689,.T.);
#318=ORIENTED_EDGE('',*,*,#690,.T.);
#319=ORIENTED_EDGE('',*,*,#520,.F.);
#320=ORIENTED_EDGE('',*,*,#690,.F.);
#321=ORIENTED_EDGE('',*,*,#691,.T.);
#322=ORIENTED_EDGE('',*,*,#692,.T.);
#323=ORIENTED_EDGE('',*,*,#521,.F.);
#324=ORIENTED_EDGE('',*,*,#693,.T.);
#325=ORIENTED_EDGE('',*,*,#694,.T.);
#326=ORIENTED_EDGE('',*,*,#695,.F.);
#327=ORIENTED_EDGE('',*,*,#688,.T.);
#328=ORIENTED_EDGE('',*,*,#523,.T.);
#329=ORIENTED_EDGE('',*,*,#696,.F.);
#330=ORIENTED_EDGE('',*,*,#697,.F.);
#331=ORIENTED_EDGE('',*,*,#696,.T.);
#332=ORIENTED_EDGE('',*,*,#522,.T.);
#333=ORIENTED_EDGE('',*,*,#692,.F.);
#334=ORIENTED_EDGE('',*,*,#694,.F.);
#335=ORIENTED_EDGE('',*,*,#691,.F.);
#336=ORIENTED_EDGE('',*,*,#689,.F.);
#337=ORIENTED_EDGE('',*,*,#695,.T.);
#338=ORIENTED_EDGE('',*,*,#697,.T.);
#339=ORIENTED_EDGE('',*,*,#693,.F.);
#340=ORIENTED_EDGE('',*,*,#698,.F.);
#341=ORIENTED_EDGE('',*,*,#699,.T.);
#342=ORIENTED_EDGE('',*,*,#700,.T.);
#343=ORIENTED_EDGE('',*,*,#516,.F.);
#344=ORIENTED_EDGE('',*,*,#700,.F.);
#345=ORIENTED_EDGE('',*,*,#701,.T.);
#346=ORIENTED_EDGE('',*,*,#702,.T.);
#347=ORIENTED_EDGE('',*,*,#517,.F.);
#348=ORIENTED_EDGE('',*,*,#703,.T.);
#349=ORIENTED_EDGE('',*,*,#704,.T.);
#350=ORIENTED_EDGE('',*,*,#705,.F.);
#351=ORIENTED_EDGE('',*,*,#698,.T.);
#352=ORIENTED_EDGE('',*,*,#519,.T.);
#353=ORIENTED_EDGE('',*,*,#706,.F.);
#354=ORIENTED_EDGE('',*,*,#707,.F.);
#355=ORIENTED_EDGE('',*,*,#706,.T.);
#356=ORIENTED_EDGE('',*,*,#518,.T.);
#357=ORIENTED_EDGE('',*,*,#702,.F.);
#358=ORIENTED_EDGE('',*,*,#704,.F.);
#359=ORIENTED_EDGE('',*,*,#701,.F.);
#360=ORIENTED_EDGE('',*,*,#699,.F.);
#361=ORIENTED_EDGE('',*,*,#705,.T.);
#362=ORIENTED_EDGE('',*,*,#707,.T.);
#363=ORIENTED_EDGE('',*,*,#703,.F.);
#364=ORIENTED_EDGE('',*,*,#708,.F.);
#365=ORIENTED_EDGE('',*,*,#709,.T.);
#366=ORIENTED_EDGE('',*,*,#549,.T.);
#367=ORIENTED_EDGE('',*,*,#710,.F.);
#368=ORIENTED_EDGE('',*,*,#711,.F.);
#369=ORIENTED_EDGE('',*,*,#712,.T.);
#370=ORIENTED_EDGE('',*,*,#710,.T.);
#371=ORIENTED_EDGE('',*,*,#548,.F.);
#372=ORIENTED_EDGE('',*,*,#713,.F.);
#373=ORIENTED_EDGE('',*,*,#714,.T.);
#374=ORIENTED_EDGE('',*,*,#550,.T.);
#375=ORIENTED_EDGE('',*,*,#709,.F.);
#376=ORIENTED_EDGE('',*,*,#714,.F.);
#377=ORIENTED_EDGE('',*,*,#715,.T.);
#378=ORIENTED_EDGE('',*,*,#711,.T.);
#379=ORIENTED_EDGE('',*,*,#551,.F.);
#380=ORIENTED_EDGE('',*,*,#716,.T.);
#381=ORIENTED_EDGE('',*,*,#717,.T.);
#382=ORIENTED_EDGE('',*,*,#715,.F.);
#383=ORIENTED_EDGE('',*,*,#713,.T.);
#384=ORIENTED_EDGE('',*,*,#708,.T.);
#385=ORIENTED_EDGE('',*,*,#712,.F.);
#386=ORIENTED_EDGE('',*,*,#717,.F.);
#387=ORIENTED_EDGE('',*,*,#716,.F.);
#388=ORIENTED_EDGE('',*,*,#718,.T.);
#389=ORIENTED_EDGE('',*,*,#594,.T.);
#390=ORIENTED_EDGE('',*,*,#719,.F.);
#391=ORIENTED_EDGE('',*,*,#512,.F.);
#392=ORIENTED_EDGE('',*,*,#719,.T.);
#393=ORIENTED_EDGE('',*,*,#593,.T.);
#394=ORIENTED_EDGE('',*,*,#720,.F.);
#395=ORIENTED_EDGE('',*,*,#513,.F.);
#396=ORIENTED_EDGE('',*,*,#515,.T.);
#397=ORIENTED_EDGE('',*,*,#721,.T.);
#398=ORIENTED_EDGE('',*,*,#595,.F.);
#399=ORIENTED_EDGE('',*,*,#718,.F.);
#400=ORIENTED_EDGE('',*,*,#514,.T.);
#401=ORIENTED_EDGE('',*,*,#720,.T.);
#402=ORIENTED_EDGE('',*,*,#596,.F.);
#403=ORIENTED_EDGE('',*,*,#721,.F.);
#404=ORIENTED_EDGE('',*,*,#624,.T.);
#405=ORIENTED_EDGE('',*,*,#722,.T.);
#406=ORIENTED_EDGE('',*,*,#570,.F.);
#407=ORIENTED_EDGE('',*,*,#723,.F.);
#408=ORIENTED_EDGE('',*,*,#625,.T.);
#409=ORIENTED_EDGE('',*,*,#723,.T.);
#410=ORIENTED_EDGE('',*,*,#569,.F.);
#411=ORIENTED_EDGE('',*,*,#724,.F.);
#412=ORIENTED_EDGE('',*,*,#725,.T.);
#413=ORIENTED_EDGE('',*,*,#571,.T.);
#414=ORIENTED_EDGE('',*,*,#722,.F.);
#415=ORIENTED_EDGE('',*,*,#623,.F.);
#416=ORIENTED_EDGE('',*,*,#724,.T.);
#417=ORIENTED_EDGE('',*,*,#568,.T.);
#418=ORIENTED_EDGE('',*,*,#725,.F.);
#419=ORIENTED_EDGE('',*,*,#622,.F.);
#420=ORIENTED_EDGE('',*,*,#726,.T.);
#421=ORIENTED_EDGE('',*,*,#560,.F.);
#422=ORIENTED_EDGE('',*,*,#727,.F.);
#423=ORIENTED_EDGE('',*,*,#600,.F.);
#424=ORIENTED_EDGE('',*,*,#599,.T.);
#425=ORIENTED_EDGE('',*,*,#728,.T.);
#426=ORIENTED_EDGE('',*,*,#557,.T.);
#427=ORIENTED_EDGE('',*,*,#726,.F.);
#428=ORIENTED_EDGE('',*,*,#727,.T.);
#429=ORIENTED_EDGE('',*,*,#559,.F.);
#430=ORIENTED_EDGE('',*,*,#729,.F.);
#431=ORIENTED_EDGE('',*,*,#597,.F.);
#432=ORIENTED_EDGE('',*,*,#598,.T.);
#433=ORIENTED_EDGE('',*,*,#729,.T.);
#434=ORIENTED_EDGE('',*,*,#558,.T.);
#435=ORIENTED_EDGE('',*,*,#728,.F.);
#436=ORIENTED_EDGE('',*,*,#730,.T.);
#437=ORIENTED_EDGE('',*,*,#590,.F.);
#438=ORIENTED_EDGE('',*,*,#731,.F.);
#439=ORIENTED_EDGE('',*,*,#619,.F.);
#440=ORIENTED_EDGE('',*,*,#618,.T.);
#441=ORIENTED_EDGE('',*,*,#732,.T.);
#442=ORIENTED_EDGE('',*,*,#587,.T.);
#443=ORIENTED_EDGE('',*,*,#730,.F.);
#444=ORIENTED_EDGE('',*,*,#731,.T.);
#445=ORIENTED_EDGE('',*,*,#589,.F.);
#446=ORIENTED_EDGE('',*,*,#733,.F.);
#447=ORIENTED_EDGE('',*,*,#616,.F.);
#448=ORIENTED_EDGE('',*,*,#617,.T.);
#449=ORIENTED_EDGE('',*,*,#733,.T.);
#450=ORIENTED_EDGE('',*,*,#588,.T.);
#451=ORIENTED_EDGE('',*,*,#732,.F.);
#452=ORIENTED_EDGE('',*,*,#734,.T.);
#453=ORIENTED_EDGE('',*,*,#586,.F.);
#454=ORIENTED_EDGE('',*,*,#735,.F.);
#455=ORIENTED_EDGE('',*,*,#615,.F.);
#456=ORIENTED_EDGE('',*,*,#614,.T.);
#457=ORIENTED_EDGE('',*,*,#736,.T.);
#458=ORIENTED_EDGE('',*,*,#583,.T.);
#459=ORIENTED_EDGE('',*,*,#734,.F.);
#460=ORIENTED_EDGE('',*,*,#735,.T.);
#461=ORIENTED_EDGE('',*,*,#585,.F.);
#462=ORIENTED_EDGE('',*,*,#737,.F.);
#463=ORIENTED_EDGE('',*,*,#612,.F.);
#464=ORIENTED_EDGE('',*,*,#613,.T.);
#465=ORIENTED_EDGE('',*,*,#737,.T.);
#466=ORIENTED_EDGE('',*,*,#584,.T.);
#467=ORIENTED_EDGE('',*,*,#736,.F.);
#468=ORIENTED_EDGE('',*,*,#738,.T.);
#469=ORIENTED_EDGE('',*,*,#582,.F.);
#470=ORIENTED_EDGE('',*,*,#739,.F.);
#471=ORIENTED_EDGE('',*,*,#611,.F.);
#472=ORIENTED_EDGE('',*,*,#610,.T.);
#473=ORIENTED_EDGE('',*,*,#740,.T.);
#474=ORIENTED_EDGE('',*,*,#579,.T.);
#475=ORIENTED_EDGE('',*,*,#738,.F.);
#476=ORIENTED_EDGE('',*,*,#739,.T.);
#477=ORIENTED_EDGE('',*,*,#581,.F.);
#478=ORIENTED_EDGE('',*,*,#741,.F.);
#479=ORIENTED_EDGE('',*,*,#608,.F.);
#480=ORIENTED_EDGE('',*,*,#609,.T.);
#481=ORIENTED_EDGE('',*,*,#741,.T.);
#482=ORIENTED_EDGE('',*,*,#580,.T.);
#483=ORIENTED_EDGE('',*,*,#740,.F.);
#484=ORIENTED_EDGE('',*,*,#742,.T.);
#485=ORIENTED_EDGE('',*,*,#578,.F.);
#486=ORIENTED_EDGE('',*,*,#743,.F.);
#487=ORIENTED_EDGE('',*,*,#607,.F.);
#488=ORIENTED_EDGE('',*,*,#606,.T.);
#489=ORIENTED_EDGE('',*,*,#744,.T.);
#490=ORIENTED_EDGE('',*,*,#575,.T.);
#491=ORIENTED_EDGE('',*,*,#742,.F.);
#492=ORIENTED_EDGE('',*,*,#743,.T.);
#493=ORIENTED_EDGE('',*,*,#577,.F.);
#494=ORIENTED_EDGE('',*,*,#745,.F.);
#495=ORIENTED_EDGE('',*,*,#604,.F.);
#496=ORIENTED_EDGE('',*,*,#605,.T.);
#497=ORIENTED_EDGE('',*,*,#745,.T.);
#498=ORIENTED_EDGE('',*,*,#576,.T.);
#499=ORIENTED_EDGE('',*,*,#744,.F.);
#500=ORIENTED_EDGE('',*,*,#746,.F.);
#501=ORIENTED_EDGE('',*,*,#635,.T.);
#502=ORIENTED_EDGE('',*,*,#746,.T.);
#503=ORIENTED_EDGE('',*,*,#747,.F.);
#504=ORIENTED_EDGE('',*,*,#634,.T.);
#505=ORIENTED_EDGE('',*,*,#747,.T.);
#506=ORIENTED_EDGE('',*,*,#748,.F.);
#507=ORIENTED_EDGE('',*,*,#633,.T.);
#508=ORIENTED_EDGE('',*,*,#748,.T.);
#509=ORIENTED_EDGE('',*,*,#749,.F.);
#510=ORIENTED_EDGE('',*,*,#632,.T.);
#511=ORIENTED_EDGE('',*,*,#749,.T.);
#512=EDGE_CURVE('',#750,#751,#914,.T.);
#513=EDGE_CURVE('',#751,#752,#915,.T.);
#514=EDGE_CURVE('',#753,#752,#916,.T.);
#515=EDGE_CURVE('',#750,#753,#917,.T.);
#516=EDGE_CURVE('',#754,#755,#918,.T.);
#517=EDGE_CURVE('',#755,#756,#919,.T.);
#518=EDGE_CURVE('',#757,#756,#920,.T.);
#519=EDGE_CURVE('',#754,#757,#921,.T.);
#520=EDGE_CURVE('',#758,#759,#922,.T.);
#521=EDGE_CURVE('',#759,#760,#923,.T.);
#522=EDGE_CURVE('',#761,#760,#924,.T.);
#523=EDGE_CURVE('',#758,#761,#925,.T.);
#524=EDGE_CURVE('',#762,#763,#926,.T.);
#525=EDGE_CURVE('',#764,#762,#927,.T.);
#526=EDGE_CURVE('',#765,#764,#928,.T.);
#527=EDGE_CURVE('',#765,#766,#929,.T.);
#528=EDGE_CURVE('',#766,#767,#930,.T.);
#529=EDGE_CURVE('',#768,#767,#931,.T.);
#530=EDGE_CURVE('',#768,#769,#932,.T.);
#531=EDGE_CURVE('',#769,#770,#933,.T.);
#532=EDGE_CURVE('',#771,#770,#934,.T.);
#533=EDGE_CURVE('',#772,#771,#935,.T.);
#534=EDGE_CURVE('',#772,#773,#936,.T.);
#535=EDGE_CURVE('',#773,#774,#937,.T.);
#536=EDGE_CURVE('',#775,#774,#938,.T.);
#537=EDGE_CURVE('',#776,#775,#939,.T.);
#538=EDGE_CURVE('',#776,#777,#940,.T.);
#539=EDGE_CURVE('',#777,#778,#941,.T.);
#540=EDGE_CURVE('',#779,#778,#942,.T.);
#541=EDGE_CURVE('',#780,#779,#943,.T.);
#542=EDGE_CURVE('',#780,#781,#944,.T.);
#543=EDGE_CURVE('',#781,#763,#945,.T.);
#544=EDGE_CURVE('',#782,#783,#946,.T.);
#545=EDGE_CURVE('',#784,#782,#947,.T.);
#546=EDGE_CURVE('',#784,#785,#948,.T.);
#547=EDGE_CURVE('',#785,#783,#949,.T.);
#548=EDGE_CURVE('',#786,#787,#950,.T.);
#549=EDGE_CURVE('',#788,#787,#951,.T.);
#550=EDGE_CURVE('',#789,#788,#952,.T.);
#551=EDGE_CURVE('',#789,#786,#953,.T.);
#552=EDGE_CURVE('',#776,#790,#954,.T.);
#553=EDGE_CURVE('',#791,#775,#955,.T.);
#554=EDGE_CURVE('',#792,#791,#956,.T.);
#555=EDGE_CURVE('',#792,#793,#957,.T.);
#556=EDGE_CURVE('',#790,#793,#958,.T.);
#557=EDGE_CURVE('',#794,#795,#959,.T.);
#558=EDGE_CURVE('',#796,#794,#960,.T.);
#559=EDGE_CURVE('',#796,#797,#961,.T.);
#560=EDGE_CURVE('',#797,#795,#962,.T.);
#561=EDGE_CURVE('',#798,#799,#963,.T.);
#562=EDGE_CURVE('',#799,#800,#964,.T.);
#563=EDGE_CURVE('',#801,#800,#965,.T.);
#564=EDGE_CURVE('',#798,#801,#966,.T.);
#565=EDGE_CURVE('',#802,#803,#967,.T.);
#566=EDGE_CURVE('',#799,#803,#968,.T.);
#567=EDGE_CURVE('',#798,#802,#969,.T.);
#568=EDGE_CURVE('',#804,#805,#970,.T.);
#569=EDGE_CURVE('',#804,#806,#971,.T.);
#570=EDGE_CURVE('',#806,#807,#972,.T.);
#571=EDGE_CURVE('',#805,#807,#973,.T.);
#572=EDGE_CURVE('',#808,#809,#974,.T.);
#573=EDGE_CURVE('',#803,#809,#975,.T.);
#574=EDGE_CURVE('',#802,#808,#976,.T.);
#575=EDGE_CURVE('',#810,#811,#977,.T.);
#576=EDGE_CURVE('',#812,#810,#978,.T.);
#577=EDGE_CURVE('',#812,#813,#979,.T.);
#578=EDGE_CURVE('',#813,#811,#980,.T.);
#579=EDGE_CURVE('',#814,#815,#981,.T.);
#580=EDGE_CURVE('',#816,#814,#982,.T.);
#581=EDGE_CURVE('',#816,#817,#983,.T.);
#582=EDGE_CURVE('',#817,#815,#984,.T.);
#583=EDGE_CURVE('',#818,#819,#985,.T.);
#584=EDGE_CURVE('',#820,#818,#986,.T.);
#585=EDGE_CURVE('',#820,#821,#987,.T.);
#586=EDGE_CURVE('',#821,#819,#988,.T.);
#587=EDGE_CURVE('',#822,#823,#989,.T.);
#588=EDGE_CURVE('',#824,#822,#990,.T.);
#589=EDGE_CURVE('',#824,#825,#991,.T.);
#590=EDGE_CURVE('',#825,#823,#992,.T.);
#591=EDGE_CURVE('',#800,#809,#993,.T.);
#592=EDGE_CURVE('',#801,#808,#994,.T.);
#593=EDGE_CURVE('',#826,#827,#995,.T.);
#594=EDGE_CURVE('',#828,#826,#996,.T.);
#595=EDGE_CURVE('',#828,#829,#997,.T.);
#596=EDGE_CURVE('',#829,#827,#998,.T.);
#597=EDGE_CURVE('',#830,#831,#999,.T.);
#598=EDGE_CURVE('',#832,#831,#1000,.T.);
#599=EDGE_CURVE('',#833,#832,#1001,.T.);
#600=EDGE_CURVE('',#833,#830,#1002,.T.);
#601=EDGE_CURVE('',#834,#779,#1003,.T.);
#602=EDGE_CURVE('',#835,#834,#1004,.T.);
#603=EDGE_CURVE('',#835,#780,#1005,.T.);
#604=EDGE_CURVE('',#836,#837,#1006,.T.);
#605=EDGE_CURVE('',#838,#837,#1007,.T.);
#606=EDGE_CURVE('',#839,#838,#1008,.T.);
#607=EDGE_CURVE('',#839,#836,#1009,.T.);
#608=EDGE_CURVE('',#840,#841,#1010,.T.);
#609=EDGE_CURVE('',#842,#841,#1011,.T.);
#610=EDGE_CURVE('',#843,#842,#1012,.T.);
#611=EDGE_CURVE('',#843,#840,#1013,.T.);
#612=EDGE_CURVE('',#844,#845,#1014,.T.);
#613=EDGE_CURVE('',#846,#845,#1015,.T.);
#614=EDGE_CURVE('',#847,#846,#1016,.T.);
#615=EDGE_CURVE('',#847,#844,#1017,.T.);
#616=EDGE_CURVE('',#848,#849,#1018,.T.);
#617=EDGE_CURVE('',#850,#849,#1019,.T.);
#618=EDGE_CURVE('',#851,#850,#1020,.T.);
#619=EDGE_CURVE('',#851,#848,#1021,.T.);
#620=EDGE_CURVE('',#852,#778,#1022,.T.);
#621=EDGE_CURVE('',#834,#852,#1023,.T.);
#622=EDGE_CURVE('',#853,#854,#1024,.T.);
#623=EDGE_CURVE('',#854,#855,#1025,.T.);
#624=EDGE_CURVE('',#856,#855,#1026,.T.);
#625=EDGE_CURVE('',#853,#856,#1027,.T.);
#626=EDGE_CURVE('',#763,#857,#1028,.T.);
#627=EDGE_CURVE('',#858,#781,#1029,.T.);
#628=EDGE_CURVE('',#858,#852,#1030,.T.);
#629=EDGE_CURVE('',#777,#859,#1031,.T.);
#630=EDGE_CURVE('',#859,#857,#1032,.T.);
#631=EDGE_CURVE('',#835,#858,#1033,.T.);
#632=EDGE_CURVE('',#860,#860,#20,.T.);
#633=EDGE_CURVE('',#861,#861,#21,.T.);
#634=EDGE_CURVE('',#862,#862,#22,.T.);
#635=EDGE_CURVE('',#863,#863,#23,.T.);
#636=EDGE_CURVE('',#864,#772,#1034,.T.);
#637=EDGE_CURVE('',#864,#793,#1035,.T.);
#638=EDGE_CURVE('',#792,#865,#1036,.T.);
#639=EDGE_CURVE('',#865,#773,#1037,.T.);
#640=EDGE_CURVE('',#866,#774,#1038,.T.);
#641=EDGE_CURVE('',#791,#866,#1039,.T.);
#642=EDGE_CURVE('',#865,#866,#1040,.T.);
#643=EDGE_CURVE('',#867,#868,#1041,.T.);
#644=EDGE_CURVE('',#869,#867,#1042,.T.);
#645=EDGE_CURVE('',#869,#870,#1043,.T.);
#646=EDGE_CURVE('',#870,#868,#1044,.T.);
#647=EDGE_CURVE('',#871,#867,#1045,.T.);
#648=EDGE_CURVE('',#872,#871,#1046,.T.);
#649=EDGE_CURVE('',#872,#869,#1047,.T.);
#650=EDGE_CURVE('',#871,#873,#1048,.T.);
#651=EDGE_CURVE('',#874,#873,#1049,.T.);
#652=EDGE_CURVE('',#872,#874,#1050,.T.);
#653=EDGE_CURVE('',#875,#765,#1051,.T.);
#654=EDGE_CURVE('',#875,#876,#1052,.T.);
#655=EDGE_CURVE('',#876,#766,#1053,.T.);
#656=EDGE_CURVE('',#877,#764,#1054,.T.);
#657=EDGE_CURVE('',#875,#877,#1055,.T.);
#658=EDGE_CURVE('',#762,#878,#1056,.T.);
#659=EDGE_CURVE('',#879,#878,#1057,.T.);
#660=EDGE_CURVE('',#880,#879,#1058,.T.);
#661=EDGE_CURVE('',#877,#880,#1059,.T.);
#662=EDGE_CURVE('',#881,#879,#1060,.T.);
#663=EDGE_CURVE('',#881,#771,#1061,.T.);
#664=EDGE_CURVE('',#882,#770,#1062,.T.);
#665=EDGE_CURVE('',#880,#882,#1063,.T.);
#666=EDGE_CURVE('',#883,#769,#1064,.T.);
#667=EDGE_CURVE('',#883,#882,#1065,.T.);
#668=EDGE_CURVE('',#884,#768,#1066,.T.);
#669=EDGE_CURVE('',#884,#883,#1067,.T.);
#670=EDGE_CURVE('',#885,#767,#1068,.T.);
#671=EDGE_CURVE('',#884,#885,#1069,.T.);
#672=EDGE_CURVE('',#876,#885,#1070,.T.);
#673=EDGE_CURVE('',#873,#868,#1071,.T.);
#674=EDGE_CURVE('',#874,#870,#1072,.T.);
#675=EDGE_CURVE('',#859,#790,#1073,.T.);
#676=EDGE_CURVE('',#881,#864,#1074,.T.);
#677=EDGE_CURVE('',#857,#878,#1075,.T.);
#678=EDGE_CURVE('',#886,#887,#1076,.T.);
#679=EDGE_CURVE('',#886,#784,#1077,.T.);
#680=EDGE_CURVE('',#887,#782,#1078,.T.);
#681=EDGE_CURVE('',#888,#888,#24,.F.);
#682=EDGE_CURVE('',#889,#889,#25,.T.);
#683=EDGE_CURVE('',#887,#890,#1079,.T.);
#684=EDGE_CURVE('',#890,#783,#1080,.T.);
#685=EDGE_CURVE('',#886,#891,#1081,.T.);
#686=EDGE_CURVE('',#891,#785,#1082,.T.);
#687=EDGE_CURVE('',#891,#890,#1083,.T.);
#688=EDGE_CURVE('',#892,#758,#1084,.T.);
#689=EDGE_CURVE('',#892,#893,#1085,.T.);
#690=EDGE_CURVE('',#893,#759,#1086,.T.);
#691=EDGE_CURVE('',#893,#894,#1087,.T.);
#692=EDGE_CURVE('',#894,#760,#1088,.T.);
#693=EDGE_CURVE('',#895,#895,#26,.F.);
#694=EDGE_CURVE('',#896,#896,#27,.T.);
#695=EDGE_CURVE('',#892,#897,#1089,.T.);
#696=EDGE_CURVE('',#897,#761,#1090,.T.);
#697=EDGE_CURVE('',#897,#894,#1091,.T.);
#698=EDGE_CURVE('',#898,#754,#1092,.T.);
#699=EDGE_CURVE('',#898,#899,#1093,.T.);
#700=EDGE_CURVE('',#899,#755,#1094,.T.);
#701=EDGE_CURVE('',#899,#900,#1095,.T.);
#702=EDGE_CURVE('',#900,#756,#1096,.T.);
#703=EDGE_CURVE('',#901,#901,#28,.F.);
#704=EDGE_CURVE('',#902,#902,#29,.T.);
#705=EDGE_CURVE('',#898,#903,#1097,.T.);
#706=EDGE_CURVE('',#903,#757,#1098,.T.);
#707=EDGE_CURVE('',#903,#900,#1099,.T.);
#708=EDGE_CURVE('',#904,#905,#1100,.T.);
#709=EDGE_CURVE('',#904,#788,#1101,.T.);
#710=EDGE_CURVE('',#905,#787,#1102,.T.);
#711=EDGE_CURVE('',#906,#786,#1103,.T.);
#712=EDGE_CURVE('',#906,#905,#1104,.T.);
#713=EDGE_CURVE('',#907,#904,#1105,.T.);
#714=EDGE_CURVE('',#907,#789,#1106,.T.);
#715=EDGE_CURVE('',#907,#906,#1107,.T.);
#716=EDGE_CURVE('',#908,#908,#30,.F.);
#717=EDGE_CURVE('',#909,#909,#31,.T.);
#718=EDGE_CURVE('',#750,#828,#1108,.T.);
#719=EDGE_CURVE('',#751,#826,#1109,.T.);
#720=EDGE_CURVE('',#752,#827,#1110,.T.);
#721=EDGE_CURVE('',#753,#829,#1111,.T.);
#722=EDGE_CURVE('',#855,#807,#1112,.T.);
#723=EDGE_CURVE('',#856,#806,#1113,.T.);
#724=EDGE_CURVE('',#853,#804,#1114,.T.);
#725=EDGE_CURVE('',#854,#805,#1115,.T.);
#726=EDGE_CURVE('',#833,#795,#1116,.T.);
#727=EDGE_CURVE('',#830,#797,#1117,.T.);
#728=EDGE_CURVE('',#832,#794,#1118,.T.);
#729=EDGE_CURVE('',#831,#796,#1119,.T.);
#730=EDGE_CURVE('',#851,#823,#1120,.T.);
#731=EDGE_CURVE('',#848,#825,#1121,.T.);
#732=EDGE_CURVE('',#850,#822,#1122,.T.);
#733=EDGE_CURVE('',#849,#824,#1123,.T.);
#734=EDGE_CURVE('',#847,#819,#1124,.T.);
#735=EDGE_CURVE('',#844,#821,#1125,.T.);
#736=EDGE_CURVE('',#846,#818,#1126,.T.);
#737=EDGE_CURVE('',#845,#820,#1127,.T.);
#738=EDGE_CURVE('',#843,#815,#1128,.T.);
#739=EDGE_CURVE('',#840,#817,#1129,.T.);
#740=EDGE_CURVE('',#842,#814,#1130,.T.);
#741=EDGE_CURVE('',#841,#816,#1131,.T.);
#742=EDGE_CURVE('',#839,#811,#1132,.T.);
#743=EDGE_CURVE('',#836,#813,#1133,.T.);
#744=EDGE_CURVE('',#838,#810,#1134,.T.);
#745=EDGE_CURVE('',#837,#812,#1135,.T.);
#746=EDGE_CURVE('',#910,#910,#32,.T.);
#747=EDGE_CURVE('',#911,#911,#33,.T.);
#748=EDGE_CURVE('',#912,#912,#34,.T.);
#749=EDGE_CURVE('',#913,#913,#35,.T.);
#750=VERTEX_POINT('',#2396);
#751=VERTEX_POINT('',#2397);
#752=VERTEX_POINT('',#2399);
#753=VERTEX_POINT('',#2401);
#754=VERTEX_POINT('',#2404);
#755=VERTEX_POINT('',#2405);
#756=VERTEX_POINT('',#2407);
#757=VERTEX_POINT('',#2409);
#758=VERTEX_POINT('',#2412);
#759=VERTEX_POINT('',#2413);
#760=VERTEX_POINT('',#2415);
#761=VERTEX_POINT('',#2417);
#762=VERTEX_POINT('',#2420);
#763=VERTEX_POINT('',#2421);
#764=VERTEX_POINT('',#2423);
#765=VERTEX_POINT('',#2425);
#766=VERTEX_POINT('',#2427);
#767=VERTEX_POINT('',#2429);
#768=VERTEX_POINT('',#2431);
#769=VERTEX_POINT('',#2433);
#770=VERTEX_POINT('',#2435);
#771=VERTEX_POINT('',#2437);
#772=VERTEX_POINT('',#2439);
#773=VERTEX_POINT('',#2441);
#774=VERTEX_POINT('',#2443);
#775=VERTEX_POINT('',#2445);
#776=VERTEX_POINT('',#2447);
#777=VERTEX_POINT('',#2449);
#778=VERTEX_POINT('',#2451);
#779=VERTEX_POINT('',#2453);
#780=VERTEX_POINT('',#2455);
#781=VERTEX_POINT('',#2457);
#782=VERTEX_POINT('',#2460);
#783=VERTEX_POINT('',#2461);
#784=VERTEX_POINT('',#2463);
#785=VERTEX_POINT('',#2465);
#786=VERTEX_POINT('',#2468);
#787=VERTEX_POINT('',#2469);
#788=VERTEX_POINT('',#2471);
#789=VERTEX_POINT('',#2473);
#790=VERTEX_POINT('',#2477);
#791=VERTEX_POINT('',#2479);
#792=VERTEX_POINT('',#2481);
#793=VERTEX_POINT('',#2483);
#794=VERTEX_POINT('',#2487);
#795=VERTEX_POINT('',#2488);
#796=VERTEX_POINT('',#2490);
#797=VERTEX_POINT('',#2492);
#798=VERTEX_POINT('',#2495);
#799=VERTEX_POINT('',#2496);
#800=VERTEX_POINT('',#2498);
#801=VERTEX_POINT('',#2500);
#802=VERTEX_POINT('',#2504);
#803=VERTEX_POINT('',#2505);
#804=VERTEX_POINT('',#2510);
#805=VERTEX_POINT('',#2511);
#806=VERTEX_POINT('',#2513);
#807=VERTEX_POINT('',#2515);
#808=VERTEX_POINT('',#2518);
#809=VERTEX_POINT('',#2519);
#810=VERTEX_POINT('',#2524);
#811=VERTEX_POINT('',#2525);
#812=VERTEX_POINT('',#2527);
#813=VERTEX_POINT('',#2529);
#814=VERTEX_POINT('',#2532);
#815=VERTEX_POINT('',#2533);
#816=VERTEX_POINT('',#2535);
#817=VERTEX_POINT('',#2537);
#818=VERTEX_POINT('',#2540);
#819=VERTEX_POINT('',#2541);
#820=VERTEX_POINT('',#2543);
#821=VERTEX_POINT('',#2545);
#822=VERTEX_POINT('',#2548);
#823=VERTEX_POINT('',#2549);
#824=VERTEX_POINT('',#2551);
#825=VERTEX_POINT('',#2553);
#826=VERTEX_POINT('',#2559);
#827=VERTEX_POINT('',#2560);
#828=VERTEX_POINT('',#2562);
#829=VERTEX_POINT('',#2564);
#830=VERTEX_POINT('',#2568);
#831=VERTEX_POINT('',#2569);
#832=VERTEX_POINT('',#2571);
#833=VERTEX_POINT('',#2573);
#834=VERTEX_POINT('',#2576);
#835=VERTEX_POINT('',#2578);
#836=VERTEX_POINT('',#2582);
#837=VERTEX_POINT('',#2583);
#838=VERTEX_POINT('',#2585);
#839=VERTEX_POINT('',#2587);
#840=VERTEX_POINT('',#2590);
#841=VERTEX_POINT('',#2591);
#842=VERTEX_POINT('',#2593);
#843=VERTEX_POINT('',#2595);
#844=VERTEX_POINT('',#2598);
#845=VERTEX_POINT('',#2599);
#846=VERTEX_POINT('',#2601);
#847=VERTEX_POINT('',#2603);
#848=VERTEX_POINT('',#2606);
#849=VERTEX_POINT('',#2607);
#850=VERTEX_POINT('',#2609);
#851=VERTEX_POINT('',#2611);
#852=VERTEX_POINT('',#2614);
#853=VERTEX_POINT('',#2618);
#854=VERTEX_POINT('',#2619);
#855=VERTEX_POINT('',#2621);
#856=VERTEX_POINT('',#2623);
#857=VERTEX_POINT('',#2626);
#858=VERTEX_POINT('',#2628);
#859=VERTEX_POINT('',#2631);
#860=VERTEX_POINT('',#2637);
#861=VERTEX_POINT('',#2639);
#862=VERTEX_POINT('',#2641);
#863=VERTEX_POINT('',#2643);
#864=VERTEX_POINT('',#2646);
#865=VERTEX_POINT('',#2649);
#866=VERTEX_POINT('',#2653);
#867=VERTEX_POINT('',#2660);
#868=VERTEX_POINT('',#2661);
#869=VERTEX_POINT('',#2663);
#870=VERTEX_POINT('',#2665);
#871=VERTEX_POINT('',#2669);
#872=VERTEX_POINT('',#2671);
#873=VERTEX_POINT('',#2675);
#874=VERTEX_POINT('',#2677);
#875=VERTEX_POINT('',#2681);
#876=VERTEX_POINT('',#2683);
#877=VERTEX_POINT('',#2687);
#878=VERTEX_POINT('',#2691);
#879=VERTEX_POINT('',#2693);
#880=VERTEX_POINT('',#2695);
#881=VERTEX_POINT('',#2699);
#882=VERTEX_POINT('',#2702);
#883=VERTEX_POINT('',#2706);
#884=VERTEX_POINT('',#2710);
#885=VERTEX_POINT('',#2714);
#886=VERTEX_POINT('',#2732);
#887=VERTEX_POINT('',#2733);
#888=VERTEX_POINT('',#2738);
#889=VERTEX_POINT('',#2740);
#890=VERTEX_POINT('',#2743);
#891=VERTEX_POINT('',#2747);
#892=VERTEX_POINT('',#2755);
#893=VERTEX_POINT('',#2757);
#894=VERTEX_POINT('',#2761);
#895=VERTEX_POINT('',#2765);
#896=VERTEX_POINT('',#2767);
#897=VERTEX_POINT('',#2770);
#898=VERTEX_POINT('',#2778);
#899=VERTEX_POINT('',#2780);
#900=VERTEX_POINT('',#2784);
#901=VERTEX_POINT('',#2788);
#902=VERTEX_POINT('',#2790);
#903=VERTEX_POINT('',#2793);
#904=VERTEX_POINT('',#2801);
#905=VERTEX_POINT('',#2802);
#906=VERTEX_POINT('',#2807);
#907=VERTEX_POINT('',#2811);
#908=VERTEX_POINT('',#2817);
#909=VERTEX_POINT('',#2819);
#910=VERTEX_POINT('',#2880);
#911=VERTEX_POINT('',#2884);
#912=VERTEX_POINT('',#2888);
#913=VERTEX_POINT('',#2892);
#914=LINE('',#2395,#1136);
#915=LINE('',#2398,#1137);
#916=LINE('',#2400,#1138);
#917=LINE('',#2402,#1139);
#918=LINE('',#2403,#1140);
#919=LINE('',#2406,#1141);
#920=LINE('',#2408,#1142);
#921=LINE('',#2410,#1143);
#922=LINE('',#2411,#1144);
#923=LINE('',#2414,#1145);
#924=LINE('',#2416,#1146);
#925=LINE('',#2418,#1147);
#926=LINE('',#2419,#1148);
#927=LINE('',#2422,#1149);
#928=LINE('',#2424,#1150);
#929=LINE('',#2426,#1151);
#930=LINE('',#2428,#1152);
#931=LINE('',#2430,#1153);
#932=LINE('',#2432,#1154);
#933=LINE('',#2434,#1155);
#934=LINE('',#2436,#1156);
#935=LINE('',#2438,#1157);
#936=LINE('',#2440,#1158);
#937=LINE('',#2442,#1159);
#938=LINE('',#2444,#1160);
#939=LINE('',#2446,#1161);
#940=LINE('',#2448,#1162);
#941=LINE('',#2450,#1163);
#942=LINE('',#2452,#1164);
#943=LINE('',#2454,#1165);
#944=LINE('',#2456,#1166);
#945=LINE('',#2458,#1167);
#946=LINE('',#2459,#1168);
#947=LINE('',#2462,#1169);
#948=LINE('',#2464,#1170);
#949=LINE('',#2466,#1171);
#950=LINE('',#2467,#1172);
#951=LINE('',#2470,#1173);
#952=LINE('',#2472,#1174);
#953=LINE('',#2474,#1175);
#954=LINE('',#2476,#1176);
#955=LINE('',#2478,#1177);
#956=LINE('',#2480,#1178);
#957=LINE('',#2482,#1179);
#958=LINE('',#2484,#1180);
#959=LINE('',#2486,#1181);
#960=LINE('',#2489,#1182);
#961=LINE('',#2491,#1183);
#962=LINE('',#2493,#1184);
#963=LINE('',#2494,#1185);
#964=LINE('',#2497,#1186);
#965=LINE('',#2499,#1187);
#966=LINE('',#2501,#1188);
#967=LINE('',#2503,#1189);
#968=LINE('',#2506,#1190);
#969=LINE('',#2507,#1191);
#970=LINE('',#2509,#1192);
#971=LINE('',#2512,#1193);
#972=LINE('',#2514,#1194);
#973=LINE('',#2516,#1195);
#974=LINE('',#2517,#1196);
#975=LINE('',#2520,#1197);
#976=LINE('',#2521,#1198);
#977=LINE('',#2523,#1199);
#978=LINE('',#2526,#1200);
#979=LINE('',#2528,#1201);
#980=LINE('',#2530,#1202);
#981=LINE('',#2531,#1203);
#982=LINE('',#2534,#1204);
#983=LINE('',#2536,#1205);
#984=LINE('',#2538,#1206);
#985=LINE('',#2539,#1207);
#986=LINE('',#2542,#1208);
#987=LINE('',#2544,#1209);
#988=LINE('',#2546,#1210);
#989=LINE('',#2547,#1211);
#990=LINE('',#2550,#1212);
#991=LINE('',#2552,#1213);
#992=LINE('',#2554,#1214);
#993=LINE('',#2555,#1215);
#994=LINE('',#2556,#1216);
#995=LINE('',#2558,#1217);
#996=LINE('',#2561,#1218);
#997=LINE('',#2563,#1219);
#998=LINE('',#2565,#1220);
#999=LINE('',#2567,#1221);
#1000=LINE('',#2570,#1222);
#1001=LINE('',#2572,#1223);
#1002=LINE('',#2574,#1224);
#1003=LINE('',#2575,#1225);
#1004=LINE('',#2577,#1226);
#1005=LINE('',#2579,#1227);
#1006=LINE('',#2581,#1228);
#1007=LINE('',#2584,#1229);
#1008=LINE('',#2586,#1230);
#1009=LINE('',#2588,#1231);
#1010=LINE('',#2589,#1232);
#1011=LINE('',#2592,#1233);
#1012=LINE('',#2594,#1234);
#1013=LINE('',#2596,#1235);
#1014=LINE('',#2597,#1236);
#1015=LINE('',#2600,#1237);
#1016=LINE('',#2602,#1238);
#1017=LINE('',#2604,#1239);
#1018=LINE('',#2605,#1240);
#1019=LINE('',#2608,#1241);
#1020=LINE('',#2610,#1242);
#1021=LINE('',#2612,#1243);
#1022=LINE('',#2613,#1244);
#1023=LINE('',#2615,#1245);
#1024=LINE('',#2617,#1246);
#1025=LINE('',#2620,#1247);
#1026=LINE('',#2622,#1248);
#1027=LINE('',#2624,#1249);
#1028=LINE('',#2625,#1250);
#1029=LINE('',#2627,#1251);
#1030=LINE('',#2629,#1252);
#1031=LINE('',#2630,#1253);
#1032=LINE('',#2632,#1254);
#1033=LINE('',#2634,#1255);
#1034=LINE('',#2645,#1256);
#1035=LINE('',#2647,#1257);
#1036=LINE('',#2648,#1258);
#1037=LINE('',#2650,#1259);
#1038=LINE('',#2652,#1260);
#1039=LINE('',#2654,#1261);
#1040=LINE('',#2656,#1262);
#1041=LINE('',#2659,#1263);
#1042=LINE('',#2662,#1264);
#1043=LINE('',#2664,#1265);
#1044=LINE('',#2666,#1266);
#1045=LINE('',#2668,#1267);
#1046=LINE('',#2670,#1268);
#1047=LINE('',#2672,#1269);
#1048=LINE('',#2674,#1270);
#1049=LINE('',#2676,#1271);
#1050=LINE('',#2678,#1272);
#1051=LINE('',#2680,#1273);
#1052=LINE('',#2682,#1274);
#1053=LINE('',#2684,#1275);
#1054=LINE('',#2686,#1276);
#1055=LINE('',#2688,#1277);
#1056=LINE('',#2690,#1278);
#1057=LINE('',#2692,#1279);
#1058=LINE('',#2694,#1280);
#1059=LINE('',#2696,#1281);
#1060=LINE('',#2698,#1282);
#1061=LINE('',#2700,#1283);
#1062=LINE('',#2701,#1284);
#1063=LINE('',#2703,#1285);
#1064=LINE('',#2705,#1286);
#1065=LINE('',#2707,#1287);
#1066=LINE('',#2709,#1288);
#1067=LINE('',#2711,#1289);
#1068=LINE('',#2713,#1290);
#1069=LINE('',#2715,#1291);
#1070=LINE('',#2717,#1292);
#1071=LINE('',#2719,#1293);
#1072=LINE('',#2720,#1294);
#1073=LINE('',#2724,#1295);
#1074=LINE('',#2725,#1296);
#1075=LINE('',#2726,#1297);
#1076=LINE('',#2731,#1298);
#1077=LINE('',#2734,#1299);
#1078=LINE('',#2735,#1300);
#1079=LINE('',#2742,#1301);
#1080=LINE('',#2744,#1302);
#1081=LINE('',#2746,#1303);
#1082=LINE('',#2748,#1304);
#1083=LINE('',#2750,#1305);
#1084=LINE('',#2754,#1306);
#1085=LINE('',#2756,#1307);
#1086=LINE('',#2758,#1308);
#1087=LINE('',#2760,#1309);
#1088=LINE('',#2762,#1310);
#1089=LINE('',#2769,#1311);
#1090=LINE('',#2771,#1312);
#1091=LINE('',#2773,#1313);
#1092=LINE('',#2777,#1314);
#1093=LINE('',#2779,#1315);
#1094=LINE('',#2781,#1316);
#1095=LINE('',#2783,#1317);
#1096=LINE('',#2785,#1318);
#1097=LINE('',#2792,#1319);
#1098=LINE('',#2794,#1320);
#1099=LINE('',#2796,#1321);
#1100=LINE('',#2800,#1322);
#1101=LINE('',#2803,#1323);
#1102=LINE('',#2804,#1324);
#1103=LINE('',#2806,#1325);
#1104=LINE('',#2808,#1326);
#1105=LINE('',#2810,#1327);
#1106=LINE('',#2812,#1328);
#1107=LINE('',#2814,#1329);
#1108=LINE('',#2823,#1330);
#1109=LINE('',#2824,#1331);
#1110=LINE('',#2826,#1332);
#1111=LINE('',#2828,#1333);
#1112=LINE('',#2831,#1334);
#1113=LINE('',#2832,#1335);
#1114=LINE('',#2834,#1336);
#1115=LINE('',#2836,#1337);
#1116=LINE('',#2839,#1338);
#1117=LINE('',#2840,#1339);
#1118=LINE('',#2842,#1340);
#1119=LINE('',#2844,#1341);
#1120=LINE('',#2847,#1342);
#1121=LINE('',#2848,#1343);
#1122=LINE('',#2850,#1344);
#1123=LINE('',#2852,#1345);
#1124=LINE('',#2855,#1346);
#1125=LINE('',#2856,#1347);
#1126=LINE('',#2858,#1348);
#1127=LINE('',#2860,#1349);
#1128=LINE('',#2863,#1350);
#1129=LINE('',#2864,#1351);
#1130=LINE('',#2866,#1352);
#1131=LINE('',#2868,#1353);
#1132=LINE('',#2871,#1354);
#1133=LINE('',#2872,#1355);
#1134=LINE('',#2874,#1356);
#1135=LINE('',#2876,#1357);
#1136=VECTOR('',#1945,1.);
#1137=VECTOR('',#1946,1.);
#1138=VECTOR('',#1947,1.);
#1139=VECTOR('',#1948,1.);
#1140=VECTOR('',#1949,1.);
#1141=VECTOR('',#1950,1.);
#1142=VECTOR('',#1951,1.);
#1143=VECTOR('',#1952,1.);
#1144=VECTOR('',#1953,1.);
#1145=VECTOR('',#1954,1.);
#1146=VECTOR('',#1955,1.);
#1147=VECTOR('',#1956,1.);
#1148=VECTOR('',#1957,1.);
#1149=VECTOR('',#1958,1.);
#1150=VECTOR('',#1959,1.);
#1151=VECTOR('',#1960,1.);
#1152=VECTOR('',#1961,1.);
#1153=VECTOR('',#1962,1.);
#1154=VECTOR('',#1963,1.);
#1155=VECTOR('',#1964,1.);
#1156=VECTOR('',#1965,1.);
#1157=VECTOR('',#1966,1.);
#1158=VECTOR('',#1967,1.);
#1159=VECTOR('',#1968,1.);
#1160=VECTOR('',#1969,1.);
#1161=VECTOR('',#1970,1.);
#1162=VECTOR('',#1971,1.);
#1163=VECTOR('',#1972,1.);
#1164=VECTOR('',#1973,1.);
#1165=VECTOR('',#1974,1.);
#1166=VECTOR('',#1975,1.);
#1167=VECTOR('',#1976,1.);
#1168=VECTOR('',#1977,1.);
#1169=VECTOR('',#1978,1.);
#1170=VECTOR('',#1979,1.);
#1171=VECTOR('',#1980,1.);
#1172=VECTOR('',#1981,1.);
#1173=VECTOR('',#1982,1.);
#1174=VECTOR('',#1983,1.);
#1175=VECTOR('',#1984,1.);
#1176=VECTOR('',#1987,1.);
#1177=VECTOR('',#1988,1.);
#1178=VECTOR('',#1989,1.);
#1179=VECTOR('',#1990,1.);
#1180=VECTOR('',#1991,1.);
#1181=VECTOR('',#1994,1.);
#1182=VECTOR('',#1995,1.);
#1183=VECTOR('',#1996,1.);
#1184=VECTOR('',#1997,1.);
#1185=VECTOR('',#1998,1.);
#1186=VECTOR('',#1999,1.);
#1187=VECTOR('',#2000,1.);
#1188=VECTOR('',#2001,1.);
#1189=VECTOR('',#2004,1.);
#1190=VECTOR('',#2005,1.);
#1191=VECTOR('',#2006,1.);
#1192=VECTOR('',#2009,1.);
#1193=VECTOR('',#2010,1.);
#1194=VECTOR('',#2011,1.);
#1195=VECTOR('',#2012,1.);
#1196=VECTOR('',#2013,1.);
#1197=VECTOR('',#2014,1.);
#1198=VECTOR('',#2015,1.);
#1199=VECTOR('',#2018,1.);
#1200=VECTOR('',#2019,1.);
#1201=VECTOR('',#2020,1.);
#1202=VECTOR('',#2021,1.);
#1203=VECTOR('',#2022,1.);
#1204=VECTOR('',#2023,1.);
#1205=VECTOR('',#2024,1.);
#1206=VECTOR('',#2025,1.);
#1207=VECTOR('',#2026,1.);
#1208=VECTOR('',#2027,1.);
#1209=VECTOR('',#2028,1.);
#1210=VECTOR('',#2029,1.);
#1211=VECTOR('',#2030,1.);
#1212=VECTOR('',#2031,1.);
#1213=VECTOR('',#2032,1.);
#1214=VECTOR('',#2033,1.);
#1215=VECTOR('',#2034,1.);
#1216=VECTOR('',#2035,1.);
#1217=VECTOR('',#2038,1.);
#1218=VECTOR('',#2039,1.);
#1219=VECTOR('',#2040,1.);
#1220=VECTOR('',#2041,1.);
#1221=VECTOR('',#2044,1.);
#1222=VECTOR('',#2045,1.);
#1223=VECTOR('',#2046,1.);
#1224=VECTOR('',#2047,1.);
#1225=VECTOR('',#2048,1.);
#1226=VECTOR('',#2049,1.);
#1227=VECTOR('',#2050,1.);
#1228=VECTOR('',#2053,1.);
#1229=VECTOR('',#2054,1.);
#1230=VECTOR('',#2055,1.);
#1231=VECTOR('',#2056,1.);
#1232=VECTOR('',#2057,1.);
#1233=VECTOR('',#2058,1.);
#1234=VECTOR('',#2059,1.);
#1235=VECTOR('',#2060,1.);
#1236=VECTOR('',#2061,1.);
#1237=VECTOR('',#2062,1.);
#1238=VECTOR('',#2063,1.);
#1239=VECTOR('',#2064,1.);
#1240=VECTOR('',#2065,1.);
#1241=VECTOR('',#2066,1.);
#1242=VECTOR('',#2067,1.);
#1243=VECTOR('',#2068,1.);
#1244=VECTOR('',#2069,1.);
#1245=VECTOR('',#2070,1.);
#1246=VECTOR('',#2073,1.);
#1247=VECTOR('',#2074,1.);
#1248=VECTOR('',#2075,1.);
#1249=VECTOR('',#2076,1.);
#1250=VECTOR('',#2077,1.);
#1251=VECTOR('',#2078,1.);
#1252=VECTOR('',#2079,1.);
#1253=VECTOR('',#2080,1.);
#1254=VECTOR('',#2081,1.);
#1255=VECTOR('',#2084,1.);
#1256=VECTOR('',#2097,1.);
#1257=VECTOR('',#2098,1.);
#1258=VECTOR('',#2099,1.);
#1259=VECTOR('',#2100,1.);
#1260=VECTOR('',#2103,1.);
#1261=VECTOR('',#2104,1.);
#1262=VECTOR('',#2107,1.);
#1263=VECTOR('',#2112,1.);
#1264=VECTOR('',#2113,1.);
#1265=VECTOR('',#2114,1.);
#1266=VECTOR('',#2115,1.);
#1267=VECTOR('',#2118,1.);
#1268=VECTOR('',#2119,1.);
#1269=VECTOR('',#2120,1.);
#1270=VECTOR('',#2123,1.);
#1271=VECTOR('',#2124,1.);
#1272=VECTOR('',#2125,1.);
#1273=VECTOR('',#2128,1.);
#1274=VECTOR('',#2129,1.);
#1275=VECTOR('',#2130,1.);
#1276=VECTOR('',#2133,1.);
#1277=VECTOR('',#2134,1.);
#1278=VECTOR('',#2137,1.);
#1279=VECTOR('',#2138,1.);
#1280=VECTOR('',#2139,1.);
#1281=VECTOR('',#2140,1.);
#1282=VECTOR('',#2143,1.);
#1283=VECTOR('',#2144,1.);
#1284=VECTOR('',#2145,1.);
#1285=VECTOR('',#2146,1.);
#1286=VECTOR('',#2149,1.);
#1287=VECTOR('',#2150,1.);
#1288=VECTOR('',#2153,1.);
#1289=VECTOR('',#2154,1.);
#1290=VECTOR('',#2157,1.);
#1291=VECTOR('',#2158,1.);
#1292=VECTOR('',#2161,1.);
#1293=VECTOR('',#2164,1.);
#1294=VECTOR('',#2165,1.);
#1295=VECTOR('',#2172,1.);
#1296=VECTOR('',#2173,1.);
#1297=VECTOR('',#2174,1.);
#1298=VECTOR('',#2183,1.);
#1299=VECTOR('',#2184,1.);
#1300=VECTOR('',#2185,1.);
#1301=VECTOR('',#2194,1.);
#1302=VECTOR('',#2195,1.);
#1303=VECTOR('',#2198,1.);
#1304=VECTOR('',#2199,1.);
#1305=VECTOR('',#2202,1.);
#1306=VECTOR('',#2209,1.);
#1307=VECTOR('',#2210,1.);
#1308=VECTOR('',#2211,1.);
#1309=VECTOR('',#2214,1.);
#1310=VECTOR('',#2215,1.);
#1311=VECTOR('',#2224,1.);
#1312=VECTOR('',#2225,1.);
#1313=VECTOR('',#2228,1.);
#1314=VECTOR('',#2235,1.);
#1315=VECTOR('',#2236,1.);
#1316=VECTOR('',#2237,1.);
#1317=VECTOR('',#2240,1.);
#1318=VECTOR('',#2241,1.);
#1319=VECTOR('',#2250,1.);
#1320=VECTOR('',#2251,1.);
#1321=VECTOR('',#2254,1.);
#1322=VECTOR('',#2261,1.);
#1323=VECTOR('',#2262,1.);
#1324=VECTOR('',#2263,1.);
#1325=VECTOR('',#2266,1.);
#1326=VECTOR('',#2267,1.);
#1327=VECTOR('',#2270,1.);
#1328=VECTOR('',#2271,1.);
#1329=VECTOR('',#2274,1.);
#1330=VECTOR('',#2287,1.);
#1331=VECTOR('',#2288,1.);
#1332=VECTOR('',#2291,1.);
#1333=VECTOR('',#2294,1.);
#1334=VECTOR('',#2299,1.);
#1335=VECTOR('',#2300,1.);
#1336=VECTOR('',#2303,1.);
#1337=VECTOR('',#2306,1.);
#1338=VECTOR('',#2311,1.);
#1339=VECTOR('',#2312,1.);
#1340=VECTOR('',#2315,1.);
#1341=VECTOR('',#2318,1.);
#1342=VECTOR('',#2323,1.);
#1343=VECTOR('',#2324,1.);
#1344=VECTOR('',#2327,1.);
#1345=VECTOR('',#2330,1.);
#1346=VECTOR('',#2335,1.);
#1347=VECTOR('',#2336,1.);
#1348=VECTOR('',#2339,1.);
#1349=VECTOR('',#2342,1.);
#1350=VECTOR('',#2347,1.);
#1351=VECTOR('',#2348,1.);
#1352=VECTOR('',#2351,1.);
#1353=VECTOR('',#2354,1.);
#1354=VECTOR('',#2359,1.);
#1355=VECTOR('',#2360,1.);
#1356=VECTOR('',#2363,1.);
#1357=VECTOR('',#2366,1.);
#1358=EDGE_LOOP('',(#36,#37,#38,#39));
#1359=EDGE_LOOP('',(#40,#41,#42,#43));
#1360=EDGE_LOOP('',(#44,#45,#46,#47));
#1361=EDGE_LOOP('',(#48,#49,#50,#51,#52,#53,#54,#55,#56,#57,#58,#59,#60,
#61,#62,#63,#64,#65,#66,#67));
#1362=EDGE_LOOP('',(#68,#69,#70,#71));
#1363=EDGE_LOOP('',(#72,#73,#74,#75));
#1364=EDGE_LOOP('',(#76,#77,#78,#79,#80,#81));
#1365=EDGE_LOOP('',(#82,#83,#84,#85));
#1366=EDGE_LOOP('',(#86,#87,#88,#89));
#1367=EDGE_LOOP('',(#90,#91,#92,#93));
#1368=EDGE_LOOP('',(#94,#95,#96,#97));
#1369=EDGE_LOOP('',(#98,#99,#100,#101));
#1370=EDGE_LOOP('',(#102,#103,#104,#105));
#1371=EDGE_LOOP('',(#106,#107,#108,#109));
#1372=EDGE_LOOP('',(#110,#111,#112,#113));
#1373=EDGE_LOOP('',(#114,#115,#116,#117));
#1374=EDGE_LOOP('',(#118,#119,#120,#121));
#1375=EDGE_LOOP('',(#122,#123,#124,#125));
#1376=EDGE_LOOP('',(#126,#127,#128,#129));
#1377=EDGE_LOOP('',(#130,#131,#132,#133));
#1378=EDGE_LOOP('',(#134,#135,#136,#137));
#1379=EDGE_LOOP('',(#138,#139,#140,#141));
#1380=EDGE_LOOP('',(#142,#143,#144,#145));
#1381=EDGE_LOOP('',(#146,#147,#148,#149));
#1382=EDGE_LOOP('',(#150,#151,#152,#153));
#1383=EDGE_LOOP('',(#154,#155,#156,#157));
#1384=EDGE_LOOP('',(#158,#159,#160,#161));
#1385=EDGE_LOOP('',(#162,#163,#164,#165,#166,#167,#168,#169));
#1386=EDGE_LOOP('',(#170,#171,#172,#173));
#1387=EDGE_LOOP('',(#174));
#1388=EDGE_LOOP('',(#175));
#1389=EDGE_LOOP('',(#176));
#1390=EDGE_LOOP('',(#177));
#1391=EDGE_LOOP('',(#178,#179,#180,#181));
#1392=EDGE_LOOP('',(#182,#183,#184,#185));
#1393=EDGE_LOOP('',(#186,#187,#188,#189,#190,#191));
#1394=EDGE_LOOP('',(#192,#193,#194,#195));
#1395=EDGE_LOOP('',(#196,#197,#198,#199));
#1396=EDGE_LOOP('',(#200,#201,#202,#203));
#1397=EDGE_LOOP('',(#204,#205,#206,#207));
#1398=EDGE_LOOP('',(#208,#209,#210,#211));
#1399=EDGE_LOOP('',(#212,#213,#214,#215));
#1400=EDGE_LOOP('',(#216,#217,#218,#219));
#1401=EDGE_LOOP('',(#220,#221,#222,#223));
#1402=EDGE_LOOP('',(#224,#225,#226,#227,#228,#229));
#1403=EDGE_LOOP('',(#230,#231,#232,#233,#234,#235));
#1404=EDGE_LOOP('',(#236,#237,#238,#239));
#1405=EDGE_LOOP('',(#240,#241,#242,#243));
#1406=EDGE_LOOP('',(#244,#245,#246,#247));
#1407=EDGE_LOOP('',(#248,#249,#250,#251));
#1408=EDGE_LOOP('',(#252,#253,#254,#255));
#1409=EDGE_LOOP('',(#256,#257,#258,#259,#260,#261,#262,#263));
#1410=EDGE_LOOP('',(#264,#265,#266,#267));
#1411=EDGE_LOOP('',(#268,#269,#270,#271));
#1412=EDGE_LOOP('',(#272,#273,#274,#275,#276,#277,#278,#279));
#1413=EDGE_LOOP('',(#280,#281,#282,#283));
#1414=EDGE_LOOP('',(#284,#285,#286,#287));
#1415=EDGE_LOOP('',(#288,#289,#290,#291));
#1416=EDGE_LOOP('',(#292,#293,#294,#295));
#1417=EDGE_LOOP('',(#296));
#1418=EDGE_LOOP('',(#297));
#1419=EDGE_LOOP('',(#298,#299,#300,#301));
#1420=EDGE_LOOP('',(#302,#303,#304,#305));
#1421=EDGE_LOOP('',(#306,#307,#308,#309));
#1422=EDGE_LOOP('',(#310));
#1423=EDGE_LOOP('',(#311,#312,#313,#314));
#1424=EDGE_LOOP('',(#315));
#1425=EDGE_LOOP('',(#316,#317,#318,#319));
#1426=EDGE_LOOP('',(#320,#321,#322,#323));
#1427=EDGE_LOOP('',(#324));
#1428=EDGE_LOOP('',(#325));
#1429=EDGE_LOOP('',(#326,#327,#328,#329));
#1430=EDGE_LOOP('',(#330,#331,#332,#333));
#1431=EDGE_LOOP('',(#334));
#1432=EDGE_LOOP('',(#335,#336,#337,#338));
#1433=EDGE_LOOP('',(#339));
#1434=EDGE_LOOP('',(#340,#341,#342,#343));
#1435=EDGE_LOOP('',(#344,#345,#346,#347));
#1436=EDGE_LOOP('',(#348));
#1437=EDGE_LOOP('',(#349));
#1438=EDGE_LOOP('',(#350,#351,#352,#353));
#1439=EDGE_LOOP('',(#354,#355,#356,#357));
#1440=EDGE_LOOP('',(#358));
#1441=EDGE_LOOP('',(#359,#360,#361,#362));
#1442=EDGE_LOOP('',(#363));
#1443=EDGE_LOOP('',(#364,#365,#366,#367));
#1444=EDGE_LOOP('',(#368,#369,#370,#371));
#1445=EDGE_LOOP('',(#372,#373,#374,#375));
#1446=EDGE_LOOP('',(#376,#377,#378,#379));
#1447=EDGE_LOOP('',(#380));
#1448=EDGE_LOOP('',(#381));
#1449=EDGE_LOOP('',(#382,#383,#384,#385));
#1450=EDGE_LOOP('',(#386));
#1451=EDGE_LOOP('',(#387));
#1452=EDGE_LOOP('',(#388,#389,#390,#391));
#1453=EDGE_LOOP('',(#392,#393,#394,#395));
#1454=EDGE_LOOP('',(#396,#397,#398,#399));
#1455=EDGE_LOOP('',(#400,#401,#402,#403));
#1456=EDGE_LOOP('',(#404,#405,#406,#407));
#1457=EDGE_LOOP('',(#408,#409,#410,#411));
#1458=EDGE_LOOP('',(#412,#413,#414,#415));
#1459=EDGE_LOOP('',(#416,#417,#418,#419));
#1460=EDGE_LOOP('',(#420,#421,#422,#423));
#1461=EDGE_LOOP('',(#424,#425,#426,#427));
#1462=EDGE_LOOP('',(#428,#429,#430,#431));
#1463=EDGE_LOOP('',(#432,#433,#434,#435));
#1464=EDGE_LOOP('',(#436,#437,#438,#439));
#1465=EDGE_LOOP('',(#440,#441,#442,#443));
#1466=EDGE_LOOP('',(#444,#445,#446,#447));
#1467=EDGE_LOOP('',(#448,#449,#450,#451));
#1468=EDGE_LOOP('',(#452,#453,#454,#455));
#1469=EDGE_LOOP('',(#456,#457,#458,#459));
#1470=EDGE_LOOP('',(#460,#461,#462,#463));
#1471=EDGE_LOOP('',(#464,#465,#466,#467));
#1472=EDGE_LOOP('',(#468,#469,#470,#471));
#1473=EDGE_LOOP('',(#472,#473,#474,#475));
#1474=EDGE_LOOP('',(#476,#477,#478,#479));
#1475=EDGE_LOOP('',(#480,#481,#482,#483));
#1476=EDGE_LOOP('',(#484,#485,#486,#487));
#1477=EDGE_LOOP('',(#488,#489,#490,#491));
#1478=EDGE_LOOP('',(#492,#493,#494,#495));
#1479=EDGE_LOOP('',(#496,#497,#498,#499));
#1480=EDGE_LOOP('',(#500));
#1481=EDGE_LOOP('',(#501));
#1482=EDGE_LOOP('',(#502));
#1483=EDGE_LOOP('',(#503));
#1484=EDGE_LOOP('',(#504));
#1485=EDGE_LOOP('',(#505));
#1486=EDGE_LOOP('',(#506));
#1487=EDGE_LOOP('',(#507));
#1488=EDGE_LOOP('',(#508));
#1489=EDGE_LOOP('',(#509));
#1490=EDGE_LOOP('',(#510));
#1491=EDGE_LOOP('',(#511));
#1492=FACE_BOUND('',#1358,.T.);
#1493=FACE_BOUND('',#1359,.T.);
#1494=FACE_BOUND('',#1360,.T.);
#1495=FACE_BOUND('',#1361,.T.);
#1496=FACE_BOUND('',#1362,.T.);
#1497=FACE_BOUND('',#1363,.T.);
#1498=FACE_BOUND('',#1364,.T.);
#1499=FACE_BOUND('',#1365,.T.);
#1500=FACE_BOUND('',#1366,.T.);
#1501=FACE_BOUND('',#1367,.T.);
#1502=FACE_BOUND('',#1368,.T.);
#1503=FACE_BOUND('',#1369,.T.);
#1504=FACE_BOUND('',#1370,.T.);
#1505=FACE_BOUND('',#1371,.T.);
#1506=FACE_BOUND('',#1372,.T.);
#1507=FACE_BOUND('',#1373,.T.);
#1508=FACE_BOUND('',#1374,.T.);
#1509=FACE_BOUND('',#1375,.T.);
#1510=FACE_BOUND('',#1376,.T.);
#1511=FACE_BOUND('',#1377,.T.);
#1512=FACE_BOUND('',#1378,.T.);
#1513=FACE_BOUND('',#1379,.T.);
#1514=FACE_BOUND('',#1380,.T.);
#1515=FACE_BOUND('',#1381,.T.);
#1516=FACE_BOUND('',#1382,.T.);
#1517=FACE_BOUND('',#1383,.T.);
#1518=FACE_BOUND('',#1384,.T.);
#1519=FACE_BOUND('',#1385,.T.);
#1520=FACE_BOUND('',#1386,.T.);
#1521=FACE_BOUND('',#1387,.T.);
#1522=FACE_BOUND('',#1388,.T.);
#1523=FACE_BOUND('',#1389,.T.);
#1524=FACE_BOUND('',#1390,.T.);
#1525=FACE_BOUND('',#1391,.T.);
#1526=FACE_BOUND('',#1392,.T.);
#1527=FACE_BOUND('',#1393,.T.);
#1528=FACE_BOUND('',#1394,.T.);
#1529=FACE_BOUND('',#1395,.T.);
#1530=FACE_BOUND('',#1396,.T.);
#1531=FACE_BOUND('',#1397,.T.);
#1532=FACE_BOUND('',#1398,.T.);
#1533=FACE_BOUND('',#1399,.T.);
#1534=FACE_BOUND('',#1400,.T.);
#1535=FACE_BOUND('',#1401,.T.);
#1536=FACE_BOUND('',#1402,.T.);
#1537=FACE_BOUND('',#1403,.T.);
#1538=FACE_BOUND('',#1404,.T.);
#1539=FACE_BOUND('',#1405,.T.);
#1540=FACE_BOUND('',#1406,.T.);
#1541=FACE_BOUND('',#1407,.T.);
#1542=FACE_BOUND('',#1408,.T.);
#1543=FACE_BOUND('',#1409,.T.);
#1544=FACE_BOUND('',#1410,.T.);
#1545=FACE_BOUND('',#1411,.T.);
#1546=FACE_BOUND('',#1412,.T.);
#1547=FACE_BOUND('',#1413,.T.);
#1548=FACE_BOUND('',#1414,.T.);
#1549=FACE_BOUND('',#1415,.T.);
#1550=FACE_BOUND('',#1416,.T.);
#1551=FACE_BOUND('',#1417,.T.);
#1552=FACE_BOUND('',#1418,.T.);
#1553=FACE_BOUND('',#1419,.T.);
#1554=FACE_BOUND('',#1420,.T.);
#1555=FACE_BOUND('',#1421,.T.);
#1556=FACE_BOUND('',#1422,.T.);
#1557=FACE_BOUND('',#1423,.T.);
#1558=FACE_BOUND('',#1424,.T.);
#1559=FACE_BOUND('',#1425,.T.);
#1560=FACE_BOUND('',#1426,.T.);
#1561=FACE_BOUND('',#1427,.T.);
#1562=FACE_BOUND('',#1428,.T.);
#1563=FACE_BOUND('',#1429,.T.);
#1564=FACE_BOUND('',#1430,.T.);
#1565=FACE_BOUND('',#1431,.T.);
#1566=FACE_BOUND('',#1432,.T.);
#1567=FACE_BOUND('',#1433,.T.);
#1568=FACE_BOUND('',#1434,.T.);
#1569=FACE_BOUND('',#1435,.T.);
#1570=FACE_BOUND('',#1436,.T.);
#1571=FACE_BOUND('',#1437,.T.);
#1572=FACE_BOUND('',#1438,.T.);
#1573=FACE_BOUND('',#1439,.T.);
#1574=FACE_BOUND('',#1440,.T.);
#1575=FACE_BOUND('',#1441,.T.);
#1576=FACE_BOUND('',#1442,.T.);
#1577=FACE_BOUND('',#1443,.T.);
#1578=FACE_BOUND('',#1444,.T.);
#1579=FACE_BOUND('',#1445,.T.);
#1580=FACE_BOUND('',#1446,.T.);
#1581=FACE_BOUND('',#1447,.T.);
#1582=FACE_BOUND('',#1448,.T.);
#1583=FACE_BOUND('',#1449,.T.);
#1584=FACE_BOUND('',#1450,.T.);
#1585=FACE_BOUND('',#1451,.T.);
#1586=FACE_BOUND('',#1452,.T.);
#1587=FACE_BOUND('',#1453,.T.);
#1588=FACE_BOUND('',#1454,.T.);
#1589=FACE_BOUND('',#1455,.T.);
#1590=FACE_BOUND('',#1456,.T.);
#1591=FACE_BOUND('',#1457,.T.);
#1592=FACE_BOUND('',#1458,.T.);
#1593=FACE_BOUND('',#1459,.T.);
#1594=FACE_BOUND('',#1460,.T.);
#1595=FACE_BOUND('',#1461,.T.);
#1596=FACE_BOUND('',#1462,.T.);
#1597=FACE_BOUND('',#1463,.T.);
#1598=FACE_BOUND('',#1464,.T.);
#1599=FACE_BOUND('',#1465,.T.);
#1600=FACE_BOUND('',#1466,.T.);
#1601=FACE_BOUND('',#1467,.T.);
#1602=FACE_BOUND('',#1468,.T.);
#1603=FACE_BOUND('',#1469,.T.);
#1604=FACE_BOUND('',#1470,.T.);
#1605=FACE_BOUND('',#1471,.T.);
#1606=FACE_BOUND('',#1472,.T.);
#1607=FACE_BOUND('',#1473,.T.);
#1608=FACE_BOUND('',#1474,.T.);
#1609=FACE_BOUND('',#1475,.T.);
#1610=FACE_BOUND('',#1476,.T.);
#1611=FACE_BOUND('',#1477,.T.);
#1612=FACE_BOUND('',#1478,.T.);
#1613=FACE_BOUND('',#1479,.T.);
#1614=FACE_BOUND('',#1480,.T.);
#1615=FACE_BOUND('',#1481,.T.);
#1616=FACE_BOUND('',#1482,.T.);
#1617=FACE_BOUND('',#1483,.T.);
#1618=FACE_BOUND('',#1484,.T.);
#1619=FACE_BOUND('',#1485,.T.);
#1620=FACE_BOUND('',#1486,.T.);
#1621=FACE_BOUND('',#1487,.T.);
#1622=FACE_BOUND('',#1488,.T.);
#1623=FACE_BOUND('',#1489,.T.);
#1624=FACE_BOUND('',#1490,.T.);
#1625=FACE_BOUND('',#1491,.T.);
#1626=PLANE('',#1827);
#1627=PLANE('',#1828);
#1628=PLANE('',#1829);
#1629=PLANE('',#1830);
#1630=PLANE('',#1831);
#1631=PLANE('',#1832);
#1632=PLANE('',#1833);
#1633=PLANE('',#1834);
#1634=PLANE('',#1835);
#1635=PLANE('',#1836);
#1636=PLANE('',#1837);
#1637=PLANE('',#1838);
#1638=PLANE('',#1843);
#1639=PLANE('',#1844);
#1640=PLANE('',#1845);
#1641=PLANE('',#1846);
#1642=PLANE('',#1847);
#1643=PLANE('',#1848);
#1644=PLANE('',#1849);
#1645=PLANE('',#1850);
#1646=PLANE('',#1851);
#1647=PLANE('',#1852);
#1648=PLANE('',#1853);
#1649=PLANE('',#1854);
#1650=PLANE('',#1855);
#1651=PLANE('',#1856);
#1652=PLANE('',#1857);
#1653=PLANE('',#1858);
#1654=PLANE('',#1859);
#1655=PLANE('',#1860);
#1656=PLANE('',#1861);
#1657=PLANE('',#1862);
#1658=PLANE('',#1863);
#1659=PLANE('',#1864);
#1660=PLANE('',#1865);
#1661=PLANE('',#1869);
#1662=PLANE('',#1870);
#1663=PLANE('',#1871);
#1664=PLANE('',#1872);
#1665=PLANE('',#1873);
#1666=PLANE('',#1874);
#1667=PLANE('',#1875);
#1668=PLANE('',#1879);
#1669=PLANE('',#1880);
#1670=PLANE('',#1881);
#1671=PLANE('',#1882);
#1672=PLANE('',#1883);
#1673=PLANE('',#1884);
#1674=PLANE('',#1888);
#1675=PLANE('',#1889);
#1676=PLANE('',#1890);
#1677=PLANE('',#1891);
#1678=PLANE('',#1892);
#1679=PLANE('',#1893);
#1680=PLANE('',#1894);
#1681=PLANE('',#1895);
#1682=PLANE('',#1899);
#1683=PLANE('',#1900);
#1684=PLANE('',#1901);
#1685=PLANE('',#1902);
#1686=PLANE('',#1903);
#1687=PLANE('',#1904);
#1688=PLANE('',#1905);
#1689=PLANE('',#1906);
#1690=PLANE('',#1907);
#1691=PLANE('',#1908);
#1692=PLANE('',#1909);
#1693=PLANE('',#1910);
#1694=PLANE('',#1911);
#1695=PLANE('',#1912);
#1696=PLANE('',#1913);
#1697=PLANE('',#1914);
#1698=PLANE('',#1915);
#1699=PLANE('',#1916);
#1700=PLANE('',#1917);
#1701=PLANE('',#1918);
#1702=PLANE('',#1919);
#1703=PLANE('',#1920);
#1704=PLANE('',#1921);
#1705=PLANE('',#1922);
#1706=PLANE('',#1923);
#1707=PLANE('',#1924);
#1708=PLANE('',#1925);
#1709=PLANE('',#1926);
#1710=PLANE('',#1927);
#1711=PLANE('',#1928);
#1712=PLANE('',#1931);
#1713=PLANE('',#1934);
#1714=PLANE('',#1937);
#1715=PLANE('',#1940);
#1716=ADVANCED_FACE('',(#1492,#1493,#1494,#1495,#1496,#1497),#1626,.T.);
#1717=ADVANCED_FACE('',(#1498),#1627,.F.);
#1718=ADVANCED_FACE('',(#1499,#1500),#1628,.F.);
#1719=ADVANCED_FACE('',(#1501),#1629,.T.);
#1720=ADVANCED_FACE('',(#1502,#1503),#1630,.T.);
#1721=ADVANCED_FACE('',(#1504,#1505,#1506,#1507,#1508),#1631,.F.);
#1722=ADVANCED_FACE('',(#1509,#1510),#1632,.F.);
#1723=ADVANCED_FACE('',(#1511,#1512),#1633,.F.);
#1724=ADVANCED_FACE('',(#1513,#1514,#1515,#1516,#1517),#1634,.F.);
#1725=ADVANCED_FACE('',(#1518,#1519),#1635,.T.);
#1726=ADVANCED_FACE('',(#1520),#1636,.T.);
#1727=ADVANCED_FACE('',(#1521,#1522,#1523,#1524,#1525,#1526),#1637,.T.);
#1728=ADVANCED_FACE('',(#1527),#1638,.T.);
#1729=ADVANCED_FACE('',(#1528),#1639,.F.);
#1730=ADVANCED_FACE('',(#1529),#1640,.T.);
#1731=ADVANCED_FACE('',(#1530),#1641,.T.);
#1732=ADVANCED_FACE('',(#1531),#1642,.T.);
#1733=ADVANCED_FACE('',(#1532),#1643,.T.);
#1734=ADVANCED_FACE('',(#1533),#1644,.F.);
#1735=ADVANCED_FACE('',(#1534),#1645,.T.);
#1736=ADVANCED_FACE('',(#1535),#1646,.F.);
#1737=ADVANCED_FACE('',(#1536),#1647,.F.);
#1738=ADVANCED_FACE('',(#1537),#1648,.F.);
#1739=ADVANCED_FACE('',(#1538),#1649,.T.);
#1740=ADVANCED_FACE('',(#1539),#1650,.T.);
#1741=ADVANCED_FACE('',(#1540),#1651,.F.);
#1742=ADVANCED_FACE('',(#1541),#1652,.T.);
#1743=ADVANCED_FACE('',(#1542),#1653,.F.);
#1744=ADVANCED_FACE('',(#1543,#1544),#1654,.T.);
#1745=ADVANCED_FACE('',(#1545),#1655,.T.);
#1746=ADVANCED_FACE('',(#1546),#1656,.F.);
#1747=ADVANCED_FACE('',(#1547),#1657,.T.);
#1748=ADVANCED_FACE('',(#1548),#1658,.T.);
#1749=ADVANCED_FACE('',(#1549),#1659,.F.);
#1750=ADVANCED_FACE('',(#1550),#1660,.F.);
#1751=ADVANCED_FACE('',(#1551,#1552),#12,.F.);
#1752=ADVANCED_FACE('',(#1553),#1661,.F.);
#1753=ADVANCED_FACE('',(#1554),#1662,.T.);
#1754=ADVANCED_FACE('',(#1555),#1663,.T.);
#1755=ADVANCED_FACE('',(#1556,#1557),#1664,.T.);
#1756=ADVANCED_FACE('',(#1558),#1665,.T.);
#1757=ADVANCED_FACE('',(#1559),#1666,.T.);
#1758=ADVANCED_FACE('',(#1560),#1667,.T.);
#1759=ADVANCED_FACE('',(#1561,#1562),#13,.F.);
#1760=ADVANCED_FACE('',(#1563),#1668,.F.);
#1761=ADVANCED_FACE('',(#1564),#1669,.F.);
#1762=ADVANCED_FACE('',(#1565,#1566),#1670,.T.);
#1763=ADVANCED_FACE('',(#1567),#1671,.T.);
#1764=ADVANCED_FACE('',(#1568),#1672,.T.);
#1765=ADVANCED_FACE('',(#1569),#1673,.T.);
#1766=ADVANCED_FACE('',(#1570,#1571),#14,.F.);
#1767=ADVANCED_FACE('',(#1572),#1674,.F.);
#1768=ADVANCED_FACE('',(#1573),#1675,.F.);
#1769=ADVANCED_FACE('',(#1574,#1575),#1676,.T.);
#1770=ADVANCED_FACE('',(#1576),#1677,.T.);
#1771=ADVANCED_FACE('',(#1577),#1678,.F.);
#1772=ADVANCED_FACE('',(#1578),#1679,.T.);
#1773=ADVANCED_FACE('',(#1579),#1680,.F.);
#1774=ADVANCED_FACE('',(#1580),#1681,.T.);
#1775=ADVANCED_FACE('',(#1581,#1582),#15,.F.);
#1776=ADVANCED_FACE('',(#1583,#1584),#1682,.T.);
#1777=ADVANCED_FACE('',(#1585),#1683,.T.);
#1778=ADVANCED_FACE('',(#1586),#1684,.F.);
#1779=ADVANCED_FACE('',(#1587),#1685,.F.);
#1780=ADVANCED_FACE('',(#1588),#1686,.T.);
#1781=ADVANCED_FACE('',(#1589),#1687,.T.);
#1782=ADVANCED_FACE('',(#1590),#1688,.T.);
#1783=ADVANCED_FACE('',(#1591),#1689,.T.);
#1784=ADVANCED_FACE('',(#1592),#1690,.F.);
#1785=ADVANCED_FACE('',(#1593),#1691,.F.);
#1786=ADVANCED_FACE('',(#1594),#1692,.T.);
#1787=ADVANCED_FACE('',(#1595),#1693,.F.);
#1788=ADVANCED_FACE('',(#1596),#1694,.T.);
#1789=ADVANCED_FACE('',(#1597),#1695,.F.);
#1790=ADVANCED_FACE('',(#1598),#1696,.T.);
#1791=ADVANCED_FACE('',(#1599),#1697,.F.);
#1792=ADVANCED_FACE('',(#1600),#1698,.T.);
#1793=ADVANCED_FACE('',(#1601),#1699,.F.);
#1794=ADVANCED_FACE('',(#1602),#1700,.T.);
#1795=ADVANCED_FACE('',(#1603),#1701,.F.);
#1796=ADVANCED_FACE('',(#1604),#1702,.T.);
#1797=ADVANCED_FACE('',(#1605),#1703,.F.);
#1798=ADVANCED_FACE('',(#1606),#1704,.T.);
#1799=ADVANCED_FACE('',(#1607),#1705,.F.);
#1800=ADVANCED_FACE('',(#1608),#1706,.T.);
#1801=ADVANCED_FACE('',(#1609),#1707,.F.);
#1802=ADVANCED_FACE('',(#1610),#1708,.T.);
#1803=ADVANCED_FACE('',(#1611),#1709,.F.);
#1804=ADVANCED_FACE('',(#1612),#1710,.T.);
#1805=ADVANCED_FACE('',(#1613),#1711,.F.);
#1806=ADVANCED_FACE('',(#1614,#1615),#16,.F.);
#1807=ADVANCED_FACE('',(#1616),#1712,.T.);
#1808=ADVANCED_FACE('',(#1617,#1618),#17,.F.);
#1809=ADVANCED_FACE('',(#1619),#1713,.T.);
#1810=ADVANCED_FACE('',(#1620,#1621),#18,.F.);
#1811=ADVANCED_FACE('',(#1622),#1714,.T.);
#1812=ADVANCED_FACE('',(#1623,#1624),#19,.F.);
#1813=ADVANCED_FACE('',(#1625),#1715,.T.);
#1814=CLOSED_SHELL('',(#1716,#1717,#1718,#1719,#1720,#1721,#1722,#1723,
#1724,#1725,#1726,#1727,#1728,#1729,#1730,#1731,#1732,#1733,#1734,#1735,
#1736,#1737,#1738,#1739,#1740,#1741,#1742,#1743,#1744,#1745,#1746,#1747,
#1748,#1749,#1750,#1751,#1752,#1753,#1754,#1755,#1756,#1757,#1758,#1759,
#1760,#1761,#1762,#1763,#1764,#1765,#1766,#1767,#1768,#1769,#1770,#1771,
#1772,#1773,#1774,#1775,#1776,#1777,#1778,#1779,#1780,#1781,#1782,#1783,
#1784,#1785,#1786,#1787,#1788,#1789,#1790,#1791,#1792,#1793,#1794,#1795,
#1796,#1797,#1798,#1799,#1800,#1801,#1802,#1803,#1804,#1805,#1806,#1807,
#1808,#1809,#1810,#1811,#1812,#1813));
#1815=STYLED_ITEM('',(#1816),#1823);
#1816=PRESENTATION_STYLE_ASSIGNMENT((#1817));
#1817=SURFACE_STYLE_USAGE(.BOTH.,#1818);
#1818=SURFACE_SIDE_STYLE('',(#1819));
#1819=SURFACE_STYLE_FILL_AREA(#1820);
#1820=FILL_AREA_STYLE('',(#1821));
#1821=FILL_AREA_STYLE_COLOUR('',#1822);
#1822=COLOUR_RGB('',0.913725490196078,0.647058823529412,0.329411764705883);
#1823=MANIFOLD_SOLID_BREP('Part 1',#1814);
#1824=SHAPE_DEFINITION_REPRESENTATION(#2900,#1825);
#1825=SHAPE_REPRESENTATION('Part 1',(#1826),#2895);
#1826=AXIS2_PLACEMENT_3D('',#2393,#1941,#1942);
#1827=AXIS2_PLACEMENT_3D('',#2394,#1943,#1944);
#1828=AXIS2_PLACEMENT_3D('',#2475,#1985,#1986);
#1829=AXIS2_PLACEMENT_3D('',#2485,#1992,#1993);
#1830=AXIS2_PLACEMENT_3D('',#2502,#2002,#2003);
#1831=AXIS2_PLACEMENT_3D('',#2508,#2007,#2008);
#1832=AXIS2_PLACEMENT_3D('',#2522,#2016,#2017);
#1833=AXIS2_PLACEMENT_3D('',#2557,#2036,#2037);
#1834=AXIS2_PLACEMENT_3D('',#2566,#2042,#2043);
#1835=AXIS2_PLACEMENT_3D('',#2580,#2051,#2052);
#1836=AXIS2_PLACEMENT_3D('',#2616,#2071,#2072);
#1837=AXIS2_PLACEMENT_3D('',#2633,#2082,#2083);
#1838=AXIS2_PLACEMENT_3D('',#2635,#2085,#2086);
#1839=AXIS2_PLACEMENT_3D('',#2636,#2087,#2088);
#1840=AXIS2_PLACEMENT_3D('',#2638,#2089,#2090);
#1841=AXIS2_PLACEMENT_3D('',#2640,#2091,#2092);
#1842=AXIS2_PLACEMENT_3D('',#2642,#2093,#2094);
#1843=AXIS2_PLACEMENT_3D('',#2644,#2095,#2096);
#1844=AXIS2_PLACEMENT_3D('',#2651,#2101,#2102);
#1845=AXIS2_PLACEMENT_3D('',#2655,#2105,#2106);
#1846=AXIS2_PLACEMENT_3D('',#2657,#2108,#2109);
#1847=AXIS2_PLACEMENT_3D('',#2658,#2110,#2111);
#1848=AXIS2_PLACEMENT_3D('',#2667,#2116,#2117);
#1849=AXIS2_PLACEMENT_3D('',#2673,#2121,#2122);
#1850=AXIS2_PLACEMENT_3D('',#2679,#2126,#2127);
#1851=AXIS2_PLACEMENT_3D('',#2685,#2131,#2132);
#1852=AXIS2_PLACEMENT_3D('',#2689,#2135,#2136);
#1853=AXIS2_PLACEMENT_3D('',#2697,#2141,#2142);
#1854=AXIS2_PLACEMENT_3D('',#2704,#2147,#2148);
#1855=AXIS2_PLACEMENT_3D('',#2708,#2151,#2152);
#1856=AXIS2_PLACEMENT_3D('',#2712,#2155,#2156);
#1857=AXIS2_PLACEMENT_3D('',#2716,#2159,#2160);
#1858=AXIS2_PLACEMENT_3D('',#2718,#2162,#2163);
#1859=AXIS2_PLACEMENT_3D('',#2721,#2166,#2167);
#1860=AXIS2_PLACEMENT_3D('',#2722,#2168,#2169);
#1861=AXIS2_PLACEMENT_3D('',#2723,#2170,#2171);
#1862=AXIS2_PLACEMENT_3D('',#2727,#2175,#2176);
#1863=AXIS2_PLACEMENT_3D('',#2728,#2177,#2178);
#1864=AXIS2_PLACEMENT_3D('',#2729,#2179,#2180);
#1865=AXIS2_PLACEMENT_3D('',#2730,#2181,#2182);
#1866=AXIS2_PLACEMENT_3D('',#2736,#2186,#2187);
#1867=AXIS2_PLACEMENT_3D('',#2737,#2188,#2189);
#1868=AXIS2_PLACEMENT_3D('',#2739,#2190,#2191);
#1869=AXIS2_PLACEMENT_3D('',#2741,#2192,#2193);
#1870=AXIS2_PLACEMENT_3D('',#2745,#2196,#2197);
#1871=AXIS2_PLACEMENT_3D('',#2749,#2200,#2201);
#1872=AXIS2_PLACEMENT_3D('',#2751,#2203,#2204);
#1873=AXIS2_PLACEMENT_3D('',#2752,#2205,#2206);
#1874=AXIS2_PLACEMENT_3D('',#2753,#2207,#2208);
#1875=AXIS2_PLACEMENT_3D('',#2759,#2212,#2213);
#1876=AXIS2_PLACEMENT_3D('',#2763,#2216,#2217);
#1877=AXIS2_PLACEMENT_3D('',#2764,#2218,#2219);
#1878=AXIS2_PLACEMENT_3D('',#2766,#2220,#2221);
#1879=AXIS2_PLACEMENT_3D('',#2768,#2222,#2223);
#1880=AXIS2_PLACEMENT_3D('',#2772,#2226,#2227);
#1881=AXIS2_PLACEMENT_3D('',#2774,#2229,#2230);
#1882=AXIS2_PLACEMENT_3D('',#2775,#2231,#2232);
#1883=AXIS2_PLACEMENT_3D('',#2776,#2233,#2234);
#1884=AXIS2_PLACEMENT_3D('',#2782,#2238,#2239);
#1885=AXIS2_PLACEMENT_3D('',#2786,#2242,#2243);
#1886=AXIS2_PLACEMENT_3D('',#2787,#2244,#2245);
#1887=AXIS2_PLACEMENT_3D('',#2789,#2246,#2247);
#1888=AXIS2_PLACEMENT_3D('',#2791,#2248,#2249);
#1889=AXIS2_PLACEMENT_3D('',#2795,#2252,#2253);
#1890=AXIS2_PLACEMENT_3D('',#2797,#2255,#2256);
#1891=AXIS2_PLACEMENT_3D('',#2798,#2257,#2258);
#1892=AXIS2_PLACEMENT_3D('',#2799,#2259,#2260);
#1893=AXIS2_PLACEMENT_3D('',#2805,#2264,#2265);
#1894=AXIS2_PLACEMENT_3D('',#2809,#2268,#2269);
#1895=AXIS2_PLACEMENT_3D('',#2813,#2272,#2273);
#1896=AXIS2_PLACEMENT_3D('',#2815,#2275,#2276);
#1897=AXIS2_PLACEMENT_3D('',#2816,#2277,#2278);
#1898=AXIS2_PLACEMENT_3D('',#2818,#2279,#2280);
#1899=AXIS2_PLACEMENT_3D('',#2820,#2281,#2282);
#1900=AXIS2_PLACEMENT_3D('',#2821,#2283,#2284);
#1901=AXIS2_PLACEMENT_3D('',#2822,#2285,#2286);
#1902=AXIS2_PLACEMENT_3D('',#2825,#2289,#2290);
#1903=AXIS2_PLACEMENT_3D('',#2827,#2292,#2293);
#1904=AXIS2_PLACEMENT_3D('',#2829,#2295,#2296);
#1905=AXIS2_PLACEMENT_3D('',#2830,#2297,#2298);
#1906=AXIS2_PLACEMENT_3D('',#2833,#2301,#2302);
#1907=AXIS2_PLACEMENT_3D('',#2835,#2304,#2305);
#1908=AXIS2_PLACEMENT_3D('',#2837,#2307,#2308);
#1909=AXIS2_PLACEMENT_3D('',#2838,#2309,#2310);
#1910=AXIS2_PLACEMENT_3D('',#2841,#2313,#2314);
#1911=AXIS2_PLACEMENT_3D('',#2843,#2316,#2317);
#1912=AXIS2_PLACEMENT_3D('',#2845,#2319,#2320);
#1913=AXIS2_PLACEMENT_3D('',#2846,#2321,#2322);
#1914=AXIS2_PLACEMENT_3D('',#2849,#2325,#2326);
#1915=AXIS2_PLACEMENT_3D('',#2851,#2328,#2329);
#1916=AXIS2_PLACEMENT_3D('',#2853,#2331,#2332);
#1917=AXIS2_PLACEMENT_3D('',#2854,#2333,#2334);
#1918=AXIS2_PLACEMENT_3D('',#2857,#2337,#2338);
#1919=AXIS2_PLACEMENT_3D('',#2859,#2340,#2341);
#1920=AXIS2_PLACEMENT_3D('',#2861,#2343,#2344);
#1921=AXIS2_PLACEMENT_3D('',#2862,#2345,#2346);
#1922=AXIS2_PLACEMENT_3D('',#2865,#2349,#2350);
#1923=AXIS2_PLACEMENT_3D('',#2867,#2352,#2353);
#1924=AXIS2_PLACEMENT_3D('',#2869,#2355,#2356);
#1925=AXIS2_PLACEMENT_3D('',#2870,#2357,#2358);
#1926=AXIS2_PLACEMENT_3D('',#2873,#2361,#2362);
#1927=AXIS2_PLACEMENT_3D('',#2875,#2364,#2365);
#1928=AXIS2_PLACEMENT_3D('',#2877,#2367,#2368);
#1929=AXIS2_PLACEMENT_3D('',#2878,#2369,#2370);
#1930=AXIS2_PLACEMENT_3D('',#2879,#2371,#2372);
#1931=AXIS2_PLACEMENT_3D('',#2881,#2373,#2374);
#1932=AXIS2_PLACEMENT_3D('',#2882,#2375,#2376);
#1933=AXIS2_PLACEMENT_3D('',#2883,#2377,#2378);
#1934=AXIS2_PLACEMENT_3D('',#2885,#2379,#2380);
#1935=AXIS2_PLACEMENT_3D('',#2886,#2381,#2382);
#1936=AXIS2_PLACEMENT_3D('',#2887,#2383,#2384);
#1937=AXIS2_PLACEMENT_3D('',#2889,#2385,#2386);
#1938=AXIS2_PLACEMENT_3D('',#2890,#2387,#2388);
#1939=AXIS2_PLACEMENT_3D('',#2891,#2389,#2390);
#1940=AXIS2_PLACEMENT_3D('',#2893,#2391,#2392);
#1941=DIRECTION('',(0.,0.,1.));
#1942=DIRECTION('',(1.,0.,0.));
#1943=DIRECTION('',(0.,0.,1.));
#1944=DIRECTION('',(1.,0.,0.));
#1945=DIRECTION('',(0.,1.,0.));
#1946=DIRECTION('',(1.,0.,0.));
#1947=DIRECTION('',(0.,1.,0.));
#1948=DIRECTION('',(1.,0.,0.));
#1949=DIRECTION('',(0.,1.,0.));
#1950=DIRECTION('',(1.,0.,0.));
#1951=DIRECTION('',(0.,1.,0.));
#1952=DIRECTION('',(1.,0.,0.));
#1953=DIRECTION('',(0.,1.,0.));
#1954=DIRECTION('',(1.,0.,0.));
#1955=DIRECTION('',(0.,1.,0.));
#1956=DIRECTION('',(1.,0.,0.));
#1957=DIRECTION('',(0.,-1.,0.));
#1958=DIRECTION('',(1.,0.,0.));
#1959=DIRECTION('',(0.,1.,0.));
#1960=DIRECTION('',(-1.,0.,0.));
#1961=DIRECTION('',(0.,1.,0.));
#1962=DIRECTION('',(1.,0.,0.));
#1963=DIRECTION('',(0.,1.,0.));
#1964=DIRECTION('',(1.,1.77252342295919E-16,0.));
#1965=DIRECTION('',(-5.7020793824638E-16,1.,0.));
#1966=DIRECTION('',(-1.,0.,0.));
#1967=DIRECTION('',(0.,1.,0.));
#1968=DIRECTION('',(1.,0.,0.));
#1969=DIRECTION('',(0.,1.,0.));
#1970=DIRECTION('',(1.,0.,0.));
#1971=DIRECTION('',(0.,-1.,0.));
#1972=DIRECTION('',(1.,0.,0.));
#1973=DIRECTION('',(0.,-1.,0.));
#1974=DIRECTION('',(1.,0.,0.));
#1975=DIRECTION('',(0.,-1.,0.));
#1976=DIRECTION('',(1.,0.,0.));
#1977=DIRECTION('',(0.,1.,0.));
#1978=DIRECTION('',(1.,0.,0.));
#1979=DIRECTION('',(0.,1.,0.));
#1980=DIRECTION('',(1.,0.,0.));
#1981=DIRECTION('',(1.,0.,0.));
#1982=DIRECTION('',(0.,1.,0.));
#1983=DIRECTION('',(1.,0.,0.));
#1984=DIRECTION('',(0.,1.,0.));
#1985=DIRECTION('',(0.,1.,0.));
#1986=DIRECTION('',(0.,0.,1.));
#1987=DIRECTION('',(0.,0.,1.));
#1988=DIRECTION('',(0.,0.,-1.));
#1989=DIRECTION('',(1.,0.,0.));
#1990=DIRECTION('',(0.,0.,-1.));
#1991=DIRECTION('',(-1.,0.,0.));
#1992=DIRECTION('',(0.,-1.,0.));
#1993=DIRECTION('',(0.,0.,-1.));
#1994=DIRECTION('',(-1.,0.,0.));
#1995=DIRECTION('',(0.,0.,-1.));
#1996=DIRECTION('',(-1.,0.,0.));
#1997=DIRECTION('',(0.,0.,-1.));
#1998=DIRECTION('',(0.,0.,1.));
#1999=DIRECTION('',(1.,0.,0.));
#2000=DIRECTION('',(0.,0.,1.));
#2001=DIRECTION('',(1.,0.,0.));
#2002=DIRECTION('',(-1.,0.,0.));
#2003=DIRECTION('',(0.,0.,1.));
#2004=DIRECTION('',(0.,0.,1.));
#2005=DIRECTION('',(0.,-1.,0.));
#2006=DIRECTION('',(0.,-1.,0.));
#2007=DIRECTION('',(0.,-1.,0.));
#2008=DIRECTION('',(0.,0.,-1.));
#2009=DIRECTION('',(0.,0.,-1.));
#2010=DIRECTION('',(1.,0.,0.));
#2011=DIRECTION('',(0.,0.,-1.));
#2012=DIRECTION('',(1.,0.,0.));
#2013=DIRECTION('',(0.,0.,1.));
#2014=DIRECTION('',(1.,0.,0.));
#2015=DIRECTION('',(1.,0.,0.));
#2016=DIRECTION('',(-1.,0.,0.));
#2017=DIRECTION('',(0.,0.,1.));
#2018=DIRECTION('',(0.,1.,0.));
#2019=DIRECTION('',(0.,0.,-1.));
#2020=DIRECTION('',(0.,1.,0.));
#2021=DIRECTION('',(0.,0.,-1.));
#2022=DIRECTION('',(0.,1.,0.));
#2023=DIRECTION('',(0.,0.,-1.));
#2024=DIRECTION('',(0.,1.,0.));
#2025=DIRECTION('',(0.,0.,-1.));
#2026=DIRECTION('',(0.,1.,0.));
#2027=DIRECTION('',(0.,0.,-1.));
#2028=DIRECTION('',(0.,1.,0.));
#2029=DIRECTION('',(0.,0.,-1.));
#2030=DIRECTION('',(0.,1.,0.));
#2031=DIRECTION('',(0.,0.,-1.));
#2032=DIRECTION('',(0.,1.,0.));
#2033=DIRECTION('',(0.,0.,-1.));
#2034=DIRECTION('',(0.,-1.,0.));
#2035=DIRECTION('',(0.,-1.,0.));
#2036=DIRECTION('',(0.,0.,1.));
#2037=DIRECTION('',(1.,0.,0.));
#2038=DIRECTION('',(1.,0.,0.));
#2039=DIRECTION('',(0.,1.,0.));
#2040=DIRECTION('',(1.,0.,0.));
#2041=DIRECTION('',(0.,1.,0.));
#2042=DIRECTION('',(0.,1.,0.));
#2043=DIRECTION('',(0.,0.,1.));
#2044=DIRECTION('',(1.,0.,0.));
#2045=DIRECTION('',(0.,0.,1.));
#2046=DIRECTION('',(1.,0.,0.));
#2047=DIRECTION('',(0.,0.,1.));
#2048=DIRECTION('',(0.,0.,-1.));
#2049=DIRECTION('',(1.,0.,0.));
#2050=DIRECTION('',(0.,0.,-1.));
#2051=DIRECTION('',(1.,0.,0.));
#2052=DIRECTION('',(0.,0.,-1.));
#2053=DIRECTION('',(0.,-1.,0.));
#2054=DIRECTION('',(0.,0.,1.));
#2055=DIRECTION('',(0.,-1.,0.));
#2056=DIRECTION('',(0.,0.,1.));
#2057=DIRECTION('',(0.,-1.,0.));
#2058=DIRECTION('',(0.,0.,1.));
#2059=DIRECTION('',(0.,-1.,0.));
#2060=DIRECTION('',(0.,0.,1.));
#2061=DIRECTION('',(0.,-1.,0.));
#2062=DIRECTION('',(0.,0.,1.));
#2063=DIRECTION('',(0.,-1.,0.));
#2064=DIRECTION('',(0.,0.,1.));
#2065=DIRECTION('',(0.,-1.,0.));
#2066=DIRECTION('',(0.,0.,1.));
#2067=DIRECTION('',(0.,-1.,0.));
#2068=DIRECTION('',(0.,0.,1.));
#2069=DIRECTION('',(0.,0.,-1.));
#2070=DIRECTION('',(0.,-1.,0.));
#2071=DIRECTION('',(0.,1.,0.));
#2072=DIRECTION('',(0.,0.,1.));
#2073=DIRECTION('',(0.,0.,-1.));
#2074=DIRECTION('',(1.,0.,0.));
#2075=DIRECTION('',(0.,0.,-1.));
#2076=DIRECTION('',(1.,0.,0.));
#2077=DIRECTION('',(0.,0.,1.));
#2078=DIRECTION('',(0.,0.,-1.));
#2079=DIRECTION('',(1.,0.,0.));
#2080=DIRECTION('',(0.,0.,1.));
#2081=DIRECTION('',(-1.,0.,0.));
#2082=DIRECTION('',(1.,0.,0.));
#2083=DIRECTION('',(0.,0.,-1.));
#2084=DIRECTION('',(0.,-1.,0.));
#2085=DIRECTION('',(0.,0.,1.));
#2086=DIRECTION('',(1.,0.,0.));
#2087=DIRECTION('',(0.,0.,1.));
#2088=DIRECTION('',(1.,0.,0.));
#2089=DIRECTION('',(0.,0.,1.));
#2090=DIRECTION('',(1.,-6.12323399573677E-17,0.));
#2091=DIRECTION('',(0.,0.,1.));
#2092=DIRECTION('',(1.,-6.12323399573677E-17,0.));
#2093=DIRECTION('',(0.,0.,1.));
#2094=DIRECTION('',(1.,0.,0.));
#2095=DIRECTION('',(-1.,0.,0.));
#2096=DIRECTION('',(0.,0.,1.));
#2097=DIRECTION('',(0.,0.,-1.));
#2098=DIRECTION('',(0.,-1.,0.));
#2099=DIRECTION('',(0.,1.,0.));
#2100=DIRECTION('',(0.,0.,-1.));
#2101=DIRECTION('',(-1.,0.,0.));
#2102=DIRECTION('',(0.,0.,1.));
#2103=DIRECTION('',(0.,0.,-1.));
#2104=DIRECTION('',(0.,1.,0.));
#2105=DIRECTION('',(0.,1.,0.));
#2106=DIRECTION('',(0.,0.,1.));
#2107=DIRECTION('',(1.,0.,0.));
#2108=DIRECTION('',(0.,0.,1.));
#2109=DIRECTION('',(1.,0.,0.));
#2110=DIRECTION('',(-1.,0.,0.));
#2111=DIRECTION('',(0.,0.,1.));
#2112=DIRECTION('',(0.,1.,0.));
#2113=DIRECTION('',(0.,0.,-1.));
#2114=DIRECTION('',(0.,1.,0.));
#2115=DIRECTION('',(0.,0.,-1.));
#2116=DIRECTION('',(0.,1.,0.));
#2117=DIRECTION('',(0.,0.,1.));
#2118=DIRECTION('',(1.,0.,0.));
#2119=DIRECTION('',(0.,0.,-1.));
#2120=DIRECTION('',(1.,0.,0.));
#2121=DIRECTION('',(-1.,0.,0.));
#2122=DIRECTION('',(0.,0.,1.));
#2123=DIRECTION('',(0.,1.,0.));
#2124=DIRECTION('',(0.,0.,-1.));
#2125=DIRECTION('',(0.,1.,0.));
#2126=DIRECTION('',(0.,-1.,0.));
#2127=DIRECTION('',(0.,0.,-1.));
#2128=DIRECTION('',(0.,0.,-1.));
#2129=DIRECTION('',(-1.,0.,0.));
#2130=DIRECTION('',(0.,0.,-1.));
#2131=DIRECTION('',(-1.,0.,0.));
#2132=DIRECTION('',(0.,0.,1.));
#2133=DIRECTION('',(0.,0.,-1.));
#2134=DIRECTION('',(0.,1.,0.));
#2135=DIRECTION('',(0.,1.,0.));
#2136=DIRECTION('',(0.,0.,1.));
#2137=DIRECTION('',(0.,0.,1.));
#2138=DIRECTION('',(-1.,0.,0.));
#2139=DIRECTION('',(0.,0.,-1.));
#2140=DIRECTION('',(1.,0.,0.));
#2141=DIRECTION('',(-1.,-5.7020793824638E-16,0.));
#2142=DIRECTION('',(5.7020793824638E-16,-1.,0.));
#2143=DIRECTION('',(5.7020793824638E-16,-1.,0.));
#2144=DIRECTION('',(0.,0.,-1.));
#2145=DIRECTION('',(0.,0.,-1.));
#2146=DIRECTION('',(-5.7020793824638E-16,1.,0.));
#2147=DIRECTION('',(-1.77252342295919E-16,1.,0.));
#2148=DIRECTION('',(-1.,-1.77252342295919E-16,0.));
#2149=DIRECTION('',(0.,0.,-1.));
#2150=DIRECTION('',(1.,1.77252342295919E-16,0.));
#2151=DIRECTION('',(-1.,0.,0.));
#2152=DIRECTION('',(0.,0.,1.));
#2153=DIRECTION('',(0.,0.,-1.));
#2154=DIRECTION('',(0.,1.,0.));
#2155=DIRECTION('',(0.,1.,0.));
#2156=DIRECTION('',(0.,0.,1.));
#2157=DIRECTION('',(0.,0.,-1.));
#2158=DIRECTION('',(1.,0.,0.));
#2159=DIRECTION('',(-1.,0.,0.));
#2160=DIRECTION('',(0.,0.,1.));
#2161=DIRECTION('',(0.,1.,0.));
#2162=DIRECTION('',(0.,1.,0.));
#2163=DIRECTION('',(0.,0.,1.));
#2164=DIRECTION('',(1.,0.,0.));
#2165=DIRECTION('',(1.,0.,0.));
#2166=DIRECTION('',(0.,0.,1.));
#2167=DIRECTION('',(1.,0.,0.));
#2168=DIRECTION('',(0.,0.,1.));
#2169=DIRECTION('',(1.,0.,0.));
#2170=DIRECTION('',(0.,0.,-1.));
#2171=DIRECTION('',(1.,0.,0.));
#2172=DIRECTION('',(0.,1.,0.));
#2173=DIRECTION('',(1.,0.,0.));
#2174=DIRECTION('',(0.,1.,0.));
#2175=DIRECTION('',(-1.,0.,0.));
#2176=DIRECTION('',(0.,0.,1.));
#2177=DIRECTION('',(0.,1.,0.));
#2178=DIRECTION('',(0.,0.,1.));
#2179=DIRECTION('',(-1.,0.,0.));
#2180=DIRECTION('',(0.,0.,1.));
#2181=DIRECTION('',(0.,1.,0.));
#2182=DIRECTION('',(0.,0.,1.));
#2183=DIRECTION('',(1.,0.,0.));
#2184=DIRECTION('',(0.,0.,-1.));
#2185=DIRECTION('',(0.,0.,-1.));
#2186=DIRECTION('',(0.,0.,-1.));
#2187=DIRECTION('',(-1.,0.,0.));
#2188=DIRECTION('',(0.,0.,1.));
#2189=DIRECTION('',(1.,0.,0.));
#2190=DIRECTION('',(0.,0.,1.));
#2191=DIRECTION('',(1.,0.,0.));
#2192=DIRECTION('',(-1.,0.,0.));
#2193=DIRECTION('',(0.,0.,1.));
#2194=DIRECTION('',(0.,1.,0.));
#2195=DIRECTION('',(0.,0.,-1.));
#2196=DIRECTION('',(-1.,0.,0.));
#2197=DIRECTION('',(0.,0.,1.));
#2198=DIRECTION('',(0.,1.,0.));
#2199=DIRECTION('',(0.,0.,-1.));
#2200=DIRECTION('',(0.,1.,0.));
#2201=DIRECTION('',(0.,0.,1.));
#2202=DIRECTION('',(1.,0.,0.));
#2203=DIRECTION('',(0.,0.,1.));
#2204=DIRECTION('',(1.,0.,0.));
#2205=DIRECTION('',(0.,0.,1.));
#2206=DIRECTION('',(1.,0.,0.));
#2207=DIRECTION('',(-1.,0.,0.));
#2208=DIRECTION('',(0.,0.,1.));
#2209=DIRECTION('',(0.,0.,-1.));
#2210=DIRECTION('',(0.,1.,0.));
#2211=DIRECTION('',(0.,0.,-1.));
#2212=DIRECTION('',(0.,1.,0.));
#2213=DIRECTION('',(0.,0.,1.));
#2214=DIRECTION('',(1.,0.,0.));
#2215=DIRECTION('',(0.,0.,-1.));
#2216=DIRECTION('',(0.,0.,-1.));
#2217=DIRECTION('',(-1.,0.,0.));
#2218=DIRECTION('',(0.,0.,1.));
#2219=DIRECTION('',(1.,0.,0.));
#2220=DIRECTION('',(0.,0.,1.));
#2221=DIRECTION('',(1.,0.,0.));
#2222=DIRECTION('',(0.,1.,0.));
#2223=DIRECTION('',(0.,0.,1.));
#2224=DIRECTION('',(1.,0.,0.));
#2225=DIRECTION('',(0.,0.,-1.));
#2226=DIRECTION('',(-1.,0.,0.));
#2227=DIRECTION('',(0.,0.,1.));
#2228=DIRECTION('',(0.,1.,0.));
#2229=DIRECTION('',(0.,0.,1.));
#2230=DIRECTION('',(1.,0.,0.));
#2231=DIRECTION('',(0.,0.,1.));
#2232=DIRECTION('',(1.,0.,0.));
#2233=DIRECTION('',(-1.,0.,0.));
#2234=DIRECTION('',(0.,0.,1.));
#2235=DIRECTION('',(0.,0.,-1.));
#2236=DIRECTION('',(0.,1.,0.));
#2237=DIRECTION('',(0.,0.,-1.));
#2238=DIRECTION('',(0.,1.,0.));
#2239=DIRECTION('',(0.,0.,1.));
#2240=DIRECTION('',(1.,0.,0.));
#2241=DIRECTION('',(0.,0.,-1.));
#2242=DIRECTION('',(0.,0.,-1.));
#2243=DIRECTION('',(-1.,0.,0.));
#2244=DIRECTION('',(0.,0.,1.));
#2245=DIRECTION('',(1.,0.,0.));
#2246=DIRECTION('',(0.,0.,1.));
#2247=DIRECTION('',(1.,0.,0.));
#2248=DIRECTION('',(0.,1.,0.));
#2249=DIRECTION('',(0.,0.,1.));
#2250=DIRECTION('',(1.,0.,0.));
#2251=DIRECTION('',(0.,0.,-1.));
#2252=DIRECTION('',(-1.,0.,0.));
#2253=DIRECTION('',(0.,0.,1.));
#2254=DIRECTION('',(0.,1.,0.));
#2255=DIRECTION('',(0.,0.,1.));
#2256=DIRECTION('',(1.,0.,0.));
#2257=DIRECTION('',(0.,0.,1.));
#2258=DIRECTION('',(1.,0.,0.));
#2259=DIRECTION('',(-1.,0.,0.));
#2260=DIRECTION('',(0.,0.,1.));
#2261=DIRECTION('',(0.,1.,0.));
#2262=DIRECTION('',(0.,0.,-1.));
#2263=DIRECTION('',(0.,0.,-1.));
#2264=DIRECTION('',(0.,1.,0.));
#2265=DIRECTION('',(0.,0.,1.));
#2266=DIRECTION('',(0.,0.,-1.));
#2267=DIRECTION('',(1.,0.,0.));
#2268=DIRECTION('',(0.,1.,0.));
#2269=DIRECTION('',(0.,0.,1.));
#2270=DIRECTION('',(1.,0.,0.));
#2271=DIRECTION('',(0.,0.,-1.));
#2272=DIRECTION('',(-1.,0.,0.));
#2273=DIRECTION('',(0.,0.,1.));
#2274=DIRECTION('',(0.,1.,0.));
#2275=DIRECTION('',(0.,0.,-1.));
#2276=DIRECTION('',(-1.,0.,0.));
#2277=DIRECTION('',(0.,0.,1.));
#2278=DIRECTION('',(1.,0.,0.));
#2279=DIRECTION('',(0.,0.,1.));
#2280=DIRECTION('',(1.,0.,0.));
#2281=DIRECTION('',(0.,0.,1.));
#2282=DIRECTION('',(1.,0.,0.));
#2283=DIRECTION('',(0.,0.,1.));
#2284=DIRECTION('',(1.,0.,0.));
#2285=DIRECTION('',(-1.,0.,0.));
#2286=DIRECTION('',(0.,0.,1.));
#2287=DIRECTION('',(0.,0.,-1.));
#2288=DIRECTION('',(0.,0.,-1.));
#2289=DIRECTION('',(0.,1.,0.));
#2290=DIRECTION('',(0.,0.,1.));
#2291=DIRECTION('',(0.,0.,-1.));
#2292=DIRECTION('',(0.,1.,0.));
#2293=DIRECTION('',(0.,0.,1.));
#2294=DIRECTION('',(0.,0.,-1.));
#2295=DIRECTION('',(-1.,0.,0.));
#2296=DIRECTION('',(0.,0.,1.));
#2297=DIRECTION('',(-1.,0.,0.));
#2298=DIRECTION('',(0.,0.,1.));
#2299=DIRECTION('',(0.,-1.,0.));
#2300=DIRECTION('',(0.,-1.,0.));
#2301=DIRECTION('',(0.,0.,-1.));
#2302=DIRECTION('',(-1.,0.,0.));
#2303=DIRECTION('',(0.,-1.,0.));
#2304=DIRECTION('',(0.,0.,-1.));
#2305=DIRECTION('',(-1.,0.,0.));
#2306=DIRECTION('',(0.,-1.,0.));
#2307=DIRECTION('',(-1.,0.,0.));
#2308=DIRECTION('',(0.,0.,1.));
#2309=DIRECTION('',(1.,0.,0.));
#2310=DIRECTION('',(0.,0.,-1.));
#2311=DIRECTION('',(0.,1.,0.));
#2312=DIRECTION('',(0.,1.,0.));
#2313=DIRECTION('',(0.,0.,-1.));
#2314=DIRECTION('',(-1.,0.,0.));
#2315=DIRECTION('',(0.,1.,0.));
#2316=DIRECTION('',(0.,0.,-1.));
#2317=DIRECTION('',(-1.,0.,0.));
#2318=DIRECTION('',(0.,1.,0.));
#2319=DIRECTION('',(1.,0.,0.));
#2320=DIRECTION('',(0.,0.,-1.));
#2321=DIRECTION('',(0.,-1.,0.));
#2322=DIRECTION('',(0.,0.,-1.));
#2323=DIRECTION('',(1.,0.,0.));
#2324=DIRECTION('',(1.,0.,0.));
#2325=DIRECTION('',(0.,0.,-1.));
#2326=DIRECTION('',(-1.,0.,0.));
#2327=DIRECTION('',(1.,0.,0.));
#2328=DIRECTION('',(0.,0.,-1.));
#2329=DIRECTION('',(-1.,0.,0.));
#2330=DIRECTION('',(1.,0.,0.));
#2331=DIRECTION('',(0.,-1.,0.));
#2332=DIRECTION('',(0.,0.,-1.));
#2333=DIRECTION('',(0.,-1.,0.));
#2334=DIRECTION('',(0.,0.,-1.));
#2335=DIRECTION('',(1.,0.,0.));
#2336=DIRECTION('',(1.,0.,0.));
#2337=DIRECTION('',(0.,0.,-1.));
#2338=DIRECTION('',(-1.,0.,0.));
#2339=DIRECTION('',(1.,0.,0.));
#2340=DIRECTION('',(0.,0.,-1.));
#2341=DIRECTION('',(-1.,0.,0.));
#2342=DIRECTION('',(1.,0.,0.));
#2343=DIRECTION('',(0.,-1.,0.));
#2344=DIRECTION('',(0.,0.,-1.));
#2345=DIRECTION('',(0.,-1.,0.));
#2346=DIRECTION('',(0.,0.,-1.));
#2347=DIRECTION('',(1.,0.,0.));
#2348=DIRECTION('',(1.,0.,0.));
#2349=DIRECTION('',(0.,0.,-1.));
#2350=DIRECTION('',(-1.,0.,0.));
#2351=DIRECTION('',(1.,0.,0.));
#2352=DIRECTION('',(0.,0.,-1.));
#2353=DIRECTION('',(-1.,0.,0.));
#2354=DIRECTION('',(1.,0.,0.));
#2355=DIRECTION('',(0.,-1.,0.));
#2356=DIRECTION('',(0.,0.,-1.));
#2357=DIRECTION('',(0.,-1.,0.));
#2358=DIRECTION('',(0.,0.,-1.));
#2359=DIRECTION('',(1.,0.,0.));
#2360=DIRECTION('',(1.,0.,0.));
#2361=DIRECTION('',(0.,0.,-1.));
#2362=DIRECTION('',(-1.,0.,0.));
#2363=DIRECTION('',(1.,0.,0.));
#2364=DIRECTION('',(0.,0.,-1.));
#2365=DIRECTION('',(-1.,0.,0.));
#2366=DIRECTION('',(1.,0.,0.));
#2367=DIRECTION('',(0.,-1.,0.));
#2368=DIRECTION('',(0.,0.,-1.));
#2369=DIRECTION('',(0.,0.,1.));
#2370=DIRECTION('',(1.,0.,0.));
#2371=DIRECTION('',(0.,0.,1.));
#2372=DIRECTION('',(1.,0.,0.));
#2373=DIRECTION('',(0.,0.,1.));
#2374=DIRECTION('',(1.,0.,0.));
#2375=DIRECTION('',(0.,0.,1.));
#2376=DIRECTION('',(1.,0.,0.));
#2377=DIRECTION('',(0.,0.,1.));
#2378=DIRECTION('',(1.,-6.12323399573677E-17,0.));
#2379=DIRECTION('',(0.,0.,1.));
#2380=DIRECTION('',(1.,0.,0.));
#2381=DIRECTION('',(0.,0.,1.));
#2382=DIRECTION('',(1.,0.,0.));
#2383=DIRECTION('',(0.,0.,1.));
#2384=DIRECTION('',(1.,-6.12323399573677E-17,0.));
#2385=DIRECTION('',(0.,0.,1.));
#2386=DIRECTION('',(1.,0.,0.));
#2387=DIRECTION('',(0.,0.,1.));
#2388=DIRECTION('',(1.,0.,0.));
#2389=DIRECTION('',(0.,0.,1.));
#2390=DIRECTION('',(1.,0.,0.));
#2391=DIRECTION('',(0.,0.,1.));
#2392=DIRECTION('',(1.,0.,0.));
#2393=CARTESIAN_POINT('',(0.,0.,0.));
#2394=CARTESIAN_POINT('',(-0.0137196881324053,-0.0311853888835758,0.));
#2395=CARTESIAN_POINT('',(-0.0552295595407486,-0.0347684548424201,0.));
#2396=CARTESIAN_POINT('',(-0.0552295595407486,-0.042510986328125,0.));
#2397=CARTESIAN_POINT('',(-0.0552295595407486,-0.0270259233567152,0.));
#2398=CARTESIAN_POINT('',(-0.0135118830949068,-0.0270259233567152,0.));
#2399=CARTESIAN_POINT('',(0.028205793350935,-0.0270259233567152,0.));
#2400=CARTESIAN_POINT('',(0.028205793350935,-0.0347684548424201,0.));
#2401=CARTESIAN_POINT('',(0.028205793350935,-0.042510986328125,0.));
#2402=CARTESIAN_POINT('',(-0.0135118830949068,-0.042510986328125,0.));
#2403=CARTESIAN_POINT('',(0.0233069176133901,-0.0478372933461236,0.));
#2404=CARTESIAN_POINT('',(0.0233069176133901,-0.0524372933461236,0.));
#2405=CARTESIAN_POINT('',(0.0233069176133901,-0.0432372933461236,0.));
#2406=CARTESIAN_POINT('',(0.0279069176133901,-0.0432372933461236,0.));
#2407=CARTESIAN_POINT('',(0.0325069176133901,-0.0432372933461236,0.));
#2408=CARTESIAN_POINT('',(0.0325069176133901,-0.0478372933461236,0.));
#2409=CARTESIAN_POINT('',(0.0325069176133901,-0.0524372933461236,0.));
#2410=CARTESIAN_POINT('',(0.0279069176133901,-0.0524372933461236,0.));
#2411=CARTESIAN_POINT('',(-0.0601930823866099,-0.0478372933461236,0.));
#2412=CARTESIAN_POINT('',(-0.0601930823866099,-0.0524372933461236,0.));
#2413=CARTESIAN_POINT('',(-0.0601930823866099,-0.0432372933461236,0.));
#2414=CARTESIAN_POINT('',(-0.0555930823866099,-0.0432372933461236,0.));
#2415=CARTESIAN_POINT('',(-0.0509930823866099,-0.0432372933461236,0.));
#2416=CARTESIAN_POINT('',(-0.0509930823866099,-0.0478372933461236,0.));
#2417=CARTESIAN_POINT('',(-0.0509930823866099,-0.0524372933461236,0.));
#2418=CARTESIAN_POINT('',(-0.0555930823866099,-0.0524372933461236,0.));
#2419=CARTESIAN_POINT('',(-0.052852675318718,-0.0311853888835758,0.));
#2420=CARTESIAN_POINT('',(-0.052852675318718,-0.0594218227243423,0.));
#2421=CARTESIAN_POINT('',(-0.052852675318718,-0.0639582398533821,0.));
#2422=CARTESIAN_POINT('',(-0.0179223124182224,-0.0594218227243423,0.));
#2423=CARTESIAN_POINT('',(-0.0531123124182224,-0.0594218227243423,0.));
#2424=CARTESIAN_POINT('',(-0.0531123124182224,-0.0615044524307036,0.));
#2425=CARTESIAN_POINT('',(-0.0531123124182224,-0.0635870821370649,0.));
#2426=CARTESIAN_POINT('',(-0.0568186003774405,-0.0635870821370649,0.));
#2427=CARTESIAN_POINT('',(-0.0605248883366585,-0.0635870821370649,0.));
#2428=CARTESIAN_POINT('',(-0.0605248883366585,-0.0615044524307036,0.));
#2429=CARTESIAN_POINT('',(-0.0605248883366585,-0.0594218227243423,0.));
#2430=CARTESIAN_POINT('',(-0.060775580406189,-0.0594218227243423,0.));
#2431=CARTESIAN_POINT('',(-0.0610262724757195,-0.0594218227243423,0.));
#2432=CARTESIAN_POINT('',(-0.0610262724757195,-0.056379558035233,0.));
#2433=CARTESIAN_POINT('',(-0.0610262724757195,-0.0533372933461236,0.));
#2434=CARTESIAN_POINT('',(-0.021879292446971,-0.0533372933461236,0.));
#2435=CARTESIAN_POINT('',(0.0172676875817776,-0.0533372933461236,0.));
#2436=CARTESIAN_POINT('',(0.0172676875817776,-0.056379558035233,0.));
#2437=CARTESIAN_POINT('',(0.0172676875817776,-0.0593866743147373,0.));
#2438=CARTESIAN_POINT('',(-0.0137196881324053,-0.0593866743147373,0.));
#2439=CARTESIAN_POINT('',(0.0210376875817775,-0.0593866743147373,0.));
#2440=CARTESIAN_POINT('',(0.0210376875817775,-0.0583042999006295,0.));
#2441=CARTESIAN_POINT('',(0.0210376875817775,-0.0533372933461236,0.));
#2442=CARTESIAN_POINT('',(0.0270283529877662,-0.0533372933461236,0.));
#2443=CARTESIAN_POINT('',(0.0330190183937549,-0.0533372933461236,0.));
#2444=CARTESIAN_POINT('',(0.0330190183937549,-0.0583042999006295,0.));
#2445=CARTESIAN_POINT('',(0.0330190183937549,-0.0632713064551354,0.));
#2446=CARTESIAN_POINT('',(0.0270283529877662,-0.0632713064551354,0.));
#2447=CARTESIAN_POINT('',(0.0219775135628879,-0.0632713064551354,0.));
#2448=CARTESIAN_POINT('',(0.0219775135628879,-0.0311853888835758,0.));
#2449=CARTESIAN_POINT('',(0.0219775135628879,-0.0639582398533821,0.));
#2450=CARTESIAN_POINT('',(-0.0137196881324053,-0.0639582398533821,0.));
#2451=CARTESIAN_POINT('',(0.0336537316441536,-0.0639582398533821,0.));
#2452=CARTESIAN_POINT('',(0.0336537316441536,-0.0336853888835758,0.));
#2453=CARTESIAN_POINT('',(0.0336537316441536,-0.0034125379137695,0.));
#2454=CARTESIAN_POINT('',(-0.0137196881324053,-0.0034125379137695,0.));
#2455=CARTESIAN_POINT('',(-0.0610931079089642,-0.0034125379137695,0.));
#2456=CARTESIAN_POINT('',(-0.0610931079089642,-0.0336853888835758,0.));
#2457=CARTESIAN_POINT('',(-0.0610931079089642,-0.0639582398533821,0.));
#2458=CARTESIAN_POINT('',(-0.0137196881324053,-0.0639582398533821,0.));
#2459=CARTESIAN_POINT('',(-0.0509930823866099,-0.00983729334612363,0.));
#2460=CARTESIAN_POINT('',(-0.0509930823866099,-0.0144372933461236,0.));
#2461=CARTESIAN_POINT('',(-0.0509930823866099,-0.00523729334612363,0.));
#2462=CARTESIAN_POINT('',(-0.0555930823866099,-0.0144372933461236,0.));
#2463=CARTESIAN_POINT('',(-0.0601930823866099,-0.0144372933461236,0.));
#2464=CARTESIAN_POINT('',(-0.0601930823866099,-0.00983729334612363,0.));
#2465=CARTESIAN_POINT('',(-0.0601930823866099,-0.00523729334612363,0.));
#2466=CARTESIAN_POINT('',(-0.0555930823866099,-0.00523729334612363,0.));
#2467=CARTESIAN_POINT('',(0.0279069176133901,-0.00523729334612363,0.));
#2468=CARTESIAN_POINT('',(0.0233069176133902,-0.00523729334612363,0.));
#2469=CARTESIAN_POINT('',(0.0325069176133901,-0.00523729334612363,0.));
#2470=CARTESIAN_POINT('',(0.0325069176133901,-0.00983729334612363,0.));
#2471=CARTESIAN_POINT('',(0.0325069176133901,-0.0144372933461236,0.));
#2472=CARTESIAN_POINT('',(0.0279069176133901,-0.0144372933461236,0.));
#2473=CARTESIAN_POINT('',(0.0233069176133901,-0.0144372933461236,0.));
#2474=CARTESIAN_POINT('',(0.0233069176133901,-0.00983729334612363,0.));
#2475=CARTESIAN_POINT('',(0.0270283529877662,-0.0632713064551354,0.025));
#2476=CARTESIAN_POINT('',(0.0219775135628879,-0.0632713064551354,0.025));
#2477=CARTESIAN_POINT('',(0.0219775135628879,-0.0632713064551354,0.0042));
#2478=CARTESIAN_POINT('',(0.0330190183937549,-0.0632713064551354,0.025));
#2479=CARTESIAN_POINT('',(0.0330190183937549,-0.0632713064551354,0.025));
#2480=CARTESIAN_POINT('',(0.0270283529877662,-0.0632713064551354,0.025));
#2481=CARTESIAN_POINT('',(0.0210376875817775,-0.0632713064551354,0.025));
#2482=CARTESIAN_POINT('',(0.0210376875817775,-0.0632713064551354,0.025));
#2483=CARTESIAN_POINT('',(0.0210376875817775,-0.0632713064551354,0.0042));
#2484=CARTESIAN_POINT('',(0.0270283529877662,-0.0632713064551354,0.0042));
#2485=CARTESIAN_POINT('',(-0.0137196881324053,0.00458746208623051,-0.005));
#2486=CARTESIAN_POINT('',(-0.0127168656559461,0.00458746208623051,0.00179710812790794));
#2487=CARTESIAN_POINT('',(-0.00792122299032515,0.00458746208623051,0.00179710812790794));
#2488=CARTESIAN_POINT('',(-0.0175125083215671,0.00458746208623051,0.00179710812790794));
#2489=CARTESIAN_POINT('',(-0.00792122299032515,0.00458746208623051,0.00368354150191632));
#2490=CARTESIAN_POINT('',(-0.00792122299032515,0.00458746208623051,0.00556997487592471));
#2491=CARTESIAN_POINT('',(-0.0127168656559461,0.00458746208623051,0.00556997487592471));
#2492=CARTESIAN_POINT('',(-0.0175125083215671,0.00458746208623051,0.00556997487592471));
#2493=CARTESIAN_POINT('',(-0.0175125083215671,0.00458746208623051,0.00368354150191632));
#2494=CARTESIAN_POINT('',(-0.0690931079089641,0.00458746208623051,-0.005));
#2495=CARTESIAN_POINT('',(-0.0690931079089641,0.00458746208623051,-0.005));
#2496=CARTESIAN_POINT('',(-0.0690931079089641,0.00458746208623051,0.033));
#2497=CARTESIAN_POINT('',(-0.0137196881324053,0.00458746208623051,0.033));
#2498=CARTESIAN_POINT('',(0.0416537316441536,0.00458746208623051,0.033));
#2499=CARTESIAN_POINT('',(0.0416537316441536,0.00458746208623051,-0.005));
#2500=CARTESIAN_POINT('',(0.0416537316441536,0.00458746208623051,-0.005));
#2501=CARTESIAN_POINT('',(-0.0137196881324053,0.00458746208623051,-0.005));
#2502=CARTESIAN_POINT('',(-0.0690931079089641,-0.0311853888835758,-0.005));
#2503=CARTESIAN_POINT('',(-0.0690931079089641,-0.0669582398533821,-0.005));
#2504=CARTESIAN_POINT('',(-0.0690931079089641,-0.0669582398533821,-0.005));
#2505=CARTESIAN_POINT('',(-0.0690931079089641,-0.0669582398533821,0.033));
#2506=CARTESIAN_POINT('',(-0.0690931079089641,-0.0311853888835758,0.033));
#2507=CARTESIAN_POINT('',(-0.0690931079089641,-0.0311853888835758,-0.005));
#2508=CARTESIAN_POINT('',(-0.0137196881324053,-0.0669582398533821,-0.005));
#2509=CARTESIAN_POINT('',(-0.0455023124182224,-0.0669582398533821,0.0167500005178542));
#2510=CARTESIAN_POINT('',(-0.0455023124182224,-0.0669582398533821,0.0257000005178541));
#2511=CARTESIAN_POINT('',(-0.0455023124182224,-0.0669582398533821,0.00780000051785413));
#2512=CARTESIAN_POINT('',(-0.0142523124182224,-0.0669582398533821,0.0257000005178541));
#2513=CARTESIAN_POINT('',(0.0169976875817776,-0.0669582398533821,0.0257000005178541));
#2514=CARTESIAN_POINT('',(0.0169976875817776,-0.0669582398533821,0.0167500005178542));
#2515=CARTESIAN_POINT('',(0.0169976875817776,-0.0669582398533821,0.00780000051785413));
#2516=CARTESIAN_POINT('',(-0.0142523124182224,-0.0669582398533821,0.00780000051785413));
#2517=CARTESIAN_POINT('',(0.0416537316441536,-0.0669582398533821,-0.005));
#2518=CARTESIAN_POINT('',(0.0416537316441536,-0.0669582398533821,-0.005));
#2519=CARTESIAN_POINT('',(0.0416537316441536,-0.0669582398533821,0.033));
#2520=CARTESIAN_POINT('',(-0.0137196881324053,-0.0669582398533821,0.033));
#2521=CARTESIAN_POINT('',(-0.0137196881324053,-0.0669582398533821,-0.005));
#2522=CARTESIAN_POINT('',(0.0416537316441536,-0.0311853888835758,-0.005));
#2523=CARTESIAN_POINT('',(0.0416537316441536,-0.0219772100872944,0.00287978096463394));
#2524=CARTESIAN_POINT('',(0.0416537316441536,-0.0225427162005477,0.00287978096463394));
#2525=CARTESIAN_POINT('',(0.0416537316441536,-0.0214117039740413,0.00287978096463394));
#2526=CARTESIAN_POINT('',(0.0416537316441536,-0.0225427162005477,0.00844468042991345));
#2527=CARTESIAN_POINT('',(0.0416537316441536,-0.0225427162005477,0.014009579895193));
#2528=CARTESIAN_POINT('',(0.0416537316441536,-0.0219772100872944,0.014009579895193));
#2529=CARTESIAN_POINT('',(0.0416537316441536,-0.0214117039740413,0.014009579895193));
#2530=CARTESIAN_POINT('',(0.0416537316441536,-0.0214117039740413,0.00844468042991345));
#2531=CARTESIAN_POINT('',(0.0416537316441536,-0.0190006414442592,0.00285268901315982));
#2532=CARTESIAN_POINT('',(0.0416537316441536,-0.0197043110314562,0.00285268901315982));
#2533=CARTESIAN_POINT('',(0.0416537316441536,-0.0182969718570622,0.00285268901315982));
#2534=CARTESIAN_POINT('',(0.0416537316441536,-0.0197043110314562,0.00827979036265451));
#2535=CARTESIAN_POINT('',(0.0416537316441536,-0.0197043110314562,0.0137068917121492));
#2536=CARTESIAN_POINT('',(0.0416537316441536,-0.0190006414442592,0.0137068917121492));
#2537=CARTESIAN_POINT('',(0.0416537316441536,-0.0182969718570622,0.0137068917121492));
#2538=CARTESIAN_POINT('',(0.0416537316441536,-0.0182969718570622,0.00827979036265451));
#2539=CARTESIAN_POINT('',(0.0416537316441536,-0.0146494271695689,0.00262991464881142));
#2540=CARTESIAN_POINT('',(0.0416537316441536,-0.0153065423404899,0.00262991464881142));
#2541=CARTESIAN_POINT('',(0.0416537316441536,-0.0139923119986479,0.00262991464881142));
#2542=CARTESIAN_POINT('',(0.0416537316441536,-0.0153065423404899,0.00819561068291008));
#2543=CARTESIAN_POINT('',(0.0416537316441536,-0.0153065423404899,0.0137613067170087));
#2544=CARTESIAN_POINT('',(0.0416537316441536,-0.0146494271695689,0.0137613067170087));
#2545=CARTESIAN_POINT('',(0.0416537316441536,-0.0139923119986479,0.0137613067170087));
#2546=CARTESIAN_POINT('',(0.0416537316441536,-0.0139923119986479,0.00819561068291008));
#2547=CARTESIAN_POINT('',(0.0416537316441536,-0.0113524742083843,0.00241271744767305));
#2548=CARTESIAN_POINT('',(0.0416537316441536,-0.0123760288415375,0.00241271744767305));
#2549=CARTESIAN_POINT('',(0.0416537316441536,-0.0103289195752311,0.00241271744767304));
#2550=CARTESIAN_POINT('',(0.0416537316441536,-0.0123760288415375,0.00798160118331836));
#2551=CARTESIAN_POINT('',(0.0416537316441536,-0.0123760288415375,0.0135504849189637));
#2552=CARTESIAN_POINT('',(0.0416537316441536,-0.0113524742083843,0.0135504849189637));
#2553=CARTESIAN_POINT('',(0.0416537316441536,-0.0103289195752311,0.0135504849189637));
#2554=CARTESIAN_POINT('',(0.0416537316441536,-0.0103289195752311,0.00798160118331836));
#2555=CARTESIAN_POINT('',(0.0416537316441536,-0.0311853888835758,0.033));
#2556=CARTESIAN_POINT('',(0.0416537316441536,-0.0311853888835758,-0.005));
#2557=CARTESIAN_POINT('',(-0.0137196881324053,-0.0311853888835758,-0.005));
#2558=CARTESIAN_POINT('',(-0.0135118830949068,-0.0270259233567152,-0.005));
#2559=CARTESIAN_POINT('',(-0.0552295595407486,-0.0270259233567152,-0.005));
#2560=CARTESIAN_POINT('',(0.028205793350935,-0.0270259233567152,-0.005));
#2561=CARTESIAN_POINT('',(-0.0552295595407486,-0.0347684548424201,-0.005));
#2562=CARTESIAN_POINT('',(-0.0552295595407486,-0.042510986328125,-0.005));
#2563=CARTESIAN_POINT('',(-0.0135118830949068,-0.042510986328125,-0.005));
#2564=CARTESIAN_POINT('',(0.028205793350935,-0.042510986328125,-0.005));
#2565=CARTESIAN_POINT('',(0.028205793350935,-0.0347684548424201,-0.005));
#2566=CARTESIAN_POINT('',(-0.0137196881324053,-0.0034125379137695,0.033));
#2567=CARTESIAN_POINT('',(-0.0127168656559461,-0.0034125379137695,0.00556997487592471));
#2568=CARTESIAN_POINT('',(-0.0175125083215671,-0.0034125379137695,0.00556997487592471));
#2569=CARTESIAN_POINT('',(-0.00792122299032515,-0.0034125379137695,0.00556997487592471));
#2570=CARTESIAN_POINT('',(-0.00792122299032515,-0.0034125379137695,0.00368354150191632));
#2571=CARTESIAN_POINT('',(-0.00792122299032515,-0.0034125379137695,0.00179710812790794));
#2572=CARTESIAN_POINT('',(-0.0127168656559461,-0.0034125379137695,0.00179710812790794));
#2573=CARTESIAN_POINT('',(-0.0175125083215671,-0.0034125379137695,0.00179710812790794));
#2574=CARTESIAN_POINT('',(-0.0175125083215671,-0.0034125379137695,0.00368354150191632));
#2575=CARTESIAN_POINT('',(0.0336537316441536,-0.0034125379137695,0.033));
#2576=CARTESIAN_POINT('',(0.0336537316441536,-0.0034125379137695,0.033));
#2577=CARTESIAN_POINT('',(-0.0137196881324053,-0.0034125379137695,0.033));
#2578=CARTESIAN_POINT('',(-0.0610931079089642,-0.0034125379137695,0.033));
#2579=CARTESIAN_POINT('',(-0.0610931079089642,-0.0034125379137695,0.033));
#2580=CARTESIAN_POINT('',(0.0336537316441536,-0.0336853888835758,0.033));
#2581=CARTESIAN_POINT('',(0.0336537316441536,-0.0219772100872944,0.014009579895193));
#2582=CARTESIAN_POINT('',(0.0336537316441536,-0.0214117039740413,0.014009579895193));
#2583=CARTESIAN_POINT('',(0.0336537316441536,-0.0225427162005477,0.014009579895193));
#2584=CARTESIAN_POINT('',(0.0336537316441536,-0.0225427162005477,0.00844468042991345));
#2585=CARTESIAN_POINT('',(0.0336537316441536,-0.0225427162005477,0.00287978096463394));
#2586=CARTESIAN_POINT('',(0.0336537316441536,-0.0219772100872944,0.00287978096463394));
#2587=CARTESIAN_POINT('',(0.0336537316441536,-0.0214117039740413,0.00287978096463394));
#2588=CARTESIAN_POINT('',(0.0336537316441536,-0.0214117039740413,0.00844468042991345));
#2589=CARTESIAN_POINT('',(0.0336537316441536,-0.0190006414442592,0.0137068917121492));
#2590=CARTESIAN_POINT('',(0.0336537316441536,-0.0182969718570622,0.0137068917121492));
#2591=CARTESIAN_POINT('',(0.0336537316441536,-0.0197043110314562,0.0137068917121492));
#2592=CARTESIAN_POINT('',(0.0336537316441536,-0.0197043110314562,0.00827979036265451));
#2593=CARTESIAN_POINT('',(0.0336537316441536,-0.0197043110314562,0.00285268901315982));
#2594=CARTESIAN_POINT('',(0.0336537316441536,-0.0190006414442592,0.00285268901315982));
#2595=CARTESIAN_POINT('',(0.0336537316441536,-0.0182969718570622,0.00285268901315982));
#2596=CARTESIAN_POINT('',(0.0336537316441536,-0.0182969718570622,0.00827979036265451));
#2597=CARTESIAN_POINT('',(0.0336537316441536,-0.0146494271695689,0.0137613067170087));
#2598=CARTESIAN_POINT('',(0.0336537316441536,-0.0139923119986479,0.0137613067170087));
#2599=CARTESIAN_POINT('',(0.0336537316441536,-0.0153065423404899,0.0137613067170087));
#2600=CARTESIAN_POINT('',(0.0336537316441536,-0.0153065423404899,0.00819561068291008));
#2601=CARTESIAN_POINT('',(0.0336537316441536,-0.0153065423404899,0.00262991464881142));
#2602=CARTESIAN_POINT('',(0.0336537316441536,-0.0146494271695689,0.00262991464881142));
#2603=CARTESIAN_POINT('',(0.0336537316441536,-0.0139923119986479,0.00262991464881142));
#2604=CARTESIAN_POINT('',(0.0336537316441536,-0.0139923119986479,0.00819561068291008));
#2605=CARTESIAN_POINT('',(0.0336537316441536,-0.0113524742083843,0.0135504849189637));
#2606=CARTESIAN_POINT('',(0.0336537316441536,-0.0103289195752311,0.0135504849189637));
#2607=CARTESIAN_POINT('',(0.0336537316441536,-0.0123760288415375,0.0135504849189637));
#2608=CARTESIAN_POINT('',(0.0336537316441536,-0.0123760288415375,0.00798160118331836));
#2609=CARTESIAN_POINT('',(0.0336537316441536,-0.0123760288415375,0.00241271744767305));
#2610=CARTESIAN_POINT('',(0.0336537316441536,-0.0113524742083843,0.00241271744767305));
#2611=CARTESIAN_POINT('',(0.0336537316441536,-0.0103289195752311,0.00241271744767305));
#2612=CARTESIAN_POINT('',(0.0336537316441536,-0.0103289195752311,0.00798160118331836));
#2613=CARTESIAN_POINT('',(0.0336537316441536,-0.0639582398533821,0.033));
#2614=CARTESIAN_POINT('',(0.0336537316441536,-0.0639582398533821,0.033));
#2615=CARTESIAN_POINT('',(0.0336537316441536,-0.0336853888835758,0.033));
#2616=CARTESIAN_POINT('',(-0.0137196881324053,-0.0639582398533821,0.033));
#2617=CARTESIAN_POINT('',(-0.0455023124182224,-0.0639582398533821,0.0167500005178542));
#2618=CARTESIAN_POINT('',(-0.0455023124182224,-0.0639582398533821,0.0257000005178541));
#2619=CARTESIAN_POINT('',(-0.0455023124182224,-0.0639582398533821,0.00780000051785413));
#2620=CARTESIAN_POINT('',(-0.0142523124182224,-0.0639582398533821,0.00780000051785413));
#2621=CARTESIAN_POINT('',(0.0169976875817776,-0.0639582398533821,0.00780000051785413));
#2622=CARTESIAN_POINT('',(0.0169976875817776,-0.0639582398533821,0.0167500005178542));
#2623=CARTESIAN_POINT('',(0.0169976875817776,-0.0639582398533821,0.0257000005178541));
#2624=CARTESIAN_POINT('',(-0.0142523124182224,-0.0639582398533821,0.0257000005178541));
#2625=CARTESIAN_POINT('',(-0.052852675318718,-0.0639582398533821,0.033));
#2626=CARTESIAN_POINT('',(-0.052852675318718,-0.0639582398533821,0.0042));
#2627=CARTESIAN_POINT('',(-0.0610931079089642,-0.0639582398533821,0.033));
#2628=CARTESIAN_POINT('',(-0.0610931079089642,-0.0639582398533821,0.033));
#2629=CARTESIAN_POINT('',(-0.0137196881324053,-0.0639582398533821,0.033));
#2630=CARTESIAN_POINT('',(0.0219775135628879,-0.0639582398533821,0.033));
#2631=CARTESIAN_POINT('',(0.0219775135628879,-0.0639582398533821,0.0042));
#2632=CARTESIAN_POINT('',(-0.0137196881324053,-0.0639582398533821,0.0042));
#2633=CARTESIAN_POINT('',(-0.0610931079089642,-0.0336853888835758,0.033));
#2634=CARTESIAN_POINT('',(-0.0610931079089642,-0.0336853888835758,0.033));
#2635=CARTESIAN_POINT('',(-0.0137196881324053,-0.0311853888835758,0.033));
#2636=CARTESIAN_POINT('',(0.0386476367712021,-0.0638323724269867,0.033));
#2637=CARTESIAN_POINT('',(0.0405476367712021,-0.0638323724269867,0.033));
#2638=CARTESIAN_POINT('',(0.0378245206359487,1.16341445918998E-19,0.033));
#2639=CARTESIAN_POINT('',(0.0397245206359487,-2.16667118743564E-34,0.033));
#2640=CARTESIAN_POINT('',(-0.0667463371317921,1.16341445918999E-19,0.033));
#2641=CARTESIAN_POINT('',(-0.0648463371317921,-2.40741243048404E-35,0.033));
#2642=CARTESIAN_POINT('',(-0.0657639726996422,-0.0637705996632576,0.033));
#2643=CARTESIAN_POINT('',(-0.0638639726996422,-0.0637705996632576,0.033));
#2644=CARTESIAN_POINT('',(0.0210376875817775,-0.0583042999006295,0.025));
#2645=CARTESIAN_POINT('',(0.0210376875817775,-0.0593866743147373,0.025));
#2646=CARTESIAN_POINT('',(0.0210376875817775,-0.0593866743147373,0.0042));
#2647=CARTESIAN_POINT('',(0.0210376875817775,-0.0583042999006295,0.0042));
#2648=CARTESIAN_POINT('',(0.0210376875817775,-0.0583042999006295,0.025));
#2649=CARTESIAN_POINT('',(0.0210376875817775,-0.0533372933461236,0.025));
#2650=CARTESIAN_POINT('',(0.0210376875817775,-0.0533372933461236,0.025));
#2651=CARTESIAN_POINT('',(0.0330190183937549,-0.0583042999006295,0.025));
#2652=CARTESIAN_POINT('',(0.0330190183937549,-0.0533372933461236,0.025));
#2653=CARTESIAN_POINT('',(0.0330190183937549,-0.0533372933461236,0.025));
#2654=CARTESIAN_POINT('',(0.0330190183937549,-0.0583042999006295,0.025));
#2655=CARTESIAN_POINT('',(0.0270283529877662,-0.0533372933461236,0.025));
#2656=CARTESIAN_POINT('',(0.0270283529877662,-0.0533372933461236,0.025));
#2657=CARTESIAN_POINT('',(-0.0140036270409822,-0.0584621877415943,0.025));
#2658=CARTESIAN_POINT('',(-0.0605248883366585,-0.056379558035233,0.025));
#2659=CARTESIAN_POINT('',(-0.0605248883366585,-0.056379558035233,0.));
#2660=CARTESIAN_POINT('',(-0.0605248883366585,-0.0589218227243423,0.));
#2661=CARTESIAN_POINT('',(-0.0605248883366585,-0.0538372933461236,0.));
#2662=CARTESIAN_POINT('',(-0.0605248883366585,-0.0589218227243423,0.025));
#2663=CARTESIAN_POINT('',(-0.0605248883366585,-0.0589218227243423,0.025));
#2664=CARTESIAN_POINT('',(-0.0605248883366585,-0.056379558035233,0.025));
#2665=CARTESIAN_POINT('',(-0.0605248883366585,-0.0538372933461236,0.025));
#2666=CARTESIAN_POINT('',(-0.0605248883366585,-0.0538372933461236,0.025));
#2667=CARTESIAN_POINT('',(-0.060525580406189,-0.0589218227243423,0.025));
#2668=CARTESIAN_POINT('',(-0.060525580406189,-0.0589218227243423,0.));
#2669=CARTESIAN_POINT('',(-0.0605262724757195,-0.0589218227243423,0.));
#2670=CARTESIAN_POINT('',(-0.0605262724757195,-0.0589218227243423,0.025));
#2671=CARTESIAN_POINT('',(-0.0605262724757195,-0.0589218227243423,0.025));
#2672=CARTESIAN_POINT('',(-0.060525580406189,-0.0589218227243423,0.025));
#2673=CARTESIAN_POINT('',(-0.0605262724757195,-0.056379558035233,0.025));
#2674=CARTESIAN_POINT('',(-0.0605262724757195,-0.056379558035233,0.));
#2675=CARTESIAN_POINT('',(-0.0605262724757195,-0.0538372933461236,0.));
#2676=CARTESIAN_POINT('',(-0.0605262724757195,-0.0538372933461236,0.025));
#2677=CARTESIAN_POINT('',(-0.0605262724757195,-0.0538372933461236,0.025));
#2678=CARTESIAN_POINT('',(-0.0605262724757195,-0.056379558035233,0.025));
#2679=CARTESIAN_POINT('',(-0.0568186003774405,-0.0635870821370649,0.025));
#2680=CARTESIAN_POINT('',(-0.0531123124182224,-0.0635870821370649,0.025));
#2681=CARTESIAN_POINT('',(-0.0531123124182224,-0.0635870821370649,0.025));
#2682=CARTESIAN_POINT('',(-0.0568186003774405,-0.0635870821370649,0.025));
#2683=CARTESIAN_POINT('',(-0.0605248883366585,-0.0635870821370649,0.025));
#2684=CARTESIAN_POINT('',(-0.0605248883366585,-0.0635870821370649,0.025));
#2685=CARTESIAN_POINT('',(-0.0531123124182224,-0.0615044524307036,0.025));
#2686=CARTESIAN_POINT('',(-0.0531123124182224,-0.0594218227243423,0.025));
#2687=CARTESIAN_POINT('',(-0.0531123124182224,-0.0594218227243423,0.025));
#2688=CARTESIAN_POINT('',(-0.0531123124182224,-0.0615044524307036,0.025));
#2689=CARTESIAN_POINT('',(-0.0179223124182224,-0.0594218227243423,0.025));
#2690=CARTESIAN_POINT('',(-0.052852675318718,-0.0594218227243423,0.025));
#2691=CARTESIAN_POINT('',(-0.052852675318718,-0.0594218227243423,0.0042));
#2692=CARTESIAN_POINT('',(-0.0179223124182224,-0.0594218227243423,0.0042));
#2693=CARTESIAN_POINT('',(0.0172676875817776,-0.0594218227243423,0.0042));
#2694=CARTESIAN_POINT('',(0.0172676875817776,-0.0594218227243423,0.025));
#2695=CARTESIAN_POINT('',(0.0172676875817776,-0.0594218227243423,0.025));
#2696=CARTESIAN_POINT('',(-0.0179223124182224,-0.0594218227243423,0.025));
#2697=CARTESIAN_POINT('',(0.0172676875817776,-0.056379558035233,0.025));
#2698=CARTESIAN_POINT('',(0.0172676875817776,-0.056379558035233,0.0042));
#2699=CARTESIAN_POINT('',(0.0172676875817776,-0.0593866743147373,0.0042));
#2700=CARTESIAN_POINT('',(0.0172676875817776,-0.0593866743147373,0.025));
#2701=CARTESIAN_POINT('',(0.0172676875817776,-0.0533372933461236,0.025));
#2702=CARTESIAN_POINT('',(0.0172676875817776,-0.0533372933461236,0.025));
#2703=CARTESIAN_POINT('',(0.0172676875817776,-0.056379558035233,0.025));
#2704=CARTESIAN_POINT('',(-0.021879292446971,-0.0533372933461236,0.025));
#2705=CARTESIAN_POINT('',(-0.0610262724757195,-0.0533372933461236,0.025));
#2706=CARTESIAN_POINT('',(-0.0610262724757195,-0.0533372933461236,0.025));
#2707=CARTESIAN_POINT('',(-0.021879292446971,-0.0533372933461236,0.025));
#2708=CARTESIAN_POINT('',(-0.0610262724757195,-0.056379558035233,0.025));
#2709=CARTESIAN_POINT('',(-0.0610262724757195,-0.0594218227243423,0.025));
#2710=CARTESIAN_POINT('',(-0.0610262724757195,-0.0594218227243423,0.025));
#2711=CARTESIAN_POINT('',(-0.0610262724757195,-0.056379558035233,0.025));
#2712=CARTESIAN_POINT('',(-0.060775580406189,-0.0594218227243423,0.025));
#2713=CARTESIAN_POINT('',(-0.0605248883366585,-0.0594218227243423,0.025));
#2714=CARTESIAN_POINT('',(-0.0605248883366585,-0.0594218227243423,0.025));
#2715=CARTESIAN_POINT('',(-0.060775580406189,-0.0594218227243423,0.025));
#2716=CARTESIAN_POINT('',(-0.0605248883366585,-0.0615044524307036,0.025));
#2717=CARTESIAN_POINT('',(-0.0605248883366585,-0.0615044524307036,0.025));
#2718=CARTESIAN_POINT('',(-0.060525580406189,-0.0538372933461236,0.025));
#2719=CARTESIAN_POINT('',(-0.060525580406189,-0.0538372933461236,0.));
#2720=CARTESIAN_POINT('',(-0.060525580406189,-0.0538372933461236,0.025));
#2721=CARTESIAN_POINT('',(-0.0140036270409822,-0.0584621877415943,0.025));
#2722=CARTESIAN_POINT('',(-0.0137196881324053,-0.0311853888835758,0.));
#2723=CARTESIAN_POINT('',(-0.0137196881324053,-0.0311853888835758,0.0042));
#2724=CARTESIAN_POINT('',(0.0219775135628879,-0.0620886217802763,0.0042));
#2725=CARTESIAN_POINT('',(-0.0154375808779151,-0.0593866743147373,0.0042));
#2726=CARTESIAN_POINT('',(-0.052852675318718,-0.0620886217802763,0.0042));
#2727=CARTESIAN_POINT('',(-0.052852675318718,-0.0620886217802763,0.0042));
#2728=CARTESIAN_POINT('',(-0.0154375808779151,-0.0593866743147373,0.0042));
#2729=CARTESIAN_POINT('',(0.0219775135628879,-0.0620886217802763,0.0042));
#2730=CARTESIAN_POINT('',(-0.0555930823866099,-0.0144372933461236,0.0005612397712137));
#2731=CARTESIAN_POINT('',(-0.0555930823866099,-0.0144372933461236,0.0005592397712137));
#2732=CARTESIAN_POINT('',(-0.0601930823866099,-0.0144372933461236,0.0005592397712137));
#2733=CARTESIAN_POINT('',(-0.0509930823866099,-0.0144372933461236,0.0005592397712137));
#2734=CARTESIAN_POINT('',(-0.0601930823866099,-0.0144372933461236,0.0005612397712137));
#2735=CARTESIAN_POINT('',(-0.0509930823866099,-0.0144372933461236,0.0005612397712137));
#2736=CARTESIAN_POINT('',(-0.0555930823866099,-0.00983729334612363,0.0005612397712137));
#2737=CARTESIAN_POINT('',(-0.0555930823866099,-0.00983729334612363,0.));
#2738=CARTESIAN_POINT('',(-0.0532930823866099,-0.00983729334612363,0.));
#2739=CARTESIAN_POINT('',(-0.0555930823866099,-0.00983729334612363,0.0005592397712137));
#2740=CARTESIAN_POINT('',(-0.0532930823866099,-0.00983729334612363,0.0005592397712137));
#2741=CARTESIAN_POINT('',(-0.0509930823866099,-0.00983729334612363,0.0005612397712137));
#2742=CARTESIAN_POINT('',(-0.0509930823866099,-0.00983729334612363,0.0005592397712137));
#2743=CARTESIAN_POINT('',(-0.0509930823866099,-0.00523729334612363,0.0005592397712137));
#2744=CARTESIAN_POINT('',(-0.0509930823866099,-0.00523729334612363,0.0005612397712137));
#2745=CARTESIAN_POINT('',(-0.0601930823866099,-0.00983729334612363,0.0005612397712137));
#2746=CARTESIAN_POINT('',(-0.0601930823866099,-0.00983729334612363,0.0005592397712137));
#2747=CARTESIAN_POINT('',(-0.0601930823866099,-0.00523729334612363,0.0005592397712137));
#2748=CARTESIAN_POINT('',(-0.0601930823866099,-0.00523729334612363,0.0005612397712137));
#2749=CARTESIAN_POINT('',(-0.0555930823866099,-0.00523729334612363,0.0005612397712137));
#2750=CARTESIAN_POINT('',(-0.0555930823866099,-0.00523729334612363,0.0005592397712137));
#2751=CARTESIAN_POINT('',(-0.15509308238661,0.0636627066538764,0.0005592397712137));
#2752=CARTESIAN_POINT('',(-0.0137196881324053,-0.0311853888835758,0.));
#2753=CARTESIAN_POINT('',(-0.0601930823866099,-0.0478372933461236,0.0005612397712137));
#2754=CARTESIAN_POINT('',(-0.0601930823866099,-0.0524372933461236,0.0005612397712137));
#2755=CARTESIAN_POINT('',(-0.0601930823866099,-0.0524372933461236,0.0005592397712137));
#2756=CARTESIAN_POINT('',(-0.0601930823866099,-0.0478372933461236,0.0005592397712137));
#2757=CARTESIAN_POINT('',(-0.0601930823866099,-0.0432372933461236,0.0005592397712137));
#2758=CARTESIAN_POINT('',(-0.0601930823866099,-0.0432372933461236,0.0005612397712137));
#2759=CARTESIAN_POINT('',(-0.0555930823866099,-0.0432372933461236,0.0005612397712137));
#2760=CARTESIAN_POINT('',(-0.0555930823866099,-0.0432372933461236,0.0005592397712137));
#2761=CARTESIAN_POINT('',(-0.0509930823866099,-0.0432372933461236,0.0005592397712137));
#2762=CARTESIAN_POINT('',(-0.0509930823866099,-0.0432372933461236,0.0005612397712137));
#2763=CARTESIAN_POINT('',(-0.0555930823866099,-0.0478372933461236,0.0005612397712137));
#2764=CARTESIAN_POINT('',(-0.0555930823866099,-0.0478372933461236,0.));
#2765=CARTESIAN_POINT('',(-0.0532930823866099,-0.0478372933461236,0.));
#2766=CARTESIAN_POINT('',(-0.0555930823866099,-0.0478372933461236,0.0005592397712137));
#2767=CARTESIAN_POINT('',(-0.0532930823866099,-0.0478372933461236,0.0005592397712137));
#2768=CARTESIAN_POINT('',(-0.0555930823866099,-0.0524372933461236,0.0005612397712137));
#2769=CARTESIAN_POINT('',(-0.0555930823866099,-0.0524372933461236,0.0005592397712137));
#2770=CARTESIAN_POINT('',(-0.0509930823866099,-0.0524372933461236,0.0005592397712137));
#2771=CARTESIAN_POINT('',(-0.0509930823866099,-0.0524372933461236,0.0005612397712137));
#2772=CARTESIAN_POINT('',(-0.0509930823866099,-0.0478372933461236,0.0005612397712137));
#2773=CARTESIAN_POINT('',(-0.0509930823866099,-0.0478372933461236,0.0005592397712137));
#2774=CARTESIAN_POINT('',(-0.15509308238661,0.0636627066538764,0.0005592397712137));
#2775=CARTESIAN_POINT('',(-0.0137196881324053,-0.0311853888835758,0.));
#2776=CARTESIAN_POINT('',(0.0233069176133901,-0.0478372933461236,0.0005612397712137));
#2777=CARTESIAN_POINT('',(0.0233069176133901,-0.0524372933461236,0.0005612397712137));
#2778=CARTESIAN_POINT('',(0.0233069176133901,-0.0524372933461236,0.0005592397712137));
#2779=CARTESIAN_POINT('',(0.0233069176133901,-0.0478372933461236,0.0005592397712137));
#2780=CARTESIAN_POINT('',(0.0233069176133901,-0.0432372933461236,0.0005592397712137));
#2781=CARTESIAN_POINT('',(0.0233069176133901,-0.0432372933461236,0.0005612397712137));
#2782=CARTESIAN_POINT('',(0.0279069176133901,-0.0432372933461236,0.0005612397712137));
#2783=CARTESIAN_POINT('',(0.0279069176133901,-0.0432372933461236,0.0005592397712137));
#2784=CARTESIAN_POINT('',(0.0325069176133901,-0.0432372933461236,0.0005592397712137));
#2785=CARTESIAN_POINT('',(0.0325069176133901,-0.0432372933461236,0.0005612397712137));
#2786=CARTESIAN_POINT('',(0.0279069176133901,-0.0478372933461236,0.0005612397712137));
#2787=CARTESIAN_POINT('',(0.0279069176133901,-0.0478372933461236,0.));
#2788=CARTESIAN_POINT('',(0.0302069176133901,-0.0478372933461236,0.));
#2789=CARTESIAN_POINT('',(0.0279069176133901,-0.0478372933461236,0.0005592397712137));
#2790=CARTESIAN_POINT('',(0.0302069176133901,-0.0478372933461236,0.0005592397712137));
#2791=CARTESIAN_POINT('',(0.0279069176133901,-0.0524372933461236,0.0005612397712137));
#2792=CARTESIAN_POINT('',(0.0279069176133901,-0.0524372933461236,0.0005592397712137));
#2793=CARTESIAN_POINT('',(0.0325069176133901,-0.0524372933461236,0.0005592397712137));
#2794=CARTESIAN_POINT('',(0.0325069176133901,-0.0524372933461236,0.0005612397712137));
#2795=CARTESIAN_POINT('',(0.0325069176133901,-0.0478372933461236,0.0005612397712137));
#2796=CARTESIAN_POINT('',(0.0325069176133901,-0.0478372933461236,0.0005592397712137));
#2797=CARTESIAN_POINT('',(-0.15509308238661,0.0636627066538764,0.0005592397712137));
#2798=CARTESIAN_POINT('',(-0.0137196881324053,-0.0311853888835758,0.));
#2799=CARTESIAN_POINT('',(0.0325069176133901,-0.00983729334612363,0.0005612397712137));
#2800=CARTESIAN_POINT('',(0.0325069176133901,-0.00983729334612363,0.0005592397712137));
#2801=CARTESIAN_POINT('',(0.0325069176133901,-0.0144372933461236,0.0005592397712137));
#2802=CARTESIAN_POINT('',(0.0325069176133901,-0.00523729334612363,0.0005592397712137));
#2803=CARTESIAN_POINT('',(0.0325069176133901,-0.0144372933461236,0.0005612397712137));
#2804=CARTESIAN_POINT('',(0.0325069176133901,-0.00523729334612363,0.0005612397712137));
#2805=CARTESIAN_POINT('',(0.0279069176133901,-0.00523729334612363,0.0005612397712137));
#2806=CARTESIAN_POINT('',(0.0233069176133901,-0.00523729334612363,0.0005612397712137));
#2807=CARTESIAN_POINT('',(0.0233069176133901,-0.00523729334612363,0.0005592397712137));
#2808=CARTESIAN_POINT('',(0.0279069176133901,-0.00523729334612363,0.0005592397712137));
#2809=CARTESIAN_POINT('',(0.0279069176133901,-0.0144372933461236,0.0005612397712137));
#2810=CARTESIAN_POINT('',(0.0279069176133901,-0.0144372933461236,0.0005592397712137));
#2811=CARTESIAN_POINT('',(0.0233069176133901,-0.0144372933461236,0.0005592397712137));
#2812=CARTESIAN_POINT('',(0.0233069176133901,-0.0144372933461236,0.0005612397712137));
#2813=CARTESIAN_POINT('',(0.0233069176133901,-0.00983729334612363,0.0005612397712137));
#2814=CARTESIAN_POINT('',(0.0233069176133901,-0.00983729334612363,0.0005592397712137));
#2815=CARTESIAN_POINT('',(0.0279069176133901,-0.00983729334612363,0.0005612397712137));
#2816=CARTESIAN_POINT('',(0.0279069176133901,-0.00983729334612363,0.));
#2817=CARTESIAN_POINT('',(0.0302069176133901,-0.00983729334612363,0.));
#2818=CARTESIAN_POINT('',(0.0279069176133901,-0.00983729334612363,0.0005592397712137));
#2819=CARTESIAN_POINT('',(0.0302069176133901,-0.00983729334612363,0.0005592397712137));
#2820=CARTESIAN_POINT('',(-0.15509308238661,0.0636627066538764,0.0005592397712137));
#2821=CARTESIAN_POINT('',(-0.0137196881324053,-0.0311853888835758,0.));
#2822=CARTESIAN_POINT('',(-0.0552295595407486,-0.0347684548424201,0.033002));
#2823=CARTESIAN_POINT('',(-0.0552295595407486,-0.042510986328125,0.033002));
#2824=CARTESIAN_POINT('',(-0.0552295595407486,-0.0270259233567152,0.033002));
#2825=CARTESIAN_POINT('',(-0.0135118830949068,-0.0270259233567152,0.033002));
#2826=CARTESIAN_POINT('',(0.028205793350935,-0.0270259233567152,0.033002));
#2827=CARTESIAN_POINT('',(-0.0135118830949068,-0.042510986328125,0.033002));
#2828=CARTESIAN_POINT('',(0.028205793350935,-0.042510986328125,0.033002));
#2829=CARTESIAN_POINT('',(0.028205793350935,-0.0347684548424201,0.033002));
#2830=CARTESIAN_POINT('',(0.0169976875817776,0.00458946208623051,0.0167500005178542));
#2831=CARTESIAN_POINT('',(0.0169976875817776,0.00458946208623051,0.00780000051785413));
#2832=CARTESIAN_POINT('',(0.0169976875817776,0.00458946208623051,0.0257000005178541));
#2833=CARTESIAN_POINT('',(-0.0142523124182224,0.00458946208623051,0.0257000005178541));
#2834=CARTESIAN_POINT('',(-0.0455023124182224,0.00458946208623051,0.0257000005178541));
#2835=CARTESIAN_POINT('',(-0.0142523124182224,0.00458946208623051,0.00780000051785413));
#2836=CARTESIAN_POINT('',(-0.0455023124182224,0.00458946208623051,0.00780000051785413));
#2837=CARTESIAN_POINT('',(-0.0455023124182224,0.00458946208623051,0.0167500005178542));
#2838=CARTESIAN_POINT('',(-0.0175125083215671,-0.0669602398533821,0.00368354150191632));
#2839=CARTESIAN_POINT('',(-0.0175125083215671,-0.0669602398533821,0.00179710812790794));
#2840=CARTESIAN_POINT('',(-0.0175125083215671,-0.0669602398533821,0.00556997487592471));
#2841=CARTESIAN_POINT('',(-0.0127168656559461,-0.0669602398533821,0.00179710812790794));
#2842=CARTESIAN_POINT('',(-0.00792122299032515,-0.0669602398533821,0.00179710812790794));
#2843=CARTESIAN_POINT('',(-0.0127168656559461,-0.0669602398533821,0.00556997487592471));
#2844=CARTESIAN_POINT('',(-0.00792122299032515,-0.0669602398533821,0.00556997487592471));
#2845=CARTESIAN_POINT('',(-0.00792122299032515,-0.0669602398533821,0.00368354150191632));
#2846=CARTESIAN_POINT('',(-0.0690951079089641,-0.0103289195752311,0.00798160118331836));
#2847=CARTESIAN_POINT('',(-0.0690951079089641,-0.0103289195752311,0.00241271744767305));
#2848=CARTESIAN_POINT('',(-0.0690951079089641,-0.0103289195752311,0.0135504849189637));
#2849=CARTESIAN_POINT('',(-0.0690951079089641,-0.0113524742083843,0.00241271744767305));
#2850=CARTESIAN_POINT('',(-0.0690951079089641,-0.0123760288415375,0.00241271744767305));
#2851=CARTESIAN_POINT('',(-0.0690951079089641,-0.0113524742083843,0.0135504849189637));
#2852=CARTESIAN_POINT('',(-0.0690951079089641,-0.0123760288415375,0.0135504849189637));
#2853=CARTESIAN_POINT('',(-0.0690951079089641,-0.0123760288415375,0.00798160118331836));
#2854=CARTESIAN_POINT('',(-0.0690951079089641,-0.0139923119986479,0.00819561068291008));
#2855=CARTESIAN_POINT('',(-0.0690951079089641,-0.0139923119986479,0.00262991464881142));
#2856=CARTESIAN_POINT('',(-0.0690951079089641,-0.0139923119986479,0.0137613067170087));
#2857=CARTESIAN_POINT('',(-0.0690951079089641,-0.0146494271695689,0.00262991464881142));
#2858=CARTESIAN_POINT('',(-0.0690951079089641,-0.0153065423404899,0.00262991464881142));
#2859=CARTESIAN_POINT('',(-0.0690951079089641,-0.0146494271695689,0.0137613067170087));
#2860=CARTESIAN_POINT('',(-0.0690951079089641,-0.0153065423404899,0.0137613067170087));
#2861=CARTESIAN_POINT('',(-0.0690951079089641,-0.0153065423404899,0.00819561068291008));
#2862=CARTESIAN_POINT('',(-0.0690951079089641,-0.0182969718570622,0.00827979036265451));
#2863=CARTESIAN_POINT('',(-0.0690951079089641,-0.0182969718570622,0.00285268901315982));
#2864=CARTESIAN_POINT('',(-0.0690951079089641,-0.0182969718570622,0.0137068917121492));
#2865=CARTESIAN_POINT('',(-0.0690951079089641,-0.0190006414442592,0.00285268901315982));
#2866=CARTESIAN_POINT('',(-0.0690951079089641,-0.0197043110314562,0.00285268901315982));
#2867=CARTESIAN_POINT('',(-0.0690951079089641,-0.0190006414442592,0.0137068917121492));
#2868=CARTESIAN_POINT('',(-0.0690951079089641,-0.0197043110314562,0.0137068917121492));
#2869=CARTESIAN_POINT('',(-0.0690951079089641,-0.0197043110314562,0.00827979036265451));
#2870=CARTESIAN_POINT('',(-0.0690951079089641,-0.0214117039740413,0.00844468042991345));
#2871=CARTESIAN_POINT('',(-0.0690951079089641,-0.0214117039740413,0.00287978096463394));
#2872=CARTESIAN_POINT('',(-0.0690951079089641,-0.0214117039740413,0.014009579895193));
#2873=CARTESIAN_POINT('',(-0.0690951079089641,-0.0219772100872944,0.00287978096463394));
#2874=CARTESIAN_POINT('',(-0.0690951079089641,-0.0225427162005477,0.00287978096463394));
#2875=CARTESIAN_POINT('',(-0.0690951079089641,-0.0219772100872944,0.014009579895193));
#2876=CARTESIAN_POINT('',(-0.0690951079089641,-0.0225427162005477,0.014009579895193));
#2877=CARTESIAN_POINT('',(-0.0690951079089641,-0.0225427162005477,0.00844468042991345));
#2878=CARTESIAN_POINT('',(-0.0657639726996422,-0.0637705996632576,0.03));
#2879=CARTESIAN_POINT('',(-0.0657639726996422,-0.0637705996632576,0.03));
#2880=CARTESIAN_POINT('',(-0.0638639726996422,-0.0637705996632576,0.03));
#2881=CARTESIAN_POINT('',(-0.0137196881324053,-0.0311853888835758,0.03));
#2882=CARTESIAN_POINT('',(-0.0667463371317921,1.16341445918999E-19,0.03));
#2883=CARTESIAN_POINT('',(-0.0667463371317921,1.16341445918999E-19,0.03));
#2884=CARTESIAN_POINT('',(-0.0648463371317921,-2.40741243048404E-35,0.03));
#2885=CARTESIAN_POINT('',(-0.0137196881324053,-0.0311853888835758,0.03));
#2886=CARTESIAN_POINT('',(0.0378245206359487,1.16341445918998E-19,0.03));
#2887=CARTESIAN_POINT('',(0.0378245206359487,1.16341445918998E-19,0.03));
#2888=CARTESIAN_POINT('',(0.0397245206359487,-2.16667118743564E-34,0.03));
#2889=CARTESIAN_POINT('',(-0.0137196881324053,-0.0311853888835758,0.03));
#2890=CARTESIAN_POINT('',(0.0386476367712021,-0.0638323724269867,0.03));
#2891=CARTESIAN_POINT('',(0.0386476367712021,-0.0638323724269867,0.03));
#2892=CARTESIAN_POINT('',(0.0405476367712021,-0.0638323724269867,0.03));
#2893=CARTESIAN_POINT('',(-0.0137196881324053,-0.0311853888835758,0.03));
#2894=MECHANICAL_DESIGN_GEOMETRIC_PRESENTATION_REPRESENTATION('',(#1815),
#2895);
#2895=(
GEOMETRIC_REPRESENTATION_CONTEXT(3)
GLOBAL_UNCERTAINTY_ASSIGNED_CONTEXT((#2896))
GLOBAL_UNIT_ASSIGNED_CONTEXT((#2899,#2898,#2897))
REPRESENTATION_CONTEXT('Part 1','TOP_LEVEL_ASSEMBLY_PART')
);
#2896=UNCERTAINTY_MEASURE_WITH_UNIT(LENGTH_MEASURE(1.E-8),#2899,
'DISTANCE_ACCURACY_VALUE','Maximum Tolerance applied to model');
#2897=(
NAMED_UNIT(*)
SI_UNIT($,.STERADIAN.)
SOLID_ANGLE_UNIT()
);
#2898=(
NAMED_UNIT(*)
PLANE_ANGLE_UNIT()
SI_UNIT($,.RADIAN.)
);
#2899=(
LENGTH_UNIT()
NAMED_UNIT(*)
SI_UNIT($,.METRE.)
);
#2900=PRODUCT_DEFINITION_SHAPE('','',#2901);
#2901=PRODUCT_DEFINITION('','',#2903,#2902);
#2902=PRODUCT_DEFINITION_CONTEXT('',#2909,'design');
#2903=PRODUCT_DEFINITION_FORMATION_WITH_SPECIFIED_SOURCE('','',#2905,
 .NOT_KNOWN.);
#2904=PRODUCT_RELATED_PRODUCT_CATEGORY('','',(#2905));
#2905=PRODUCT('Part 1','Part 1','Part 1',(#2907));
#2906=PRODUCT_CATEGORY('','');
#2907=PRODUCT_CONTEXT('',#2909,'mechanical');
#2908=APPLICATION_PROTOCOL_DEFINITION('international standard',
'ap242_managed_model_based_3d_engineering',2020,#2909);
#2909=APPLICATION_CONTEXT('managed model based 3d engineering');
ENDSEC;
END-ISO-10303-21;
