ISO-10303-21;
HEADER;
/* Generated by software containing ST-Developer
 * from STEP Tools, Inc. (www.steptools.com) 
 */
/* OPTION: using custom renumber hook */

FILE_DESCRIPTION(
/* description */ ('STEP AP242 Edition 2',
'CAx-IF Rec.Pracs.---Representation and Presentation of Product Manufa
cturing Information (PMI)---4.0---2014-10-13',
'CAx-IF Rec.Pracs.---3D Tessellated Geometry---0.4---2014-09-14','2;1',
'CAx-IF Rec.Pracs.---User Defined Attributes---1.5---2016-08-15'),
/* implementation_level */ '2;1');

FILE_NAME(
/* name */ 'Part Studio 2 - Part 2',
/* time_stamp */ '2026-10-03T06:13:39Z',
/* author */ (''),
/* organization */ (''),
/* preprocessor_version */ 'ST-DEVELOPER v20',
/* originating_system */ 'ONSHAPE BY PTC INC, 1.221',
/* authorisation */ '  ');

FILE_SCHEMA (('AP242_MANAGED_MODEL_BASED_3D_ENGINEERING_MIM_LF { 1 0 10303 442 3 1 4 }'));
ENDSEC;

DATA;
#10=SHAPE_REPRESENTATION_RELATIONSHIP('','',#8054,#11);
#11=ADVANCED_BREP_SHAPE_REPRESENTATION('',(#8052),#14114);
#12=B_SPLINE_SURFACE_WITH_KNOTS('',3,1,((#12519,#12520),(#12521,#12522),
(#12523,#12524),(#12525,#12526)),.SURF_OF_LINEAR_EXTRUSION.,.F.,.F.,.F.,
(4,4),(2,2),(0.,1.),(0.,1.),.PIECEWISE_BEZIER_KNOTS.);
#13=B_SPLINE_SURFACE_WITH_KNOTS('',3,1,((#12845,#12846),(#12847,#12848),
(#12849,#12850),(#12851,#12852)),.SURF_OF_LINEAR_EXTRUSION.,.F.,.F.,.F.,
(4,4),(2,2),(0.,1.),(0.,1.),.PIECEWISE_BEZIER_KNOTS.);
#14=B_SPLINE_SURFACE_WITH_KNOTS('',3,1,((#12956,#12957),(#12958,#12959),
(#12960,#12961),(#12962,#12963)),.SURF_OF_LINEAR_EXTRUSION.,.F.,.F.,.F.,
(4,4),(2,2),(0.,1.),(0.,1.),.PIECEWISE_BEZIER_KNOTS.);
#15=B_SPLINE_SURFACE_WITH_KNOTS('',3,1,((#12993,#12994),(#12995,#12996),
(#12997,#12998),(#12999,#13000)),.SURF_OF_LINEAR_EXTRUSION.,.F.,.F.,.F.,
(4,4),(2,2),(0.,1.),(0.,1.),.PIECEWISE_BEZIER_KNOTS.);
#16=B_SPLINE_SURFACE_WITH_KNOTS('',3,1,((#13321,#13322),(#13323,#13324),
(#13325,#13326),(#13327,#13328)),.SURF_OF_LINEAR_EXTRUSION.,.F.,.F.,.F.,
(4,4),(2,2),(0.,1.),(0.,1.),.PIECEWISE_BEZIER_KNOTS.);
#17=B_SPLINE_SURFACE_WITH_KNOTS('',3,1,((#13442,#13443),(#13444,#13445),
(#13446,#13447),(#13448,#13449)),.SURF_OF_LINEAR_EXTRUSION.,.F.,.F.,.F.,
(4,4),(2,2),(0.,1.),(0.,1.),.PIECEWISE_BEZIER_KNOTS.);
#18=B_SPLINE_SURFACE_WITH_KNOTS('',3,1,((#13814,#13815),(#13816,#13817),
(#13818,#13819),(#13820,#13821)),.SURF_OF_LINEAR_EXTRUSION.,.F.,.F.,.F.,
(4,4),(2,2),(0.,1.),(0.,1.),.PIECEWISE_BEZIER_KNOTS.);
#19=B_SPLINE_SURFACE_WITH_KNOTS('',3,1,((#13851,#13852),(#13853,#13854),
(#13855,#13856),(#13857,#13858)),.SURF_OF_LINEAR_EXTRUSION.,.F.,.F.,.F.,
(4,4),(2,2),(0.,1.),(0.,1.),.PIECEWISE_BEZIER_KNOTS.);
#20=B_SPLINE_SURFACE_WITH_KNOTS('',3,1,((#13868,#13869),(#13870,#13871),
(#13872,#13873),(#13874,#13875)),.SURF_OF_LINEAR_EXTRUSION.,.F.,.F.,.F.,
(4,4),(2,2),(0.,1.),(0.,1.),.PIECEWISE_BEZIER_KNOTS.);
#21=B_SPLINE_SURFACE_WITH_KNOTS('',3,1,((#13881,#13882),(#13883,#13884),
(#13885,#13886),(#13887,#13888)),.SURF_OF_LINEAR_EXTRUSION.,.F.,.F.,.F.,
(4,4),(2,2),(0.,1.),(0.,1.),.PIECEWISE_BEZIER_KNOTS.);
#22=B_SPLINE_SURFACE_WITH_KNOTS('',3,1,((#14027,#14028),(#14029,#14030),
(#14031,#14032),(#14033,#14034)),.SURF_OF_LINEAR_EXTRUSION.,.F.,.F.,.F.,
(4,4),(2,2),(0.,1.),(0.,1.),.PIECEWISE_BEZIER_KNOTS.);
#23=CYLINDRICAL_SURFACE('',#8329,0.0019);
#24=CYLINDRICAL_SURFACE('',#8331,0.0019);
#25=CYLINDRICAL_SURFACE('',#8333,0.0019);
#26=CYLINDRICAL_SURFACE('',#8335,0.0019);
#27=CYLINDRICAL_SURFACE('',#8346,0.000730875161438437);
#28=CYLINDRICAL_SURFACE('',#8348,0.000608937530135682);
#29=CYLINDRICAL_SURFACE('',#8350,0.000549193465608469);
#30=CYLINDRICAL_SURFACE('',#8352,0.000598745120650941);
#31=CYLINDRICAL_SURFACE('',#8354,0.000996530628103008);
#32=CYLINDRICAL_SURFACE('',#8356,0.00118209943319216);
#33=CYLINDRICAL_SURFACE('',#8358,0.00093560706537065);
#34=CYLINDRICAL_SURFACE('',#8360,0.000644396851169714);
#35=CYLINDRICAL_SURFACE('',#8362,0.000441820412904565);
#36=CYLINDRICAL_SURFACE('',#8365,0.000791083435517105);
#37=CYLINDRICAL_SURFACE('',#8367,0.00100302865894769);
#38=CYLINDRICAL_SURFACE('',#8369,0.00111493596964056);
#39=CYLINDRICAL_SURFACE('',#8371,0.00118351973400745);
#40=CYLINDRICAL_SURFACE('',#8373,0.00116340152937872);
#41=CYLINDRICAL_SURFACE('',#8375,0.00113799589029628);
#42=CYLINDRICAL_SURFACE('',#8377,0.000922347557989859);
#43=CYLINDRICAL_SURFACE('',#8379,0.000901741992125166);
#44=CYLINDRICAL_SURFACE('',#8381,0.000828580407784545);
#45=CYLINDRICAL_SURFACE('',#8384,0.000511620769747833);
#46=CYLINDRICAL_SURFACE('',#8386,0.000972410754081356);
#47=CYLINDRICAL_SURFACE('',#8388,0.000727331755253974);
#48=CYLINDRICAL_SURFACE('',#8391,0.239601495418225);
#49=CYLINDRICAL_SURFACE('',#8396,0.00109550579759893);
#50=CYLINDRICAL_SURFACE('',#8398,0.000299364280266824);
#51=CYLINDRICAL_SURFACE('',#8400,0.000174419563921432);
#52=CYLINDRICAL_SURFACE('',#8402,0.000899977167262303);
#53=CYLINDRICAL_SURFACE('',#8404,0.000380211924214603);
#54=CYLINDRICAL_SURFACE('',#8406,0.000380211924345173);
#55=CYLINDRICAL_SURFACE('',#8408,0.000702649849848495);
#56=CYLINDRICAL_SURFACE('',#8410,0.00140881328198931);
#57=CYLINDRICAL_SURFACE('',#8412,0.00518468974159937);
#58=CYLINDRICAL_SURFACE('',#8415,0.00110808136107119);
#59=CYLINDRICAL_SURFACE('',#8417,0.000984090338096422);
#60=CYLINDRICAL_SURFACE('',#8419,0.000400529225706496);
#61=CYLINDRICAL_SURFACE('',#8421,0.00179423754482694);
#62=CYLINDRICAL_SURFACE('',#8423,0.000363666233123182);
#63=CYLINDRICAL_SURFACE('',#8425,0.000579987155039125);
#64=CYLINDRICAL_SURFACE('',#8427,0.00147112808817262);
#65=CYLINDRICAL_SURFACE('',#8429,0.00497664860845178);
#66=CYLINDRICAL_SURFACE('',#8431,0.0173083325239946);
#67=CYLINDRICAL_SURFACE('',#8433,0.178945839849017);
#68=CYLINDRICAL_SURFACE('',#8442,0.23960149541639);
#69=CYLINDRICAL_SURFACE('',#8447,0.0010955057975993);
#70=CYLINDRICAL_SURFACE('',#8449,0.000299364280266854);
#71=CYLINDRICAL_SURFACE('',#8451,0.000174419563921396);
#72=CYLINDRICAL_SURFACE('',#8453,0.000899977167262311);
#73=CYLINDRICAL_SURFACE('',#8455,0.000380211924345196);
#74=CYLINDRICAL_SURFACE('',#8457,0.000380211924345214);
#75=CYLINDRICAL_SURFACE('',#8459,0.000702649849848294);
#76=CYLINDRICAL_SURFACE('',#8461,0.00140881328199303);
#77=CYLINDRICAL_SURFACE('',#8463,0.00518468974159409);
#78=CYLINDRICAL_SURFACE('',#8466,0.00110808136107169);
#79=CYLINDRICAL_SURFACE('',#8468,0.000984090338102168);
#80=CYLINDRICAL_SURFACE('',#8470,0.000400529225708433);
#81=CYLINDRICAL_SURFACE('',#8472,0.00179423754482752);
#82=CYLINDRICAL_SURFACE('',#8474,0.000363666233123246);
#83=CYLINDRICAL_SURFACE('',#8476,0.00057998715502731);
#84=CYLINDRICAL_SURFACE('',#8478,0.00147112808819422);
#85=CYLINDRICAL_SURFACE('',#8480,0.00497664860845567);
#86=CYLINDRICAL_SURFACE('',#8482,0.0173083325803359);
#87=CYLINDRICAL_SURFACE('',#8484,0.178945839856042);
#88=CYLINDRICAL_SURFACE('',#8487,0.000924134223146022);
#89=CYLINDRICAL_SURFACE('',#8490,0.000427419774715539);
#90=CYLINDRICAL_SURFACE('',#8492,0.000593638436915917);
#91=CYLINDRICAL_SURFACE('',#8494,0.00056617751992666);
#92=CYLINDRICAL_SURFACE('',#8496,0.000560930792381207);
#93=CYLINDRICAL_SURFACE('',#8501,0.00143502960603559);
#94=CYLINDRICAL_SURFACE('',#8503,0.00119485510804182);
#95=CYLINDRICAL_SURFACE('',#8505,0.0010320909971726);
#96=CYLINDRICAL_SURFACE('',#8507,0.000952921763182384);
#97=CYLINDRICAL_SURFACE('',#8510,0.00081656882217898);
#98=CYLINDRICAL_SURFACE('',#8513,0.000899480045284991);
#99=CYLINDRICAL_SURFACE('',#8515,0.00108190332314714);
#100=CYLINDRICAL_SURFACE('',#8517,0.0010435014900941);
#101=CYLINDRICAL_SURFACE('',#8527,0.00162799006712103);
#102=CYLINDRICAL_SURFACE('',#8530,0.00380890885685801);
#103=CYLINDRICAL_SURFACE('',#8532,0.00208180320260283);
#104=CYLINDRICAL_SURFACE('',#8534,0.000543790146099921);
#105=CYLINDRICAL_SURFACE('',#8536,0.000531523548813849);
#106=CYLINDRICAL_SURFACE('',#8538,0.000631507083287476);
#107=CYLINDRICAL_SURFACE('',#8540,0.00106671835378121);
#108=CYLINDRICAL_SURFACE('',#8542,0.00134214913771188);
#109=CYLINDRICAL_SURFACE('',#8544,0.00143894720337514);
#110=CYLINDRICAL_SURFACE('',#8546,0.00100109935351768);
#111=CYLINDRICAL_SURFACE('',#8548,0.00047109381703605);
#112=CYLINDRICAL_SURFACE('',#8551,0.00173701850524096);
#113=CYLINDRICAL_SURFACE('',#8553,0.00063538593842696);
#114=CYLINDRICAL_SURFACE('',#8555,0.000923505121800934);
#115=CYLINDRICAL_SURFACE('',#8557,0.000578333101871487);
#116=CYLINDRICAL_SURFACE('',#8559,0.000828557450141195);
#117=CYLINDRICAL_SURFACE('',#8561,0.000194737403849687);
#118=CYLINDRICAL_SURFACE('',#8563,0.00184329045533929);
#119=CYLINDRICAL_SURFACE('',#8566,0.000565891603010483);
#120=CYLINDRICAL_SURFACE('',#8568,0.000410742461047448);
#121=CYLINDRICAL_SURFACE('',#8571,0.000787802584736717);
#122=CYLINDRICAL_SURFACE('',#8573,0.000394265393998163);
#123=CYLINDRICAL_SURFACE('',#8575,0.000461487118669347);
#124=CYLINDRICAL_SURFACE('',#8577,0.000420138425925252);
#125=CYLINDRICAL_SURFACE('',#8579,0.000273100652258311);
#126=CYLINDRICAL_SURFACE('',#8582,0.000120846048050169);
#127=CYLINDRICAL_SURFACE('',#8584,0.000416471274013512);
#128=CYLINDRICAL_SURFACE('',#8586,0.000948659205736488);
#129=CYLINDRICAL_SURFACE('',#8606,0.000248245209193774);
#130=CYLINDRICAL_SURFACE('',#8608,0.000652847887860543);
#131=CYLINDRICAL_SURFACE('',#8610,0.000290773385373612);
#132=CYLINDRICAL_SURFACE('',#8612,0.000403026589788383);
#133=CYLINDRICAL_SURFACE('',#8614,0.000728949140737404);
#134=CYLINDRICAL_SURFACE('',#8617,0.000412095295548771);
#135=CYLINDRICAL_SURFACE('',#8619,0.0004239229746124);
#136=CYLINDRICAL_SURFACE('',#8621,0.000182085326565228);
#137=CYLINDRICAL_SURFACE('',#8623,0.000181532998334006);
#138=CYLINDRICAL_SURFACE('',#8625,0.000343254589559303);
#139=CYLINDRICAL_SURFACE('',#8627,0.0013264738620445);
#140=CYLINDRICAL_SURFACE('',#8632,0.00254551234535856);
#141=CYLINDRICAL_SURFACE('',#8634,0.000693653145452631);
#142=CYLINDRICAL_SURFACE('',#8636,0.00044309003725387);
#143=CYLINDRICAL_SURFACE('',#8639,0.00131928105526682);
#144=CYLINDRICAL_SURFACE('',#8645,0.000610857296989585);
#145=CYLINDRICAL_SURFACE('',#8647,0.0004106328003715);
#146=CYLINDRICAL_SURFACE('',#8649,0.00025805999299221);
#147=CYLINDRICAL_SURFACE('',#8651,0.000720015065759038);
#148=CYLINDRICAL_SURFACE('',#8653,0.000506815162905367);
#149=CYLINDRICAL_SURFACE('',#8655,0.000259058435368381);
#150=CYLINDRICAL_SURFACE('',#8657,0.000374329904441883);
#151=CYLINDRICAL_SURFACE('',#8659,0.000368425551699254);
#152=CYLINDRICAL_SURFACE('',#8661,0.000749006572960981);
#153=CYLINDRICAL_SURFACE('',#8664,0.000431342586824227);
#154=CYLINDRICAL_SURFACE('',#8666,0.00050180929778808);
#155=CYLINDRICAL_SURFACE('',#8668,0.000181741496581917);
#156=CYLINDRICAL_SURFACE('',#8670,0.000171054393724364);
#157=CYLINDRICAL_SURFACE('',#8672,0.000354933923162059);
#158=CYLINDRICAL_SURFACE('',#8687,0.000431586433606753);
#159=CYLINDRICAL_SURFACE('',#8690,0.000475408041924946);
#160=CYLINDRICAL_SURFACE('',#8692,0.000571825404468064);
#161=CYLINDRICAL_SURFACE('',#8694,0.000551528633394333);
#162=CYLINDRICAL_SURFACE('',#8697,0.000967981682607269);
#163=CYLINDRICAL_SURFACE('',#8700,0.000199565284566592);
#164=CYLINDRICAL_SURFACE('',#8702,0.00017591095283578);
#165=CYLINDRICAL_SURFACE('',#8704,0.000252837590292186);
#166=CYLINDRICAL_SURFACE('',#8706,0.000467621130081602);
#167=CYLINDRICAL_SURFACE('',#8711,0.000601500931407522);
#168=CYLINDRICAL_SURFACE('',#8713,0.00043124886898021);
#169=CYLINDRICAL_SURFACE('',#8715,0.000343403371936309);
#170=CYLINDRICAL_SURFACE('',#8717,0.000308995161106654);
#171=CYLINDRICAL_SURFACE('',#8719,0.000430110740693796);
#172=CYLINDRICAL_SURFACE('',#8721,0.000264749837994389);
#173=CYLINDRICAL_SURFACE('',#8723,0.000296997738915025);
#174=CYLINDRICAL_SURFACE('',#8725,0.000472808053047453);
#175=CYLINDRICAL_SURFACE('',#8729,0.000155971067696072);
#176=CYLINDRICAL_SURFACE('',#8741,0.00025716534931252);
#177=CYLINDRICAL_SURFACE('',#8743,0.000400360453560574);
#178=CYLINDRICAL_SURFACE('',#8745,0.00033851060933906);
#179=CYLINDRICAL_SURFACE('',#8747,0.000270977418535936);
#180=CYLINDRICAL_SURFACE('',#8749,0.000177551538714943);
#181=CYLINDRICAL_SURFACE('',#8752,0.000392091813982105);
#182=CYLINDRICAL_SURFACE('',#8754,0.000646510879567256);
#183=CYLINDRICAL_SURFACE('',#8756,0.000648981283185003);
#184=CYLINDRICAL_SURFACE('',#8758,0.000377856247370299);
#185=CYLINDRICAL_SURFACE('',#8760,0.000430424660649874);
#186=CYLINDRICAL_SURFACE('',#8762,0.000569430440782456);
#187=CYLINDRICAL_SURFACE('',#8765,0.000380276494981369);
#188=CYLINDRICAL_SURFACE('',#8767,0.000495002885161423);
#189=CYLINDRICAL_SURFACE('',#8769,0.000599003939187095);
#190=CYLINDRICAL_SURFACE('',#8772,0.000301890083818212);
#191=CYLINDRICAL_SURFACE('',#8774,0.000189637035045665);
#192=CYLINDRICAL_SURFACE('',#8776,0.000198886362670833);
#193=CYLINDRICAL_SURFACE('',#8778,0.000281873017764199);
#194=CYLINDRICAL_SURFACE('',#8780,0.000405435160486138);
#195=CYLINDRICAL_SURFACE('',#8782,0.000578019263747654);
#196=CYLINDRICAL_SURFACE('',#8784,0.000585750971033603);
#197=CYLINDRICAL_SURFACE('',#8786,0.000407114318704228);
#198=CYLINDRICAL_SURFACE('',#8788,0.000271059789913925);
#199=CYLINDRICAL_SURFACE('',#8790,0.000198347321442917);
#200=CYLINDRICAL_SURFACE('',#8792,0.000200501877105319);
#201=CYLINDRICAL_SURFACE('',#8794,0.000250423819992308);
#202=CYLINDRICAL_SURFACE('',#8797,0.000405423568095019);
#203=CYLINDRICAL_SURFACE('',#8799,0.000483674434864245);
#204=CYLINDRICAL_SURFACE('',#8801,0.000505491173274364);
#205=CYLINDRICAL_SURFACE('',#8803,0.000383215304407634);
#206=CYLINDRICAL_SURFACE('',#8805,0.000511479516069743);
#207=CYLINDRICAL_SURFACE('',#8807,0.000701738999505314);
#208=CYLINDRICAL_SURFACE('',#8809,0.000920265318822403);
#209=CYLINDRICAL_SURFACE('',#8811,0.000570317540512553);
#210=CYLINDRICAL_SURFACE('',#8813,0.000426908912507759);
#211=CYLINDRICAL_SURFACE('',#8818,0.00201314738557676);
#212=CYLINDRICAL_SURFACE('',#8820,0.00110030899449813);
#213=CYLINDRICAL_SURFACE('',#8822,0.00028741294476397);
#214=CYLINDRICAL_SURFACE('',#8824,0.000280929600271815);
#215=CYLINDRICAL_SURFACE('',#8826,0.000333774548414986);
#216=CYLINDRICAL_SURFACE('',#8828,0.000563799593452914);
#217=CYLINDRICAL_SURFACE('',#8830,0.000709374818113112);
#218=CYLINDRICAL_SURFACE('',#8832,0.000760536129690959);
#219=CYLINDRICAL_SURFACE('',#8834,0.000529117556205207);
#220=CYLINDRICAL_SURFACE('',#8836,0.000248990280852842);
#221=CYLINDRICAL_SURFACE('',#8840,0.000335824664962558);
#222=CYLINDRICAL_SURFACE('',#8842,0.000488106171953195);
#223=CYLINDRICAL_SURFACE('',#8844,0.000305670157974796);
#224=CYLINDRICAL_SURFACE('',#8846,0.000437922861165366);
#225=CYLINDRICAL_SURFACE('',#8848,0.000102925827357933);
#226=CYLINDRICAL_SURFACE('',#8850,0.000175630822424455);
#227=CYLINDRICAL_SURFACE('',#8852,0.000974246300016763);
#228=CYLINDRICAL_SURFACE('',#8855,0.000299094371617268);
#229=CYLINDRICAL_SURFACE('',#8857,0.000217092385943861);
#230=CYLINDRICAL_SURFACE('',#8860,0.000416382426925724);
#231=CYLINDRICAL_SURFACE('',#8862,0.000199295059382715);
#232=CYLINDRICAL_SURFACE('',#8864,0.000208383654233147);
#233=CYLINDRICAL_SURFACE('',#8866,0.000243912790068493);
#234=CYLINDRICAL_SURFACE('',#8868,0.000222058496408424);
#235=CYLINDRICAL_SURFACE('',#8870,0.000144343665006132);
#236=CYLINDRICAL_SURFACE('',#8873,6.38715481558555E-5);
#237=CYLINDRICAL_SURFACE('',#8875,0.000220120272742714);
#238=CYLINDRICAL_SURFACE('',#8877,0.000501401023623023);
#239=CYLINDRICAL_SURFACE('',#8880,0.000647370674894863);
#240=CYLINDRICAL_SURFACE('',#8882,0.000441726759869978);
#241=CYLINDRICAL_SURFACE('',#8884,0.000528901847474231);
#242=CYLINDRICAL_SURFACE('',#8886,0.000652892523122671);
#243=CYLINDRICAL_SURFACE('',#8888,0.00057732082012518);
#244=CYLINDRICAL_SURFACE('',#8890,0.000740812217060913);
#245=CYLINDRICAL_SURFACE('',#8892,0.000648131005916719);
#246=CYLINDRICAL_SURFACE('',#8894,0.000866555167580561);
#247=CYLINDRICAL_SURFACE('',#8896,0.0014110981802571);
#248=CYLINDRICAL_SURFACE('',#8901,0.000865278742600596);
#249=CYLINDRICAL_SURFACE('',#8903,0.00040598547467462);
#250=CYLINDRICAL_SURFACE('',#8905,0.000305946130864551);
#251=CYLINDRICAL_SURFACE('',#8907,0.000565735007519183);
#252=CYLINDRICAL_SURFACE('',#8909,0.000283911069745863);
#253=CYLINDRICAL_SURFACE('',#8911,0.000393631059245768);
#254=CYLINDRICAL_SURFACE('',#8913,0.00405605884817015);
#255=CYLINDRICAL_SURFACE('',#8918,0.000514091436688482);
#256=CYLINDRICAL_SURFACE('',#8924,0.000871324090693909);
#257=CYLINDRICAL_SURFACE('',#8926,0.00106193605139555);
#258=CYLINDRICAL_SURFACE('',#8928,0.00068706813470203);
#259=CYLINDRICAL_SURFACE('',#8930,0.000725687712116606);
#260=CYLINDRICAL_SURFACE('',#8932,0.00084104704703957);
#261=CYLINDRICAL_SURFACE('',#8934,0.000626764281681535);
#262=CYLINDRICAL_SURFACE('',#8936,0.000701743568885667);
#263=CYLINDRICAL_SURFACE('',#8938,0.000650621446871656);
#264=CYLINDRICAL_SURFACE('',#8946,0.000501963895528509);
#265=CYLINDRICAL_SURFACE('',#8951,0.00191794782584873);
#266=CYLINDRICAL_SURFACE('',#8953,0.000870787120771132);
#267=CYLINDRICAL_SURFACE('',#8955,0.000624487864613457);
#268=CYLINDRICAL_SURFACE('',#8957,0.000338512310064942);
#269=CYLINDRICAL_SURFACE('',#8959,0.000961040982561643);
#270=CYLINDRICAL_SURFACE('',#8961,0.00177536918514745);
#271=CYLINDRICAL_SURFACE('',#8963,0.00352731299731879);
#272=CYLINDRICAL_SURFACE('',#8965,0.0018412699764104);
#273=CYLINDRICAL_SURFACE('',#8967,0.00112786421755228);
#274=CYLINDRICAL_SURFACE('',#8970,0.0011749941415958);
#275=CYLINDRICAL_SURFACE('',#8972,0.00036862620974887);
#276=CYLINDRICAL_SURFACE('',#8974,0.000237993495394658);
#277=CYLINDRICAL_SURFACE('',#8977,0.000377580889197012);
#278=CYLINDRICAL_SURFACE('',#8979,0.00033282649401907);
#279=CYLINDRICAL_SURFACE('',#8981,0.000478372991437925);
#280=CYLINDRICAL_SURFACE('',#8983,0.000884747076560471);
#281=CYLINDRICAL_SURFACE('',#8988,0.00113804992199736);
#282=CYLINDRICAL_SURFACE('',#8990,0.00081593014420456);
#283=CYLINDRICAL_SURFACE('',#8992,0.000649724980026913);
#284=CYLINDRICAL_SURFACE('',#8994,0.000584624063921666);
#285=CYLINDRICAL_SURFACE('',#8996,0.000813776786208487);
#286=CYLINDRICAL_SURFACE('',#8998,0.000500911165296706);
#287=CYLINDRICAL_SURFACE('',#9000,0.000561924738530577);
#288=CYLINDRICAL_SURFACE('',#9002,0.000894560822425875);
#289=CYLINDRICAL_SURFACE('',#9004,0.000246841435194194);
#290=CYLINDRICAL_SURFACE('',#9007,0.000295099894778498);
#291=B_SPLINE_CURVE_WITH_KNOTS('',2,(#11608,#11609,#11610),
 .UNSPECIFIED.,.F.,.F.,(3,3),(0.,1.),.PIECEWISE_BEZIER_KNOTS.);
#292=B_SPLINE_CURVE_WITH_KNOTS('',2,(#11780,#11781,#11782),
 .UNSPECIFIED.,.F.,.F.,(3,3),(0.,1.),.PIECEWISE_BEZIER_KNOTS.);
#293=B_SPLINE_CURVE_WITH_KNOTS('',2,(#11822,#11823,#11824),
 .UNSPECIFIED.,.F.,.F.,(3,3),(0.,1.),.PIECEWISE_BEZIER_KNOTS.);
#294=B_SPLINE_CURVE_WITH_KNOTS('',2,(#11838,#11839,#11840),
 .UNSPECIFIED.,.F.,.F.,(3,3),(0.,1.),.PIECEWISE_BEZIER_KNOTS.);
#295=B_SPLINE_CURVE_WITH_KNOTS('',2,(#12016,#12017,#12018),
 .UNSPECIFIED.,.F.,.F.,(3,3),(0.,1.),.PIECEWISE_BEZIER_KNOTS.);
#296=B_SPLINE_CURVE_WITH_KNOTS('',2,(#12090,#12091,#12092),
 .UNSPECIFIED.,.F.,.F.,(3,3),(0.,1.),.PIECEWISE_BEZIER_KNOTS.);
#297=B_SPLINE_CURVE_WITH_KNOTS('',2,(#12248,#12249,#12250),
 .UNSPECIFIED.,.F.,.F.,(3,3),(0.,1.),.PIECEWISE_BEZIER_KNOTS.);
#298=B_SPLINE_CURVE_WITH_KNOTS('',2,(#12252,#12253,#12254),
 .UNSPECIFIED.,.F.,.F.,(3,3),(0.,1.),.PIECEWISE_BEZIER_KNOTS.);
#299=B_SPLINE_CURVE_WITH_KNOTS('',2,(#12258,#12259,#12260),
 .UNSPECIFIED.,.F.,.F.,(3,3),(0.,1.),.PIECEWISE_BEZIER_KNOTS.);
#300=B_SPLINE_CURVE_WITH_KNOTS('',2,(#12274,#12275,#12276),
 .UNSPECIFIED.,.F.,.F.,(3,3),(0.,1.),.PIECEWISE_BEZIER_KNOTS.);
#301=B_SPLINE_CURVE_WITH_KNOTS('',2,(#12350,#12351,#12352),
 .UNSPECIFIED.,.F.,.F.,(3,3),(0.,1.),.PIECEWISE_BEZIER_KNOTS.);
#302=B_SPLINE_CURVE_WITH_KNOTS('',2,(#12529,#12530,#12531),
 .UNSPECIFIED.,.F.,.F.,(3,3),(0.,1.),.PIECEWISE_BEZIER_KNOTS.);
#303=B_SPLINE_CURVE_WITH_KNOTS('',2,(#12853,#12854,#12855),
 .UNSPECIFIED.,.F.,.F.,(3,3),(0.,1.),.PIECEWISE_BEZIER_KNOTS.);
#304=B_SPLINE_CURVE_WITH_KNOTS('',2,(#12966,#12967,#12968),
 .UNSPECIFIED.,.F.,.F.,(3,3),(0.,1.),.PIECEWISE_BEZIER_KNOTS.);
#305=B_SPLINE_CURVE_WITH_KNOTS('',2,(#13003,#13004,#13005),
 .UNSPECIFIED.,.F.,.F.,(3,3),(0.,1.),.PIECEWISE_BEZIER_KNOTS.);
#306=B_SPLINE_CURVE_WITH_KNOTS('',2,(#13331,#13332,#13333),
 .UNSPECIFIED.,.F.,.F.,(3,3),(0.,1.),.PIECEWISE_BEZIER_KNOTS.);
#307=B_SPLINE_CURVE_WITH_KNOTS('',2,(#13452,#13453,#13454),
 .UNSPECIFIED.,.F.,.F.,(3,3),(0.,1.),.PIECEWISE_BEZIER_KNOTS.);
#308=B_SPLINE_CURVE_WITH_KNOTS('',2,(#13824,#13825,#13826),
 .UNSPECIFIED.,.F.,.F.,(3,3),(0.,1.),.PIECEWISE_BEZIER_KNOTS.);
#309=B_SPLINE_CURVE_WITH_KNOTS('',2,(#13861,#13862,#13863),
 .UNSPECIFIED.,.F.,.F.,(3,3),(0.,1.),.PIECEWISE_BEZIER_KNOTS.);
#310=B_SPLINE_CURVE_WITH_KNOTS('',2,(#13878,#13879,#13880),
 .UNSPECIFIED.,.F.,.F.,(3,3),(0.,1.),.PIECEWISE_BEZIER_KNOTS.);
#311=B_SPLINE_CURVE_WITH_KNOTS('',2,(#13891,#13892,#13893),
 .UNSPECIFIED.,.F.,.F.,(3,3),(0.,1.),.PIECEWISE_BEZIER_KNOTS.);
#312=B_SPLINE_CURVE_WITH_KNOTS('',2,(#14037,#14038,#14039),
 .UNSPECIFIED.,.F.,.F.,(3,3),(0.,1.),.PIECEWISE_BEZIER_KNOTS.);
#313=LINE('',#11571,#954);
#314=LINE('',#11574,#955);
#315=LINE('',#11576,#956);
#316=LINE('',#11578,#957);
#317=LINE('',#11579,#958);
#318=LINE('',#11582,#959);
#319=LINE('',#11584,#960);
#320=LINE('',#11586,#961);
#321=LINE('',#11588,#962);
#322=LINE('',#11590,#963);
#323=LINE('',#11592,#964);
#324=LINE('',#11604,#965);
#325=LINE('',#11628,#966);
#326=LINE('',#11643,#967);
#327=LINE('',#11668,#968);
#328=LINE('',#11688,#969);
#329=LINE('',#11690,#970);
#330=LINE('',#11691,#971);
#331=LINE('',#11694,#972);
#332=LINE('',#11696,#973);
#333=LINE('',#11698,#974);
#334=LINE('',#11700,#975);
#335=LINE('',#11701,#976);
#336=LINE('',#11726,#977);
#337=LINE('',#11746,#978);
#338=LINE('',#11748,#979);
#339=LINE('',#11749,#980);
#340=LINE('',#11762,#981);
#341=LINE('',#11764,#982);
#342=LINE('',#11766,#983);
#343=LINE('',#11775,#984);
#344=LINE('',#11784,#985);
#345=LINE('',#11791,#986);
#346=LINE('',#11794,#987);
#347=LINE('',#11796,#988);
#348=LINE('',#11798,#989);
#349=LINE('',#11800,#990);
#350=LINE('',#11801,#991);
#351=LINE('',#11812,#992);
#352=LINE('',#11828,#993);
#353=LINE('',#11834,#994);
#354=LINE('',#11854,#995);
#355=LINE('',#11875,#996);
#356=LINE('',#11878,#997);
#357=LINE('',#11880,#998);
#358=LINE('',#11882,#999);
#359=LINE('',#11884,#1000);
#360=LINE('',#11885,#1001);
#361=LINE('',#11888,#1002);
#362=LINE('',#11890,#1003);
#363=LINE('',#11892,#1004);
#364=LINE('',#11893,#1005);
#365=LINE('',#11896,#1006);
#366=LINE('',#11898,#1007);
#367=LINE('',#11900,#1008);
#368=LINE('',#11902,#1009);
#369=LINE('',#11914,#1010);
#370=LINE('',#11916,#1011);
#371=LINE('',#11918,#1012);
#372=LINE('',#11932,#1013);
#373=LINE('',#11939,#1014);
#374=LINE('',#11954,#1015);
#375=LINE('',#11974,#1016);
#376=LINE('',#11976,#1017);
#377=LINE('',#11978,#1018);
#378=LINE('',#11979,#1019);
#379=LINE('',#11982,#1020);
#380=LINE('',#11984,#1021);
#381=LINE('',#11986,#1022);
#382=LINE('',#11988,#1023);
#383=LINE('',#11989,#1024);
#384=LINE('',#11992,#1025);
#385=LINE('',#11994,#1026);
#386=LINE('',#11996,#1027);
#387=LINE('',#11998,#1028);
#388=LINE('',#11999,#1029);
#389=LINE('',#12006,#1030);
#390=LINE('',#12022,#1031);
#391=LINE('',#12024,#1032);
#392=LINE('',#12042,#1033);
#393=LINE('',#12044,#1034);
#394=LINE('',#12046,#1035);
#395=LINE('',#12053,#1036);
#396=LINE('',#12056,#1037);
#397=LINE('',#12058,#1038);
#398=LINE('',#12060,#1039);
#399=LINE('',#12061,#1040);
#400=LINE('',#12064,#1041);
#401=LINE('',#12078,#1042);
#402=LINE('',#12094,#1043);
#403=LINE('',#12096,#1044);
#404=LINE('',#12120,#1045);
#405=LINE('',#12146,#1046);
#406=LINE('',#12149,#1047);
#407=LINE('',#12152,#1048);
#408=LINE('',#12160,#1049);
#409=LINE('',#12174,#1050);
#410=LINE('',#12180,#1051);
#411=LINE('',#12196,#1052);
#412=LINE('',#12198,#1053);
#413=LINE('',#12240,#1054);
#414=LINE('',#12242,#1055);
#415=LINE('',#12244,#1056);
#416=LINE('',#12246,#1057);
#417=LINE('',#12262,#1058);
#418=LINE('',#12264,#1059);
#419=LINE('',#12266,#1060);
#420=LINE('',#12286,#1061);
#421=LINE('',#12288,#1062);
#422=LINE('',#12290,#1063);
#423=LINE('',#12305,#1064);
#424=LINE('',#12308,#1065);
#425=LINE('',#12310,#1066);
#426=LINE('',#12312,#1067);
#427=LINE('',#12313,#1068);
#428=LINE('',#12324,#1069);
#429=LINE('',#12344,#1070);
#430=LINE('',#12346,#1071);
#431=LINE('',#12356,#1072);
#432=LINE('',#12376,#1073);
#433=LINE('',#12378,#1074);
#434=LINE('',#12380,#1075);
#435=LINE('',#12388,#1076);
#436=LINE('',#12391,#1077);
#437=LINE('',#12392,#1078);
#438=LINE('',#12394,#1079);
#439=LINE('',#12396,#1080);
#440=LINE('',#12398,#1081);
#441=LINE('',#12400,#1082);
#442=LINE('',#12402,#1083);
#443=LINE('',#12417,#1084);
#444=LINE('',#12419,#1085);
#445=LINE('',#12421,#1086);
#446=LINE('',#12423,#1087);
#447=LINE('',#12425,#1088);
#448=LINE('',#12427,#1089);
#449=LINE('',#12429,#1090);
#450=LINE('',#12431,#1091);
#451=LINE('',#12433,#1092);
#452=LINE('',#12435,#1093);
#453=LINE('',#12437,#1094);
#454=LINE('',#12439,#1095);
#455=LINE('',#12441,#1096);
#456=LINE('',#12443,#1097);
#457=LINE('',#12446,#1098);
#458=LINE('',#12450,#1099);
#459=LINE('',#12452,#1100);
#460=LINE('',#12456,#1101);
#461=LINE('',#12460,#1102);
#462=LINE('',#12464,#1103);
#463=LINE('',#12468,#1104);
#464=LINE('',#12472,#1105);
#465=LINE('',#12476,#1106);
#466=LINE('',#12480,#1107);
#467=LINE('',#12484,#1108);
#468=LINE('',#12486,#1109);
#469=LINE('',#12488,#1110);
#470=LINE('',#12492,#1111);
#471=LINE('',#12496,#1112);
#472=LINE('',#12500,#1113);
#473=LINE('',#12504,#1114);
#474=LINE('',#12508,#1115);
#475=LINE('',#12512,#1116);
#476=LINE('',#12516,#1117);
#477=LINE('',#12527,#1118);
#478=LINE('',#12533,#1119);
#479=LINE('',#12537,#1120);
#480=LINE('',#12539,#1121);
#481=LINE('',#12541,#1122);
#482=LINE('',#12545,#1123);
#483=LINE('',#12552,#1124);
#484=LINE('',#12556,#1125);
#485=LINE('',#12558,#1126);
#486=LINE('',#12560,#1127);
#487=LINE('',#12562,#1128);
#488=LINE('',#12564,#1129);
#489=LINE('',#12566,#1130);
#490=LINE('',#12568,#1131);
#491=LINE('',#12570,#1132);
#492=LINE('',#12574,#1133);
#493=LINE('',#12578,#1134);
#494=LINE('',#12582,#1135);
#495=LINE('',#12586,#1136);
#496=LINE('',#12590,#1137);
#497=LINE('',#12594,#1138);
#498=LINE('',#12598,#1139);
#499=LINE('',#12602,#1140);
#500=LINE('',#12606,#1141);
#501=LINE('',#12608,#1142);
#502=LINE('',#12610,#1143);
#503=LINE('',#12614,#1144);
#504=LINE('',#12618,#1145);
#505=LINE('',#12622,#1146);
#506=LINE('',#12626,#1147);
#507=LINE('',#12630,#1148);
#508=LINE('',#12634,#1149);
#509=LINE('',#12638,#1150);
#510=LINE('',#12642,#1151);
#511=LINE('',#12649,#1152);
#512=LINE('',#12651,#1153);
#513=LINE('',#12653,#1154);
#514=LINE('',#12655,#1155);
#515=LINE('',#12657,#1156);
#516=LINE('',#12659,#1157);
#517=LINE('',#12661,#1158);
#518=LINE('',#12663,#1159);
#519=LINE('',#12665,#1160);
#520=LINE('',#12667,#1161);
#521=LINE('',#12670,#1162);
#522=LINE('',#12674,#1163);
#523=LINE('',#12676,#1164);
#524=LINE('',#12678,#1165);
#525=LINE('',#12680,#1166);
#526=LINE('',#12682,#1167);
#527=LINE('',#12684,#1168);
#528=LINE('',#12686,#1169);
#529=LINE('',#12688,#1170);
#530=LINE('',#12692,#1171);
#531=LINE('',#12696,#1172);
#532=LINE('',#12700,#1173);
#533=LINE('',#12704,#1174);
#534=LINE('',#12708,#1175);
#535=LINE('',#12712,#1176);
#536=LINE('',#12716,#1177);
#537=LINE('',#12720,#1178);
#538=LINE('',#12724,#1179);
#539=LINE('',#12726,#1180);
#540=LINE('',#12728,#1181);
#541=LINE('',#12732,#1182);
#542=LINE('',#12736,#1183);
#543=LINE('',#12740,#1184);
#544=LINE('',#12744,#1185);
#545=LINE('',#12748,#1186);
#546=LINE('',#12752,#1187);
#547=LINE('',#12756,#1188);
#548=LINE('',#12760,#1189);
#549=LINE('',#12767,#1190);
#550=LINE('',#12771,#1191);
#551=LINE('',#12773,#1192);
#552=LINE('',#12775,#1193);
#553=LINE('',#12777,#1194);
#554=LINE('',#12781,#1195);
#555=LINE('',#12785,#1196);
#556=LINE('',#12789,#1197);
#557=LINE('',#12793,#1198);
#558=LINE('',#12795,#1199);
#559=LINE('',#12797,#1200);
#560=LINE('',#12799,#1201);
#561=LINE('',#12801,#1202);
#562=LINE('',#12803,#1203);
#563=LINE('',#12805,#1204);
#564=LINE('',#12809,#1205);
#565=LINE('',#12813,#1206);
#566=LINE('',#12820,#1207);
#567=LINE('',#12824,#1208);
#568=LINE('',#12826,#1209);
#569=LINE('',#12828,#1210);
#570=LINE('',#12830,#1211);
#571=LINE('',#12834,#1212);
#572=LINE('',#12838,#1213);
#573=LINE('',#12842,#1214);
#574=LINE('',#12844,#1215);
#575=LINE('',#12858,#1216);
#576=LINE('',#12860,#1217);
#577=LINE('',#12862,#1218);
#578=LINE('',#12864,#1219);
#579=LINE('',#12866,#1220);
#580=LINE('',#12868,#1221);
#581=LINE('',#12870,#1222);
#582=LINE('',#12872,#1223);
#583=LINE('',#12874,#1224);
#584=LINE('',#12876,#1225);
#585=LINE('',#12879,#1226);
#586=LINE('',#12883,#1227);
#587=LINE('',#12885,#1228);
#588=LINE('',#12887,#1229);
#589=LINE('',#12889,#1230);
#590=LINE('',#12893,#1231);
#591=LINE('',#12897,#1232);
#592=LINE('',#12901,#1233);
#593=LINE('',#12905,#1234);
#594=LINE('',#12909,#1235);
#595=LINE('',#12913,#1236);
#596=LINE('',#12917,#1237);
#597=LINE('',#12921,#1238);
#598=LINE('',#12925,#1239);
#599=LINE('',#12929,#1240);
#600=LINE('',#12931,#1241);
#601=LINE('',#12933,#1242);
#602=LINE('',#12937,#1243);
#603=LINE('',#12941,#1244);
#604=LINE('',#12945,#1245);
#605=LINE('',#12949,#1246);
#606=LINE('',#12953,#1247);
#607=LINE('',#12964,#1248);
#608=LINE('',#12970,#1249);
#609=LINE('',#12974,#1250);
#610=LINE('',#12976,#1251);
#611=LINE('',#12978,#1252);
#612=LINE('',#12982,#1253);
#613=LINE('',#12986,#1254);
#614=LINE('',#12988,#1255);
#615=LINE('',#12990,#1256);
#616=LINE('',#13001,#1257);
#617=LINE('',#13007,#1258);
#618=LINE('',#13011,#1259);
#619=LINE('',#13015,#1260);
#620=LINE('',#13019,#1261);
#621=LINE('',#13023,#1262);
#622=LINE('',#13025,#1263);
#623=LINE('',#13027,#1264);
#624=LINE('',#13031,#1265);
#625=LINE('',#13038,#1266);
#626=LINE('',#13040,#1267);
#627=LINE('',#13042,#1268);
#628=LINE('',#13044,#1269);
#629=LINE('',#13046,#1270);
#630=LINE('',#13048,#1271);
#631=LINE('',#13050,#1272);
#632=LINE('',#13052,#1273);
#633=LINE('',#13054,#1274);
#634=LINE('',#13056,#1275);
#635=LINE('',#13059,#1276);
#636=LINE('',#13061,#1277);
#637=LINE('',#13063,#1278);
#638=LINE('',#13065,#1279);
#639=LINE('',#13067,#1280);
#640=LINE('',#13069,#1281);
#641=LINE('',#13071,#1282);
#642=LINE('',#13073,#1283);
#643=LINE('',#13076,#1284);
#644=LINE('',#13078,#1285);
#645=LINE('',#13080,#1286);
#646=LINE('',#13082,#1287);
#647=LINE('',#13084,#1288);
#648=LINE('',#13086,#1289);
#649=LINE('',#13088,#1290);
#650=LINE('',#13090,#1291);
#651=LINE('',#13092,#1292);
#652=LINE('',#13094,#1293);
#653=LINE('',#13097,#1294);
#654=LINE('',#13101,#1295);
#655=LINE('',#13103,#1296);
#656=LINE('',#13107,#1297);
#657=LINE('',#13111,#1298);
#658=LINE('',#13115,#1299);
#659=LINE('',#13119,#1300);
#660=LINE('',#13121,#1301);
#661=LINE('',#13123,#1302);
#662=LINE('',#13127,#1303);
#663=LINE('',#13131,#1304);
#664=LINE('',#13135,#1305);
#665=LINE('',#13139,#1306);
#666=LINE('',#13143,#1307);
#667=LINE('',#13147,#1308);
#668=LINE('',#13149,#1309);
#669=LINE('',#13151,#1310);
#670=LINE('',#13153,#1311);
#671=LINE('',#13155,#1312);
#672=LINE('',#13157,#1313);
#673=LINE('',#13159,#1314);
#674=LINE('',#13163,#1315);
#675=LINE('',#13170,#1316);
#676=LINE('',#13174,#1317);
#677=LINE('',#13176,#1318);
#678=LINE('',#13178,#1319);
#679=LINE('',#13180,#1320);
#680=LINE('',#13182,#1321);
#681=LINE('',#13184,#1322);
#682=LINE('',#13186,#1323);
#683=LINE('',#13188,#1324);
#684=LINE('',#13190,#1325);
#685=LINE('',#13192,#1326);
#686=LINE('',#13196,#1327);
#687=LINE('',#13200,#1328);
#688=LINE('',#13204,#1329);
#689=LINE('',#13208,#1330);
#690=LINE('',#13212,#1331);
#691=LINE('',#13216,#1332);
#692=LINE('',#13220,#1333);
#693=LINE('',#13224,#1334);
#694=LINE('',#13228,#1335);
#695=LINE('',#13230,#1336);
#696=LINE('',#13232,#1337);
#697=LINE('',#13236,#1338);
#698=LINE('',#13240,#1339);
#699=LINE('',#13244,#1340);
#700=LINE('',#13251,#1341);
#701=LINE('',#13253,#1342);
#702=LINE('',#13255,#1343);
#703=LINE('',#13257,#1344);
#704=LINE('',#13259,#1345);
#705=LINE('',#13261,#1346);
#706=LINE('',#13263,#1347);
#707=LINE('',#13265,#1348);
#708=LINE('',#13267,#1349);
#709=LINE('',#13269,#1350);
#710=LINE('',#13272,#1351);
#711=LINE('',#13274,#1352);
#712=LINE('',#13276,#1353);
#713=LINE('',#13278,#1354);
#714=LINE('',#13280,#1355);
#715=LINE('',#13282,#1356);
#716=LINE('',#13284,#1357);
#717=LINE('',#13286,#1358);
#718=LINE('',#13288,#1359);
#719=LINE('',#13290,#1360);
#720=LINE('',#13293,#1361);
#721=LINE('',#13297,#1362);
#722=LINE('',#13299,#1363);
#723=LINE('',#13301,#1364);
#724=LINE('',#13303,#1365);
#725=LINE('',#13307,#1366);
#726=LINE('',#13311,#1367);
#727=LINE('',#13315,#1368);
#728=LINE('',#13317,#1369);
#729=LINE('',#13329,#1370);
#730=LINE('',#13335,#1371);
#731=LINE('',#13337,#1372);
#732=LINE('',#13341,#1373);
#733=LINE('',#13345,#1374);
#734=LINE('',#13349,#1375);
#735=LINE('',#13353,#1376);
#736=LINE('',#13355,#1377);
#737=LINE('',#13357,#1378);
#738=LINE('',#13359,#1379);
#739=LINE('',#13361,#1380);
#740=LINE('',#13363,#1381);
#741=LINE('',#13365,#1382);
#742=LINE('',#13369,#1383);
#743=LINE('',#13373,#1384);
#744=LINE('',#13377,#1385);
#745=LINE('',#13381,#1386);
#746=LINE('',#13385,#1387);
#747=LINE('',#13389,#1388);
#748=LINE('',#13393,#1389);
#749=LINE('',#13397,#1390);
#750=LINE('',#13399,#1391);
#751=LINE('',#13401,#1392);
#752=LINE('',#13403,#1393);
#753=LINE('',#13408,#1394);
#754=LINE('',#13410,#1395);
#755=LINE('',#13412,#1396);
#756=LINE('',#13414,#1397);
#757=LINE('',#13416,#1398);
#758=LINE('',#13418,#1399);
#759=LINE('',#13420,#1400);
#760=LINE('',#13422,#1401);
#761=LINE('',#13425,#1402);
#762=LINE('',#13427,#1403);
#763=LINE('',#13429,#1404);
#764=LINE('',#13431,#1405);
#765=LINE('',#13433,#1406);
#766=LINE('',#13435,#1407);
#767=LINE('',#13437,#1408);
#768=LINE('',#13439,#1409);
#769=LINE('',#13441,#1410);
#770=LINE('',#13450,#1411);
#771=LINE('',#13456,#1412);
#772=LINE('',#13460,#1413);
#773=LINE('',#13464,#1414);
#774=LINE('',#13468,#1415);
#775=LINE('',#13472,#1416);
#776=LINE('',#13476,#1417);
#777=LINE('',#13478,#1418);
#778=LINE('',#13480,#1419);
#779=LINE('',#13484,#1420);
#780=LINE('',#13488,#1421);
#781=LINE('',#13492,#1422);
#782=LINE('',#13496,#1423);
#783=LINE('',#13503,#1424);
#784=LINE('',#13507,#1425);
#785=LINE('',#13509,#1426);
#786=LINE('',#13513,#1427);
#787=LINE('',#13517,#1428);
#788=LINE('',#13519,#1429);
#789=LINE('',#13521,#1430);
#790=LINE('',#13525,#1431);
#791=LINE('',#13529,#1432);
#792=LINE('',#13533,#1433);
#793=LINE('',#13537,#1434);
#794=LINE('',#13541,#1435);
#795=LINE('',#13545,#1436);
#796=LINE('',#13549,#1437);
#797=LINE('',#13553,#1438);
#798=LINE('',#13557,#1439);
#799=LINE('',#13561,#1440);
#800=LINE('',#13565,#1441);
#801=LINE('',#13569,#1442);
#802=LINE('',#13571,#1443);
#803=LINE('',#13573,#1444);
#804=LINE('',#13577,#1445);
#805=LINE('',#13581,#1446);
#806=LINE('',#13585,#1447);
#807=LINE('',#13589,#1448);
#808=LINE('',#13593,#1449);
#809=LINE('',#13597,#1450);
#810=LINE('',#13601,#1451);
#811=LINE('',#13608,#1452);
#812=LINE('',#13610,#1453);
#813=LINE('',#13612,#1454);
#814=LINE('',#13614,#1455);
#815=LINE('',#13616,#1456);
#816=LINE('',#13618,#1457);
#817=LINE('',#13622,#1458);
#818=LINE('',#13626,#1459);
#819=LINE('',#13630,#1460);
#820=LINE('',#13634,#1461);
#821=LINE('',#13638,#1462);
#822=LINE('',#13642,#1463);
#823=LINE('',#13646,#1464);
#824=LINE('',#13650,#1465);
#825=LINE('',#13654,#1466);
#826=LINE('',#13658,#1467);
#827=LINE('',#13660,#1468);
#828=LINE('',#13662,#1469);
#829=LINE('',#13664,#1470);
#830=LINE('',#13666,#1471);
#831=LINE('',#13670,#1472);
#832=LINE('',#13674,#1473);
#833=LINE('',#13678,#1474);
#834=LINE('',#13682,#1475);
#835=LINE('',#13686,#1476);
#836=LINE('',#13690,#1477);
#837=LINE('',#13694,#1478);
#838=LINE('',#13696,#1479);
#839=LINE('',#13698,#1480);
#840=LINE('',#13702,#1481);
#841=LINE('',#13706,#1482);
#842=LINE('',#13708,#1483);
#843=LINE('',#13710,#1484);
#844=LINE('',#13714,#1485);
#845=LINE('',#13718,#1486);
#846=LINE('',#13722,#1487);
#847=LINE('',#13726,#1488);
#848=LINE('',#13730,#1489);
#849=LINE('',#13734,#1490);
#850=LINE('',#13736,#1491);
#851=LINE('',#13738,#1492);
#852=LINE('',#13742,#1493);
#853=LINE('',#13749,#1494);
#854=LINE('',#13753,#1495);
#855=LINE('',#13755,#1496);
#856=LINE('',#13759,#1497);
#857=LINE('',#13763,#1498);
#858=LINE('',#13767,#1499);
#859=LINE('',#13771,#1500);
#860=LINE('',#13775,#1501);
#861=LINE('',#13779,#1502);
#862=LINE('',#13783,#1503);
#863=LINE('',#13787,#1504);
#864=LINE('',#13789,#1505);
#865=LINE('',#13791,#1506);
#866=LINE('',#13793,#1507);
#867=LINE('',#13795,#1508);
#868=LINE('',#13797,#1509);
#869=LINE('',#13799,#1510);
#870=LINE('',#13803,#1511);
#871=LINE('',#13807,#1512);
#872=LINE('',#13811,#1513);
#873=LINE('',#13822,#1514);
#874=LINE('',#13828,#1515);
#875=LINE('',#13832,#1516);
#876=LINE('',#13836,#1517);
#877=LINE('',#13840,#1518);
#878=LINE('',#13842,#1519);
#879=LINE('',#13844,#1520);
#880=LINE('',#13846,#1521);
#881=LINE('',#13848,#1522);
#882=LINE('',#13850,#1523);
#883=LINE('',#13859,#1524);
#884=LINE('',#13865,#1525);
#885=LINE('',#13876,#1526);
#886=LINE('',#13889,#1527);
#887=LINE('',#13895,#1528);
#888=LINE('',#13897,#1529);
#889=LINE('',#13899,#1530);
#890=LINE('',#13901,#1531);
#891=LINE('',#13903,#1532);
#892=LINE('',#13905,#1533);
#893=LINE('',#13907,#1534);
#894=LINE('',#13909,#1535);
#895=LINE('',#13911,#1536);
#896=LINE('',#13915,#1537);
#897=LINE('',#13919,#1538);
#898=LINE('',#13923,#1539);
#899=LINE('',#13927,#1540);
#900=LINE('',#13931,#1541);
#901=LINE('',#13935,#1542);
#902=LINE('',#13942,#1543);
#903=LINE('',#13944,#1544);
#904=LINE('',#13946,#1545);
#905=LINE('',#13948,#1546);
#906=LINE('',#13950,#1547);
#907=LINE('',#13952,#1548);
#908=LINE('',#13954,#1549);
#909=LINE('',#13956,#1550);
#910=LINE('',#13959,#1551);
#911=LINE('',#13963,#1552);
#912=LINE('',#13965,#1553);
#913=LINE('',#13967,#1554);
#914=LINE('',#13969,#1555);
#915=LINE('',#13971,#1556);
#916=LINE('',#13973,#1557);
#917=LINE('',#13975,#1558);
#918=LINE('',#13977,#1559);
#919=LINE('',#13981,#1560);
#920=LINE('',#13985,#1561);
#921=LINE('',#13989,#1562);
#922=LINE('',#13993,#1563);
#923=LINE('',#13997,#1564);
#924=LINE('',#14001,#1565);
#925=LINE('',#14005,#1566);
#926=LINE('',#14009,#1567);
#927=LINE('',#14013,#1568);
#928=LINE('',#14015,#1569);
#929=LINE('',#14017,#1570);
#930=LINE('',#14021,#1571);
#931=LINE('',#14035,#1572);
#932=LINE('',#14041,#1573);
#933=LINE('',#14043,#1574);
#934=LINE('',#14047,#1575);
#935=LINE('',#14051,#1576);
#936=LINE('',#14055,#1577);
#937=LINE('',#14059,#1578);
#938=LINE('',#14061,#1579);
#939=LINE('',#14063,#1580);
#940=LINE('',#14065,#1581);
#941=LINE('',#14067,#1582);
#942=LINE('',#14069,#1583);
#943=LINE('',#14071,#1584);
#944=LINE('',#14075,#1585);
#945=LINE('',#14079,#1586);
#946=LINE('',#14083,#1587);
#947=LINE('',#14087,#1588);
#948=LINE('',#14091,#1589);
#949=LINE('',#14095,#1590);
#950=LINE('',#14099,#1591);
#951=LINE('',#14103,#1592);
#952=LINE('',#14107,#1593);
#953=LINE('',#14109,#1594);
#954=VECTOR('',#9022,1.);
#955=VECTOR('',#9023,1.);
#956=VECTOR('',#9024,1.);
#957=VECTOR('',#9025,1.);
#958=VECTOR('',#9026,1.);
#959=VECTOR('',#9027,1.);
#960=VECTOR('',#9028,1.);
#961=VECTOR('',#9029,1.);
#962=VECTOR('',#9030,1.);
#963=VECTOR('',#9031,1.);
#964=VECTOR('',#9032,1.);
#965=VECTOR('',#9043,1.);
#966=VECTOR('',#9062,1.);
#967=VECTOR('',#9077,1.);
#968=VECTOR('',#9100,1.);
#969=VECTOR('',#9119,1.);
#970=VECTOR('',#9120,1.);
#971=VECTOR('',#9121,1.);
#972=VECTOR('',#9122,1.);
#973=VECTOR('',#9123,1.);
#974=VECTOR('',#9124,1.);
#975=VECTOR('',#9125,1.);
#976=VECTOR('',#9126,1.);
#977=VECTOR('',#9149,1.);
#978=VECTOR('',#9168,1.);
#979=VECTOR('',#9169,1.);
#980=VECTOR('',#9170,1.);
#981=VECTOR('',#9181,1.);
#982=VECTOR('',#9182,1.);
#983=VECTOR('',#9183,1.);
#984=VECTOR('',#9192,1.);
#985=VECTOR('',#9195,1.);
#986=VECTOR('',#9202,1.);
#987=VECTOR('',#9203,1.);
#988=VECTOR('',#9204,1.);
#989=VECTOR('',#9205,1.);
#990=VECTOR('',#9206,1.);
#991=VECTOR('',#9207,1.);
#992=VECTOR('',#9216,1.);
#993=VECTOR('',#9227,1.);
#994=VECTOR('',#9232,1.);
#995=VECTOR('',#9247,1.);
#996=VECTOR('',#9268,1.);
#997=VECTOR('',#9269,1.);
#998=VECTOR('',#9270,1.);
#999=VECTOR('',#9271,1.);
#1000=VECTOR('',#9272,1.);
#1001=VECTOR('',#9273,1.);
#1002=VECTOR('',#9274,1.);
#1003=VECTOR('',#9275,1.);
#1004=VECTOR('',#9276,1.);
#1005=VECTOR('',#9277,1.);
#1006=VECTOR('',#9278,1.);
#1007=VECTOR('',#9279,1.);
#1008=VECTOR('',#9280,1.);
#1009=VECTOR('',#9281,1.);
#1010=VECTOR('',#9292,1.);
#1011=VECTOR('',#9293,1.);
#1012=VECTOR('',#9294,1.);
#1013=VECTOR('',#9307,1.);
#1014=VECTOR('',#9314,1.);
#1015=VECTOR('',#9327,1.);
#1016=VECTOR('',#9346,1.);
#1017=VECTOR('',#9347,1.);
#1018=VECTOR('',#9348,1.);
#1019=VECTOR('',#9349,1.);
#1020=VECTOR('',#9350,1.);
#1021=VECTOR('',#9351,1.);
#1022=VECTOR('',#9352,1.);
#1023=VECTOR('',#9353,1.);
#1024=VECTOR('',#9354,1.);
#1025=VECTOR('',#9355,1.);
#1026=VECTOR('',#9356,1.);
#1027=VECTOR('',#9357,1.);
#1028=VECTOR('',#9358,1.);
#1029=VECTOR('',#9359,1.);
#1030=VECTOR('',#9364,1.);
#1031=VECTOR('',#9375,1.);
#1032=VECTOR('',#9376,1.);
#1033=VECTOR('',#9393,1.);
#1034=VECTOR('',#9394,1.);
#1035=VECTOR('',#9395,1.);
#1036=VECTOR('',#9402,1.);
#1037=VECTOR('',#9403,1.);
#1038=VECTOR('',#9404,1.);
#1039=VECTOR('',#9405,1.);
#1040=VECTOR('',#9406,1.);
#1041=VECTOR('',#9407,1.);
#1042=VECTOR('',#9420,1.);
#1043=VECTOR('',#9431,1.);
#1044=VECTOR('',#9432,1.);
#1045=VECTOR('',#9455,1.);
#1046=VECTOR('',#9480,1.);
#1047=VECTOR('',#9483,1.);
#1048=VECTOR('',#9484,1.);
#1049=VECTOR('',#9491,1.);
#1050=VECTOR('',#9504,1.);
#1051=VECTOR('',#9509,1.);
#1052=VECTOR('',#9524,1.);
#1053=VECTOR('',#9525,1.);
#1054=VECTOR('',#9566,1.);
#1055=VECTOR('',#9567,1.);
#1056=VECTOR('',#9568,1.);
#1057=VECTOR('',#9569,1.);
#1058=VECTOR('',#9572,1.);
#1059=VECTOR('',#9573,1.);
#1060=VECTOR('',#9574,1.);
#1061=VECTOR('',#9589,1.);
#1062=VECTOR('',#9590,1.);
#1063=VECTOR('',#9591,1.);
#1064=VECTOR('',#9606,1.);
#1065=VECTOR('',#9607,1.);
#1066=VECTOR('',#9608,1.);
#1067=VECTOR('',#9609,1.);
#1068=VECTOR('',#9610,1.);
#1069=VECTOR('',#9619,1.);
#1070=VECTOR('',#9638,1.);
#1071=VECTOR('',#9639,1.);
#1072=VECTOR('',#9644,1.);
#1073=VECTOR('',#9663,1.);
#1074=VECTOR('',#9664,1.);
#1075=VECTOR('',#9665,1.);
#1076=VECTOR('',#9674,1.);
#1077=VECTOR('',#9675,1.);
#1078=VECTOR('',#9676,1.);
#1079=VECTOR('',#9679,1.);
#1080=VECTOR('',#9680,1.);
#1081=VECTOR('',#9683,1.);
#1082=VECTOR('',#9684,1.);
#1083=VECTOR('',#9687,1.);
#1084=VECTOR('',#9708,1.);
#1085=VECTOR('',#9709,1.);
#1086=VECTOR('',#9710,1.);
#1087=VECTOR('',#9713,1.);
#1088=VECTOR('',#9714,1.);
#1089=VECTOR('',#9717,1.);
#1090=VECTOR('',#9718,1.);
#1091=VECTOR('',#9721,1.);
#1092=VECTOR('',#9722,1.);
#1093=VECTOR('',#9725,1.);
#1094=VECTOR('',#9726,1.);
#1095=VECTOR('',#9729,1.);
#1096=VECTOR('',#9730,1.);
#1097=VECTOR('',#9733,1.);
#1098=VECTOR('',#9738,1.);
#1099=VECTOR('',#9741,1.);
#1100=VECTOR('',#9744,1.);
#1101=VECTOR('',#9749,1.);
#1102=VECTOR('',#9754,1.);
#1103=VECTOR('',#9759,1.);
#1104=VECTOR('',#9764,1.);
#1105=VECTOR('',#9769,1.);
#1106=VECTOR('',#9774,1.);
#1107=VECTOR('',#9779,1.);
#1108=VECTOR('',#9784,1.);
#1109=VECTOR('',#9785,1.);
#1110=VECTOR('',#9788,1.);
#1111=VECTOR('',#9793,1.);
#1112=VECTOR('',#9798,1.);
#1113=VECTOR('',#9803,1.);
#1114=VECTOR('',#9808,1.);
#1115=VECTOR('',#9813,1.);
#1116=VECTOR('',#9818,1.);
#1117=VECTOR('',#9823,1.);
#1118=VECTOR('',#9826,1.);
#1119=VECTOR('',#9829,1.);
#1120=VECTOR('',#9834,1.);
#1121=VECTOR('',#9835,1.);
#1122=VECTOR('',#9838,1.);
#1123=VECTOR('',#9843,1.);
#1124=VECTOR('',#9854,1.);
#1125=VECTOR('',#9857,1.);
#1126=VECTOR('',#9860,1.);
#1127=VECTOR('',#9861,1.);
#1128=VECTOR('',#9864,1.);
#1129=VECTOR('',#9865,1.);
#1130=VECTOR('',#9868,1.);
#1131=VECTOR('',#9869,1.);
#1132=VECTOR('',#9872,1.);
#1133=VECTOR('',#9877,1.);
#1134=VECTOR('',#9882,1.);
#1135=VECTOR('',#9887,1.);
#1136=VECTOR('',#9892,1.);
#1137=VECTOR('',#9897,1.);
#1138=VECTOR('',#9902,1.);
#1139=VECTOR('',#9907,1.);
#1140=VECTOR('',#9912,1.);
#1141=VECTOR('',#9917,1.);
#1142=VECTOR('',#9918,1.);
#1143=VECTOR('',#9921,1.);
#1144=VECTOR('',#9926,1.);
#1145=VECTOR('',#9931,1.);
#1146=VECTOR('',#9936,1.);
#1147=VECTOR('',#9941,1.);
#1148=VECTOR('',#9946,1.);
#1149=VECTOR('',#9951,1.);
#1150=VECTOR('',#9956,1.);
#1151=VECTOR('',#9961,1.);
#1152=VECTOR('',#9972,1.);
#1153=VECTOR('',#9973,1.);
#1154=VECTOR('',#9974,1.);
#1155=VECTOR('',#9977,1.);
#1156=VECTOR('',#9978,1.);
#1157=VECTOR('',#9981,1.);
#1158=VECTOR('',#9982,1.);
#1159=VECTOR('',#9985,1.);
#1160=VECTOR('',#9986,1.);
#1161=VECTOR('',#9989,1.);
#1162=VECTOR('',#9994,1.);
#1163=VECTOR('',#9997,1.);
#1164=VECTOR('',#10000,1.);
#1165=VECTOR('',#10001,1.);
#1166=VECTOR('',#10004,1.);
#1167=VECTOR('',#10005,1.);
#1168=VECTOR('',#10008,1.);
#1169=VECTOR('',#10009,1.);
#1170=VECTOR('',#10012,1.);
#1171=VECTOR('',#10017,1.);
#1172=VECTOR('',#10022,1.);
#1173=VECTOR('',#10027,1.);
#1174=VECTOR('',#10032,1.);
#1175=VECTOR('',#10037,1.);
#1176=VECTOR('',#10042,1.);
#1177=VECTOR('',#10047,1.);
#1178=VECTOR('',#10052,1.);
#1179=VECTOR('',#10057,1.);
#1180=VECTOR('',#10058,1.);
#1181=VECTOR('',#10061,1.);
#1182=VECTOR('',#10066,1.);
#1183=VECTOR('',#10071,1.);
#1184=VECTOR('',#10076,1.);
#1185=VECTOR('',#10081,1.);
#1186=VECTOR('',#10086,1.);
#1187=VECTOR('',#10091,1.);
#1188=VECTOR('',#10096,1.);
#1189=VECTOR('',#10101,1.);
#1190=VECTOR('',#10112,1.);
#1191=VECTOR('',#10115,1.);
#1192=VECTOR('',#10118,1.);
#1193=VECTOR('',#10119,1.);
#1194=VECTOR('',#10122,1.);
#1195=VECTOR('',#10127,1.);
#1196=VECTOR('',#10132,1.);
#1197=VECTOR('',#10137,1.);
#1198=VECTOR('',#10142,1.);
#1199=VECTOR('',#10143,1.);
#1200=VECTOR('',#10146,1.);
#1201=VECTOR('',#10147,1.);
#1202=VECTOR('',#10150,1.);
#1203=VECTOR('',#10151,1.);
#1204=VECTOR('',#10154,1.);
#1205=VECTOR('',#10159,1.);
#1206=VECTOR('',#10164,1.);
#1207=VECTOR('',#10175,1.);
#1208=VECTOR('',#10178,1.);
#1209=VECTOR('',#10181,1.);
#1210=VECTOR('',#10182,1.);
#1211=VECTOR('',#10185,1.);
#1212=VECTOR('',#10190,1.);
#1213=VECTOR('',#10195,1.);
#1214=VECTOR('',#10200,1.);
#1215=VECTOR('',#10201,1.);
#1216=VECTOR('',#10206,1.);
#1217=VECTOR('',#10207,1.);
#1218=VECTOR('',#10208,1.);
#1219=VECTOR('',#10211,1.);
#1220=VECTOR('',#10212,1.);
#1221=VECTOR('',#10215,1.);
#1222=VECTOR('',#10216,1.);
#1223=VECTOR('',#10219,1.);
#1224=VECTOR('',#10220,1.);
#1225=VECTOR('',#10223,1.);
#1226=VECTOR('',#10228,1.);
#1227=VECTOR('',#10231,1.);
#1228=VECTOR('',#10234,1.);
#1229=VECTOR('',#10235,1.);
#1230=VECTOR('',#10238,1.);
#1231=VECTOR('',#10243,1.);
#1232=VECTOR('',#10248,1.);
#1233=VECTOR('',#10253,1.);
#1234=VECTOR('',#10258,1.);
#1235=VECTOR('',#10263,1.);
#1236=VECTOR('',#10268,1.);
#1237=VECTOR('',#10273,1.);
#1238=VECTOR('',#10278,1.);
#1239=VECTOR('',#10283,1.);
#1240=VECTOR('',#10288,1.);
#1241=VECTOR('',#10289,1.);
#1242=VECTOR('',#10292,1.);
#1243=VECTOR('',#10297,1.);
#1244=VECTOR('',#10302,1.);
#1245=VECTOR('',#10307,1.);
#1246=VECTOR('',#10312,1.);
#1247=VECTOR('',#10317,1.);
#1248=VECTOR('',#10320,1.);
#1249=VECTOR('',#10323,1.);
#1250=VECTOR('',#10328,1.);
#1251=VECTOR('',#10329,1.);
#1252=VECTOR('',#10332,1.);
#1253=VECTOR('',#10337,1.);
#1254=VECTOR('',#10342,1.);
#1255=VECTOR('',#10343,1.);
#1256=VECTOR('',#10346,1.);
#1257=VECTOR('',#10349,1.);
#1258=VECTOR('',#10352,1.);
#1259=VECTOR('',#10357,1.);
#1260=VECTOR('',#10362,1.);
#1261=VECTOR('',#10367,1.);
#1262=VECTOR('',#10372,1.);
#1263=VECTOR('',#10373,1.);
#1264=VECTOR('',#10376,1.);
#1265=VECTOR('',#10381,1.);
#1266=VECTOR('',#10392,1.);
#1267=VECTOR('',#10393,1.);
#1268=VECTOR('',#10394,1.);
#1269=VECTOR('',#10397,1.);
#1270=VECTOR('',#10398,1.);
#1271=VECTOR('',#10401,1.);
#1272=VECTOR('',#10402,1.);
#1273=VECTOR('',#10405,1.);
#1274=VECTOR('',#10406,1.);
#1275=VECTOR('',#10409,1.);
#1276=VECTOR('',#10414,1.);
#1277=VECTOR('',#10415,1.);
#1278=VECTOR('',#10416,1.);
#1279=VECTOR('',#10419,1.);
#1280=VECTOR('',#10420,1.);
#1281=VECTOR('',#10423,1.);
#1282=VECTOR('',#10424,1.);
#1283=VECTOR('',#10427,1.);
#1284=VECTOR('',#10432,1.);
#1285=VECTOR('',#10433,1.);
#1286=VECTOR('',#10434,1.);
#1287=VECTOR('',#10437,1.);
#1288=VECTOR('',#10438,1.);
#1289=VECTOR('',#10441,1.);
#1290=VECTOR('',#10442,1.);
#1291=VECTOR('',#10445,1.);
#1292=VECTOR('',#10446,1.);
#1293=VECTOR('',#10449,1.);
#1294=VECTOR('',#10454,1.);
#1295=VECTOR('',#10457,1.);
#1296=VECTOR('',#10460,1.);
#1297=VECTOR('',#10465,1.);
#1298=VECTOR('',#10470,1.);
#1299=VECTOR('',#10475,1.);
#1300=VECTOR('',#10480,1.);
#1301=VECTOR('',#10481,1.);
#1302=VECTOR('',#10484,1.);
#1303=VECTOR('',#10489,1.);
#1304=VECTOR('',#10494,1.);
#1305=VECTOR('',#10499,1.);
#1306=VECTOR('',#10504,1.);
#1307=VECTOR('',#10509,1.);
#1308=VECTOR('',#10514,1.);
#1309=VECTOR('',#10515,1.);
#1310=VECTOR('',#10518,1.);
#1311=VECTOR('',#10519,1.);
#1312=VECTOR('',#10522,1.);
#1313=VECTOR('',#10523,1.);
#1314=VECTOR('',#10526,1.);
#1315=VECTOR('',#10531,1.);
#1316=VECTOR('',#10542,1.);
#1317=VECTOR('',#10545,1.);
#1318=VECTOR('',#10548,1.);
#1319=VECTOR('',#10549,1.);
#1320=VECTOR('',#10552,1.);
#1321=VECTOR('',#10553,1.);
#1322=VECTOR('',#10556,1.);
#1323=VECTOR('',#10557,1.);
#1324=VECTOR('',#10560,1.);
#1325=VECTOR('',#10561,1.);
#1326=VECTOR('',#10564,1.);
#1327=VECTOR('',#10569,1.);
#1328=VECTOR('',#10574,1.);
#1329=VECTOR('',#10579,1.);
#1330=VECTOR('',#10584,1.);
#1331=VECTOR('',#10589,1.);
#1332=VECTOR('',#10594,1.);
#1333=VECTOR('',#10599,1.);
#1334=VECTOR('',#10604,1.);
#1335=VECTOR('',#10609,1.);
#1336=VECTOR('',#10610,1.);
#1337=VECTOR('',#10613,1.);
#1338=VECTOR('',#10618,1.);
#1339=VECTOR('',#10623,1.);
#1340=VECTOR('',#10628,1.);
#1341=VECTOR('',#10639,1.);
#1342=VECTOR('',#10640,1.);
#1343=VECTOR('',#10641,1.);
#1344=VECTOR('',#10644,1.);
#1345=VECTOR('',#10645,1.);
#1346=VECTOR('',#10648,1.);
#1347=VECTOR('',#10649,1.);
#1348=VECTOR('',#10652,1.);
#1349=VECTOR('',#10653,1.);
#1350=VECTOR('',#10656,1.);
#1351=VECTOR('',#10661,1.);
#1352=VECTOR('',#10662,1.);
#1353=VECTOR('',#10663,1.);
#1354=VECTOR('',#10666,1.);
#1355=VECTOR('',#10667,1.);
#1356=VECTOR('',#10670,1.);
#1357=VECTOR('',#10671,1.);
#1358=VECTOR('',#10674,1.);
#1359=VECTOR('',#10675,1.);
#1360=VECTOR('',#10678,1.);
#1361=VECTOR('',#10683,1.);
#1362=VECTOR('',#10686,1.);
#1363=VECTOR('',#10689,1.);
#1364=VECTOR('',#10690,1.);
#1365=VECTOR('',#10693,1.);
#1366=VECTOR('',#10698,1.);
#1367=VECTOR('',#10703,1.);
#1368=VECTOR('',#10708,1.);
#1369=VECTOR('',#10709,1.);
#1370=VECTOR('',#10716,1.);
#1371=VECTOR('',#10717,1.);
#1372=VECTOR('',#10720,1.);
#1373=VECTOR('',#10725,1.);
#1374=VECTOR('',#10730,1.);
#1375=VECTOR('',#10735,1.);
#1376=VECTOR('',#10740,1.);
#1377=VECTOR('',#10741,1.);
#1378=VECTOR('',#10744,1.);
#1379=VECTOR('',#10745,1.);
#1380=VECTOR('',#10748,1.);
#1381=VECTOR('',#10749,1.);
#1382=VECTOR('',#10752,1.);
#1383=VECTOR('',#10757,1.);
#1384=VECTOR('',#10762,1.);
#1385=VECTOR('',#10767,1.);
#1386=VECTOR('',#10772,1.);
#1387=VECTOR('',#10777,1.);
#1388=VECTOR('',#10782,1.);
#1389=VECTOR('',#10787,1.);
#1390=VECTOR('',#10792,1.);
#1391=VECTOR('',#10793,1.);
#1392=VECTOR('',#10796,1.);
#1393=VECTOR('',#10797,1.);
#1394=VECTOR('',#10806,1.);
#1395=VECTOR('',#10807,1.);
#1396=VECTOR('',#10808,1.);
#1397=VECTOR('',#10811,1.);
#1398=VECTOR('',#10812,1.);
#1399=VECTOR('',#10815,1.);
#1400=VECTOR('',#10816,1.);
#1401=VECTOR('',#10819,1.);
#1402=VECTOR('',#10824,1.);
#1403=VECTOR('',#10825,1.);
#1404=VECTOR('',#10826,1.);
#1405=VECTOR('',#10829,1.);
#1406=VECTOR('',#10830,1.);
#1407=VECTOR('',#10833,1.);
#1408=VECTOR('',#10834,1.);
#1409=VECTOR('',#10837,1.);
#1410=VECTOR('',#10838,1.);
#1411=VECTOR('',#10839,1.);
#1412=VECTOR('',#10842,1.);
#1413=VECTOR('',#10847,1.);
#1414=VECTOR('',#10852,1.);
#1415=VECTOR('',#10857,1.);
#1416=VECTOR('',#10862,1.);
#1417=VECTOR('',#10867,1.);
#1418=VECTOR('',#10868,1.);
#1419=VECTOR('',#10871,1.);
#1420=VECTOR('',#10876,1.);
#1421=VECTOR('',#10881,1.);
#1422=VECTOR('',#10886,1.);
#1423=VECTOR('',#10891,1.);
#1424=VECTOR('',#10902,1.);
#1425=VECTOR('',#10905,1.);
#1426=VECTOR('',#10908,1.);
#1427=VECTOR('',#10913,1.);
#1428=VECTOR('',#10918,1.);
#1429=VECTOR('',#10919,1.);
#1430=VECTOR('',#10922,1.);
#1431=VECTOR('',#10927,1.);
#1432=VECTOR('',#10932,1.);
#1433=VECTOR('',#10937,1.);
#1434=VECTOR('',#10942,1.);
#1435=VECTOR('',#10947,1.);
#1436=VECTOR('',#10952,1.);
#1437=VECTOR('',#10957,1.);
#1438=VECTOR('',#10962,1.);
#1439=VECTOR('',#10967,1.);
#1440=VECTOR('',#10972,1.);
#1441=VECTOR('',#10977,1.);
#1442=VECTOR('',#10982,1.);
#1443=VECTOR('',#10983,1.);
#1444=VECTOR('',#10986,1.);
#1445=VECTOR('',#10991,1.);
#1446=VECTOR('',#10996,1.);
#1447=VECTOR('',#11001,1.);
#1448=VECTOR('',#11006,1.);
#1449=VECTOR('',#11011,1.);
#1450=VECTOR('',#11016,1.);
#1451=VECTOR('',#11021,1.);
#1452=VECTOR('',#11032,1.);
#1453=VECTOR('',#11033,1.);
#1454=VECTOR('',#11034,1.);
#1455=VECTOR('',#11037,1.);
#1456=VECTOR('',#11038,1.);
#1457=VECTOR('',#11041,1.);
#1458=VECTOR('',#11046,1.);
#1459=VECTOR('',#11051,1.);
#1460=VECTOR('',#11056,1.);
#1461=VECTOR('',#11061,1.);
#1462=VECTOR('',#11066,1.);
#1463=VECTOR('',#11071,1.);
#1464=VECTOR('',#11076,1.);
#1465=VECTOR('',#11081,1.);
#1466=VECTOR('',#11086,1.);
#1467=VECTOR('',#11091,1.);
#1468=VECTOR('',#11092,1.);
#1469=VECTOR('',#11095,1.);
#1470=VECTOR('',#11096,1.);
#1471=VECTOR('',#11099,1.);
#1472=VECTOR('',#11104,1.);
#1473=VECTOR('',#11109,1.);
#1474=VECTOR('',#11114,1.);
#1475=VECTOR('',#11119,1.);
#1476=VECTOR('',#11124,1.);
#1477=VECTOR('',#11129,1.);
#1478=VECTOR('',#11134,1.);
#1479=VECTOR('',#11135,1.);
#1480=VECTOR('',#11138,1.);
#1481=VECTOR('',#11143,1.);
#1482=VECTOR('',#11148,1.);
#1483=VECTOR('',#11149,1.);
#1484=VECTOR('',#11152,1.);
#1485=VECTOR('',#11157,1.);
#1486=VECTOR('',#11162,1.);
#1487=VECTOR('',#11167,1.);
#1488=VECTOR('',#11172,1.);
#1489=VECTOR('',#11177,1.);
#1490=VECTOR('',#11182,1.);
#1491=VECTOR('',#11183,1.);
#1492=VECTOR('',#11186,1.);
#1493=VECTOR('',#11191,1.);
#1494=VECTOR('',#11202,1.);
#1495=VECTOR('',#11205,1.);
#1496=VECTOR('',#11208,1.);
#1497=VECTOR('',#11213,1.);
#1498=VECTOR('',#11218,1.);
#1499=VECTOR('',#11223,1.);
#1500=VECTOR('',#11228,1.);
#1501=VECTOR('',#11233,1.);
#1502=VECTOR('',#11238,1.);
#1503=VECTOR('',#11243,1.);
#1504=VECTOR('',#11248,1.);
#1505=VECTOR('',#11249,1.);
#1506=VECTOR('',#11252,1.);
#1507=VECTOR('',#11253,1.);
#1508=VECTOR('',#11256,1.);
#1509=VECTOR('',#11257,1.);
#1510=VECTOR('',#11260,1.);
#1511=VECTOR('',#11265,1.);
#1512=VECTOR('',#11270,1.);
#1513=VECTOR('',#11275,1.);
#1514=VECTOR('',#11278,1.);
#1515=VECTOR('',#11281,1.);
#1516=VECTOR('',#11286,1.);
#1517=VECTOR('',#11291,1.);
#1518=VECTOR('',#11296,1.);
#1519=VECTOR('',#11297,1.);
#1520=VECTOR('',#11300,1.);
#1521=VECTOR('',#11301,1.);
#1522=VECTOR('',#11304,1.);
#1523=VECTOR('',#11305,1.);
#1524=VECTOR('',#11306,1.);
#1525=VECTOR('',#11309,1.);
#1526=VECTOR('',#11312,1.);
#1527=VECTOR('',#11313,1.);
#1528=VECTOR('',#11316,1.);
#1529=VECTOR('',#11317,1.);
#1530=VECTOR('',#11320,1.);
#1531=VECTOR('',#11321,1.);
#1532=VECTOR('',#11324,1.);
#1533=VECTOR('',#11325,1.);
#1534=VECTOR('',#11328,1.);
#1535=VECTOR('',#11329,1.);
#1536=VECTOR('',#11332,1.);
#1537=VECTOR('',#11337,1.);
#1538=VECTOR('',#11342,1.);
#1539=VECTOR('',#11347,1.);
#1540=VECTOR('',#11352,1.);
#1541=VECTOR('',#11357,1.);
#1542=VECTOR('',#11362,1.);
#1543=VECTOR('',#11373,1.);
#1544=VECTOR('',#11374,1.);
#1545=VECTOR('',#11375,1.);
#1546=VECTOR('',#11378,1.);
#1547=VECTOR('',#11379,1.);
#1548=VECTOR('',#11382,1.);
#1549=VECTOR('',#11383,1.);
#1550=VECTOR('',#11386,1.);
#1551=VECTOR('',#11391,1.);
#1552=VECTOR('',#11394,1.);
#1553=VECTOR('',#11397,1.);
#1554=VECTOR('',#11398,1.);
#1555=VECTOR('',#11401,1.);
#1556=VECTOR('',#11402,1.);
#1557=VECTOR('',#11405,1.);
#1558=VECTOR('',#11406,1.);
#1559=VECTOR('',#11409,1.);
#1560=VECTOR('',#11414,1.);
#1561=VECTOR('',#11419,1.);
#1562=VECTOR('',#11424,1.);
#1563=VECTOR('',#11429,1.);
#1564=VECTOR('',#11434,1.);
#1565=VECTOR('',#11439,1.);
#1566=VECTOR('',#11444,1.);
#1567=VECTOR('',#11449,1.);
#1568=VECTOR('',#11454,1.);
#1569=VECTOR('',#11455,1.);
#1570=VECTOR('',#11458,1.);
#1571=VECTOR('',#11463,1.);
#1572=VECTOR('',#11472,1.);
#1573=VECTOR('',#11473,1.);
#1574=VECTOR('',#11476,1.);
#1575=VECTOR('',#11481,1.);
#1576=VECTOR('',#11486,1.);
#1577=VECTOR('',#11491,1.);
#1578=VECTOR('',#11496,1.);
#1579=VECTOR('',#11497,1.);
#1580=VECTOR('',#11500,1.);
#1581=VECTOR('',#11501,1.);
#1582=VECTOR('',#11504,1.);
#1583=VECTOR('',#11505,1.);
#1584=VECTOR('',#11508,1.);
#1585=VECTOR('',#11513,1.);
#1586=VECTOR('',#11518,1.);
#1587=VECTOR('',#11523,1.);
#1588=VECTOR('',#11528,1.);
#1589=VECTOR('',#11533,1.);
#1590=VECTOR('',#11538,1.);
#1591=VECTOR('',#11543,1.);
#1592=VECTOR('',#11548,1.);
#1593=VECTOR('',#11553,1.);
#1594=VECTOR('',#11554,1.);
#1595=ORIENTED_EDGE('',*,*,#3993,.F.);
#1596=ORIENTED_EDGE('',*,*,#3994,.F.);
#1597=ORIENTED_EDGE('',*,*,#3995,.F.);
#1598=ORIENTED_EDGE('',*,*,#3996,.F.);
#1599=ORIENTED_EDGE('',*,*,#3997,.F.);
#1600=ORIENTED_EDGE('',*,*,#3998,.T.);
#1601=ORIENTED_EDGE('',*,*,#3999,.T.);
#1602=ORIENTED_EDGE('',*,*,#4000,.F.);
#1603=ORIENTED_EDGE('',*,*,#4001,.T.);
#1604=ORIENTED_EDGE('',*,*,#4002,.T.);
#1605=ORIENTED_EDGE('',*,*,#4003,.T.);
#1606=ORIENTED_EDGE('',*,*,#4004,.T.);
#1607=ORIENTED_EDGE('',*,*,#4005,.T.);
#1608=ORIENTED_EDGE('',*,*,#4006,.T.);
#1609=ORIENTED_EDGE('',*,*,#4007,.T.);
#1610=ORIENTED_EDGE('',*,*,#4008,.T.);
#1611=ORIENTED_EDGE('',*,*,#4009,.T.);
#1612=ORIENTED_EDGE('',*,*,#4010,.T.);
#1613=ORIENTED_EDGE('',*,*,#4011,.T.);
#1614=ORIENTED_EDGE('',*,*,#4012,.T.);
#1615=ORIENTED_EDGE('',*,*,#4013,.T.);
#1616=ORIENTED_EDGE('',*,*,#4014,.T.);
#1617=ORIENTED_EDGE('',*,*,#4015,.T.);
#1618=ORIENTED_EDGE('',*,*,#4016,.T.);
#1619=ORIENTED_EDGE('',*,*,#4017,.T.);
#1620=ORIENTED_EDGE('',*,*,#4018,.T.);
#1621=ORIENTED_EDGE('',*,*,#4019,.T.);
#1622=ORIENTED_EDGE('',*,*,#4020,.T.);
#1623=ORIENTED_EDGE('',*,*,#4021,.T.);
#1624=ORIENTED_EDGE('',*,*,#4022,.T.);
#1625=ORIENTED_EDGE('',*,*,#4023,.T.);
#1626=ORIENTED_EDGE('',*,*,#4024,.T.);
#1627=ORIENTED_EDGE('',*,*,#4025,.T.);
#1628=ORIENTED_EDGE('',*,*,#4026,.T.);
#1629=ORIENTED_EDGE('',*,*,#4027,.T.);
#1630=ORIENTED_EDGE('',*,*,#4028,.T.);
#1631=ORIENTED_EDGE('',*,*,#4029,.T.);
#1632=ORIENTED_EDGE('',*,*,#4030,.T.);
#1633=ORIENTED_EDGE('',*,*,#4031,.T.);
#1634=ORIENTED_EDGE('',*,*,#4032,.T.);
#1635=ORIENTED_EDGE('',*,*,#4033,.T.);
#1636=ORIENTED_EDGE('',*,*,#4034,.T.);
#1637=ORIENTED_EDGE('',*,*,#4035,.T.);
#1638=ORIENTED_EDGE('',*,*,#4036,.T.);
#1639=ORIENTED_EDGE('',*,*,#4037,.T.);
#1640=ORIENTED_EDGE('',*,*,#4038,.T.);
#1641=ORIENTED_EDGE('',*,*,#4039,.T.);
#1642=ORIENTED_EDGE('',*,*,#4040,.T.);
#1643=ORIENTED_EDGE('',*,*,#4041,.T.);
#1644=ORIENTED_EDGE('',*,*,#4042,.T.);
#1645=ORIENTED_EDGE('',*,*,#4043,.T.);
#1646=ORIENTED_EDGE('',*,*,#4044,.T.);
#1647=ORIENTED_EDGE('',*,*,#4045,.T.);
#1648=ORIENTED_EDGE('',*,*,#4046,.T.);
#1649=ORIENTED_EDGE('',*,*,#4047,.T.);
#1650=ORIENTED_EDGE('',*,*,#4048,.T.);
#1651=ORIENTED_EDGE('',*,*,#4049,.T.);
#1652=ORIENTED_EDGE('',*,*,#4050,.T.);
#1653=ORIENTED_EDGE('',*,*,#4051,.T.);
#1654=ORIENTED_EDGE('',*,*,#4052,.T.);
#1655=ORIENTED_EDGE('',*,*,#4053,.T.);
#1656=ORIENTED_EDGE('',*,*,#4054,.T.);
#1657=ORIENTED_EDGE('',*,*,#4055,.T.);
#1658=ORIENTED_EDGE('',*,*,#4056,.T.);
#1659=ORIENTED_EDGE('',*,*,#4057,.T.);
#1660=ORIENTED_EDGE('',*,*,#4058,.T.);
#1661=ORIENTED_EDGE('',*,*,#4059,.T.);
#1662=ORIENTED_EDGE('',*,*,#4060,.T.);
#1663=ORIENTED_EDGE('',*,*,#4061,.T.);
#1664=ORIENTED_EDGE('',*,*,#4062,.T.);
#1665=ORIENTED_EDGE('',*,*,#4063,.T.);
#1666=ORIENTED_EDGE('',*,*,#4064,.T.);
#1667=ORIENTED_EDGE('',*,*,#4065,.T.);
#1668=ORIENTED_EDGE('',*,*,#4066,.T.);
#1669=ORIENTED_EDGE('',*,*,#4067,.T.);
#1670=ORIENTED_EDGE('',*,*,#4068,.T.);
#1671=ORIENTED_EDGE('',*,*,#4069,.T.);
#1672=ORIENTED_EDGE('',*,*,#4070,.T.);
#1673=ORIENTED_EDGE('',*,*,#4071,.T.);
#1674=ORIENTED_EDGE('',*,*,#4072,.T.);
#1675=ORIENTED_EDGE('',*,*,#4073,.T.);
#1676=ORIENTED_EDGE('',*,*,#4074,.T.);
#1677=ORIENTED_EDGE('',*,*,#4075,.T.);
#1678=ORIENTED_EDGE('',*,*,#4076,.T.);
#1679=ORIENTED_EDGE('',*,*,#4077,.T.);
#1680=ORIENTED_EDGE('',*,*,#4078,.T.);
#1681=ORIENTED_EDGE('',*,*,#4079,.T.);
#1682=ORIENTED_EDGE('',*,*,#4080,.T.);
#1683=ORIENTED_EDGE('',*,*,#4081,.T.);
#1684=ORIENTED_EDGE('',*,*,#4082,.T.);
#1685=ORIENTED_EDGE('',*,*,#4083,.T.);
#1686=ORIENTED_EDGE('',*,*,#4084,.T.);
#1687=ORIENTED_EDGE('',*,*,#4085,.T.);
#1688=ORIENTED_EDGE('',*,*,#4086,.T.);
#1689=ORIENTED_EDGE('',*,*,#4087,.T.);
#1690=ORIENTED_EDGE('',*,*,#4088,.T.);
#1691=ORIENTED_EDGE('',*,*,#4089,.T.);
#1692=ORIENTED_EDGE('',*,*,#4090,.T.);
#1693=ORIENTED_EDGE('',*,*,#4091,.T.);
#1694=ORIENTED_EDGE('',*,*,#4092,.T.);
#1695=ORIENTED_EDGE('',*,*,#4093,.T.);
#1696=ORIENTED_EDGE('',*,*,#4094,.T.);
#1697=ORIENTED_EDGE('',*,*,#4095,.T.);
#1698=ORIENTED_EDGE('',*,*,#4096,.T.);
#1699=ORIENTED_EDGE('',*,*,#4097,.T.);
#1700=ORIENTED_EDGE('',*,*,#4098,.T.);
#1701=ORIENTED_EDGE('',*,*,#4099,.T.);
#1702=ORIENTED_EDGE('',*,*,#4100,.T.);
#1703=ORIENTED_EDGE('',*,*,#4101,.T.);
#1704=ORIENTED_EDGE('',*,*,#4102,.T.);
#1705=ORIENTED_EDGE('',*,*,#4103,.T.);
#1706=ORIENTED_EDGE('',*,*,#4104,.T.);
#1707=ORIENTED_EDGE('',*,*,#4105,.T.);
#1708=ORIENTED_EDGE('',*,*,#4106,.T.);
#1709=ORIENTED_EDGE('',*,*,#4107,.T.);
#1710=ORIENTED_EDGE('',*,*,#4108,.T.);
#1711=ORIENTED_EDGE('',*,*,#4109,.T.);
#1712=ORIENTED_EDGE('',*,*,#4110,.T.);
#1713=ORIENTED_EDGE('',*,*,#4111,.T.);
#1714=ORIENTED_EDGE('',*,*,#4112,.T.);
#1715=ORIENTED_EDGE('',*,*,#4113,.T.);
#1716=ORIENTED_EDGE('',*,*,#4114,.T.);
#1717=ORIENTED_EDGE('',*,*,#4115,.T.);
#1718=ORIENTED_EDGE('',*,*,#4116,.T.);
#1719=ORIENTED_EDGE('',*,*,#4117,.T.);
#1720=ORIENTED_EDGE('',*,*,#4118,.T.);
#1721=ORIENTED_EDGE('',*,*,#4119,.T.);
#1722=ORIENTED_EDGE('',*,*,#4120,.T.);
#1723=ORIENTED_EDGE('',*,*,#4121,.T.);
#1724=ORIENTED_EDGE('',*,*,#4122,.T.);
#1725=ORIENTED_EDGE('',*,*,#4123,.T.);
#1726=ORIENTED_EDGE('',*,*,#4124,.T.);
#1727=ORIENTED_EDGE('',*,*,#4125,.T.);
#1728=ORIENTED_EDGE('',*,*,#4126,.T.);
#1729=ORIENTED_EDGE('',*,*,#4127,.T.);
#1730=ORIENTED_EDGE('',*,*,#4128,.T.);
#1731=ORIENTED_EDGE('',*,*,#4129,.T.);
#1732=ORIENTED_EDGE('',*,*,#4130,.T.);
#1733=ORIENTED_EDGE('',*,*,#4131,.T.);
#1734=ORIENTED_EDGE('',*,*,#4132,.T.);
#1735=ORIENTED_EDGE('',*,*,#4133,.T.);
#1736=ORIENTED_EDGE('',*,*,#4134,.T.);
#1737=ORIENTED_EDGE('',*,*,#4135,.T.);
#1738=ORIENTED_EDGE('',*,*,#4136,.T.);
#1739=ORIENTED_EDGE('',*,*,#4137,.T.);
#1740=ORIENTED_EDGE('',*,*,#4138,.T.);
#1741=ORIENTED_EDGE('',*,*,#4139,.T.);
#1742=ORIENTED_EDGE('',*,*,#4140,.T.);
#1743=ORIENTED_EDGE('',*,*,#4141,.T.);
#1744=ORIENTED_EDGE('',*,*,#4142,.T.);
#1745=ORIENTED_EDGE('',*,*,#4143,.T.);
#1746=ORIENTED_EDGE('',*,*,#4144,.T.);
#1747=ORIENTED_EDGE('',*,*,#4145,.T.);
#1748=ORIENTED_EDGE('',*,*,#4146,.T.);
#1749=ORIENTED_EDGE('',*,*,#4147,.T.);
#1750=ORIENTED_EDGE('',*,*,#4148,.T.);
#1751=ORIENTED_EDGE('',*,*,#4149,.T.);
#1752=ORIENTED_EDGE('',*,*,#4150,.T.);
#1753=ORIENTED_EDGE('',*,*,#4151,.T.);
#1754=ORIENTED_EDGE('',*,*,#4152,.T.);
#1755=ORIENTED_EDGE('',*,*,#4153,.T.);
#1756=ORIENTED_EDGE('',*,*,#4154,.T.);
#1757=ORIENTED_EDGE('',*,*,#4155,.T.);
#1758=ORIENTED_EDGE('',*,*,#4156,.T.);
#1759=ORIENTED_EDGE('',*,*,#4157,.T.);
#1760=ORIENTED_EDGE('',*,*,#4158,.T.);
#1761=ORIENTED_EDGE('',*,*,#4159,.T.);
#1762=ORIENTED_EDGE('',*,*,#4160,.T.);
#1763=ORIENTED_EDGE('',*,*,#4161,.T.);
#1764=ORIENTED_EDGE('',*,*,#4162,.T.);
#1765=ORIENTED_EDGE('',*,*,#4163,.T.);
#1766=ORIENTED_EDGE('',*,*,#4164,.T.);
#1767=ORIENTED_EDGE('',*,*,#4165,.T.);
#1768=ORIENTED_EDGE('',*,*,#4166,.T.);
#1769=ORIENTED_EDGE('',*,*,#4167,.T.);
#1770=ORIENTED_EDGE('',*,*,#4168,.T.);
#1771=ORIENTED_EDGE('',*,*,#4169,.T.);
#1772=ORIENTED_EDGE('',*,*,#4170,.T.);
#1773=ORIENTED_EDGE('',*,*,#4171,.T.);
#1774=ORIENTED_EDGE('',*,*,#4172,.T.);
#1775=ORIENTED_EDGE('',*,*,#4173,.T.);
#1776=ORIENTED_EDGE('',*,*,#4174,.T.);
#1777=ORIENTED_EDGE('',*,*,#4175,.T.);
#1778=ORIENTED_EDGE('',*,*,#4176,.T.);
#1779=ORIENTED_EDGE('',*,*,#4177,.T.);
#1780=ORIENTED_EDGE('',*,*,#4178,.T.);
#1781=ORIENTED_EDGE('',*,*,#4179,.T.);
#1782=ORIENTED_EDGE('',*,*,#4180,.T.);
#1783=ORIENTED_EDGE('',*,*,#4181,.T.);
#1784=ORIENTED_EDGE('',*,*,#4182,.T.);
#1785=ORIENTED_EDGE('',*,*,#4183,.T.);
#1786=ORIENTED_EDGE('',*,*,#4184,.T.);
#1787=ORIENTED_EDGE('',*,*,#4185,.T.);
#1788=ORIENTED_EDGE('',*,*,#4186,.T.);
#1789=ORIENTED_EDGE('',*,*,#4187,.T.);
#1790=ORIENTED_EDGE('',*,*,#4188,.T.);
#1791=ORIENTED_EDGE('',*,*,#4189,.T.);
#1792=ORIENTED_EDGE('',*,*,#4190,.T.);
#1793=ORIENTED_EDGE('',*,*,#4191,.T.);
#1794=ORIENTED_EDGE('',*,*,#4192,.T.);
#1795=ORIENTED_EDGE('',*,*,#4193,.T.);
#1796=ORIENTED_EDGE('',*,*,#4194,.T.);
#1797=ORIENTED_EDGE('',*,*,#4195,.T.);
#1798=ORIENTED_EDGE('',*,*,#4196,.T.);
#1799=ORIENTED_EDGE('',*,*,#4197,.T.);
#1800=ORIENTED_EDGE('',*,*,#4198,.T.);
#1801=ORIENTED_EDGE('',*,*,#4199,.T.);
#1802=ORIENTED_EDGE('',*,*,#4200,.T.);
#1803=ORIENTED_EDGE('',*,*,#4201,.T.);
#1804=ORIENTED_EDGE('',*,*,#4202,.T.);
#1805=ORIENTED_EDGE('',*,*,#4203,.T.);
#1806=ORIENTED_EDGE('',*,*,#4204,.T.);
#1807=ORIENTED_EDGE('',*,*,#4205,.T.);
#1808=ORIENTED_EDGE('',*,*,#4206,.T.);
#1809=ORIENTED_EDGE('',*,*,#4207,.T.);
#1810=ORIENTED_EDGE('',*,*,#4208,.T.);
#1811=ORIENTED_EDGE('',*,*,#4209,.T.);
#1812=ORIENTED_EDGE('',*,*,#4210,.T.);
#1813=ORIENTED_EDGE('',*,*,#4211,.T.);
#1814=ORIENTED_EDGE('',*,*,#4212,.T.);
#1815=ORIENTED_EDGE('',*,*,#4213,.T.);
#1816=ORIENTED_EDGE('',*,*,#4214,.T.);
#1817=ORIENTED_EDGE('',*,*,#4215,.T.);
#1818=ORIENTED_EDGE('',*,*,#4216,.T.);
#1819=ORIENTED_EDGE('',*,*,#4217,.T.);
#1820=ORIENTED_EDGE('',*,*,#4218,.T.);
#1821=ORIENTED_EDGE('',*,*,#4219,.T.);
#1822=ORIENTED_EDGE('',*,*,#4220,.T.);
#1823=ORIENTED_EDGE('',*,*,#4221,.T.);
#1824=ORIENTED_EDGE('',*,*,#4222,.T.);
#1825=ORIENTED_EDGE('',*,*,#4223,.T.);
#1826=ORIENTED_EDGE('',*,*,#4224,.T.);
#1827=ORIENTED_EDGE('',*,*,#4225,.T.);
#1828=ORIENTED_EDGE('',*,*,#4226,.T.);
#1829=ORIENTED_EDGE('',*,*,#4227,.T.);
#1830=ORIENTED_EDGE('',*,*,#4228,.T.);
#1831=ORIENTED_EDGE('',*,*,#4229,.T.);
#1832=ORIENTED_EDGE('',*,*,#4230,.T.);
#1833=ORIENTED_EDGE('',*,*,#4231,.T.);
#1834=ORIENTED_EDGE('',*,*,#4232,.T.);
#1835=ORIENTED_EDGE('',*,*,#4233,.T.);
#1836=ORIENTED_EDGE('',*,*,#4234,.T.);
#1837=ORIENTED_EDGE('',*,*,#4235,.T.);
#1838=ORIENTED_EDGE('',*,*,#4236,.T.);
#1839=ORIENTED_EDGE('',*,*,#4237,.T.);
#1840=ORIENTED_EDGE('',*,*,#4238,.T.);
#1841=ORIENTED_EDGE('',*,*,#4239,.T.);
#1842=ORIENTED_EDGE('',*,*,#4240,.T.);
#1843=ORIENTED_EDGE('',*,*,#4241,.T.);
#1844=ORIENTED_EDGE('',*,*,#4242,.T.);
#1845=ORIENTED_EDGE('',*,*,#4243,.T.);
#1846=ORIENTED_EDGE('',*,*,#4244,.T.);
#1847=ORIENTED_EDGE('',*,*,#4245,.T.);
#1848=ORIENTED_EDGE('',*,*,#4246,.T.);
#1849=ORIENTED_EDGE('',*,*,#4247,.T.);
#1850=ORIENTED_EDGE('',*,*,#4248,.T.);
#1851=ORIENTED_EDGE('',*,*,#4249,.T.);
#1852=ORIENTED_EDGE('',*,*,#4250,.T.);
#1853=ORIENTED_EDGE('',*,*,#4251,.T.);
#1854=ORIENTED_EDGE('',*,*,#4252,.T.);
#1855=ORIENTED_EDGE('',*,*,#4253,.T.);
#1856=ORIENTED_EDGE('',*,*,#4254,.T.);
#1857=ORIENTED_EDGE('',*,*,#4255,.T.);
#1858=ORIENTED_EDGE('',*,*,#4256,.T.);
#1859=ORIENTED_EDGE('',*,*,#4257,.T.);
#1860=ORIENTED_EDGE('',*,*,#4258,.T.);
#1861=ORIENTED_EDGE('',*,*,#4259,.T.);
#1862=ORIENTED_EDGE('',*,*,#4260,.T.);
#1863=ORIENTED_EDGE('',*,*,#4261,.T.);
#1864=ORIENTED_EDGE('',*,*,#4262,.T.);
#1865=ORIENTED_EDGE('',*,*,#4263,.T.);
#1866=ORIENTED_EDGE('',*,*,#4264,.T.);
#1867=ORIENTED_EDGE('',*,*,#4265,.T.);
#1868=ORIENTED_EDGE('',*,*,#4266,.T.);
#1869=ORIENTED_EDGE('',*,*,#4267,.T.);
#1870=ORIENTED_EDGE('',*,*,#4268,.T.);
#1871=ORIENTED_EDGE('',*,*,#4269,.T.);
#1872=ORIENTED_EDGE('',*,*,#4270,.T.);
#1873=ORIENTED_EDGE('',*,*,#4271,.T.);
#1874=ORIENTED_EDGE('',*,*,#4272,.T.);
#1875=ORIENTED_EDGE('',*,*,#4273,.T.);
#1876=ORIENTED_EDGE('',*,*,#4274,.T.);
#1877=ORIENTED_EDGE('',*,*,#4275,.T.);
#1878=ORIENTED_EDGE('',*,*,#4276,.T.);
#1879=ORIENTED_EDGE('',*,*,#4277,.T.);
#1880=ORIENTED_EDGE('',*,*,#4278,.T.);
#1881=ORIENTED_EDGE('',*,*,#4279,.T.);
#1882=ORIENTED_EDGE('',*,*,#4280,.T.);
#1883=ORIENTED_EDGE('',*,*,#4281,.T.);
#1884=ORIENTED_EDGE('',*,*,#4282,.T.);
#1885=ORIENTED_EDGE('',*,*,#4283,.T.);
#1886=ORIENTED_EDGE('',*,*,#4284,.T.);
#1887=ORIENTED_EDGE('',*,*,#4285,.T.);
#1888=ORIENTED_EDGE('',*,*,#4286,.T.);
#1889=ORIENTED_EDGE('',*,*,#4287,.T.);
#1890=ORIENTED_EDGE('',*,*,#4288,.T.);
#1891=ORIENTED_EDGE('',*,*,#4289,.T.);
#1892=ORIENTED_EDGE('',*,*,#4290,.T.);
#1893=ORIENTED_EDGE('',*,*,#4291,.T.);
#1894=ORIENTED_EDGE('',*,*,#4292,.T.);
#1895=ORIENTED_EDGE('',*,*,#4293,.T.);
#1896=ORIENTED_EDGE('',*,*,#4294,.T.);
#1897=ORIENTED_EDGE('',*,*,#4295,.T.);
#1898=ORIENTED_EDGE('',*,*,#4296,.T.);
#1899=ORIENTED_EDGE('',*,*,#4297,.T.);
#1900=ORIENTED_EDGE('',*,*,#4298,.T.);
#1901=ORIENTED_EDGE('',*,*,#4299,.T.);
#1902=ORIENTED_EDGE('',*,*,#4300,.T.);
#1903=ORIENTED_EDGE('',*,*,#4301,.T.);
#1904=ORIENTED_EDGE('',*,*,#4302,.T.);
#1905=ORIENTED_EDGE('',*,*,#4303,.T.);
#1906=ORIENTED_EDGE('',*,*,#4304,.T.);
#1907=ORIENTED_EDGE('',*,*,#4305,.T.);
#1908=ORIENTED_EDGE('',*,*,#4306,.T.);
#1909=ORIENTED_EDGE('',*,*,#4307,.T.);
#1910=ORIENTED_EDGE('',*,*,#4308,.T.);
#1911=ORIENTED_EDGE('',*,*,#4309,.T.);
#1912=ORIENTED_EDGE('',*,*,#4310,.T.);
#1913=ORIENTED_EDGE('',*,*,#4311,.T.);
#1914=ORIENTED_EDGE('',*,*,#4312,.T.);
#1915=ORIENTED_EDGE('',*,*,#4313,.T.);
#1916=ORIENTED_EDGE('',*,*,#4314,.T.);
#1917=ORIENTED_EDGE('',*,*,#4315,.T.);
#1918=ORIENTED_EDGE('',*,*,#4316,.T.);
#1919=ORIENTED_EDGE('',*,*,#4317,.T.);
#1920=ORIENTED_EDGE('',*,*,#4318,.T.);
#1921=ORIENTED_EDGE('',*,*,#4319,.T.);
#1922=ORIENTED_EDGE('',*,*,#4320,.T.);
#1923=ORIENTED_EDGE('',*,*,#4321,.T.);
#1924=ORIENTED_EDGE('',*,*,#4322,.T.);
#1925=ORIENTED_EDGE('',*,*,#4323,.T.);
#1926=ORIENTED_EDGE('',*,*,#4324,.T.);
#1927=ORIENTED_EDGE('',*,*,#4325,.T.);
#1928=ORIENTED_EDGE('',*,*,#4326,.T.);
#1929=ORIENTED_EDGE('',*,*,#4327,.T.);
#1930=ORIENTED_EDGE('',*,*,#4328,.T.);
#1931=ORIENTED_EDGE('',*,*,#4329,.T.);
#1932=ORIENTED_EDGE('',*,*,#4330,.T.);
#1933=ORIENTED_EDGE('',*,*,#4331,.T.);
#1934=ORIENTED_EDGE('',*,*,#4332,.T.);
#1935=ORIENTED_EDGE('',*,*,#4333,.T.);
#1936=ORIENTED_EDGE('',*,*,#4334,.T.);
#1937=ORIENTED_EDGE('',*,*,#4335,.T.);
#1938=ORIENTED_EDGE('',*,*,#4336,.T.);
#1939=ORIENTED_EDGE('',*,*,#4337,.T.);
#1940=ORIENTED_EDGE('',*,*,#4338,.T.);
#1941=ORIENTED_EDGE('',*,*,#4339,.T.);
#1942=ORIENTED_EDGE('',*,*,#4340,.T.);
#1943=ORIENTED_EDGE('',*,*,#4341,.T.);
#1944=ORIENTED_EDGE('',*,*,#4342,.T.);
#1945=ORIENTED_EDGE('',*,*,#4343,.T.);
#1946=ORIENTED_EDGE('',*,*,#4344,.T.);
#1947=ORIENTED_EDGE('',*,*,#4345,.T.);
#1948=ORIENTED_EDGE('',*,*,#4346,.T.);
#1949=ORIENTED_EDGE('',*,*,#4347,.T.);
#1950=ORIENTED_EDGE('',*,*,#4348,.T.);
#1951=ORIENTED_EDGE('',*,*,#4349,.T.);
#1952=ORIENTED_EDGE('',*,*,#4350,.T.);
#1953=ORIENTED_EDGE('',*,*,#4351,.T.);
#1954=ORIENTED_EDGE('',*,*,#4352,.T.);
#1955=ORIENTED_EDGE('',*,*,#4353,.T.);
#1956=ORIENTED_EDGE('',*,*,#4354,.T.);
#1957=ORIENTED_EDGE('',*,*,#4355,.T.);
#1958=ORIENTED_EDGE('',*,*,#4356,.T.);
#1959=ORIENTED_EDGE('',*,*,#4357,.T.);
#1960=ORIENTED_EDGE('',*,*,#4358,.T.);
#1961=ORIENTED_EDGE('',*,*,#4359,.T.);
#1962=ORIENTED_EDGE('',*,*,#4360,.T.);
#1963=ORIENTED_EDGE('',*,*,#4361,.T.);
#1964=ORIENTED_EDGE('',*,*,#4362,.T.);
#1965=ORIENTED_EDGE('',*,*,#4363,.T.);
#1966=ORIENTED_EDGE('',*,*,#4364,.T.);
#1967=ORIENTED_EDGE('',*,*,#4365,.T.);
#1968=ORIENTED_EDGE('',*,*,#4366,.T.);
#1969=ORIENTED_EDGE('',*,*,#4367,.T.);
#1970=ORIENTED_EDGE('',*,*,#4368,.T.);
#1971=ORIENTED_EDGE('',*,*,#4369,.T.);
#1972=ORIENTED_EDGE('',*,*,#4370,.T.);
#1973=ORIENTED_EDGE('',*,*,#4371,.T.);
#1974=ORIENTED_EDGE('',*,*,#4372,.T.);
#1975=ORIENTED_EDGE('',*,*,#4373,.T.);
#1976=ORIENTED_EDGE('',*,*,#4374,.T.);
#1977=ORIENTED_EDGE('',*,*,#4375,.T.);
#1978=ORIENTED_EDGE('',*,*,#4376,.T.);
#1979=ORIENTED_EDGE('',*,*,#4377,.T.);
#1980=ORIENTED_EDGE('',*,*,#4378,.T.);
#1981=ORIENTED_EDGE('',*,*,#4379,.T.);
#1982=ORIENTED_EDGE('',*,*,#4380,.T.);
#1983=ORIENTED_EDGE('',*,*,#4381,.T.);
#1984=ORIENTED_EDGE('',*,*,#4382,.T.);
#1985=ORIENTED_EDGE('',*,*,#4383,.T.);
#1986=ORIENTED_EDGE('',*,*,#4384,.T.);
#1987=ORIENTED_EDGE('',*,*,#4385,.T.);
#1988=ORIENTED_EDGE('',*,*,#4386,.T.);
#1989=ORIENTED_EDGE('',*,*,#4387,.T.);
#1990=ORIENTED_EDGE('',*,*,#4388,.T.);
#1991=ORIENTED_EDGE('',*,*,#4389,.T.);
#1992=ORIENTED_EDGE('',*,*,#4390,.T.);
#1993=ORIENTED_EDGE('',*,*,#4391,.T.);
#1994=ORIENTED_EDGE('',*,*,#4392,.T.);
#1995=ORIENTED_EDGE('',*,*,#4393,.T.);
#1996=ORIENTED_EDGE('',*,*,#4394,.F.);
#1997=ORIENTED_EDGE('',*,*,#4395,.F.);
#1998=ORIENTED_EDGE('',*,*,#3997,.T.);
#1999=ORIENTED_EDGE('',*,*,#4396,.T.);
#2000=ORIENTED_EDGE('',*,*,#4397,.T.);
#2001=ORIENTED_EDGE('',*,*,#4398,.F.);
#2002=ORIENTED_EDGE('',*,*,#3998,.F.);
#2003=ORIENTED_EDGE('',*,*,#4395,.T.);
#2004=ORIENTED_EDGE('',*,*,#4399,.T.);
#2005=ORIENTED_EDGE('',*,*,#4400,.F.);
#2006=ORIENTED_EDGE('',*,*,#3999,.F.);
#2007=ORIENTED_EDGE('',*,*,#4398,.T.);
#2008=ORIENTED_EDGE('',*,*,#4401,.F.);
#2009=ORIENTED_EDGE('',*,*,#4396,.F.);
#2010=ORIENTED_EDGE('',*,*,#4000,.T.);
#2011=ORIENTED_EDGE('',*,*,#4400,.T.);
#2012=ORIENTED_EDGE('',*,*,#3996,.T.);
#2013=ORIENTED_EDGE('',*,*,#4402,.F.);
#2014=ORIENTED_EDGE('',*,*,#3995,.T.);
#2015=ORIENTED_EDGE('',*,*,#4403,.F.);
#2016=ORIENTED_EDGE('',*,*,#3994,.T.);
#2017=ORIENTED_EDGE('',*,*,#4404,.F.);
#2018=ORIENTED_EDGE('',*,*,#3993,.T.);
#2019=ORIENTED_EDGE('',*,*,#4405,.F.);
#2020=ORIENTED_EDGE('',*,*,#4405,.T.);
#2021=ORIENTED_EDGE('',*,*,#4404,.T.);
#2022=ORIENTED_EDGE('',*,*,#4403,.T.);
#2023=ORIENTED_EDGE('',*,*,#4402,.T.);
#2024=ORIENTED_EDGE('',*,*,#4394,.T.);
#2025=ORIENTED_EDGE('',*,*,#4401,.T.);
#2026=ORIENTED_EDGE('',*,*,#4399,.F.);
#2027=ORIENTED_EDGE('',*,*,#4397,.F.);
#2028=ORIENTED_EDGE('',*,*,#4002,.F.);
#2029=ORIENTED_EDGE('',*,*,#4406,.F.);
#2030=ORIENTED_EDGE('',*,*,#4407,.T.);
#2031=ORIENTED_EDGE('',*,*,#4408,.T.);
#2032=ORIENTED_EDGE('',*,*,#4001,.F.);
#2033=ORIENTED_EDGE('',*,*,#4409,.F.);
#2034=ORIENTED_EDGE('',*,*,#4410,.T.);
#2035=ORIENTED_EDGE('',*,*,#4406,.T.);
#2036=ORIENTED_EDGE('',*,*,#4007,.F.);
#2037=ORIENTED_EDGE('',*,*,#4411,.F.);
#2038=ORIENTED_EDGE('',*,*,#4412,.T.);
#2039=ORIENTED_EDGE('',*,*,#4409,.T.);
#2040=ORIENTED_EDGE('',*,*,#4006,.F.);
#2041=ORIENTED_EDGE('',*,*,#4413,.F.);
#2042=ORIENTED_EDGE('',*,*,#4414,.T.);
#2043=ORIENTED_EDGE('',*,*,#4411,.T.);
#2044=ORIENTED_EDGE('',*,*,#4005,.F.);
#2045=ORIENTED_EDGE('',*,*,#4415,.F.);
#2046=ORIENTED_EDGE('',*,*,#4416,.T.);
#2047=ORIENTED_EDGE('',*,*,#4413,.T.);
#2048=ORIENTED_EDGE('',*,*,#4004,.F.);
#2049=ORIENTED_EDGE('',*,*,#4417,.F.);
#2050=ORIENTED_EDGE('',*,*,#4418,.T.);
#2051=ORIENTED_EDGE('',*,*,#4415,.T.);
#2052=ORIENTED_EDGE('',*,*,#4003,.F.);
#2053=ORIENTED_EDGE('',*,*,#4408,.F.);
#2054=ORIENTED_EDGE('',*,*,#4419,.T.);
#2055=ORIENTED_EDGE('',*,*,#4417,.T.);
#2056=ORIENTED_EDGE('',*,*,#4407,.F.);
#2057=ORIENTED_EDGE('',*,*,#4410,.F.);
#2058=ORIENTED_EDGE('',*,*,#4412,.F.);
#2059=ORIENTED_EDGE('',*,*,#4414,.F.);
#2060=ORIENTED_EDGE('',*,*,#4416,.F.);
#2061=ORIENTED_EDGE('',*,*,#4418,.F.);
#2062=ORIENTED_EDGE('',*,*,#4419,.F.);
#2063=ORIENTED_EDGE('',*,*,#4009,.F.);
#2064=ORIENTED_EDGE('',*,*,#4420,.F.);
#2065=ORIENTED_EDGE('',*,*,#4421,.T.);
#2066=ORIENTED_EDGE('',*,*,#4422,.T.);
#2067=ORIENTED_EDGE('',*,*,#4008,.F.);
#2068=ORIENTED_EDGE('',*,*,#4423,.F.);
#2069=ORIENTED_EDGE('',*,*,#4424,.T.);
#2070=ORIENTED_EDGE('',*,*,#4420,.T.);
#2071=ORIENTED_EDGE('',*,*,#4031,.F.);
#2072=ORIENTED_EDGE('',*,*,#4425,.F.);
#2073=ORIENTED_EDGE('',*,*,#4426,.T.);
#2074=ORIENTED_EDGE('',*,*,#4423,.T.);
#2075=ORIENTED_EDGE('',*,*,#4030,.F.);
#2076=ORIENTED_EDGE('',*,*,#4427,.F.);
#2077=ORIENTED_EDGE('',*,*,#4428,.T.);
#2078=ORIENTED_EDGE('',*,*,#4425,.T.);
#2079=ORIENTED_EDGE('',*,*,#4029,.F.);
#2080=ORIENTED_EDGE('',*,*,#4429,.F.);
#2081=ORIENTED_EDGE('',*,*,#4430,.T.);
#2082=ORIENTED_EDGE('',*,*,#4427,.T.);
#2083=ORIENTED_EDGE('',*,*,#4028,.F.);
#2084=ORIENTED_EDGE('',*,*,#4431,.F.);
#2085=ORIENTED_EDGE('',*,*,#4432,.T.);
#2086=ORIENTED_EDGE('',*,*,#4429,.T.);
#2087=ORIENTED_EDGE('',*,*,#4027,.F.);
#2088=ORIENTED_EDGE('',*,*,#4433,.F.);
#2089=ORIENTED_EDGE('',*,*,#4434,.T.);
#2090=ORIENTED_EDGE('',*,*,#4431,.T.);
#2091=ORIENTED_EDGE('',*,*,#4026,.F.);
#2092=ORIENTED_EDGE('',*,*,#4435,.F.);
#2093=ORIENTED_EDGE('',*,*,#4436,.T.);
#2094=ORIENTED_EDGE('',*,*,#4433,.T.);
#2095=ORIENTED_EDGE('',*,*,#4025,.F.);
#2096=ORIENTED_EDGE('',*,*,#4437,.F.);
#2097=ORIENTED_EDGE('',*,*,#4438,.T.);
#2098=ORIENTED_EDGE('',*,*,#4435,.T.);
#2099=ORIENTED_EDGE('',*,*,#4024,.F.);
#2100=ORIENTED_EDGE('',*,*,#4439,.F.);
#2101=ORIENTED_EDGE('',*,*,#4440,.T.);
#2102=ORIENTED_EDGE('',*,*,#4437,.T.);
#2103=ORIENTED_EDGE('',*,*,#4023,.F.);
#2104=ORIENTED_EDGE('',*,*,#4441,.F.);
#2105=ORIENTED_EDGE('',*,*,#4442,.T.);
#2106=ORIENTED_EDGE('',*,*,#4439,.T.);
#2107=ORIENTED_EDGE('',*,*,#4022,.F.);
#2108=ORIENTED_EDGE('',*,*,#4443,.F.);
#2109=ORIENTED_EDGE('',*,*,#4444,.T.);
#2110=ORIENTED_EDGE('',*,*,#4441,.T.);
#2111=ORIENTED_EDGE('',*,*,#4021,.F.);
#2112=ORIENTED_EDGE('',*,*,#4445,.F.);
#2113=ORIENTED_EDGE('',*,*,#4446,.T.);
#2114=ORIENTED_EDGE('',*,*,#4443,.T.);
#2115=ORIENTED_EDGE('',*,*,#4020,.F.);
#2116=ORIENTED_EDGE('',*,*,#4447,.F.);
#2117=ORIENTED_EDGE('',*,*,#4448,.T.);
#2118=ORIENTED_EDGE('',*,*,#4445,.T.);
#2119=ORIENTED_EDGE('',*,*,#4019,.F.);
#2120=ORIENTED_EDGE('',*,*,#4449,.F.);
#2121=ORIENTED_EDGE('',*,*,#4450,.T.);
#2122=ORIENTED_EDGE('',*,*,#4447,.T.);
#2123=ORIENTED_EDGE('',*,*,#4018,.F.);
#2124=ORIENTED_EDGE('',*,*,#4451,.F.);
#2125=ORIENTED_EDGE('',*,*,#4452,.T.);
#2126=ORIENTED_EDGE('',*,*,#4449,.T.);
#2127=ORIENTED_EDGE('',*,*,#4017,.F.);
#2128=ORIENTED_EDGE('',*,*,#4453,.F.);
#2129=ORIENTED_EDGE('',*,*,#4454,.T.);
#2130=ORIENTED_EDGE('',*,*,#4451,.T.);
#2131=ORIENTED_EDGE('',*,*,#4016,.F.);
#2132=ORIENTED_EDGE('',*,*,#4455,.F.);
#2133=ORIENTED_EDGE('',*,*,#4456,.T.);
#2134=ORIENTED_EDGE('',*,*,#4453,.T.);
#2135=ORIENTED_EDGE('',*,*,#4015,.F.);
#2136=ORIENTED_EDGE('',*,*,#4457,.F.);
#2137=ORIENTED_EDGE('',*,*,#4458,.T.);
#2138=ORIENTED_EDGE('',*,*,#4455,.T.);
#2139=ORIENTED_EDGE('',*,*,#4014,.F.);
#2140=ORIENTED_EDGE('',*,*,#4459,.F.);
#2141=ORIENTED_EDGE('',*,*,#4460,.T.);
#2142=ORIENTED_EDGE('',*,*,#4457,.T.);
#2143=ORIENTED_EDGE('',*,*,#4013,.F.);
#2144=ORIENTED_EDGE('',*,*,#4461,.F.);
#2145=ORIENTED_EDGE('',*,*,#4462,.T.);
#2146=ORIENTED_EDGE('',*,*,#4459,.T.);
#2147=ORIENTED_EDGE('',*,*,#4012,.F.);
#2148=ORIENTED_EDGE('',*,*,#4463,.F.);
#2149=ORIENTED_EDGE('',*,*,#4464,.T.);
#2150=ORIENTED_EDGE('',*,*,#4461,.T.);
#2151=ORIENTED_EDGE('',*,*,#4011,.F.);
#2152=ORIENTED_EDGE('',*,*,#4465,.F.);
#2153=ORIENTED_EDGE('',*,*,#4466,.T.);
#2154=ORIENTED_EDGE('',*,*,#4463,.T.);
#2155=ORIENTED_EDGE('',*,*,#4010,.F.);
#2156=ORIENTED_EDGE('',*,*,#4422,.F.);
#2157=ORIENTED_EDGE('',*,*,#4467,.T.);
#2158=ORIENTED_EDGE('',*,*,#4465,.T.);
#2159=ORIENTED_EDGE('',*,*,#4421,.F.);
#2160=ORIENTED_EDGE('',*,*,#4424,.F.);
#2161=ORIENTED_EDGE('',*,*,#4426,.F.);
#2162=ORIENTED_EDGE('',*,*,#4428,.F.);
#2163=ORIENTED_EDGE('',*,*,#4430,.F.);
#2164=ORIENTED_EDGE('',*,*,#4432,.F.);
#2165=ORIENTED_EDGE('',*,*,#4434,.F.);
#2166=ORIENTED_EDGE('',*,*,#4436,.F.);
#2167=ORIENTED_EDGE('',*,*,#4438,.F.);
#2168=ORIENTED_EDGE('',*,*,#4440,.F.);
#2169=ORIENTED_EDGE('',*,*,#4442,.F.);
#2170=ORIENTED_EDGE('',*,*,#4444,.F.);
#2171=ORIENTED_EDGE('',*,*,#4446,.F.);
#2172=ORIENTED_EDGE('',*,*,#4448,.F.);
#2173=ORIENTED_EDGE('',*,*,#4450,.F.);
#2174=ORIENTED_EDGE('',*,*,#4452,.F.);
#2175=ORIENTED_EDGE('',*,*,#4454,.F.);
#2176=ORIENTED_EDGE('',*,*,#4456,.F.);
#2177=ORIENTED_EDGE('',*,*,#4458,.F.);
#2178=ORIENTED_EDGE('',*,*,#4460,.F.);
#2179=ORIENTED_EDGE('',*,*,#4462,.F.);
#2180=ORIENTED_EDGE('',*,*,#4464,.F.);
#2181=ORIENTED_EDGE('',*,*,#4466,.F.);
#2182=ORIENTED_EDGE('',*,*,#4467,.F.);
#2183=ORIENTED_EDGE('',*,*,#4033,.F.);
#2184=ORIENTED_EDGE('',*,*,#4468,.F.);
#2185=ORIENTED_EDGE('',*,*,#4469,.T.);
#2186=ORIENTED_EDGE('',*,*,#4470,.T.);
#2187=ORIENTED_EDGE('',*,*,#4032,.F.);
#2188=ORIENTED_EDGE('',*,*,#4471,.F.);
#2189=ORIENTED_EDGE('',*,*,#4472,.T.);
#2190=ORIENTED_EDGE('',*,*,#4468,.T.);
#2191=ORIENTED_EDGE('',*,*,#4055,.F.);
#2192=ORIENTED_EDGE('',*,*,#4473,.F.);
#2193=ORIENTED_EDGE('',*,*,#4474,.T.);
#2194=ORIENTED_EDGE('',*,*,#4471,.T.);
#2195=ORIENTED_EDGE('',*,*,#4054,.F.);
#2196=ORIENTED_EDGE('',*,*,#4475,.F.);
#2197=ORIENTED_EDGE('',*,*,#4476,.T.);
#2198=ORIENTED_EDGE('',*,*,#4473,.T.);
#2199=ORIENTED_EDGE('',*,*,#4053,.F.);
#2200=ORIENTED_EDGE('',*,*,#4477,.F.);
#2201=ORIENTED_EDGE('',*,*,#4478,.T.);
#2202=ORIENTED_EDGE('',*,*,#4475,.T.);
#2203=ORIENTED_EDGE('',*,*,#4052,.F.);
#2204=ORIENTED_EDGE('',*,*,#4479,.F.);
#2205=ORIENTED_EDGE('',*,*,#4480,.T.);
#2206=ORIENTED_EDGE('',*,*,#4477,.T.);
#2207=ORIENTED_EDGE('',*,*,#4051,.F.);
#2208=ORIENTED_EDGE('',*,*,#4481,.F.);
#2209=ORIENTED_EDGE('',*,*,#4482,.T.);
#2210=ORIENTED_EDGE('',*,*,#4479,.T.);
#2211=ORIENTED_EDGE('',*,*,#4050,.F.);
#2212=ORIENTED_EDGE('',*,*,#4483,.F.);
#2213=ORIENTED_EDGE('',*,*,#4484,.T.);
#2214=ORIENTED_EDGE('',*,*,#4481,.T.);
#2215=ORIENTED_EDGE('',*,*,#4049,.F.);
#2216=ORIENTED_EDGE('',*,*,#4485,.F.);
#2217=ORIENTED_EDGE('',*,*,#4486,.T.);
#2218=ORIENTED_EDGE('',*,*,#4483,.T.);
#2219=ORIENTED_EDGE('',*,*,#4048,.F.);
#2220=ORIENTED_EDGE('',*,*,#4487,.F.);
#2221=ORIENTED_EDGE('',*,*,#4488,.T.);
#2222=ORIENTED_EDGE('',*,*,#4485,.T.);
#2223=ORIENTED_EDGE('',*,*,#4047,.F.);
#2224=ORIENTED_EDGE('',*,*,#4489,.F.);
#2225=ORIENTED_EDGE('',*,*,#4490,.T.);
#2226=ORIENTED_EDGE('',*,*,#4487,.T.);
#2227=ORIENTED_EDGE('',*,*,#4046,.F.);
#2228=ORIENTED_EDGE('',*,*,#4491,.F.);
#2229=ORIENTED_EDGE('',*,*,#4492,.T.);
#2230=ORIENTED_EDGE('',*,*,#4489,.T.);
#2231=ORIENTED_EDGE('',*,*,#4045,.F.);
#2232=ORIENTED_EDGE('',*,*,#4493,.F.);
#2233=ORIENTED_EDGE('',*,*,#4494,.T.);
#2234=ORIENTED_EDGE('',*,*,#4491,.T.);
#2235=ORIENTED_EDGE('',*,*,#4044,.F.);
#2236=ORIENTED_EDGE('',*,*,#4495,.F.);
#2237=ORIENTED_EDGE('',*,*,#4496,.T.);
#2238=ORIENTED_EDGE('',*,*,#4493,.T.);
#2239=ORIENTED_EDGE('',*,*,#4043,.F.);
#2240=ORIENTED_EDGE('',*,*,#4497,.F.);
#2241=ORIENTED_EDGE('',*,*,#4498,.T.);
#2242=ORIENTED_EDGE('',*,*,#4495,.T.);
#2243=ORIENTED_EDGE('',*,*,#4042,.F.);
#2244=ORIENTED_EDGE('',*,*,#4499,.F.);
#2245=ORIENTED_EDGE('',*,*,#4500,.T.);
#2246=ORIENTED_EDGE('',*,*,#4497,.T.);
#2247=ORIENTED_EDGE('',*,*,#4041,.F.);
#2248=ORIENTED_EDGE('',*,*,#4501,.F.);
#2249=ORIENTED_EDGE('',*,*,#4502,.T.);
#2250=ORIENTED_EDGE('',*,*,#4499,.T.);
#2251=ORIENTED_EDGE('',*,*,#4040,.F.);
#2252=ORIENTED_EDGE('',*,*,#4503,.F.);
#2253=ORIENTED_EDGE('',*,*,#4504,.T.);
#2254=ORIENTED_EDGE('',*,*,#4501,.T.);
#2255=ORIENTED_EDGE('',*,*,#4039,.F.);
#2256=ORIENTED_EDGE('',*,*,#4505,.F.);
#2257=ORIENTED_EDGE('',*,*,#4506,.T.);
#2258=ORIENTED_EDGE('',*,*,#4503,.T.);
#2259=ORIENTED_EDGE('',*,*,#4038,.F.);
#2260=ORIENTED_EDGE('',*,*,#4507,.F.);
#2261=ORIENTED_EDGE('',*,*,#4508,.T.);
#2262=ORIENTED_EDGE('',*,*,#4505,.T.);
#2263=ORIENTED_EDGE('',*,*,#4037,.F.);
#2264=ORIENTED_EDGE('',*,*,#4509,.F.);
#2265=ORIENTED_EDGE('',*,*,#4510,.T.);
#2266=ORIENTED_EDGE('',*,*,#4507,.T.);
#2267=ORIENTED_EDGE('',*,*,#4036,.F.);
#2268=ORIENTED_EDGE('',*,*,#4511,.F.);
#2269=ORIENTED_EDGE('',*,*,#4512,.T.);
#2270=ORIENTED_EDGE('',*,*,#4509,.T.);
#2271=ORIENTED_EDGE('',*,*,#4035,.F.);
#2272=ORIENTED_EDGE('',*,*,#4513,.F.);
#2273=ORIENTED_EDGE('',*,*,#4514,.T.);
#2274=ORIENTED_EDGE('',*,*,#4511,.T.);
#2275=ORIENTED_EDGE('',*,*,#4034,.F.);
#2276=ORIENTED_EDGE('',*,*,#4470,.F.);
#2277=ORIENTED_EDGE('',*,*,#4515,.T.);
#2278=ORIENTED_EDGE('',*,*,#4513,.T.);
#2279=ORIENTED_EDGE('',*,*,#4469,.F.);
#2280=ORIENTED_EDGE('',*,*,#4472,.F.);
#2281=ORIENTED_EDGE('',*,*,#4474,.F.);
#2282=ORIENTED_EDGE('',*,*,#4476,.F.);
#2283=ORIENTED_EDGE('',*,*,#4478,.F.);
#2284=ORIENTED_EDGE('',*,*,#4480,.F.);
#2285=ORIENTED_EDGE('',*,*,#4482,.F.);
#2286=ORIENTED_EDGE('',*,*,#4484,.F.);
#2287=ORIENTED_EDGE('',*,*,#4486,.F.);
#2288=ORIENTED_EDGE('',*,*,#4488,.F.);
#2289=ORIENTED_EDGE('',*,*,#4490,.F.);
#2290=ORIENTED_EDGE('',*,*,#4492,.F.);
#2291=ORIENTED_EDGE('',*,*,#4494,.F.);
#2292=ORIENTED_EDGE('',*,*,#4496,.F.);
#2293=ORIENTED_EDGE('',*,*,#4498,.F.);
#2294=ORIENTED_EDGE('',*,*,#4500,.F.);
#2295=ORIENTED_EDGE('',*,*,#4502,.F.);
#2296=ORIENTED_EDGE('',*,*,#4504,.F.);
#2297=ORIENTED_EDGE('',*,*,#4506,.F.);
#2298=ORIENTED_EDGE('',*,*,#4508,.F.);
#2299=ORIENTED_EDGE('',*,*,#4510,.F.);
#2300=ORIENTED_EDGE('',*,*,#4512,.F.);
#2301=ORIENTED_EDGE('',*,*,#4514,.F.);
#2302=ORIENTED_EDGE('',*,*,#4515,.F.);
#2303=ORIENTED_EDGE('',*,*,#4057,.F.);
#2304=ORIENTED_EDGE('',*,*,#4516,.F.);
#2305=ORIENTED_EDGE('',*,*,#4517,.T.);
#2306=ORIENTED_EDGE('',*,*,#4518,.T.);
#2307=ORIENTED_EDGE('',*,*,#4056,.F.);
#2308=ORIENTED_EDGE('',*,*,#4519,.F.);
#2309=ORIENTED_EDGE('',*,*,#4520,.T.);
#2310=ORIENTED_EDGE('',*,*,#4516,.T.);
#2311=ORIENTED_EDGE('',*,*,#4060,.F.);
#2312=ORIENTED_EDGE('',*,*,#4521,.F.);
#2313=ORIENTED_EDGE('',*,*,#4522,.T.);
#2314=ORIENTED_EDGE('',*,*,#4519,.T.);
#2315=ORIENTED_EDGE('',*,*,#4059,.F.);
#2316=ORIENTED_EDGE('',*,*,#4523,.F.);
#2317=ORIENTED_EDGE('',*,*,#4524,.T.);
#2318=ORIENTED_EDGE('',*,*,#4521,.T.);
#2319=ORIENTED_EDGE('',*,*,#4058,.F.);
#2320=ORIENTED_EDGE('',*,*,#4518,.F.);
#2321=ORIENTED_EDGE('',*,*,#4525,.T.);
#2322=ORIENTED_EDGE('',*,*,#4523,.T.);
#2323=ORIENTED_EDGE('',*,*,#4517,.F.);
#2324=ORIENTED_EDGE('',*,*,#4520,.F.);
#2325=ORIENTED_EDGE('',*,*,#4522,.F.);
#2326=ORIENTED_EDGE('',*,*,#4524,.F.);
#2327=ORIENTED_EDGE('',*,*,#4525,.F.);
#2328=ORIENTED_EDGE('',*,*,#4062,.F.);
#2329=ORIENTED_EDGE('',*,*,#4526,.F.);
#2330=ORIENTED_EDGE('',*,*,#4527,.T.);
#2331=ORIENTED_EDGE('',*,*,#4528,.T.);
#2332=ORIENTED_EDGE('',*,*,#4061,.F.);
#2333=ORIENTED_EDGE('',*,*,#4529,.F.);
#2334=ORIENTED_EDGE('',*,*,#4530,.T.);
#2335=ORIENTED_EDGE('',*,*,#4526,.T.);
#2336=ORIENTED_EDGE('',*,*,#4084,.F.);
#2337=ORIENTED_EDGE('',*,*,#4531,.F.);
#2338=ORIENTED_EDGE('',*,*,#4532,.T.);
#2339=ORIENTED_EDGE('',*,*,#4529,.T.);
#2340=ORIENTED_EDGE('',*,*,#4083,.F.);
#2341=ORIENTED_EDGE('',*,*,#4533,.F.);
#2342=ORIENTED_EDGE('',*,*,#4534,.T.);
#2343=ORIENTED_EDGE('',*,*,#4531,.T.);
#2344=ORIENTED_EDGE('',*,*,#4082,.F.);
#2345=ORIENTED_EDGE('',*,*,#4535,.F.);
#2346=ORIENTED_EDGE('',*,*,#4536,.T.);
#2347=ORIENTED_EDGE('',*,*,#4533,.T.);
#2348=ORIENTED_EDGE('',*,*,#4081,.F.);
#2349=ORIENTED_EDGE('',*,*,#4537,.F.);
#2350=ORIENTED_EDGE('',*,*,#4538,.T.);
#2351=ORIENTED_EDGE('',*,*,#4535,.T.);
#2352=ORIENTED_EDGE('',*,*,#4080,.F.);
#2353=ORIENTED_EDGE('',*,*,#4539,.F.);
#2354=ORIENTED_EDGE('',*,*,#4540,.T.);
#2355=ORIENTED_EDGE('',*,*,#4537,.T.);
#2356=ORIENTED_EDGE('',*,*,#4079,.F.);
#2357=ORIENTED_EDGE('',*,*,#4541,.F.);
#2358=ORIENTED_EDGE('',*,*,#4542,.T.);
#2359=ORIENTED_EDGE('',*,*,#4539,.T.);
#2360=ORIENTED_EDGE('',*,*,#4078,.F.);
#2361=ORIENTED_EDGE('',*,*,#4543,.F.);
#2362=ORIENTED_EDGE('',*,*,#4544,.T.);
#2363=ORIENTED_EDGE('',*,*,#4541,.T.);
#2364=ORIENTED_EDGE('',*,*,#4077,.F.);
#2365=ORIENTED_EDGE('',*,*,#4545,.F.);
#2366=ORIENTED_EDGE('',*,*,#4546,.T.);
#2367=ORIENTED_EDGE('',*,*,#4543,.T.);
#2368=ORIENTED_EDGE('',*,*,#4076,.F.);
#2369=ORIENTED_EDGE('',*,*,#4547,.F.);
#2370=ORIENTED_EDGE('',*,*,#4548,.T.);
#2371=ORIENTED_EDGE('',*,*,#4545,.T.);
#2372=ORIENTED_EDGE('',*,*,#4075,.F.);
#2373=ORIENTED_EDGE('',*,*,#4549,.F.);
#2374=ORIENTED_EDGE('',*,*,#4550,.T.);
#2375=ORIENTED_EDGE('',*,*,#4547,.T.);
#2376=ORIENTED_EDGE('',*,*,#4074,.F.);
#2377=ORIENTED_EDGE('',*,*,#4551,.F.);
#2378=ORIENTED_EDGE('',*,*,#4552,.T.);
#2379=ORIENTED_EDGE('',*,*,#4549,.T.);
#2380=ORIENTED_EDGE('',*,*,#4073,.F.);
#2381=ORIENTED_EDGE('',*,*,#4553,.F.);
#2382=ORIENTED_EDGE('',*,*,#4554,.T.);
#2383=ORIENTED_EDGE('',*,*,#4551,.T.);
#2384=ORIENTED_EDGE('',*,*,#4072,.F.);
#2385=ORIENTED_EDGE('',*,*,#4555,.F.);
#2386=ORIENTED_EDGE('',*,*,#4556,.T.);
#2387=ORIENTED_EDGE('',*,*,#4553,.T.);
#2388=ORIENTED_EDGE('',*,*,#4071,.F.);
#2389=ORIENTED_EDGE('',*,*,#4557,.F.);
#2390=ORIENTED_EDGE('',*,*,#4558,.T.);
#2391=ORIENTED_EDGE('',*,*,#4555,.T.);
#2392=ORIENTED_EDGE('',*,*,#4070,.F.);
#2393=ORIENTED_EDGE('',*,*,#4559,.F.);
#2394=ORIENTED_EDGE('',*,*,#4560,.T.);
#2395=ORIENTED_EDGE('',*,*,#4557,.T.);
#2396=ORIENTED_EDGE('',*,*,#4069,.F.);
#2397=ORIENTED_EDGE('',*,*,#4561,.F.);
#2398=ORIENTED_EDGE('',*,*,#4562,.T.);
#2399=ORIENTED_EDGE('',*,*,#4559,.T.);
#2400=ORIENTED_EDGE('',*,*,#4068,.F.);
#2401=ORIENTED_EDGE('',*,*,#4563,.F.);
#2402=ORIENTED_EDGE('',*,*,#4564,.T.);
#2403=ORIENTED_EDGE('',*,*,#4561,.T.);
#2404=ORIENTED_EDGE('',*,*,#4067,.F.);
#2405=ORIENTED_EDGE('',*,*,#4565,.F.);
#2406=ORIENTED_EDGE('',*,*,#4566,.T.);
#2407=ORIENTED_EDGE('',*,*,#4563,.T.);
#2408=ORIENTED_EDGE('',*,*,#4066,.F.);
#2409=ORIENTED_EDGE('',*,*,#4567,.F.);
#2410=ORIENTED_EDGE('',*,*,#4568,.T.);
#2411=ORIENTED_EDGE('',*,*,#4565,.T.);
#2412=ORIENTED_EDGE('',*,*,#4065,.F.);
#2413=ORIENTED_EDGE('',*,*,#4569,.F.);
#2414=ORIENTED_EDGE('',*,*,#4570,.T.);
#2415=ORIENTED_EDGE('',*,*,#4567,.T.);
#2416=ORIENTED_EDGE('',*,*,#4064,.F.);
#2417=ORIENTED_EDGE('',*,*,#4571,.F.);
#2418=ORIENTED_EDGE('',*,*,#4572,.T.);
#2419=ORIENTED_EDGE('',*,*,#4569,.T.);
#2420=ORIENTED_EDGE('',*,*,#4063,.F.);
#2421=ORIENTED_EDGE('',*,*,#4528,.F.);
#2422=ORIENTED_EDGE('',*,*,#4573,.T.);
#2423=ORIENTED_EDGE('',*,*,#4571,.T.);
#2424=ORIENTED_EDGE('',*,*,#4527,.F.);
#2425=ORIENTED_EDGE('',*,*,#4530,.F.);
#2426=ORIENTED_EDGE('',*,*,#4532,.F.);
#2427=ORIENTED_EDGE('',*,*,#4534,.F.);
#2428=ORIENTED_EDGE('',*,*,#4536,.F.);
#2429=ORIENTED_EDGE('',*,*,#4538,.F.);
#2430=ORIENTED_EDGE('',*,*,#4540,.F.);
#2431=ORIENTED_EDGE('',*,*,#4542,.F.);
#2432=ORIENTED_EDGE('',*,*,#4544,.F.);
#2433=ORIENTED_EDGE('',*,*,#4546,.F.);
#2434=ORIENTED_EDGE('',*,*,#4548,.F.);
#2435=ORIENTED_EDGE('',*,*,#4550,.F.);
#2436=ORIENTED_EDGE('',*,*,#4552,.F.);
#2437=ORIENTED_EDGE('',*,*,#4554,.F.);
#2438=ORIENTED_EDGE('',*,*,#4556,.F.);
#2439=ORIENTED_EDGE('',*,*,#4558,.F.);
#2440=ORIENTED_EDGE('',*,*,#4560,.F.);
#2441=ORIENTED_EDGE('',*,*,#4562,.F.);
#2442=ORIENTED_EDGE('',*,*,#4564,.F.);
#2443=ORIENTED_EDGE('',*,*,#4566,.F.);
#2444=ORIENTED_EDGE('',*,*,#4568,.F.);
#2445=ORIENTED_EDGE('',*,*,#4570,.F.);
#2446=ORIENTED_EDGE('',*,*,#4572,.F.);
#2447=ORIENTED_EDGE('',*,*,#4573,.F.);
#2448=ORIENTED_EDGE('',*,*,#4086,.F.);
#2449=ORIENTED_EDGE('',*,*,#4574,.F.);
#2450=ORIENTED_EDGE('',*,*,#4575,.T.);
#2451=ORIENTED_EDGE('',*,*,#4576,.T.);
#2452=ORIENTED_EDGE('',*,*,#4085,.F.);
#2453=ORIENTED_EDGE('',*,*,#4577,.F.);
#2454=ORIENTED_EDGE('',*,*,#4578,.T.);
#2455=ORIENTED_EDGE('',*,*,#4574,.T.);
#2456=ORIENTED_EDGE('',*,*,#4097,.F.);
#2457=ORIENTED_EDGE('',*,*,#4579,.F.);
#2458=ORIENTED_EDGE('',*,*,#4580,.T.);
#2459=ORIENTED_EDGE('',*,*,#4577,.T.);
#2460=ORIENTED_EDGE('',*,*,#4096,.F.);
#2461=ORIENTED_EDGE('',*,*,#4581,.F.);
#2462=ORIENTED_EDGE('',*,*,#4582,.T.);
#2463=ORIENTED_EDGE('',*,*,#4579,.T.);
#2464=ORIENTED_EDGE('',*,*,#4095,.F.);
#2465=ORIENTED_EDGE('',*,*,#4583,.F.);
#2466=ORIENTED_EDGE('',*,*,#4584,.T.);
#2467=ORIENTED_EDGE('',*,*,#4581,.T.);
#2468=ORIENTED_EDGE('',*,*,#4094,.F.);
#2469=ORIENTED_EDGE('',*,*,#4585,.F.);
#2470=ORIENTED_EDGE('',*,*,#4586,.T.);
#2471=ORIENTED_EDGE('',*,*,#4583,.T.);
#2472=ORIENTED_EDGE('',*,*,#4093,.F.);
#2473=ORIENTED_EDGE('',*,*,#4587,.F.);
#2474=ORIENTED_EDGE('',*,*,#4588,.T.);
#2475=ORIENTED_EDGE('',*,*,#4585,.T.);
#2476=ORIENTED_EDGE('',*,*,#4092,.F.);
#2477=ORIENTED_EDGE('',*,*,#4589,.F.);
#2478=ORIENTED_EDGE('',*,*,#4590,.T.);
#2479=ORIENTED_EDGE('',*,*,#4587,.T.);
#2480=ORIENTED_EDGE('',*,*,#4091,.F.);
#2481=ORIENTED_EDGE('',*,*,#4591,.F.);
#2482=ORIENTED_EDGE('',*,*,#4592,.T.);
#2483=ORIENTED_EDGE('',*,*,#4589,.T.);
#2484=ORIENTED_EDGE('',*,*,#4090,.F.);
#2485=ORIENTED_EDGE('',*,*,#4593,.F.);
#2486=ORIENTED_EDGE('',*,*,#4594,.T.);
#2487=ORIENTED_EDGE('',*,*,#4591,.T.);
#2488=ORIENTED_EDGE('',*,*,#4089,.F.);
#2489=ORIENTED_EDGE('',*,*,#4595,.F.);
#2490=ORIENTED_EDGE('',*,*,#4596,.T.);
#2491=ORIENTED_EDGE('',*,*,#4593,.T.);
#2492=ORIENTED_EDGE('',*,*,#4088,.F.);
#2493=ORIENTED_EDGE('',*,*,#4597,.F.);
#2494=ORIENTED_EDGE('',*,*,#4598,.T.);
#2495=ORIENTED_EDGE('',*,*,#4595,.T.);
#2496=ORIENTED_EDGE('',*,*,#4087,.F.);
#2497=ORIENTED_EDGE('',*,*,#4576,.F.);
#2498=ORIENTED_EDGE('',*,*,#4599,.T.);
#2499=ORIENTED_EDGE('',*,*,#4597,.T.);
#2500=ORIENTED_EDGE('',*,*,#4575,.F.);
#2501=ORIENTED_EDGE('',*,*,#4578,.F.);
#2502=ORIENTED_EDGE('',*,*,#4580,.F.);
#2503=ORIENTED_EDGE('',*,*,#4582,.F.);
#2504=ORIENTED_EDGE('',*,*,#4584,.F.);
#2505=ORIENTED_EDGE('',*,*,#4586,.F.);
#2506=ORIENTED_EDGE('',*,*,#4588,.F.);
#2507=ORIENTED_EDGE('',*,*,#4590,.F.);
#2508=ORIENTED_EDGE('',*,*,#4592,.F.);
#2509=ORIENTED_EDGE('',*,*,#4594,.F.);
#2510=ORIENTED_EDGE('',*,*,#4596,.F.);
#2511=ORIENTED_EDGE('',*,*,#4598,.F.);
#2512=ORIENTED_EDGE('',*,*,#4599,.F.);
#2513=ORIENTED_EDGE('',*,*,#4099,.F.);
#2514=ORIENTED_EDGE('',*,*,#4600,.F.);
#2515=ORIENTED_EDGE('',*,*,#4601,.T.);
#2516=ORIENTED_EDGE('',*,*,#4602,.T.);
#2517=ORIENTED_EDGE('',*,*,#4098,.F.);
#2518=ORIENTED_EDGE('',*,*,#4603,.F.);
#2519=ORIENTED_EDGE('',*,*,#4604,.T.);
#2520=ORIENTED_EDGE('',*,*,#4600,.T.);
#2521=ORIENTED_EDGE('',*,*,#4104,.F.);
#2522=ORIENTED_EDGE('',*,*,#4605,.F.);
#2523=ORIENTED_EDGE('',*,*,#4606,.T.);
#2524=ORIENTED_EDGE('',*,*,#4603,.T.);
#2525=ORIENTED_EDGE('',*,*,#4103,.F.);
#2526=ORIENTED_EDGE('',*,*,#4607,.F.);
#2527=ORIENTED_EDGE('',*,*,#4608,.T.);
#2528=ORIENTED_EDGE('',*,*,#4605,.T.);
#2529=ORIENTED_EDGE('',*,*,#4102,.F.);
#2530=ORIENTED_EDGE('',*,*,#4609,.F.);
#2531=ORIENTED_EDGE('',*,*,#4610,.T.);
#2532=ORIENTED_EDGE('',*,*,#4607,.T.);
#2533=ORIENTED_EDGE('',*,*,#4101,.F.);
#2534=ORIENTED_EDGE('',*,*,#4611,.F.);
#2535=ORIENTED_EDGE('',*,*,#4612,.T.);
#2536=ORIENTED_EDGE('',*,*,#4609,.T.);
#2537=ORIENTED_EDGE('',*,*,#4100,.F.);
#2538=ORIENTED_EDGE('',*,*,#4602,.F.);
#2539=ORIENTED_EDGE('',*,*,#4613,.T.);
#2540=ORIENTED_EDGE('',*,*,#4611,.T.);
#2541=ORIENTED_EDGE('',*,*,#4601,.F.);
#2542=ORIENTED_EDGE('',*,*,#4604,.F.);
#2543=ORIENTED_EDGE('',*,*,#4606,.F.);
#2544=ORIENTED_EDGE('',*,*,#4608,.F.);
#2545=ORIENTED_EDGE('',*,*,#4610,.F.);
#2546=ORIENTED_EDGE('',*,*,#4612,.F.);
#2547=ORIENTED_EDGE('',*,*,#4613,.F.);
#2548=ORIENTED_EDGE('',*,*,#4106,.F.);
#2549=ORIENTED_EDGE('',*,*,#4614,.F.);
#2550=ORIENTED_EDGE('',*,*,#4615,.T.);
#2551=ORIENTED_EDGE('',*,*,#4616,.T.);
#2552=ORIENTED_EDGE('',*,*,#4105,.F.);
#2553=ORIENTED_EDGE('',*,*,#4617,.F.);
#2554=ORIENTED_EDGE('',*,*,#4618,.T.);
#2555=ORIENTED_EDGE('',*,*,#4614,.T.);
#2556=ORIENTED_EDGE('',*,*,#4109,.F.);
#2557=ORIENTED_EDGE('',*,*,#4619,.F.);
#2558=ORIENTED_EDGE('',*,*,#4620,.T.);
#2559=ORIENTED_EDGE('',*,*,#4617,.T.);
#2560=ORIENTED_EDGE('',*,*,#4108,.F.);
#2561=ORIENTED_EDGE('',*,*,#4621,.F.);
#2562=ORIENTED_EDGE('',*,*,#4622,.T.);
#2563=ORIENTED_EDGE('',*,*,#4619,.T.);
#2564=ORIENTED_EDGE('',*,*,#4107,.F.);
#2565=ORIENTED_EDGE('',*,*,#4616,.F.);
#2566=ORIENTED_EDGE('',*,*,#4623,.T.);
#2567=ORIENTED_EDGE('',*,*,#4621,.T.);
#2568=ORIENTED_EDGE('',*,*,#4615,.F.);
#2569=ORIENTED_EDGE('',*,*,#4618,.F.);
#2570=ORIENTED_EDGE('',*,*,#4620,.F.);
#2571=ORIENTED_EDGE('',*,*,#4622,.F.);
#2572=ORIENTED_EDGE('',*,*,#4623,.F.);
#2573=ORIENTED_EDGE('',*,*,#4111,.F.);
#2574=ORIENTED_EDGE('',*,*,#4624,.F.);
#2575=ORIENTED_EDGE('',*,*,#4625,.T.);
#2576=ORIENTED_EDGE('',*,*,#4626,.T.);
#2577=ORIENTED_EDGE('',*,*,#4110,.F.);
#2578=ORIENTED_EDGE('',*,*,#4627,.F.);
#2579=ORIENTED_EDGE('',*,*,#4628,.T.);
#2580=ORIENTED_EDGE('',*,*,#4624,.T.);
#2581=ORIENTED_EDGE('',*,*,#4144,.F.);
#2582=ORIENTED_EDGE('',*,*,#4629,.F.);
#2583=ORIENTED_EDGE('',*,*,#4630,.T.);
#2584=ORIENTED_EDGE('',*,*,#4627,.T.);
#2585=ORIENTED_EDGE('',*,*,#4143,.F.);
#2586=ORIENTED_EDGE('',*,*,#4631,.F.);
#2587=ORIENTED_EDGE('',*,*,#4632,.T.);
#2588=ORIENTED_EDGE('',*,*,#4629,.T.);
#2589=ORIENTED_EDGE('',*,*,#4142,.F.);
#2590=ORIENTED_EDGE('',*,*,#4633,.F.);
#2591=ORIENTED_EDGE('',*,*,#4634,.T.);
#2592=ORIENTED_EDGE('',*,*,#4631,.T.);
#2593=ORIENTED_EDGE('',*,*,#4141,.F.);
#2594=ORIENTED_EDGE('',*,*,#4635,.F.);
#2595=ORIENTED_EDGE('',*,*,#4636,.T.);
#2596=ORIENTED_EDGE('',*,*,#4633,.T.);
#2597=ORIENTED_EDGE('',*,*,#4140,.F.);
#2598=ORIENTED_EDGE('',*,*,#4637,.F.);
#2599=ORIENTED_EDGE('',*,*,#4638,.T.);
#2600=ORIENTED_EDGE('',*,*,#4635,.T.);
#2601=ORIENTED_EDGE('',*,*,#4139,.F.);
#2602=ORIENTED_EDGE('',*,*,#4639,.F.);
#2603=ORIENTED_EDGE('',*,*,#4640,.T.);
#2604=ORIENTED_EDGE('',*,*,#4637,.T.);
#2605=ORIENTED_EDGE('',*,*,#4138,.F.);
#2606=ORIENTED_EDGE('',*,*,#4641,.F.);
#2607=ORIENTED_EDGE('',*,*,#4642,.T.);
#2608=ORIENTED_EDGE('',*,*,#4639,.T.);
#2609=ORIENTED_EDGE('',*,*,#4137,.F.);
#2610=ORIENTED_EDGE('',*,*,#4643,.F.);
#2611=ORIENTED_EDGE('',*,*,#4644,.T.);
#2612=ORIENTED_EDGE('',*,*,#4641,.T.);
#2613=ORIENTED_EDGE('',*,*,#4136,.F.);
#2614=ORIENTED_EDGE('',*,*,#4645,.F.);
#2615=ORIENTED_EDGE('',*,*,#4646,.T.);
#2616=ORIENTED_EDGE('',*,*,#4643,.T.);
#2617=ORIENTED_EDGE('',*,*,#4135,.F.);
#2618=ORIENTED_EDGE('',*,*,#4647,.F.);
#2619=ORIENTED_EDGE('',*,*,#4648,.T.);
#2620=ORIENTED_EDGE('',*,*,#4645,.T.);
#2621=ORIENTED_EDGE('',*,*,#4134,.F.);
#2622=ORIENTED_EDGE('',*,*,#4649,.F.);
#2623=ORIENTED_EDGE('',*,*,#4650,.T.);
#2624=ORIENTED_EDGE('',*,*,#4647,.T.);
#2625=ORIENTED_EDGE('',*,*,#4133,.F.);
#2626=ORIENTED_EDGE('',*,*,#4651,.F.);
#2627=ORIENTED_EDGE('',*,*,#4652,.T.);
#2628=ORIENTED_EDGE('',*,*,#4649,.T.);
#2629=ORIENTED_EDGE('',*,*,#4132,.F.);
#2630=ORIENTED_EDGE('',*,*,#4653,.F.);
#2631=ORIENTED_EDGE('',*,*,#4654,.T.);
#2632=ORIENTED_EDGE('',*,*,#4651,.T.);
#2633=ORIENTED_EDGE('',*,*,#4131,.F.);
#2634=ORIENTED_EDGE('',*,*,#4655,.F.);
#2635=ORIENTED_EDGE('',*,*,#4656,.T.);
#2636=ORIENTED_EDGE('',*,*,#4653,.T.);
#2637=ORIENTED_EDGE('',*,*,#4130,.F.);
#2638=ORIENTED_EDGE('',*,*,#4657,.F.);
#2639=ORIENTED_EDGE('',*,*,#4658,.T.);
#2640=ORIENTED_EDGE('',*,*,#4655,.T.);
#2641=ORIENTED_EDGE('',*,*,#4129,.F.);
#2642=ORIENTED_EDGE('',*,*,#4659,.F.);
#2643=ORIENTED_EDGE('',*,*,#4660,.T.);
#2644=ORIENTED_EDGE('',*,*,#4657,.T.);
#2645=ORIENTED_EDGE('',*,*,#4128,.F.);
#2646=ORIENTED_EDGE('',*,*,#4661,.F.);
#2647=ORIENTED_EDGE('',*,*,#4662,.T.);
#2648=ORIENTED_EDGE('',*,*,#4659,.T.);
#2649=ORIENTED_EDGE('',*,*,#4127,.F.);
#2650=ORIENTED_EDGE('',*,*,#4663,.F.);
#2651=ORIENTED_EDGE('',*,*,#4664,.T.);
#2652=ORIENTED_EDGE('',*,*,#4661,.T.);
#2653=ORIENTED_EDGE('',*,*,#4126,.F.);
#2654=ORIENTED_EDGE('',*,*,#4665,.F.);
#2655=ORIENTED_EDGE('',*,*,#4666,.T.);
#2656=ORIENTED_EDGE('',*,*,#4663,.T.);
#2657=ORIENTED_EDGE('',*,*,#4125,.F.);
#2658=ORIENTED_EDGE('',*,*,#4667,.F.);
#2659=ORIENTED_EDGE('',*,*,#4668,.T.);
#2660=ORIENTED_EDGE('',*,*,#4665,.T.);
#2661=ORIENTED_EDGE('',*,*,#4124,.F.);
#2662=ORIENTED_EDGE('',*,*,#4669,.F.);
#2663=ORIENTED_EDGE('',*,*,#4670,.T.);
#2664=ORIENTED_EDGE('',*,*,#4667,.T.);
#2665=ORIENTED_EDGE('',*,*,#4123,.F.);
#2666=ORIENTED_EDGE('',*,*,#4671,.F.);
#2667=ORIENTED_EDGE('',*,*,#4672,.T.);
#2668=ORIENTED_EDGE('',*,*,#4669,.T.);
#2669=ORIENTED_EDGE('',*,*,#4122,.F.);
#2670=ORIENTED_EDGE('',*,*,#4673,.F.);
#2671=ORIENTED_EDGE('',*,*,#4674,.T.);
#2672=ORIENTED_EDGE('',*,*,#4671,.T.);
#2673=ORIENTED_EDGE('',*,*,#4121,.F.);
#2674=ORIENTED_EDGE('',*,*,#4675,.F.);
#2675=ORIENTED_EDGE('',*,*,#4676,.T.);
#2676=ORIENTED_EDGE('',*,*,#4673,.T.);
#2677=ORIENTED_EDGE('',*,*,#4120,.F.);
#2678=ORIENTED_EDGE('',*,*,#4677,.F.);
#2679=ORIENTED_EDGE('',*,*,#4678,.T.);
#2680=ORIENTED_EDGE('',*,*,#4675,.T.);
#2681=ORIENTED_EDGE('',*,*,#4119,.F.);
#2682=ORIENTED_EDGE('',*,*,#4679,.F.);
#2683=ORIENTED_EDGE('',*,*,#4680,.T.);
#2684=ORIENTED_EDGE('',*,*,#4677,.T.);
#2685=ORIENTED_EDGE('',*,*,#4118,.F.);
#2686=ORIENTED_EDGE('',*,*,#4681,.F.);
#2687=ORIENTED_EDGE('',*,*,#4682,.T.);
#2688=ORIENTED_EDGE('',*,*,#4679,.T.);
#2689=ORIENTED_EDGE('',*,*,#4117,.F.);
#2690=ORIENTED_EDGE('',*,*,#4683,.F.);
#2691=ORIENTED_EDGE('',*,*,#4684,.T.);
#2692=ORIENTED_EDGE('',*,*,#4681,.T.);
#2693=ORIENTED_EDGE('',*,*,#4116,.F.);
#2694=ORIENTED_EDGE('',*,*,#4685,.F.);
#2695=ORIENTED_EDGE('',*,*,#4686,.T.);
#2696=ORIENTED_EDGE('',*,*,#4683,.T.);
#2697=ORIENTED_EDGE('',*,*,#4115,.F.);
#2698=ORIENTED_EDGE('',*,*,#4687,.F.);
#2699=ORIENTED_EDGE('',*,*,#4688,.T.);
#2700=ORIENTED_EDGE('',*,*,#4685,.T.);
#2701=ORIENTED_EDGE('',*,*,#4114,.F.);
#2702=ORIENTED_EDGE('',*,*,#4689,.F.);
#2703=ORIENTED_EDGE('',*,*,#4690,.T.);
#2704=ORIENTED_EDGE('',*,*,#4687,.T.);
#2705=ORIENTED_EDGE('',*,*,#4113,.F.);
#2706=ORIENTED_EDGE('',*,*,#4691,.F.);
#2707=ORIENTED_EDGE('',*,*,#4692,.T.);
#2708=ORIENTED_EDGE('',*,*,#4689,.T.);
#2709=ORIENTED_EDGE('',*,*,#4112,.F.);
#2710=ORIENTED_EDGE('',*,*,#4626,.F.);
#2711=ORIENTED_EDGE('',*,*,#4693,.T.);
#2712=ORIENTED_EDGE('',*,*,#4691,.T.);
#2713=ORIENTED_EDGE('',*,*,#4625,.F.);
#2714=ORIENTED_EDGE('',*,*,#4628,.F.);
#2715=ORIENTED_EDGE('',*,*,#4630,.F.);
#2716=ORIENTED_EDGE('',*,*,#4632,.F.);
#2717=ORIENTED_EDGE('',*,*,#4634,.F.);
#2718=ORIENTED_EDGE('',*,*,#4636,.F.);
#2719=ORIENTED_EDGE('',*,*,#4638,.F.);
#2720=ORIENTED_EDGE('',*,*,#4640,.F.);
#2721=ORIENTED_EDGE('',*,*,#4642,.F.);
#2722=ORIENTED_EDGE('',*,*,#4644,.F.);
#2723=ORIENTED_EDGE('',*,*,#4646,.F.);
#2724=ORIENTED_EDGE('',*,*,#4648,.F.);
#2725=ORIENTED_EDGE('',*,*,#4650,.F.);
#2726=ORIENTED_EDGE('',*,*,#4652,.F.);
#2727=ORIENTED_EDGE('',*,*,#4654,.F.);
#2728=ORIENTED_EDGE('',*,*,#4656,.F.);
#2729=ORIENTED_EDGE('',*,*,#4658,.F.);
#2730=ORIENTED_EDGE('',*,*,#4660,.F.);
#2731=ORIENTED_EDGE('',*,*,#4662,.F.);
#2732=ORIENTED_EDGE('',*,*,#4664,.F.);
#2733=ORIENTED_EDGE('',*,*,#4666,.F.);
#2734=ORIENTED_EDGE('',*,*,#4668,.F.);
#2735=ORIENTED_EDGE('',*,*,#4670,.F.);
#2736=ORIENTED_EDGE('',*,*,#4672,.F.);
#2737=ORIENTED_EDGE('',*,*,#4674,.F.);
#2738=ORIENTED_EDGE('',*,*,#4676,.F.);
#2739=ORIENTED_EDGE('',*,*,#4678,.F.);
#2740=ORIENTED_EDGE('',*,*,#4680,.F.);
#2741=ORIENTED_EDGE('',*,*,#4682,.F.);
#2742=ORIENTED_EDGE('',*,*,#4684,.F.);
#2743=ORIENTED_EDGE('',*,*,#4686,.F.);
#2744=ORIENTED_EDGE('',*,*,#4688,.F.);
#2745=ORIENTED_EDGE('',*,*,#4690,.F.);
#2746=ORIENTED_EDGE('',*,*,#4692,.F.);
#2747=ORIENTED_EDGE('',*,*,#4693,.F.);
#2748=ORIENTED_EDGE('',*,*,#4146,.F.);
#2749=ORIENTED_EDGE('',*,*,#4694,.F.);
#2750=ORIENTED_EDGE('',*,*,#4695,.T.);
#2751=ORIENTED_EDGE('',*,*,#4696,.T.);
#2752=ORIENTED_EDGE('',*,*,#4145,.F.);
#2753=ORIENTED_EDGE('',*,*,#4697,.F.);
#2754=ORIENTED_EDGE('',*,*,#4698,.T.);
#2755=ORIENTED_EDGE('',*,*,#4694,.T.);
#2756=ORIENTED_EDGE('',*,*,#4149,.F.);
#2757=ORIENTED_EDGE('',*,*,#4699,.F.);
#2758=ORIENTED_EDGE('',*,*,#4700,.T.);
#2759=ORIENTED_EDGE('',*,*,#4697,.T.);
#2760=ORIENTED_EDGE('',*,*,#4148,.F.);
#2761=ORIENTED_EDGE('',*,*,#4701,.F.);
#2762=ORIENTED_EDGE('',*,*,#4702,.T.);
#2763=ORIENTED_EDGE('',*,*,#4699,.T.);
#2764=ORIENTED_EDGE('',*,*,#4147,.F.);
#2765=ORIENTED_EDGE('',*,*,#4696,.F.);
#2766=ORIENTED_EDGE('',*,*,#4703,.T.);
#2767=ORIENTED_EDGE('',*,*,#4701,.T.);
#2768=ORIENTED_EDGE('',*,*,#4695,.F.);
#2769=ORIENTED_EDGE('',*,*,#4698,.F.);
#2770=ORIENTED_EDGE('',*,*,#4700,.F.);
#2771=ORIENTED_EDGE('',*,*,#4702,.F.);
#2772=ORIENTED_EDGE('',*,*,#4703,.F.);
#2773=ORIENTED_EDGE('',*,*,#4151,.F.);
#2774=ORIENTED_EDGE('',*,*,#4704,.F.);
#2775=ORIENTED_EDGE('',*,*,#4705,.T.);
#2776=ORIENTED_EDGE('',*,*,#4706,.T.);
#2777=ORIENTED_EDGE('',*,*,#4150,.F.);
#2778=ORIENTED_EDGE('',*,*,#4707,.F.);
#2779=ORIENTED_EDGE('',*,*,#4708,.T.);
#2780=ORIENTED_EDGE('',*,*,#4704,.T.);
#2781=ORIENTED_EDGE('',*,*,#4153,.F.);
#2782=ORIENTED_EDGE('',*,*,#4709,.F.);
#2783=ORIENTED_EDGE('',*,*,#4710,.T.);
#2784=ORIENTED_EDGE('',*,*,#4707,.T.);
#2785=ORIENTED_EDGE('',*,*,#4152,.F.);
#2786=ORIENTED_EDGE('',*,*,#4706,.F.);
#2787=ORIENTED_EDGE('',*,*,#4711,.T.);
#2788=ORIENTED_EDGE('',*,*,#4709,.T.);
#2789=ORIENTED_EDGE('',*,*,#4705,.F.);
#2790=ORIENTED_EDGE('',*,*,#4708,.F.);
#2791=ORIENTED_EDGE('',*,*,#4710,.F.);
#2792=ORIENTED_EDGE('',*,*,#4711,.F.);
#2793=ORIENTED_EDGE('',*,*,#4155,.F.);
#2794=ORIENTED_EDGE('',*,*,#4712,.F.);
#2795=ORIENTED_EDGE('',*,*,#4713,.T.);
#2796=ORIENTED_EDGE('',*,*,#4714,.T.);
#2797=ORIENTED_EDGE('',*,*,#4154,.F.);
#2798=ORIENTED_EDGE('',*,*,#4715,.F.);
#2799=ORIENTED_EDGE('',*,*,#4716,.T.);
#2800=ORIENTED_EDGE('',*,*,#4712,.T.);
#2801=ORIENTED_EDGE('',*,*,#4158,.F.);
#2802=ORIENTED_EDGE('',*,*,#4717,.F.);
#2803=ORIENTED_EDGE('',*,*,#4718,.T.);
#2804=ORIENTED_EDGE('',*,*,#4715,.T.);
#2805=ORIENTED_EDGE('',*,*,#4157,.F.);
#2806=ORIENTED_EDGE('',*,*,#4719,.F.);
#2807=ORIENTED_EDGE('',*,*,#4720,.T.);
#2808=ORIENTED_EDGE('',*,*,#4717,.T.);
#2809=ORIENTED_EDGE('',*,*,#4156,.F.);
#2810=ORIENTED_EDGE('',*,*,#4714,.F.);
#2811=ORIENTED_EDGE('',*,*,#4721,.T.);
#2812=ORIENTED_EDGE('',*,*,#4719,.T.);
#2813=ORIENTED_EDGE('',*,*,#4713,.F.);
#2814=ORIENTED_EDGE('',*,*,#4716,.F.);
#2815=ORIENTED_EDGE('',*,*,#4718,.F.);
#2816=ORIENTED_EDGE('',*,*,#4720,.F.);
#2817=ORIENTED_EDGE('',*,*,#4721,.F.);
#2818=ORIENTED_EDGE('',*,*,#4160,.F.);
#2819=ORIENTED_EDGE('',*,*,#4722,.F.);
#2820=ORIENTED_EDGE('',*,*,#4723,.T.);
#2821=ORIENTED_EDGE('',*,*,#4724,.T.);
#2822=ORIENTED_EDGE('',*,*,#4159,.F.);
#2823=ORIENTED_EDGE('',*,*,#4725,.F.);
#2824=ORIENTED_EDGE('',*,*,#4726,.T.);
#2825=ORIENTED_EDGE('',*,*,#4722,.T.);
#2826=ORIENTED_EDGE('',*,*,#4176,.F.);
#2827=ORIENTED_EDGE('',*,*,#4727,.F.);
#2828=ORIENTED_EDGE('',*,*,#4728,.T.);
#2829=ORIENTED_EDGE('',*,*,#4725,.T.);
#2830=ORIENTED_EDGE('',*,*,#4175,.F.);
#2831=ORIENTED_EDGE('',*,*,#4729,.F.);
#2832=ORIENTED_EDGE('',*,*,#4730,.T.);
#2833=ORIENTED_EDGE('',*,*,#4727,.T.);
#2834=ORIENTED_EDGE('',*,*,#4174,.F.);
#2835=ORIENTED_EDGE('',*,*,#4731,.F.);
#2836=ORIENTED_EDGE('',*,*,#4732,.T.);
#2837=ORIENTED_EDGE('',*,*,#4729,.T.);
#2838=ORIENTED_EDGE('',*,*,#4173,.F.);
#2839=ORIENTED_EDGE('',*,*,#4733,.F.);
#2840=ORIENTED_EDGE('',*,*,#4734,.T.);
#2841=ORIENTED_EDGE('',*,*,#4731,.T.);
#2842=ORIENTED_EDGE('',*,*,#4172,.F.);
#2843=ORIENTED_EDGE('',*,*,#4735,.F.);
#2844=ORIENTED_EDGE('',*,*,#4736,.T.);
#2845=ORIENTED_EDGE('',*,*,#4733,.T.);
#2846=ORIENTED_EDGE('',*,*,#4171,.F.);
#2847=ORIENTED_EDGE('',*,*,#4737,.F.);
#2848=ORIENTED_EDGE('',*,*,#4738,.T.);
#2849=ORIENTED_EDGE('',*,*,#4735,.T.);
#2850=ORIENTED_EDGE('',*,*,#4170,.F.);
#2851=ORIENTED_EDGE('',*,*,#4739,.F.);
#2852=ORIENTED_EDGE('',*,*,#4740,.T.);
#2853=ORIENTED_EDGE('',*,*,#4737,.T.);
#2854=ORIENTED_EDGE('',*,*,#4169,.F.);
#2855=ORIENTED_EDGE('',*,*,#4741,.F.);
#2856=ORIENTED_EDGE('',*,*,#4742,.T.);
#2857=ORIENTED_EDGE('',*,*,#4739,.T.);
#2858=ORIENTED_EDGE('',*,*,#4168,.F.);
#2859=ORIENTED_EDGE('',*,*,#4743,.F.);
#2860=ORIENTED_EDGE('',*,*,#4744,.T.);
#2861=ORIENTED_EDGE('',*,*,#4741,.T.);
#2862=ORIENTED_EDGE('',*,*,#4167,.F.);
#2863=ORIENTED_EDGE('',*,*,#4745,.F.);
#2864=ORIENTED_EDGE('',*,*,#4746,.T.);
#2865=ORIENTED_EDGE('',*,*,#4743,.T.);
#2866=ORIENTED_EDGE('',*,*,#4166,.F.);
#2867=ORIENTED_EDGE('',*,*,#4747,.F.);
#2868=ORIENTED_EDGE('',*,*,#4748,.T.);
#2869=ORIENTED_EDGE('',*,*,#4745,.T.);
#2870=ORIENTED_EDGE('',*,*,#4165,.F.);
#2871=ORIENTED_EDGE('',*,*,#4749,.F.);
#2872=ORIENTED_EDGE('',*,*,#4750,.T.);
#2873=ORIENTED_EDGE('',*,*,#4747,.T.);
#2874=ORIENTED_EDGE('',*,*,#4164,.F.);
#2875=ORIENTED_EDGE('',*,*,#4751,.F.);
#2876=ORIENTED_EDGE('',*,*,#4752,.T.);
#2877=ORIENTED_EDGE('',*,*,#4749,.T.);
#2878=ORIENTED_EDGE('',*,*,#4163,.F.);
#2879=ORIENTED_EDGE('',*,*,#4753,.F.);
#2880=ORIENTED_EDGE('',*,*,#4754,.T.);
#2881=ORIENTED_EDGE('',*,*,#4751,.T.);
#2882=ORIENTED_EDGE('',*,*,#4162,.F.);
#2883=ORIENTED_EDGE('',*,*,#4755,.F.);
#2884=ORIENTED_EDGE('',*,*,#4756,.T.);
#2885=ORIENTED_EDGE('',*,*,#4753,.T.);
#2886=ORIENTED_EDGE('',*,*,#4161,.F.);
#2887=ORIENTED_EDGE('',*,*,#4724,.F.);
#2888=ORIENTED_EDGE('',*,*,#4757,.T.);
#2889=ORIENTED_EDGE('',*,*,#4755,.T.);
#2890=ORIENTED_EDGE('',*,*,#4723,.F.);
#2891=ORIENTED_EDGE('',*,*,#4726,.F.);
#2892=ORIENTED_EDGE('',*,*,#4728,.F.);
#2893=ORIENTED_EDGE('',*,*,#4730,.F.);
#2894=ORIENTED_EDGE('',*,*,#4732,.F.);
#2895=ORIENTED_EDGE('',*,*,#4734,.F.);
#2896=ORIENTED_EDGE('',*,*,#4736,.F.);
#2897=ORIENTED_EDGE('',*,*,#4738,.F.);
#2898=ORIENTED_EDGE('',*,*,#4740,.F.);
#2899=ORIENTED_EDGE('',*,*,#4742,.F.);
#2900=ORIENTED_EDGE('',*,*,#4744,.F.);
#2901=ORIENTED_EDGE('',*,*,#4746,.F.);
#2902=ORIENTED_EDGE('',*,*,#4748,.F.);
#2903=ORIENTED_EDGE('',*,*,#4750,.F.);
#2904=ORIENTED_EDGE('',*,*,#4752,.F.);
#2905=ORIENTED_EDGE('',*,*,#4754,.F.);
#2906=ORIENTED_EDGE('',*,*,#4756,.F.);
#2907=ORIENTED_EDGE('',*,*,#4757,.F.);
#2908=ORIENTED_EDGE('',*,*,#4178,.F.);
#2909=ORIENTED_EDGE('',*,*,#4758,.F.);
#2910=ORIENTED_EDGE('',*,*,#4759,.T.);
#2911=ORIENTED_EDGE('',*,*,#4760,.T.);
#2912=ORIENTED_EDGE('',*,*,#4177,.F.);
#2913=ORIENTED_EDGE('',*,*,#4761,.F.);
#2914=ORIENTED_EDGE('',*,*,#4762,.T.);
#2915=ORIENTED_EDGE('',*,*,#4758,.T.);
#2916=ORIENTED_EDGE('',*,*,#4196,.F.);
#2917=ORIENTED_EDGE('',*,*,#4763,.F.);
#2918=ORIENTED_EDGE('',*,*,#4764,.T.);
#2919=ORIENTED_EDGE('',*,*,#4761,.T.);
#2920=ORIENTED_EDGE('',*,*,#4195,.F.);
#2921=ORIENTED_EDGE('',*,*,#4765,.F.);
#2922=ORIENTED_EDGE('',*,*,#4766,.T.);
#2923=ORIENTED_EDGE('',*,*,#4763,.T.);
#2924=ORIENTED_EDGE('',*,*,#4194,.F.);
#2925=ORIENTED_EDGE('',*,*,#4767,.F.);
#2926=ORIENTED_EDGE('',*,*,#4768,.T.);
#2927=ORIENTED_EDGE('',*,*,#4765,.T.);
#2928=ORIENTED_EDGE('',*,*,#4193,.F.);
#2929=ORIENTED_EDGE('',*,*,#4769,.F.);
#2930=ORIENTED_EDGE('',*,*,#4770,.T.);
#2931=ORIENTED_EDGE('',*,*,#4767,.T.);
#2932=ORIENTED_EDGE('',*,*,#4192,.F.);
#2933=ORIENTED_EDGE('',*,*,#4771,.F.);
#2934=ORIENTED_EDGE('',*,*,#4772,.T.);
#2935=ORIENTED_EDGE('',*,*,#4769,.T.);
#2936=ORIENTED_EDGE('',*,*,#4191,.F.);
#2937=ORIENTED_EDGE('',*,*,#4773,.F.);
#2938=ORIENTED_EDGE('',*,*,#4774,.T.);
#2939=ORIENTED_EDGE('',*,*,#4771,.T.);
#2940=ORIENTED_EDGE('',*,*,#4190,.F.);
#2941=ORIENTED_EDGE('',*,*,#4775,.F.);
#2942=ORIENTED_EDGE('',*,*,#4776,.T.);
#2943=ORIENTED_EDGE('',*,*,#4773,.T.);
#2944=ORIENTED_EDGE('',*,*,#4189,.F.);
#2945=ORIENTED_EDGE('',*,*,#4777,.F.);
#2946=ORIENTED_EDGE('',*,*,#4778,.T.);
#2947=ORIENTED_EDGE('',*,*,#4775,.T.);
#2948=ORIENTED_EDGE('',*,*,#4188,.F.);
#2949=ORIENTED_EDGE('',*,*,#4779,.F.);
#2950=ORIENTED_EDGE('',*,*,#4780,.T.);
#2951=ORIENTED_EDGE('',*,*,#4777,.T.);
#2952=ORIENTED_EDGE('',*,*,#4187,.F.);
#2953=ORIENTED_EDGE('',*,*,#4781,.F.);
#2954=ORIENTED_EDGE('',*,*,#4782,.T.);
#2955=ORIENTED_EDGE('',*,*,#4779,.T.);
#2956=ORIENTED_EDGE('',*,*,#4186,.F.);
#2957=ORIENTED_EDGE('',*,*,#4783,.F.);
#2958=ORIENTED_EDGE('',*,*,#4784,.T.);
#2959=ORIENTED_EDGE('',*,*,#4781,.T.);
#2960=ORIENTED_EDGE('',*,*,#4185,.F.);
#2961=ORIENTED_EDGE('',*,*,#4785,.F.);
#2962=ORIENTED_EDGE('',*,*,#4786,.T.);
#2963=ORIENTED_EDGE('',*,*,#4783,.T.);
#2964=ORIENTED_EDGE('',*,*,#4184,.F.);
#2965=ORIENTED_EDGE('',*,*,#4787,.F.);
#2966=ORIENTED_EDGE('',*,*,#4788,.T.);
#2967=ORIENTED_EDGE('',*,*,#4785,.T.);
#2968=ORIENTED_EDGE('',*,*,#4183,.F.);
#2969=ORIENTED_EDGE('',*,*,#4789,.F.);
#2970=ORIENTED_EDGE('',*,*,#4790,.T.);
#2971=ORIENTED_EDGE('',*,*,#4787,.T.);
#2972=ORIENTED_EDGE('',*,*,#4182,.F.);
#2973=ORIENTED_EDGE('',*,*,#4791,.F.);
#2974=ORIENTED_EDGE('',*,*,#4792,.T.);
#2975=ORIENTED_EDGE('',*,*,#4789,.T.);
#2976=ORIENTED_EDGE('',*,*,#4181,.F.);
#2977=ORIENTED_EDGE('',*,*,#4793,.F.);
#2978=ORIENTED_EDGE('',*,*,#4794,.T.);
#2979=ORIENTED_EDGE('',*,*,#4791,.T.);
#2980=ORIENTED_EDGE('',*,*,#4180,.F.);
#2981=ORIENTED_EDGE('',*,*,#4795,.F.);
#2982=ORIENTED_EDGE('',*,*,#4796,.T.);
#2983=ORIENTED_EDGE('',*,*,#4793,.T.);
#2984=ORIENTED_EDGE('',*,*,#4179,.F.);
#2985=ORIENTED_EDGE('',*,*,#4760,.F.);
#2986=ORIENTED_EDGE('',*,*,#4797,.T.);
#2987=ORIENTED_EDGE('',*,*,#4795,.T.);
#2988=ORIENTED_EDGE('',*,*,#4759,.F.);
#2989=ORIENTED_EDGE('',*,*,#4762,.F.);
#2990=ORIENTED_EDGE('',*,*,#4764,.F.);
#2991=ORIENTED_EDGE('',*,*,#4766,.F.);
#2992=ORIENTED_EDGE('',*,*,#4768,.F.);
#2993=ORIENTED_EDGE('',*,*,#4770,.F.);
#2994=ORIENTED_EDGE('',*,*,#4772,.F.);
#2995=ORIENTED_EDGE('',*,*,#4774,.F.);
#2996=ORIENTED_EDGE('',*,*,#4776,.F.);
#2997=ORIENTED_EDGE('',*,*,#4778,.F.);
#2998=ORIENTED_EDGE('',*,*,#4780,.F.);
#2999=ORIENTED_EDGE('',*,*,#4782,.F.);
#3000=ORIENTED_EDGE('',*,*,#4784,.F.);
#3001=ORIENTED_EDGE('',*,*,#4786,.F.);
#3002=ORIENTED_EDGE('',*,*,#4788,.F.);
#3003=ORIENTED_EDGE('',*,*,#4790,.F.);
#3004=ORIENTED_EDGE('',*,*,#4792,.F.);
#3005=ORIENTED_EDGE('',*,*,#4794,.F.);
#3006=ORIENTED_EDGE('',*,*,#4796,.F.);
#3007=ORIENTED_EDGE('',*,*,#4797,.F.);
#3008=ORIENTED_EDGE('',*,*,#4198,.F.);
#3009=ORIENTED_EDGE('',*,*,#4798,.F.);
#3010=ORIENTED_EDGE('',*,*,#4799,.T.);
#3011=ORIENTED_EDGE('',*,*,#4800,.T.);
#3012=ORIENTED_EDGE('',*,*,#4197,.F.);
#3013=ORIENTED_EDGE('',*,*,#4801,.F.);
#3014=ORIENTED_EDGE('',*,*,#4802,.T.);
#3015=ORIENTED_EDGE('',*,*,#4798,.T.);
#3016=ORIENTED_EDGE('',*,*,#4201,.F.);
#3017=ORIENTED_EDGE('',*,*,#4803,.F.);
#3018=ORIENTED_EDGE('',*,*,#4804,.T.);
#3019=ORIENTED_EDGE('',*,*,#4801,.T.);
#3020=ORIENTED_EDGE('',*,*,#4200,.F.);
#3021=ORIENTED_EDGE('',*,*,#4805,.F.);
#3022=ORIENTED_EDGE('',*,*,#4806,.T.);
#3023=ORIENTED_EDGE('',*,*,#4803,.T.);
#3024=ORIENTED_EDGE('',*,*,#4199,.F.);
#3025=ORIENTED_EDGE('',*,*,#4800,.F.);
#3026=ORIENTED_EDGE('',*,*,#4807,.T.);
#3027=ORIENTED_EDGE('',*,*,#4805,.T.);
#3028=ORIENTED_EDGE('',*,*,#4799,.F.);
#3029=ORIENTED_EDGE('',*,*,#4802,.F.);
#3030=ORIENTED_EDGE('',*,*,#4804,.F.);
#3031=ORIENTED_EDGE('',*,*,#4806,.F.);
#3032=ORIENTED_EDGE('',*,*,#4807,.F.);
#3033=ORIENTED_EDGE('',*,*,#4203,.F.);
#3034=ORIENTED_EDGE('',*,*,#4808,.F.);
#3035=ORIENTED_EDGE('',*,*,#4809,.T.);
#3036=ORIENTED_EDGE('',*,*,#4810,.T.);
#3037=ORIENTED_EDGE('',*,*,#4202,.F.);
#3038=ORIENTED_EDGE('',*,*,#4811,.F.);
#3039=ORIENTED_EDGE('',*,*,#4812,.T.);
#3040=ORIENTED_EDGE('',*,*,#4808,.T.);
#3041=ORIENTED_EDGE('',*,*,#4206,.F.);
#3042=ORIENTED_EDGE('',*,*,#4813,.F.);
#3043=ORIENTED_EDGE('',*,*,#4814,.T.);
#3044=ORIENTED_EDGE('',*,*,#4811,.T.);
#3045=ORIENTED_EDGE('',*,*,#4205,.F.);
#3046=ORIENTED_EDGE('',*,*,#4815,.F.);
#3047=ORIENTED_EDGE('',*,*,#4816,.T.);
#3048=ORIENTED_EDGE('',*,*,#4813,.T.);
#3049=ORIENTED_EDGE('',*,*,#4204,.F.);
#3050=ORIENTED_EDGE('',*,*,#4810,.F.);
#3051=ORIENTED_EDGE('',*,*,#4817,.T.);
#3052=ORIENTED_EDGE('',*,*,#4815,.T.);
#3053=ORIENTED_EDGE('',*,*,#4809,.F.);
#3054=ORIENTED_EDGE('',*,*,#4812,.F.);
#3055=ORIENTED_EDGE('',*,*,#4814,.F.);
#3056=ORIENTED_EDGE('',*,*,#4816,.F.);
#3057=ORIENTED_EDGE('',*,*,#4817,.F.);
#3058=ORIENTED_EDGE('',*,*,#4208,.F.);
#3059=ORIENTED_EDGE('',*,*,#4818,.F.);
#3060=ORIENTED_EDGE('',*,*,#4819,.T.);
#3061=ORIENTED_EDGE('',*,*,#4820,.T.);
#3062=ORIENTED_EDGE('',*,*,#4207,.F.);
#3063=ORIENTED_EDGE('',*,*,#4821,.F.);
#3064=ORIENTED_EDGE('',*,*,#4822,.T.);
#3065=ORIENTED_EDGE('',*,*,#4818,.T.);
#3066=ORIENTED_EDGE('',*,*,#4213,.F.);
#3067=ORIENTED_EDGE('',*,*,#4823,.F.);
#3068=ORIENTED_EDGE('',*,*,#4824,.T.);
#3069=ORIENTED_EDGE('',*,*,#4821,.T.);
#3070=ORIENTED_EDGE('',*,*,#4212,.F.);
#3071=ORIENTED_EDGE('',*,*,#4825,.F.);
#3072=ORIENTED_EDGE('',*,*,#4826,.T.);
#3073=ORIENTED_EDGE('',*,*,#4823,.T.);
#3074=ORIENTED_EDGE('',*,*,#4211,.F.);
#3075=ORIENTED_EDGE('',*,*,#4827,.F.);
#3076=ORIENTED_EDGE('',*,*,#4828,.T.);
#3077=ORIENTED_EDGE('',*,*,#4825,.T.);
#3078=ORIENTED_EDGE('',*,*,#4210,.F.);
#3079=ORIENTED_EDGE('',*,*,#4829,.F.);
#3080=ORIENTED_EDGE('',*,*,#4830,.T.);
#3081=ORIENTED_EDGE('',*,*,#4827,.T.);
#3082=ORIENTED_EDGE('',*,*,#4209,.F.);
#3083=ORIENTED_EDGE('',*,*,#4820,.F.);
#3084=ORIENTED_EDGE('',*,*,#4831,.T.);
#3085=ORIENTED_EDGE('',*,*,#4829,.T.);
#3086=ORIENTED_EDGE('',*,*,#4819,.F.);
#3087=ORIENTED_EDGE('',*,*,#4822,.F.);
#3088=ORIENTED_EDGE('',*,*,#4824,.F.);
#3089=ORIENTED_EDGE('',*,*,#4826,.F.);
#3090=ORIENTED_EDGE('',*,*,#4828,.F.);
#3091=ORIENTED_EDGE('',*,*,#4830,.F.);
#3092=ORIENTED_EDGE('',*,*,#4831,.F.);
#3093=ORIENTED_EDGE('',*,*,#4215,.F.);
#3094=ORIENTED_EDGE('',*,*,#4832,.F.);
#3095=ORIENTED_EDGE('',*,*,#4833,.T.);
#3096=ORIENTED_EDGE('',*,*,#4834,.T.);
#3097=ORIENTED_EDGE('',*,*,#4214,.F.);
#3098=ORIENTED_EDGE('',*,*,#4835,.F.);
#3099=ORIENTED_EDGE('',*,*,#4836,.T.);
#3100=ORIENTED_EDGE('',*,*,#4832,.T.);
#3101=ORIENTED_EDGE('',*,*,#4232,.F.);
#3102=ORIENTED_EDGE('',*,*,#4837,.F.);
#3103=ORIENTED_EDGE('',*,*,#4838,.T.);
#3104=ORIENTED_EDGE('',*,*,#4835,.T.);
#3105=ORIENTED_EDGE('',*,*,#4231,.F.);
#3106=ORIENTED_EDGE('',*,*,#4839,.F.);
#3107=ORIENTED_EDGE('',*,*,#4840,.T.);
#3108=ORIENTED_EDGE('',*,*,#4837,.T.);
#3109=ORIENTED_EDGE('',*,*,#4230,.F.);
#3110=ORIENTED_EDGE('',*,*,#4841,.F.);
#3111=ORIENTED_EDGE('',*,*,#4842,.T.);
#3112=ORIENTED_EDGE('',*,*,#4839,.T.);
#3113=ORIENTED_EDGE('',*,*,#4229,.F.);
#3114=ORIENTED_EDGE('',*,*,#4843,.F.);
#3115=ORIENTED_EDGE('',*,*,#4844,.T.);
#3116=ORIENTED_EDGE('',*,*,#4841,.T.);
#3117=ORIENTED_EDGE('',*,*,#4228,.F.);
#3118=ORIENTED_EDGE('',*,*,#4845,.F.);
#3119=ORIENTED_EDGE('',*,*,#4846,.T.);
#3120=ORIENTED_EDGE('',*,*,#4843,.T.);
#3121=ORIENTED_EDGE('',*,*,#4227,.F.);
#3122=ORIENTED_EDGE('',*,*,#4847,.F.);
#3123=ORIENTED_EDGE('',*,*,#4848,.T.);
#3124=ORIENTED_EDGE('',*,*,#4845,.T.);
#3125=ORIENTED_EDGE('',*,*,#4226,.F.);
#3126=ORIENTED_EDGE('',*,*,#4849,.F.);
#3127=ORIENTED_EDGE('',*,*,#4850,.T.);
#3128=ORIENTED_EDGE('',*,*,#4847,.T.);
#3129=ORIENTED_EDGE('',*,*,#4225,.F.);
#3130=ORIENTED_EDGE('',*,*,#4851,.F.);
#3131=ORIENTED_EDGE('',*,*,#4852,.T.);
#3132=ORIENTED_EDGE('',*,*,#4849,.T.);
#3133=ORIENTED_EDGE('',*,*,#4224,.F.);
#3134=ORIENTED_EDGE('',*,*,#4853,.F.);
#3135=ORIENTED_EDGE('',*,*,#4854,.T.);
#3136=ORIENTED_EDGE('',*,*,#4851,.T.);
#3137=ORIENTED_EDGE('',*,*,#4223,.F.);
#3138=ORIENTED_EDGE('',*,*,#4855,.F.);
#3139=ORIENTED_EDGE('',*,*,#4856,.T.);
#3140=ORIENTED_EDGE('',*,*,#4853,.T.);
#3141=ORIENTED_EDGE('',*,*,#4222,.F.);
#3142=ORIENTED_EDGE('',*,*,#4857,.F.);
#3143=ORIENTED_EDGE('',*,*,#4858,.T.);
#3144=ORIENTED_EDGE('',*,*,#4855,.T.);
#3145=ORIENTED_EDGE('',*,*,#4221,.F.);
#3146=ORIENTED_EDGE('',*,*,#4859,.F.);
#3147=ORIENTED_EDGE('',*,*,#4860,.T.);
#3148=ORIENTED_EDGE('',*,*,#4857,.T.);
#3149=ORIENTED_EDGE('',*,*,#4220,.F.);
#3150=ORIENTED_EDGE('',*,*,#4861,.F.);
#3151=ORIENTED_EDGE('',*,*,#4862,.T.);
#3152=ORIENTED_EDGE('',*,*,#4859,.T.);
#3153=ORIENTED_EDGE('',*,*,#4219,.F.);
#3154=ORIENTED_EDGE('',*,*,#4863,.F.);
#3155=ORIENTED_EDGE('',*,*,#4864,.T.);
#3156=ORIENTED_EDGE('',*,*,#4861,.T.);
#3157=ORIENTED_EDGE('',*,*,#4218,.F.);
#3158=ORIENTED_EDGE('',*,*,#4865,.F.);
#3159=ORIENTED_EDGE('',*,*,#4866,.T.);
#3160=ORIENTED_EDGE('',*,*,#4863,.T.);
#3161=ORIENTED_EDGE('',*,*,#4217,.F.);
#3162=ORIENTED_EDGE('',*,*,#4867,.F.);
#3163=ORIENTED_EDGE('',*,*,#4868,.T.);
#3164=ORIENTED_EDGE('',*,*,#4865,.T.);
#3165=ORIENTED_EDGE('',*,*,#4216,.F.);
#3166=ORIENTED_EDGE('',*,*,#4834,.F.);
#3167=ORIENTED_EDGE('',*,*,#4869,.T.);
#3168=ORIENTED_EDGE('',*,*,#4867,.T.);
#3169=ORIENTED_EDGE('',*,*,#4833,.F.);
#3170=ORIENTED_EDGE('',*,*,#4836,.F.);
#3171=ORIENTED_EDGE('',*,*,#4838,.F.);
#3172=ORIENTED_EDGE('',*,*,#4840,.F.);
#3173=ORIENTED_EDGE('',*,*,#4842,.F.);
#3174=ORIENTED_EDGE('',*,*,#4844,.F.);
#3175=ORIENTED_EDGE('',*,*,#4846,.F.);
#3176=ORIENTED_EDGE('',*,*,#4848,.F.);
#3177=ORIENTED_EDGE('',*,*,#4850,.F.);
#3178=ORIENTED_EDGE('',*,*,#4852,.F.);
#3179=ORIENTED_EDGE('',*,*,#4854,.F.);
#3180=ORIENTED_EDGE('',*,*,#4856,.F.);
#3181=ORIENTED_EDGE('',*,*,#4858,.F.);
#3182=ORIENTED_EDGE('',*,*,#4860,.F.);
#3183=ORIENTED_EDGE('',*,*,#4862,.F.);
#3184=ORIENTED_EDGE('',*,*,#4864,.F.);
#3185=ORIENTED_EDGE('',*,*,#4866,.F.);
#3186=ORIENTED_EDGE('',*,*,#4868,.F.);
#3187=ORIENTED_EDGE('',*,*,#4869,.F.);
#3188=ORIENTED_EDGE('',*,*,#4234,.F.);
#3189=ORIENTED_EDGE('',*,*,#4870,.F.);
#3190=ORIENTED_EDGE('',*,*,#4871,.T.);
#3191=ORIENTED_EDGE('',*,*,#4872,.T.);
#3192=ORIENTED_EDGE('',*,*,#4233,.F.);
#3193=ORIENTED_EDGE('',*,*,#4873,.F.);
#3194=ORIENTED_EDGE('',*,*,#4874,.T.);
#3195=ORIENTED_EDGE('',*,*,#4870,.T.);
#3196=ORIENTED_EDGE('',*,*,#4236,.F.);
#3197=ORIENTED_EDGE('',*,*,#4875,.F.);
#3198=ORIENTED_EDGE('',*,*,#4876,.T.);
#3199=ORIENTED_EDGE('',*,*,#4873,.T.);
#3200=ORIENTED_EDGE('',*,*,#4235,.F.);
#3201=ORIENTED_EDGE('',*,*,#4872,.F.);
#3202=ORIENTED_EDGE('',*,*,#4877,.T.);
#3203=ORIENTED_EDGE('',*,*,#4875,.T.);
#3204=ORIENTED_EDGE('',*,*,#4871,.F.);
#3205=ORIENTED_EDGE('',*,*,#4874,.F.);
#3206=ORIENTED_EDGE('',*,*,#4876,.F.);
#3207=ORIENTED_EDGE('',*,*,#4877,.F.);
#3208=ORIENTED_EDGE('',*,*,#4238,.F.);
#3209=ORIENTED_EDGE('',*,*,#4878,.F.);
#3210=ORIENTED_EDGE('',*,*,#4879,.T.);
#3211=ORIENTED_EDGE('',*,*,#4880,.T.);
#3212=ORIENTED_EDGE('',*,*,#4237,.F.);
#3213=ORIENTED_EDGE('',*,*,#4881,.F.);
#3214=ORIENTED_EDGE('',*,*,#4882,.T.);
#3215=ORIENTED_EDGE('',*,*,#4878,.T.);
#3216=ORIENTED_EDGE('',*,*,#4253,.F.);
#3217=ORIENTED_EDGE('',*,*,#4883,.F.);
#3218=ORIENTED_EDGE('',*,*,#4884,.T.);
#3219=ORIENTED_EDGE('',*,*,#4881,.T.);
#3220=ORIENTED_EDGE('',*,*,#4252,.F.);
#3221=ORIENTED_EDGE('',*,*,#4885,.F.);
#3222=ORIENTED_EDGE('',*,*,#4886,.T.);
#3223=ORIENTED_EDGE('',*,*,#4883,.T.);
#3224=ORIENTED_EDGE('',*,*,#4251,.F.);
#3225=ORIENTED_EDGE('',*,*,#4887,.F.);
#3226=ORIENTED_EDGE('',*,*,#4888,.T.);
#3227=ORIENTED_EDGE('',*,*,#4885,.T.);
#3228=ORIENTED_EDGE('',*,*,#4250,.F.);
#3229=ORIENTED_EDGE('',*,*,#4889,.F.);
#3230=ORIENTED_EDGE('',*,*,#4890,.T.);
#3231=ORIENTED_EDGE('',*,*,#4887,.T.);
#3232=ORIENTED_EDGE('',*,*,#4249,.F.);
#3233=ORIENTED_EDGE('',*,*,#4891,.F.);
#3234=ORIENTED_EDGE('',*,*,#4892,.T.);
#3235=ORIENTED_EDGE('',*,*,#4889,.T.);
#3236=ORIENTED_EDGE('',*,*,#4248,.F.);
#3237=ORIENTED_EDGE('',*,*,#4893,.F.);
#3238=ORIENTED_EDGE('',*,*,#4894,.T.);
#3239=ORIENTED_EDGE('',*,*,#4891,.T.);
#3240=ORIENTED_EDGE('',*,*,#4247,.F.);
#3241=ORIENTED_EDGE('',*,*,#4895,.F.);
#3242=ORIENTED_EDGE('',*,*,#4896,.T.);
#3243=ORIENTED_EDGE('',*,*,#4893,.T.);
#3244=ORIENTED_EDGE('',*,*,#4246,.F.);
#3245=ORIENTED_EDGE('',*,*,#4897,.F.);
#3246=ORIENTED_EDGE('',*,*,#4898,.T.);
#3247=ORIENTED_EDGE('',*,*,#4895,.T.);
#3248=ORIENTED_EDGE('',*,*,#4245,.F.);
#3249=ORIENTED_EDGE('',*,*,#4899,.F.);
#3250=ORIENTED_EDGE('',*,*,#4900,.T.);
#3251=ORIENTED_EDGE('',*,*,#4897,.T.);
#3252=ORIENTED_EDGE('',*,*,#4244,.F.);
#3253=ORIENTED_EDGE('',*,*,#4901,.F.);
#3254=ORIENTED_EDGE('',*,*,#4902,.T.);
#3255=ORIENTED_EDGE('',*,*,#4899,.T.);
#3256=ORIENTED_EDGE('',*,*,#4243,.F.);
#3257=ORIENTED_EDGE('',*,*,#4903,.F.);
#3258=ORIENTED_EDGE('',*,*,#4904,.T.);
#3259=ORIENTED_EDGE('',*,*,#4901,.T.);
#3260=ORIENTED_EDGE('',*,*,#4242,.F.);
#3261=ORIENTED_EDGE('',*,*,#4905,.F.);
#3262=ORIENTED_EDGE('',*,*,#4906,.T.);
#3263=ORIENTED_EDGE('',*,*,#4903,.T.);
#3264=ORIENTED_EDGE('',*,*,#4241,.F.);
#3265=ORIENTED_EDGE('',*,*,#4907,.F.);
#3266=ORIENTED_EDGE('',*,*,#4908,.T.);
#3267=ORIENTED_EDGE('',*,*,#4905,.T.);
#3268=ORIENTED_EDGE('',*,*,#4240,.F.);
#3269=ORIENTED_EDGE('',*,*,#4909,.F.);
#3270=ORIENTED_EDGE('',*,*,#4910,.T.);
#3271=ORIENTED_EDGE('',*,*,#4907,.T.);
#3272=ORIENTED_EDGE('',*,*,#4239,.F.);
#3273=ORIENTED_EDGE('',*,*,#4880,.F.);
#3274=ORIENTED_EDGE('',*,*,#4911,.T.);
#3275=ORIENTED_EDGE('',*,*,#4909,.T.);
#3276=ORIENTED_EDGE('',*,*,#4879,.F.);
#3277=ORIENTED_EDGE('',*,*,#4882,.F.);
#3278=ORIENTED_EDGE('',*,*,#4884,.F.);
#3279=ORIENTED_EDGE('',*,*,#4886,.F.);
#3280=ORIENTED_EDGE('',*,*,#4888,.F.);
#3281=ORIENTED_EDGE('',*,*,#4890,.F.);
#3282=ORIENTED_EDGE('',*,*,#4892,.F.);
#3283=ORIENTED_EDGE('',*,*,#4894,.F.);
#3284=ORIENTED_EDGE('',*,*,#4896,.F.);
#3285=ORIENTED_EDGE('',*,*,#4898,.F.);
#3286=ORIENTED_EDGE('',*,*,#4900,.F.);
#3287=ORIENTED_EDGE('',*,*,#4902,.F.);
#3288=ORIENTED_EDGE('',*,*,#4904,.F.);
#3289=ORIENTED_EDGE('',*,*,#4906,.F.);
#3290=ORIENTED_EDGE('',*,*,#4908,.F.);
#3291=ORIENTED_EDGE('',*,*,#4910,.F.);
#3292=ORIENTED_EDGE('',*,*,#4911,.F.);
#3293=ORIENTED_EDGE('',*,*,#4255,.F.);
#3294=ORIENTED_EDGE('',*,*,#4912,.F.);
#3295=ORIENTED_EDGE('',*,*,#4913,.T.);
#3296=ORIENTED_EDGE('',*,*,#4914,.T.);
#3297=ORIENTED_EDGE('',*,*,#4254,.F.);
#3298=ORIENTED_EDGE('',*,*,#4915,.F.);
#3299=ORIENTED_EDGE('',*,*,#4916,.T.);
#3300=ORIENTED_EDGE('',*,*,#4912,.T.);
#3301=ORIENTED_EDGE('',*,*,#4279,.F.);
#3302=ORIENTED_EDGE('',*,*,#4917,.F.);
#3303=ORIENTED_EDGE('',*,*,#4918,.T.);
#3304=ORIENTED_EDGE('',*,*,#4915,.T.);
#3305=ORIENTED_EDGE('',*,*,#4278,.F.);
#3306=ORIENTED_EDGE('',*,*,#4919,.F.);
#3307=ORIENTED_EDGE('',*,*,#4920,.T.);
#3308=ORIENTED_EDGE('',*,*,#4917,.T.);
#3309=ORIENTED_EDGE('',*,*,#4277,.F.);
#3310=ORIENTED_EDGE('',*,*,#4921,.F.);
#3311=ORIENTED_EDGE('',*,*,#4922,.T.);
#3312=ORIENTED_EDGE('',*,*,#4919,.T.);
#3313=ORIENTED_EDGE('',*,*,#4276,.F.);
#3314=ORIENTED_EDGE('',*,*,#4923,.F.);
#3315=ORIENTED_EDGE('',*,*,#4924,.T.);
#3316=ORIENTED_EDGE('',*,*,#4921,.T.);
#3317=ORIENTED_EDGE('',*,*,#4275,.F.);
#3318=ORIENTED_EDGE('',*,*,#4925,.F.);
#3319=ORIENTED_EDGE('',*,*,#4926,.T.);
#3320=ORIENTED_EDGE('',*,*,#4923,.T.);
#3321=ORIENTED_EDGE('',*,*,#4274,.F.);
#3322=ORIENTED_EDGE('',*,*,#4927,.F.);
#3323=ORIENTED_EDGE('',*,*,#4928,.T.);
#3324=ORIENTED_EDGE('',*,*,#4925,.T.);
#3325=ORIENTED_EDGE('',*,*,#4273,.F.);
#3326=ORIENTED_EDGE('',*,*,#4929,.F.);
#3327=ORIENTED_EDGE('',*,*,#4930,.T.);
#3328=ORIENTED_EDGE('',*,*,#4927,.T.);
#3329=ORIENTED_EDGE('',*,*,#4272,.F.);
#3330=ORIENTED_EDGE('',*,*,#4931,.F.);
#3331=ORIENTED_EDGE('',*,*,#4932,.T.);
#3332=ORIENTED_EDGE('',*,*,#4929,.T.);
#3333=ORIENTED_EDGE('',*,*,#4271,.F.);
#3334=ORIENTED_EDGE('',*,*,#4933,.F.);
#3335=ORIENTED_EDGE('',*,*,#4934,.T.);
#3336=ORIENTED_EDGE('',*,*,#4931,.T.);
#3337=ORIENTED_EDGE('',*,*,#4270,.F.);
#3338=ORIENTED_EDGE('',*,*,#4935,.F.);
#3339=ORIENTED_EDGE('',*,*,#4936,.T.);
#3340=ORIENTED_EDGE('',*,*,#4933,.T.);
#3341=ORIENTED_EDGE('',*,*,#4269,.F.);
#3342=ORIENTED_EDGE('',*,*,#4937,.F.);
#3343=ORIENTED_EDGE('',*,*,#4938,.T.);
#3344=ORIENTED_EDGE('',*,*,#4935,.T.);
#3345=ORIENTED_EDGE('',*,*,#4268,.F.);
#3346=ORIENTED_EDGE('',*,*,#4939,.F.);
#3347=ORIENTED_EDGE('',*,*,#4940,.T.);
#3348=ORIENTED_EDGE('',*,*,#4937,.T.);
#3349=ORIENTED_EDGE('',*,*,#4267,.F.);
#3350=ORIENTED_EDGE('',*,*,#4941,.F.);
#3351=ORIENTED_EDGE('',*,*,#4942,.T.);
#3352=ORIENTED_EDGE('',*,*,#4939,.T.);
#3353=ORIENTED_EDGE('',*,*,#4266,.F.);
#3354=ORIENTED_EDGE('',*,*,#4943,.F.);
#3355=ORIENTED_EDGE('',*,*,#4944,.T.);
#3356=ORIENTED_EDGE('',*,*,#4941,.T.);
#3357=ORIENTED_EDGE('',*,*,#4265,.F.);
#3358=ORIENTED_EDGE('',*,*,#4945,.F.);
#3359=ORIENTED_EDGE('',*,*,#4946,.T.);
#3360=ORIENTED_EDGE('',*,*,#4943,.T.);
#3361=ORIENTED_EDGE('',*,*,#4264,.F.);
#3362=ORIENTED_EDGE('',*,*,#4947,.F.);
#3363=ORIENTED_EDGE('',*,*,#4948,.T.);
#3364=ORIENTED_EDGE('',*,*,#4945,.T.);
#3365=ORIENTED_EDGE('',*,*,#4263,.F.);
#3366=ORIENTED_EDGE('',*,*,#4949,.F.);
#3367=ORIENTED_EDGE('',*,*,#4950,.T.);
#3368=ORIENTED_EDGE('',*,*,#4947,.T.);
#3369=ORIENTED_EDGE('',*,*,#4262,.F.);
#3370=ORIENTED_EDGE('',*,*,#4951,.F.);
#3371=ORIENTED_EDGE('',*,*,#4952,.T.);
#3372=ORIENTED_EDGE('',*,*,#4949,.T.);
#3373=ORIENTED_EDGE('',*,*,#4261,.F.);
#3374=ORIENTED_EDGE('',*,*,#4953,.F.);
#3375=ORIENTED_EDGE('',*,*,#4954,.T.);
#3376=ORIENTED_EDGE('',*,*,#4951,.T.);
#3377=ORIENTED_EDGE('',*,*,#4260,.F.);
#3378=ORIENTED_EDGE('',*,*,#4955,.F.);
#3379=ORIENTED_EDGE('',*,*,#4956,.T.);
#3380=ORIENTED_EDGE('',*,*,#4953,.T.);
#3381=ORIENTED_EDGE('',*,*,#4259,.F.);
#3382=ORIENTED_EDGE('',*,*,#4957,.F.);
#3383=ORIENTED_EDGE('',*,*,#4958,.T.);
#3384=ORIENTED_EDGE('',*,*,#4955,.T.);
#3385=ORIENTED_EDGE('',*,*,#4258,.F.);
#3386=ORIENTED_EDGE('',*,*,#4959,.F.);
#3387=ORIENTED_EDGE('',*,*,#4960,.T.);
#3388=ORIENTED_EDGE('',*,*,#4957,.T.);
#3389=ORIENTED_EDGE('',*,*,#4257,.F.);
#3390=ORIENTED_EDGE('',*,*,#4961,.F.);
#3391=ORIENTED_EDGE('',*,*,#4962,.T.);
#3392=ORIENTED_EDGE('',*,*,#4959,.T.);
#3393=ORIENTED_EDGE('',*,*,#4256,.F.);
#3394=ORIENTED_EDGE('',*,*,#4914,.F.);
#3395=ORIENTED_EDGE('',*,*,#4963,.T.);
#3396=ORIENTED_EDGE('',*,*,#4961,.T.);
#3397=ORIENTED_EDGE('',*,*,#4913,.F.);
#3398=ORIENTED_EDGE('',*,*,#4916,.F.);
#3399=ORIENTED_EDGE('',*,*,#4918,.F.);
#3400=ORIENTED_EDGE('',*,*,#4920,.F.);
#3401=ORIENTED_EDGE('',*,*,#4922,.F.);
#3402=ORIENTED_EDGE('',*,*,#4924,.F.);
#3403=ORIENTED_EDGE('',*,*,#4926,.F.);
#3404=ORIENTED_EDGE('',*,*,#4928,.F.);
#3405=ORIENTED_EDGE('',*,*,#4930,.F.);
#3406=ORIENTED_EDGE('',*,*,#4932,.F.);
#3407=ORIENTED_EDGE('',*,*,#4934,.F.);
#3408=ORIENTED_EDGE('',*,*,#4936,.F.);
#3409=ORIENTED_EDGE('',*,*,#4938,.F.);
#3410=ORIENTED_EDGE('',*,*,#4940,.F.);
#3411=ORIENTED_EDGE('',*,*,#4942,.F.);
#3412=ORIENTED_EDGE('',*,*,#4944,.F.);
#3413=ORIENTED_EDGE('',*,*,#4946,.F.);
#3414=ORIENTED_EDGE('',*,*,#4948,.F.);
#3415=ORIENTED_EDGE('',*,*,#4950,.F.);
#3416=ORIENTED_EDGE('',*,*,#4952,.F.);
#3417=ORIENTED_EDGE('',*,*,#4954,.F.);
#3418=ORIENTED_EDGE('',*,*,#4956,.F.);
#3419=ORIENTED_EDGE('',*,*,#4958,.F.);
#3420=ORIENTED_EDGE('',*,*,#4960,.F.);
#3421=ORIENTED_EDGE('',*,*,#4962,.F.);
#3422=ORIENTED_EDGE('',*,*,#4963,.F.);
#3423=ORIENTED_EDGE('',*,*,#4281,.F.);
#3424=ORIENTED_EDGE('',*,*,#4964,.F.);
#3425=ORIENTED_EDGE('',*,*,#4965,.T.);
#3426=ORIENTED_EDGE('',*,*,#4966,.T.);
#3427=ORIENTED_EDGE('',*,*,#4280,.F.);
#3428=ORIENTED_EDGE('',*,*,#4967,.F.);
#3429=ORIENTED_EDGE('',*,*,#4968,.T.);
#3430=ORIENTED_EDGE('',*,*,#4964,.T.);
#3431=ORIENTED_EDGE('',*,*,#4314,.F.);
#3432=ORIENTED_EDGE('',*,*,#4969,.F.);
#3433=ORIENTED_EDGE('',*,*,#4970,.T.);
#3434=ORIENTED_EDGE('',*,*,#4967,.T.);
#3435=ORIENTED_EDGE('',*,*,#4313,.F.);
#3436=ORIENTED_EDGE('',*,*,#4971,.F.);
#3437=ORIENTED_EDGE('',*,*,#4972,.T.);
#3438=ORIENTED_EDGE('',*,*,#4969,.T.);
#3439=ORIENTED_EDGE('',*,*,#4312,.F.);
#3440=ORIENTED_EDGE('',*,*,#4973,.F.);
#3441=ORIENTED_EDGE('',*,*,#4974,.T.);
#3442=ORIENTED_EDGE('',*,*,#4971,.T.);
#3443=ORIENTED_EDGE('',*,*,#4311,.F.);
#3444=ORIENTED_EDGE('',*,*,#4975,.F.);
#3445=ORIENTED_EDGE('',*,*,#4976,.T.);
#3446=ORIENTED_EDGE('',*,*,#4973,.T.);
#3447=ORIENTED_EDGE('',*,*,#4310,.F.);
#3448=ORIENTED_EDGE('',*,*,#4977,.F.);
#3449=ORIENTED_EDGE('',*,*,#4978,.T.);
#3450=ORIENTED_EDGE('',*,*,#4975,.T.);
#3451=ORIENTED_EDGE('',*,*,#4309,.F.);
#3452=ORIENTED_EDGE('',*,*,#4979,.F.);
#3453=ORIENTED_EDGE('',*,*,#4980,.T.);
#3454=ORIENTED_EDGE('',*,*,#4977,.T.);
#3455=ORIENTED_EDGE('',*,*,#4308,.F.);
#3456=ORIENTED_EDGE('',*,*,#4981,.F.);
#3457=ORIENTED_EDGE('',*,*,#4982,.T.);
#3458=ORIENTED_EDGE('',*,*,#4979,.T.);
#3459=ORIENTED_EDGE('',*,*,#4307,.F.);
#3460=ORIENTED_EDGE('',*,*,#4983,.F.);
#3461=ORIENTED_EDGE('',*,*,#4984,.T.);
#3462=ORIENTED_EDGE('',*,*,#4981,.T.);
#3463=ORIENTED_EDGE('',*,*,#4306,.F.);
#3464=ORIENTED_EDGE('',*,*,#4985,.F.);
#3465=ORIENTED_EDGE('',*,*,#4986,.T.);
#3466=ORIENTED_EDGE('',*,*,#4983,.T.);
#3467=ORIENTED_EDGE('',*,*,#4305,.F.);
#3468=ORIENTED_EDGE('',*,*,#4987,.F.);
#3469=ORIENTED_EDGE('',*,*,#4988,.T.);
#3470=ORIENTED_EDGE('',*,*,#4985,.T.);
#3471=ORIENTED_EDGE('',*,*,#4304,.F.);
#3472=ORIENTED_EDGE('',*,*,#4989,.F.);
#3473=ORIENTED_EDGE('',*,*,#4990,.T.);
#3474=ORIENTED_EDGE('',*,*,#4987,.T.);
#3475=ORIENTED_EDGE('',*,*,#4303,.F.);
#3476=ORIENTED_EDGE('',*,*,#4991,.F.);
#3477=ORIENTED_EDGE('',*,*,#4992,.T.);
#3478=ORIENTED_EDGE('',*,*,#4989,.T.);
#3479=ORIENTED_EDGE('',*,*,#4302,.F.);
#3480=ORIENTED_EDGE('',*,*,#4993,.F.);
#3481=ORIENTED_EDGE('',*,*,#4994,.T.);
#3482=ORIENTED_EDGE('',*,*,#4991,.T.);
#3483=ORIENTED_EDGE('',*,*,#4301,.F.);
#3484=ORIENTED_EDGE('',*,*,#4995,.F.);
#3485=ORIENTED_EDGE('',*,*,#4996,.T.);
#3486=ORIENTED_EDGE('',*,*,#4993,.T.);
#3487=ORIENTED_EDGE('',*,*,#4300,.F.);
#3488=ORIENTED_EDGE('',*,*,#4997,.F.);
#3489=ORIENTED_EDGE('',*,*,#4998,.T.);
#3490=ORIENTED_EDGE('',*,*,#4995,.T.);
#3491=ORIENTED_EDGE('',*,*,#4299,.F.);
#3492=ORIENTED_EDGE('',*,*,#4999,.F.);
#3493=ORIENTED_EDGE('',*,*,#5000,.T.);
#3494=ORIENTED_EDGE('',*,*,#4997,.T.);
#3495=ORIENTED_EDGE('',*,*,#4298,.F.);
#3496=ORIENTED_EDGE('',*,*,#5001,.F.);
#3497=ORIENTED_EDGE('',*,*,#5002,.T.);
#3498=ORIENTED_EDGE('',*,*,#4999,.T.);
#3499=ORIENTED_EDGE('',*,*,#4297,.F.);
#3500=ORIENTED_EDGE('',*,*,#5003,.F.);
#3501=ORIENTED_EDGE('',*,*,#5004,.T.);
#3502=ORIENTED_EDGE('',*,*,#5001,.T.);
#3503=ORIENTED_EDGE('',*,*,#4296,.F.);
#3504=ORIENTED_EDGE('',*,*,#5005,.F.);
#3505=ORIENTED_EDGE('',*,*,#5006,.T.);
#3506=ORIENTED_EDGE('',*,*,#5003,.T.);
#3507=ORIENTED_EDGE('',*,*,#4295,.F.);
#3508=ORIENTED_EDGE('',*,*,#5007,.F.);
#3509=ORIENTED_EDGE('',*,*,#5008,.T.);
#3510=ORIENTED_EDGE('',*,*,#5005,.T.);
#3511=ORIENTED_EDGE('',*,*,#4294,.F.);
#3512=ORIENTED_EDGE('',*,*,#5009,.F.);
#3513=ORIENTED_EDGE('',*,*,#5010,.T.);
#3514=ORIENTED_EDGE('',*,*,#5007,.T.);
#3515=ORIENTED_EDGE('',*,*,#4293,.F.);
#3516=ORIENTED_EDGE('',*,*,#5011,.F.);
#3517=ORIENTED_EDGE('',*,*,#5012,.T.);
#3518=ORIENTED_EDGE('',*,*,#5009,.T.);
#3519=ORIENTED_EDGE('',*,*,#4292,.F.);
#3520=ORIENTED_EDGE('',*,*,#5013,.F.);
#3521=ORIENTED_EDGE('',*,*,#5014,.T.);
#3522=ORIENTED_EDGE('',*,*,#5011,.T.);
#3523=ORIENTED_EDGE('',*,*,#4291,.F.);
#3524=ORIENTED_EDGE('',*,*,#5015,.F.);
#3525=ORIENTED_EDGE('',*,*,#5016,.T.);
#3526=ORIENTED_EDGE('',*,*,#5013,.T.);
#3527=ORIENTED_EDGE('',*,*,#4290,.F.);
#3528=ORIENTED_EDGE('',*,*,#5017,.F.);
#3529=ORIENTED_EDGE('',*,*,#5018,.T.);
#3530=ORIENTED_EDGE('',*,*,#5015,.T.);
#3531=ORIENTED_EDGE('',*,*,#4289,.F.);
#3532=ORIENTED_EDGE('',*,*,#5019,.F.);
#3533=ORIENTED_EDGE('',*,*,#5020,.T.);
#3534=ORIENTED_EDGE('',*,*,#5017,.T.);
#3535=ORIENTED_EDGE('',*,*,#4288,.F.);
#3536=ORIENTED_EDGE('',*,*,#5021,.F.);
#3537=ORIENTED_EDGE('',*,*,#5022,.T.);
#3538=ORIENTED_EDGE('',*,*,#5019,.T.);
#3539=ORIENTED_EDGE('',*,*,#4287,.F.);
#3540=ORIENTED_EDGE('',*,*,#5023,.F.);
#3541=ORIENTED_EDGE('',*,*,#5024,.T.);
#3542=ORIENTED_EDGE('',*,*,#5021,.T.);
#3543=ORIENTED_EDGE('',*,*,#4286,.F.);
#3544=ORIENTED_EDGE('',*,*,#5025,.F.);
#3545=ORIENTED_EDGE('',*,*,#5026,.T.);
#3546=ORIENTED_EDGE('',*,*,#5023,.T.);
#3547=ORIENTED_EDGE('',*,*,#4285,.F.);
#3548=ORIENTED_EDGE('',*,*,#5027,.F.);
#3549=ORIENTED_EDGE('',*,*,#5028,.T.);
#3550=ORIENTED_EDGE('',*,*,#5025,.T.);
#3551=ORIENTED_EDGE('',*,*,#4284,.F.);
#3552=ORIENTED_EDGE('',*,*,#5029,.F.);
#3553=ORIENTED_EDGE('',*,*,#5030,.T.);
#3554=ORIENTED_EDGE('',*,*,#5027,.T.);
#3555=ORIENTED_EDGE('',*,*,#4283,.F.);
#3556=ORIENTED_EDGE('',*,*,#5031,.F.);
#3557=ORIENTED_EDGE('',*,*,#5032,.T.);
#3558=ORIENTED_EDGE('',*,*,#5029,.T.);
#3559=ORIENTED_EDGE('',*,*,#4282,.F.);
#3560=ORIENTED_EDGE('',*,*,#4966,.F.);
#3561=ORIENTED_EDGE('',*,*,#5033,.T.);
#3562=ORIENTED_EDGE('',*,*,#5031,.T.);
#3563=ORIENTED_EDGE('',*,*,#4965,.F.);
#3564=ORIENTED_EDGE('',*,*,#4968,.F.);
#3565=ORIENTED_EDGE('',*,*,#4970,.F.);
#3566=ORIENTED_EDGE('',*,*,#4972,.F.);
#3567=ORIENTED_EDGE('',*,*,#4974,.F.);
#3568=ORIENTED_EDGE('',*,*,#4976,.F.);
#3569=ORIENTED_EDGE('',*,*,#4978,.F.);
#3570=ORIENTED_EDGE('',*,*,#4980,.F.);
#3571=ORIENTED_EDGE('',*,*,#4982,.F.);
#3572=ORIENTED_EDGE('',*,*,#4984,.F.);
#3573=ORIENTED_EDGE('',*,*,#4986,.F.);
#3574=ORIENTED_EDGE('',*,*,#4988,.F.);
#3575=ORIENTED_EDGE('',*,*,#4990,.F.);
#3576=ORIENTED_EDGE('',*,*,#4992,.F.);
#3577=ORIENTED_EDGE('',*,*,#4994,.F.);
#3578=ORIENTED_EDGE('',*,*,#4996,.F.);
#3579=ORIENTED_EDGE('',*,*,#4998,.F.);
#3580=ORIENTED_EDGE('',*,*,#5000,.F.);
#3581=ORIENTED_EDGE('',*,*,#5002,.F.);
#3582=ORIENTED_EDGE('',*,*,#5004,.F.);
#3583=ORIENTED_EDGE('',*,*,#5006,.F.);
#3584=ORIENTED_EDGE('',*,*,#5008,.F.);
#3585=ORIENTED_EDGE('',*,*,#5010,.F.);
#3586=ORIENTED_EDGE('',*,*,#5012,.F.);
#3587=ORIENTED_EDGE('',*,*,#5014,.F.);
#3588=ORIENTED_EDGE('',*,*,#5016,.F.);
#3589=ORIENTED_EDGE('',*,*,#5018,.F.);
#3590=ORIENTED_EDGE('',*,*,#5020,.F.);
#3591=ORIENTED_EDGE('',*,*,#5022,.F.);
#3592=ORIENTED_EDGE('',*,*,#5024,.F.);
#3593=ORIENTED_EDGE('',*,*,#5026,.F.);
#3594=ORIENTED_EDGE('',*,*,#5028,.F.);
#3595=ORIENTED_EDGE('',*,*,#5030,.F.);
#3596=ORIENTED_EDGE('',*,*,#5032,.F.);
#3597=ORIENTED_EDGE('',*,*,#5033,.F.);
#3598=ORIENTED_EDGE('',*,*,#4316,.F.);
#3599=ORIENTED_EDGE('',*,*,#5034,.F.);
#3600=ORIENTED_EDGE('',*,*,#5035,.T.);
#3601=ORIENTED_EDGE('',*,*,#5036,.T.);
#3602=ORIENTED_EDGE('',*,*,#4315,.F.);
#3603=ORIENTED_EDGE('',*,*,#5037,.F.);
#3604=ORIENTED_EDGE('',*,*,#5038,.T.);
#3605=ORIENTED_EDGE('',*,*,#5034,.T.);
#3606=ORIENTED_EDGE('',*,*,#4353,.F.);
#3607=ORIENTED_EDGE('',*,*,#5039,.F.);
#3608=ORIENTED_EDGE('',*,*,#5040,.T.);
#3609=ORIENTED_EDGE('',*,*,#5037,.T.);
#3610=ORIENTED_EDGE('',*,*,#4352,.F.);
#3611=ORIENTED_EDGE('',*,*,#5041,.F.);
#3612=ORIENTED_EDGE('',*,*,#5042,.T.);
#3613=ORIENTED_EDGE('',*,*,#5039,.T.);
#3614=ORIENTED_EDGE('',*,*,#4351,.F.);
#3615=ORIENTED_EDGE('',*,*,#5043,.F.);
#3616=ORIENTED_EDGE('',*,*,#5044,.T.);
#3617=ORIENTED_EDGE('',*,*,#5041,.T.);
#3618=ORIENTED_EDGE('',*,*,#4350,.F.);
#3619=ORIENTED_EDGE('',*,*,#5045,.F.);
#3620=ORIENTED_EDGE('',*,*,#5046,.T.);
#3621=ORIENTED_EDGE('',*,*,#5043,.T.);
#3622=ORIENTED_EDGE('',*,*,#4349,.F.);
#3623=ORIENTED_EDGE('',*,*,#5047,.F.);
#3624=ORIENTED_EDGE('',*,*,#5048,.T.);
#3625=ORIENTED_EDGE('',*,*,#5045,.T.);
#3626=ORIENTED_EDGE('',*,*,#4348,.F.);
#3627=ORIENTED_EDGE('',*,*,#5049,.F.);
#3628=ORIENTED_EDGE('',*,*,#5050,.T.);
#3629=ORIENTED_EDGE('',*,*,#5047,.T.);
#3630=ORIENTED_EDGE('',*,*,#4347,.F.);
#3631=ORIENTED_EDGE('',*,*,#5051,.F.);
#3632=ORIENTED_EDGE('',*,*,#5052,.T.);
#3633=ORIENTED_EDGE('',*,*,#5049,.T.);
#3634=ORIENTED_EDGE('',*,*,#4346,.F.);
#3635=ORIENTED_EDGE('',*,*,#5053,.F.);
#3636=ORIENTED_EDGE('',*,*,#5054,.T.);
#3637=ORIENTED_EDGE('',*,*,#5051,.T.);
#3638=ORIENTED_EDGE('',*,*,#4345,.F.);
#3639=ORIENTED_EDGE('',*,*,#5055,.F.);
#3640=ORIENTED_EDGE('',*,*,#5056,.T.);
#3641=ORIENTED_EDGE('',*,*,#5053,.T.);
#3642=ORIENTED_EDGE('',*,*,#4344,.F.);
#3643=ORIENTED_EDGE('',*,*,#5057,.F.);
#3644=ORIENTED_EDGE('',*,*,#5058,.T.);
#3645=ORIENTED_EDGE('',*,*,#5055,.T.);
#3646=ORIENTED_EDGE('',*,*,#4343,.F.);
#3647=ORIENTED_EDGE('',*,*,#5059,.F.);
#3648=ORIENTED_EDGE('',*,*,#5060,.T.);
#3649=ORIENTED_EDGE('',*,*,#5057,.T.);
#3650=ORIENTED_EDGE('',*,*,#4342,.F.);
#3651=ORIENTED_EDGE('',*,*,#5061,.F.);
#3652=ORIENTED_EDGE('',*,*,#5062,.T.);
#3653=ORIENTED_EDGE('',*,*,#5059,.T.);
#3654=ORIENTED_EDGE('',*,*,#4341,.F.);
#3655=ORIENTED_EDGE('',*,*,#5063,.F.);
#3656=ORIENTED_EDGE('',*,*,#5064,.T.);
#3657=ORIENTED_EDGE('',*,*,#5061,.T.);
#3658=ORIENTED_EDGE('',*,*,#4340,.F.);
#3659=ORIENTED_EDGE('',*,*,#5065,.F.);
#3660=ORIENTED_EDGE('',*,*,#5066,.T.);
#3661=ORIENTED_EDGE('',*,*,#5063,.T.);
#3662=ORIENTED_EDGE('',*,*,#4339,.F.);
#3663=ORIENTED_EDGE('',*,*,#5067,.F.);
#3664=ORIENTED_EDGE('',*,*,#5068,.T.);
#3665=ORIENTED_EDGE('',*,*,#5065,.T.);
#3666=ORIENTED_EDGE('',*,*,#4338,.F.);
#3667=ORIENTED_EDGE('',*,*,#5069,.F.);
#3668=ORIENTED_EDGE('',*,*,#5070,.T.);
#3669=ORIENTED_EDGE('',*,*,#5067,.T.);
#3670=ORIENTED_EDGE('',*,*,#4337,.F.);
#3671=ORIENTED_EDGE('',*,*,#5071,.F.);
#3672=ORIENTED_EDGE('',*,*,#5072,.T.);
#3673=ORIENTED_EDGE('',*,*,#5069,.T.);
#3674=ORIENTED_EDGE('',*,*,#4336,.F.);
#3675=ORIENTED_EDGE('',*,*,#5073,.F.);
#3676=ORIENTED_EDGE('',*,*,#5074,.T.);
#3677=ORIENTED_EDGE('',*,*,#5071,.T.);
#3678=ORIENTED_EDGE('',*,*,#4335,.F.);
#3679=ORIENTED_EDGE('',*,*,#5075,.F.);
#3680=ORIENTED_EDGE('',*,*,#5076,.T.);
#3681=ORIENTED_EDGE('',*,*,#5073,.T.);
#3682=ORIENTED_EDGE('',*,*,#4334,.F.);
#3683=ORIENTED_EDGE('',*,*,#5077,.F.);
#3684=ORIENTED_EDGE('',*,*,#5078,.T.);
#3685=ORIENTED_EDGE('',*,*,#5075,.T.);
#3686=ORIENTED_EDGE('',*,*,#4333,.F.);
#3687=ORIENTED_EDGE('',*,*,#5079,.F.);
#3688=ORIENTED_EDGE('',*,*,#5080,.T.);
#3689=ORIENTED_EDGE('',*,*,#5077,.T.);
#3690=ORIENTED_EDGE('',*,*,#4332,.F.);
#3691=ORIENTED_EDGE('',*,*,#5081,.F.);
#3692=ORIENTED_EDGE('',*,*,#5082,.T.);
#3693=ORIENTED_EDGE('',*,*,#5079,.T.);
#3694=ORIENTED_EDGE('',*,*,#4331,.F.);
#3695=ORIENTED_EDGE('',*,*,#5083,.F.);
#3696=ORIENTED_EDGE('',*,*,#5084,.T.);
#3697=ORIENTED_EDGE('',*,*,#5081,.T.);
#3698=ORIENTED_EDGE('',*,*,#4330,.F.);
#3699=ORIENTED_EDGE('',*,*,#5085,.F.);
#3700=ORIENTED_EDGE('',*,*,#5086,.T.);
#3701=ORIENTED_EDGE('',*,*,#5083,.T.);
#3702=ORIENTED_EDGE('',*,*,#4329,.F.);
#3703=ORIENTED_EDGE('',*,*,#5087,.F.);
#3704=ORIENTED_EDGE('',*,*,#5088,.T.);
#3705=ORIENTED_EDGE('',*,*,#5085,.T.);
#3706=ORIENTED_EDGE('',*,*,#4328,.F.);
#3707=ORIENTED_EDGE('',*,*,#5089,.F.);
#3708=ORIENTED_EDGE('',*,*,#5090,.T.);
#3709=ORIENTED_EDGE('',*,*,#5087,.T.);
#3710=ORIENTED_EDGE('',*,*,#4327,.F.);
#3711=ORIENTED_EDGE('',*,*,#5091,.F.);
#3712=ORIENTED_EDGE('',*,*,#5092,.T.);
#3713=ORIENTED_EDGE('',*,*,#5089,.T.);
#3714=ORIENTED_EDGE('',*,*,#4326,.F.);
#3715=ORIENTED_EDGE('',*,*,#5093,.F.);
#3716=ORIENTED_EDGE('',*,*,#5094,.T.);
#3717=ORIENTED_EDGE('',*,*,#5091,.T.);
#3718=ORIENTED_EDGE('',*,*,#4325,.F.);
#3719=ORIENTED_EDGE('',*,*,#5095,.F.);
#3720=ORIENTED_EDGE('',*,*,#5096,.T.);
#3721=ORIENTED_EDGE('',*,*,#5093,.T.);
#3722=ORIENTED_EDGE('',*,*,#4324,.F.);
#3723=ORIENTED_EDGE('',*,*,#5097,.F.);
#3724=ORIENTED_EDGE('',*,*,#5098,.T.);
#3725=ORIENTED_EDGE('',*,*,#5095,.T.);
#3726=ORIENTED_EDGE('',*,*,#4323,.F.);
#3727=ORIENTED_EDGE('',*,*,#5099,.F.);
#3728=ORIENTED_EDGE('',*,*,#5100,.T.);
#3729=ORIENTED_EDGE('',*,*,#5097,.T.);
#3730=ORIENTED_EDGE('',*,*,#4322,.F.);
#3731=ORIENTED_EDGE('',*,*,#5101,.F.);
#3732=ORIENTED_EDGE('',*,*,#5102,.T.);
#3733=ORIENTED_EDGE('',*,*,#5099,.T.);
#3734=ORIENTED_EDGE('',*,*,#4321,.F.);
#3735=ORIENTED_EDGE('',*,*,#5103,.F.);
#3736=ORIENTED_EDGE('',*,*,#5104,.T.);
#3737=ORIENTED_EDGE('',*,*,#5101,.T.);
#3738=ORIENTED_EDGE('',*,*,#4320,.F.);
#3739=ORIENTED_EDGE('',*,*,#5105,.F.);
#3740=ORIENTED_EDGE('',*,*,#5106,.T.);
#3741=ORIENTED_EDGE('',*,*,#5103,.T.);
#3742=ORIENTED_EDGE('',*,*,#4319,.F.);
#3743=ORIENTED_EDGE('',*,*,#5107,.F.);
#3744=ORIENTED_EDGE('',*,*,#5108,.T.);
#3745=ORIENTED_EDGE('',*,*,#5105,.T.);
#3746=ORIENTED_EDGE('',*,*,#4318,.F.);
#3747=ORIENTED_EDGE('',*,*,#5109,.F.);
#3748=ORIENTED_EDGE('',*,*,#5110,.T.);
#3749=ORIENTED_EDGE('',*,*,#5107,.T.);
#3750=ORIENTED_EDGE('',*,*,#4317,.F.);
#3751=ORIENTED_EDGE('',*,*,#5036,.F.);
#3752=ORIENTED_EDGE('',*,*,#5111,.T.);
#3753=ORIENTED_EDGE('',*,*,#5109,.T.);
#3754=ORIENTED_EDGE('',*,*,#5035,.F.);
#3755=ORIENTED_EDGE('',*,*,#5038,.F.);
#3756=ORIENTED_EDGE('',*,*,#5040,.F.);
#3757=ORIENTED_EDGE('',*,*,#5042,.F.);
#3758=ORIENTED_EDGE('',*,*,#5044,.F.);
#3759=ORIENTED_EDGE('',*,*,#5046,.F.);
#3760=ORIENTED_EDGE('',*,*,#5048,.F.);
#3761=ORIENTED_EDGE('',*,*,#5050,.F.);
#3762=ORIENTED_EDGE('',*,*,#5052,.F.);
#3763=ORIENTED_EDGE('',*,*,#5054,.F.);
#3764=ORIENTED_EDGE('',*,*,#5056,.F.);
#3765=ORIENTED_EDGE('',*,*,#5058,.F.);
#3766=ORIENTED_EDGE('',*,*,#5060,.F.);
#3767=ORIENTED_EDGE('',*,*,#5062,.F.);
#3768=ORIENTED_EDGE('',*,*,#5064,.F.);
#3769=ORIENTED_EDGE('',*,*,#5066,.F.);
#3770=ORIENTED_EDGE('',*,*,#5068,.F.);
#3771=ORIENTED_EDGE('',*,*,#5070,.F.);
#3772=ORIENTED_EDGE('',*,*,#5072,.F.);
#3773=ORIENTED_EDGE('',*,*,#5074,.F.);
#3774=ORIENTED_EDGE('',*,*,#5076,.F.);
#3775=ORIENTED_EDGE('',*,*,#5078,.F.);
#3776=ORIENTED_EDGE('',*,*,#5080,.F.);
#3777=ORIENTED_EDGE('',*,*,#5082,.F.);
#3778=ORIENTED_EDGE('',*,*,#5084,.F.);
#3779=ORIENTED_EDGE('',*,*,#5086,.F.);
#3780=ORIENTED_EDGE('',*,*,#5088,.F.);
#3781=ORIENTED_EDGE('',*,*,#5090,.F.);
#3782=ORIENTED_EDGE('',*,*,#5092,.F.);
#3783=ORIENTED_EDGE('',*,*,#5094,.F.);
#3784=ORIENTED_EDGE('',*,*,#5096,.F.);
#3785=ORIENTED_EDGE('',*,*,#5098,.F.);
#3786=ORIENTED_EDGE('',*,*,#5100,.F.);
#3787=ORIENTED_EDGE('',*,*,#5102,.F.);
#3788=ORIENTED_EDGE('',*,*,#5104,.F.);
#3789=ORIENTED_EDGE('',*,*,#5106,.F.);
#3790=ORIENTED_EDGE('',*,*,#5108,.F.);
#3791=ORIENTED_EDGE('',*,*,#5110,.F.);
#3792=ORIENTED_EDGE('',*,*,#5111,.F.);
#3793=ORIENTED_EDGE('',*,*,#4355,.F.);
#3794=ORIENTED_EDGE('',*,*,#5112,.F.);
#3795=ORIENTED_EDGE('',*,*,#5113,.T.);
#3796=ORIENTED_EDGE('',*,*,#5114,.T.);
#3797=ORIENTED_EDGE('',*,*,#4354,.F.);
#3798=ORIENTED_EDGE('',*,*,#5115,.F.);
#3799=ORIENTED_EDGE('',*,*,#5116,.T.);
#3800=ORIENTED_EDGE('',*,*,#5112,.T.);
#3801=ORIENTED_EDGE('',*,*,#4357,.F.);
#3802=ORIENTED_EDGE('',*,*,#5117,.F.);
#3803=ORIENTED_EDGE('',*,*,#5118,.T.);
#3804=ORIENTED_EDGE('',*,*,#5115,.T.);
#3805=ORIENTED_EDGE('',*,*,#4356,.F.);
#3806=ORIENTED_EDGE('',*,*,#5114,.F.);
#3807=ORIENTED_EDGE('',*,*,#5119,.T.);
#3808=ORIENTED_EDGE('',*,*,#5117,.T.);
#3809=ORIENTED_EDGE('',*,*,#5113,.F.);
#3810=ORIENTED_EDGE('',*,*,#5116,.F.);
#3811=ORIENTED_EDGE('',*,*,#5118,.F.);
#3812=ORIENTED_EDGE('',*,*,#5119,.F.);
#3813=ORIENTED_EDGE('',*,*,#4359,.F.);
#3814=ORIENTED_EDGE('',*,*,#5120,.F.);
#3815=ORIENTED_EDGE('',*,*,#5121,.T.);
#3816=ORIENTED_EDGE('',*,*,#5122,.T.);
#3817=ORIENTED_EDGE('',*,*,#4358,.F.);
#3818=ORIENTED_EDGE('',*,*,#5123,.F.);
#3819=ORIENTED_EDGE('',*,*,#5124,.T.);
#3820=ORIENTED_EDGE('',*,*,#5120,.T.);
#3821=ORIENTED_EDGE('',*,*,#4374,.F.);
#3822=ORIENTED_EDGE('',*,*,#5125,.F.);
#3823=ORIENTED_EDGE('',*,*,#5126,.T.);
#3824=ORIENTED_EDGE('',*,*,#5123,.T.);
#3825=ORIENTED_EDGE('',*,*,#4373,.F.);
#3826=ORIENTED_EDGE('',*,*,#5127,.F.);
#3827=ORIENTED_EDGE('',*,*,#5128,.T.);
#3828=ORIENTED_EDGE('',*,*,#5125,.T.);
#3829=ORIENTED_EDGE('',*,*,#4372,.F.);
#3830=ORIENTED_EDGE('',*,*,#5129,.F.);
#3831=ORIENTED_EDGE('',*,*,#5130,.T.);
#3832=ORIENTED_EDGE('',*,*,#5127,.T.);
#3833=ORIENTED_EDGE('',*,*,#4371,.F.);
#3834=ORIENTED_EDGE('',*,*,#5131,.F.);
#3835=ORIENTED_EDGE('',*,*,#5132,.T.);
#3836=ORIENTED_EDGE('',*,*,#5129,.T.);
#3837=ORIENTED_EDGE('',*,*,#4370,.F.);
#3838=ORIENTED_EDGE('',*,*,#5133,.F.);
#3839=ORIENTED_EDGE('',*,*,#5134,.T.);
#3840=ORIENTED_EDGE('',*,*,#5131,.T.);
#3841=ORIENTED_EDGE('',*,*,#4369,.F.);
#3842=ORIENTED_EDGE('',*,*,#5135,.F.);
#3843=ORIENTED_EDGE('',*,*,#5136,.T.);
#3844=ORIENTED_EDGE('',*,*,#5133,.T.);
#3845=ORIENTED_EDGE('',*,*,#4368,.F.);
#3846=ORIENTED_EDGE('',*,*,#5137,.F.);
#3847=ORIENTED_EDGE('',*,*,#5138,.T.);
#3848=ORIENTED_EDGE('',*,*,#5135,.T.);
#3849=ORIENTED_EDGE('',*,*,#4367,.F.);
#3850=ORIENTED_EDGE('',*,*,#5139,.F.);
#3851=ORIENTED_EDGE('',*,*,#5140,.T.);
#3852=ORIENTED_EDGE('',*,*,#5137,.T.);
#3853=ORIENTED_EDGE('',*,*,#4366,.F.);
#3854=ORIENTED_EDGE('',*,*,#5141,.F.);
#3855=ORIENTED_EDGE('',*,*,#5142,.T.);
#3856=ORIENTED_EDGE('',*,*,#5139,.T.);
#3857=ORIENTED_EDGE('',*,*,#4365,.F.);
#3858=ORIENTED_EDGE('',*,*,#5143,.F.);
#3859=ORIENTED_EDGE('',*,*,#5144,.T.);
#3860=ORIENTED_EDGE('',*,*,#5141,.T.);
#3861=ORIENTED_EDGE('',*,*,#4364,.F.);
#3862=ORIENTED_EDGE('',*,*,#5145,.F.);
#3863=ORIENTED_EDGE('',*,*,#5146,.T.);
#3864=ORIENTED_EDGE('',*,*,#5143,.T.);
#3865=ORIENTED_EDGE('',*,*,#4363,.F.);
#3866=ORIENTED_EDGE('',*,*,#5147,.F.);
#3867=ORIENTED_EDGE('',*,*,#5148,.T.);
#3868=ORIENTED_EDGE('',*,*,#5145,.T.);
#3869=ORIENTED_EDGE('',*,*,#4362,.F.);
#3870=ORIENTED_EDGE('',*,*,#5149,.F.);
#3871=ORIENTED_EDGE('',*,*,#5150,.T.);
#3872=ORIENTED_EDGE('',*,*,#5147,.T.);
#3873=ORIENTED_EDGE('',*,*,#4361,.F.);
#3874=ORIENTED_EDGE('',*,*,#5151,.F.);
#3875=ORIENTED_EDGE('',*,*,#5152,.T.);
#3876=ORIENTED_EDGE('',*,*,#5149,.T.);
#3877=ORIENTED_EDGE('',*,*,#4360,.F.);
#3878=ORIENTED_EDGE('',*,*,#5122,.F.);
#3879=ORIENTED_EDGE('',*,*,#5153,.T.);
#3880=ORIENTED_EDGE('',*,*,#5151,.T.);
#3881=ORIENTED_EDGE('',*,*,#5121,.F.);
#3882=ORIENTED_EDGE('',*,*,#5124,.F.);
#3883=ORIENTED_EDGE('',*,*,#5126,.F.);
#3884=ORIENTED_EDGE('',*,*,#5128,.F.);
#3885=ORIENTED_EDGE('',*,*,#5130,.F.);
#3886=ORIENTED_EDGE('',*,*,#5132,.F.);
#3887=ORIENTED_EDGE('',*,*,#5134,.F.);
#3888=ORIENTED_EDGE('',*,*,#5136,.F.);
#3889=ORIENTED_EDGE('',*,*,#5138,.F.);
#3890=ORIENTED_EDGE('',*,*,#5140,.F.);
#3891=ORIENTED_EDGE('',*,*,#5142,.F.);
#3892=ORIENTED_EDGE('',*,*,#5144,.F.);
#3893=ORIENTED_EDGE('',*,*,#5146,.F.);
#3894=ORIENTED_EDGE('',*,*,#5148,.F.);
#3895=ORIENTED_EDGE('',*,*,#5150,.F.);
#3896=ORIENTED_EDGE('',*,*,#5152,.F.);
#3897=ORIENTED_EDGE('',*,*,#5153,.F.);
#3898=ORIENTED_EDGE('',*,*,#4376,.F.);
#3899=ORIENTED_EDGE('',*,*,#5154,.F.);
#3900=ORIENTED_EDGE('',*,*,#5155,.T.);
#3901=ORIENTED_EDGE('',*,*,#5156,.T.);
#3902=ORIENTED_EDGE('',*,*,#4375,.F.);
#3903=ORIENTED_EDGE('',*,*,#5157,.F.);
#3904=ORIENTED_EDGE('',*,*,#5158,.T.);
#3905=ORIENTED_EDGE('',*,*,#5154,.T.);
#3906=ORIENTED_EDGE('',*,*,#4393,.F.);
#3907=ORIENTED_EDGE('',*,*,#5159,.F.);
#3908=ORIENTED_EDGE('',*,*,#5160,.T.);
#3909=ORIENTED_EDGE('',*,*,#5157,.T.);
#3910=ORIENTED_EDGE('',*,*,#4392,.F.);
#3911=ORIENTED_EDGE('',*,*,#5161,.F.);
#3912=ORIENTED_EDGE('',*,*,#5162,.T.);
#3913=ORIENTED_EDGE('',*,*,#5159,.T.);
#3914=ORIENTED_EDGE('',*,*,#4391,.F.);
#3915=ORIENTED_EDGE('',*,*,#5163,.F.);
#3916=ORIENTED_EDGE('',*,*,#5164,.T.);
#3917=ORIENTED_EDGE('',*,*,#5161,.T.);
#3918=ORIENTED_EDGE('',*,*,#4390,.F.);
#3919=ORIENTED_EDGE('',*,*,#5165,.F.);
#3920=ORIENTED_EDGE('',*,*,#5166,.T.);
#3921=ORIENTED_EDGE('',*,*,#5163,.T.);
#3922=ORIENTED_EDGE('',*,*,#4389,.F.);
#3923=ORIENTED_EDGE('',*,*,#5167,.F.);
#3924=ORIENTED_EDGE('',*,*,#5168,.T.);
#3925=ORIENTED_EDGE('',*,*,#5165,.T.);
#3926=ORIENTED_EDGE('',*,*,#4388,.F.);
#3927=ORIENTED_EDGE('',*,*,#5169,.F.);
#3928=ORIENTED_EDGE('',*,*,#5170,.T.);
#3929=ORIENTED_EDGE('',*,*,#5167,.T.);
#3930=ORIENTED_EDGE('',*,*,#4387,.F.);
#3931=ORIENTED_EDGE('',*,*,#5171,.F.);
#3932=ORIENTED_EDGE('',*,*,#5172,.T.);
#3933=ORIENTED_EDGE('',*,*,#5169,.T.);
#3934=ORIENTED_EDGE('',*,*,#4386,.F.);
#3935=ORIENTED_EDGE('',*,*,#5173,.F.);
#3936=ORIENTED_EDGE('',*,*,#5174,.T.);
#3937=ORIENTED_EDGE('',*,*,#5171,.T.);
#3938=ORIENTED_EDGE('',*,*,#4385,.F.);
#3939=ORIENTED_EDGE('',*,*,#5175,.F.);
#3940=ORIENTED_EDGE('',*,*,#5176,.T.);
#3941=ORIENTED_EDGE('',*,*,#5173,.T.);
#3942=ORIENTED_EDGE('',*,*,#4384,.F.);
#3943=ORIENTED_EDGE('',*,*,#5177,.F.);
#3944=ORIENTED_EDGE('',*,*,#5178,.T.);
#3945=ORIENTED_EDGE('',*,*,#5175,.T.);
#3946=ORIENTED_EDGE('',*,*,#4383,.F.);
#3947=ORIENTED_EDGE('',*,*,#5179,.F.);
#3948=ORIENTED_EDGE('',*,*,#5180,.T.);
#3949=ORIENTED_EDGE('',*,*,#5177,.T.);
#3950=ORIENTED_EDGE('',*,*,#4382,.F.);
#3951=ORIENTED_EDGE('',*,*,#5181,.F.);
#3952=ORIENTED_EDGE('',*,*,#5182,.T.);
#3953=ORIENTED_EDGE('',*,*,#5179,.T.);
#3954=ORIENTED_EDGE('',*,*,#4381,.F.);
#3955=ORIENTED_EDGE('',*,*,#5183,.F.);
#3956=ORIENTED_EDGE('',*,*,#5184,.T.);
#3957=ORIENTED_EDGE('',*,*,#5181,.T.);
#3958=ORIENTED_EDGE('',*,*,#4380,.F.);
#3959=ORIENTED_EDGE('',*,*,#5185,.F.);
#3960=ORIENTED_EDGE('',*,*,#5186,.T.);
#3961=ORIENTED_EDGE('',*,*,#5183,.T.);
#3962=ORIENTED_EDGE('',*,*,#4379,.F.);
#3963=ORIENTED_EDGE('',*,*,#5187,.F.);
#3964=ORIENTED_EDGE('',*,*,#5188,.T.);
#3965=ORIENTED_EDGE('',*,*,#5185,.T.);
#3966=ORIENTED_EDGE('',*,*,#4378,.F.);
#3967=ORIENTED_EDGE('',*,*,#5189,.F.);
#3968=ORIENTED_EDGE('',*,*,#5190,.T.);
#3969=ORIENTED_EDGE('',*,*,#5187,.T.);
#3970=ORIENTED_EDGE('',*,*,#4377,.F.);
#3971=ORIENTED_EDGE('',*,*,#5156,.F.);
#3972=ORIENTED_EDGE('',*,*,#5191,.T.);
#3973=ORIENTED_EDGE('',*,*,#5189,.T.);
#3974=ORIENTED_EDGE('',*,*,#5155,.F.);
#3975=ORIENTED_EDGE('',*,*,#5158,.F.);
#3976=ORIENTED_EDGE('',*,*,#5160,.F.);
#3977=ORIENTED_EDGE('',*,*,#5162,.F.);
#3978=ORIENTED_EDGE('',*,*,#5164,.F.);
#3979=ORIENTED_EDGE('',*,*,#5166,.F.);
#3980=ORIENTED_EDGE('',*,*,#5168,.F.);
#3981=ORIENTED_EDGE('',*,*,#5170,.F.);
#3982=ORIENTED_EDGE('',*,*,#5172,.F.);
#3983=ORIENTED_EDGE('',*,*,#5174,.F.);
#3984=ORIENTED_EDGE('',*,*,#5176,.F.);
#3985=ORIENTED_EDGE('',*,*,#5178,.F.);
#3986=ORIENTED_EDGE('',*,*,#5180,.F.);
#3987=ORIENTED_EDGE('',*,*,#5182,.F.);
#3988=ORIENTED_EDGE('',*,*,#5184,.F.);
#3989=ORIENTED_EDGE('',*,*,#5186,.F.);
#3990=ORIENTED_EDGE('',*,*,#5188,.F.);
#3991=ORIENTED_EDGE('',*,*,#5190,.F.);
#3992=ORIENTED_EDGE('',*,*,#5191,.F.);
#3993=EDGE_CURVE('',#5192,#5192,#5994,.T.);
#3994=EDGE_CURVE('',#5193,#5193,#5995,.T.);
#3995=EDGE_CURVE('',#5194,#5194,#5996,.T.);
#3996=EDGE_CURVE('',#5195,#5195,#5997,.T.);
#3997=EDGE_CURVE('',#5196,#5197,#313,.T.);
#3998=EDGE_CURVE('',#5196,#5198,#314,.T.);
#3999=EDGE_CURVE('',#5198,#5199,#315,.T.);
#4000=EDGE_CURVE('',#5197,#5199,#316,.T.);
#4001=EDGE_CURVE('',#5200,#5201,#317,.T.);
#4002=EDGE_CURVE('',#5201,#5202,#318,.T.);
#4003=EDGE_CURVE('',#5202,#5203,#319,.T.);
#4004=EDGE_CURVE('',#5203,#5204,#320,.T.);
#4005=EDGE_CURVE('',#5204,#5205,#321,.T.);
#4006=EDGE_CURVE('',#5205,#5206,#322,.T.);
#4007=EDGE_CURVE('',#5206,#5200,#323,.T.);
#4008=EDGE_CURVE('',#5207,#5208,#5998,.T.);
#4009=EDGE_CURVE('',#5208,#5209,#5999,.T.);
#4010=EDGE_CURVE('',#5209,#5210,#6000,.T.);
#4011=EDGE_CURVE('',#5210,#5211,#6001,.T.);
#4012=EDGE_CURVE('',#5211,#5212,#6002,.T.);
#4013=EDGE_CURVE('',#5212,#5213,#324,.T.);
#4014=EDGE_CURVE('',#5213,#5214,#6003,.F.);
#4015=EDGE_CURVE('',#5214,#5215,#291,.T.);
#4016=EDGE_CURVE('',#5215,#5216,#6004,.F.);
#4017=EDGE_CURVE('',#5216,#5217,#6005,.F.);
#4018=EDGE_CURVE('',#5217,#5218,#6006,.F.);
#4019=EDGE_CURVE('',#5218,#5219,#6007,.F.);
#4020=EDGE_CURVE('',#5219,#5220,#6008,.F.);
#4021=EDGE_CURVE('',#5220,#5221,#6009,.F.);
#4022=EDGE_CURVE('',#5221,#5222,#6010,.F.);
#4023=EDGE_CURVE('',#5222,#5223,#6011,.F.);
#4024=EDGE_CURVE('',#5223,#5224,#325,.T.);
#4025=EDGE_CURVE('',#5224,#5225,#6012,.T.);
#4026=EDGE_CURVE('',#5225,#5226,#6013,.T.);
#4027=EDGE_CURVE('',#5226,#5227,#6014,.T.);
#4028=EDGE_CURVE('',#5227,#5228,#6015,.T.);
#4029=EDGE_CURVE('',#5228,#5229,#6016,.T.);
#4030=EDGE_CURVE('',#5229,#5230,#6017,.T.);
#4031=EDGE_CURVE('',#5230,#5207,#6018,.T.);
#4032=EDGE_CURVE('',#5231,#5232,#326,.T.);
#4033=EDGE_CURVE('',#5232,#5233,#6019,.F.);
#4034=EDGE_CURVE('',#5233,#5234,#6020,.T.);
#4035=EDGE_CURVE('',#5234,#5235,#6021,.F.);
#4036=EDGE_CURVE('',#5235,#5236,#6022,.F.);
#4037=EDGE_CURVE('',#5236,#5237,#6023,.F.);
#4038=EDGE_CURVE('',#5237,#5238,#6024,.F.);
#4039=EDGE_CURVE('',#5238,#5239,#6025,.F.);
#4040=EDGE_CURVE('',#5239,#5240,#6026,.F.);
#4041=EDGE_CURVE('',#5240,#5241,#6027,.F.);
#4042=EDGE_CURVE('',#5241,#5242,#6028,.T.);
#4043=EDGE_CURVE('',#5242,#5243,#6029,.F.);
#4044=EDGE_CURVE('',#5243,#5244,#327,.T.);
#4045=EDGE_CURVE('',#5244,#5245,#6030,.T.);
#4046=EDGE_CURVE('',#5245,#5246,#6031,.F.);
#4047=EDGE_CURVE('',#5246,#5247,#6032,.F.);
#4048=EDGE_CURVE('',#5247,#5248,#6033,.F.);
#4049=EDGE_CURVE('',#5248,#5249,#6034,.T.);
#4050=EDGE_CURVE('',#5249,#5250,#6035,.T.);
#4051=EDGE_CURVE('',#5250,#5251,#6036,.T.);
#4052=EDGE_CURVE('',#5251,#5252,#6037,.T.);
#4053=EDGE_CURVE('',#5252,#5253,#6038,.T.);
#4054=EDGE_CURVE('',#5253,#5254,#328,.T.);
#4055=EDGE_CURVE('',#5254,#5231,#329,.T.);
#4056=EDGE_CURVE('',#5255,#5256,#330,.T.);
#4057=EDGE_CURVE('',#5256,#5257,#331,.T.);
#4058=EDGE_CURVE('',#5257,#5258,#332,.T.);
#4059=EDGE_CURVE('',#5258,#5259,#333,.T.);
#4060=EDGE_CURVE('',#5259,#5255,#334,.T.);
#4061=EDGE_CURVE('',#5260,#5261,#335,.T.);
#4062=EDGE_CURVE('',#5261,#5262,#6039,.F.);
#4063=EDGE_CURVE('',#5262,#5263,#6040,.T.);
#4064=EDGE_CURVE('',#5263,#5264,#6041,.F.);
#4065=EDGE_CURVE('',#5264,#5265,#6042,.F.);
#4066=EDGE_CURVE('',#5265,#5266,#6043,.F.);
#4067=EDGE_CURVE('',#5266,#5267,#6044,.F.);
#4068=EDGE_CURVE('',#5267,#5268,#6045,.F.);
#4069=EDGE_CURVE('',#5268,#5269,#6046,.F.);
#4070=EDGE_CURVE('',#5269,#5270,#6047,.F.);
#4071=EDGE_CURVE('',#5270,#5271,#6048,.T.);
#4072=EDGE_CURVE('',#5271,#5272,#6049,.F.);
#4073=EDGE_CURVE('',#5272,#5273,#336,.T.);
#4074=EDGE_CURVE('',#5273,#5274,#6050,.T.);
#4075=EDGE_CURVE('',#5274,#5275,#6051,.F.);
#4076=EDGE_CURVE('',#5275,#5276,#6052,.F.);
#4077=EDGE_CURVE('',#5276,#5277,#6053,.F.);
#4078=EDGE_CURVE('',#5277,#5278,#6054,.T.);
#4079=EDGE_CURVE('',#5278,#5279,#6055,.T.);
#4080=EDGE_CURVE('',#5279,#5280,#6056,.T.);
#4081=EDGE_CURVE('',#5280,#5281,#6057,.T.);
#4082=EDGE_CURVE('',#5281,#5282,#6058,.T.);
#4083=EDGE_CURVE('',#5282,#5283,#337,.T.);
#4084=EDGE_CURVE('',#5283,#5260,#338,.T.);
#4085=EDGE_CURVE('',#5284,#5285,#339,.T.);
#4086=EDGE_CURVE('',#5285,#5286,#6059,.F.);
#4087=EDGE_CURVE('',#5286,#5287,#6060,.F.);
#4088=EDGE_CURVE('',#5287,#5288,#6061,.F.);
#4089=EDGE_CURVE('',#5288,#5289,#6062,.F.);
#4090=EDGE_CURVE('',#5289,#5290,#6063,.T.);
#4091=EDGE_CURVE('',#5290,#5291,#340,.T.);
#4092=EDGE_CURVE('',#5291,#5292,#341,.T.);
#4093=EDGE_CURVE('',#5292,#5293,#342,.T.);
#4094=EDGE_CURVE('',#5293,#5294,#6064,.T.);
#4095=EDGE_CURVE('',#5294,#5295,#6065,.T.);
#4096=EDGE_CURVE('',#5295,#5296,#6066,.T.);
#4097=EDGE_CURVE('',#5296,#5284,#6067,.T.);
#4098=EDGE_CURVE('',#5297,#5298,#343,.T.);
#4099=EDGE_CURVE('',#5298,#5299,#6068,.F.);
#4100=EDGE_CURVE('',#5299,#5300,#292,.T.);
#4101=EDGE_CURVE('',#5300,#5301,#344,.T.);
#4102=EDGE_CURVE('',#5301,#5302,#6069,.T.);
#4103=EDGE_CURVE('',#5302,#5303,#6070,.T.);
#4104=EDGE_CURVE('',#5303,#5297,#6071,.T.);
#4105=EDGE_CURVE('',#5304,#5305,#345,.T.);
#4106=EDGE_CURVE('',#5305,#5306,#346,.T.);
#4107=EDGE_CURVE('',#5306,#5307,#347,.T.);
#4108=EDGE_CURVE('',#5307,#5308,#348,.T.);
#4109=EDGE_CURVE('',#5308,#5304,#349,.T.);
#4110=EDGE_CURVE('',#5309,#5310,#350,.T.);
#4111=EDGE_CURVE('',#5310,#5311,#6072,.T.);
#4112=EDGE_CURVE('',#5311,#5312,#6073,.T.);
#4113=EDGE_CURVE('',#5312,#5313,#6074,.T.);
#4114=EDGE_CURVE('',#5313,#5314,#6075,.T.);
#4115=EDGE_CURVE('',#5314,#5315,#351,.T.);
#4116=EDGE_CURVE('',#5315,#5316,#6076,.F.);
#4117=EDGE_CURVE('',#5316,#5317,#6077,.F.);
#4118=EDGE_CURVE('',#5317,#5318,#6078,.F.);
#4119=EDGE_CURVE('',#5318,#5319,#6079,.F.);
#4120=EDGE_CURVE('',#5319,#5320,#293,.T.);
#4121=EDGE_CURVE('',#5320,#5321,#6080,.F.);
#4122=EDGE_CURVE('',#5321,#5322,#352,.T.);
#4123=EDGE_CURVE('',#5322,#5323,#6081,.T.);
#4124=EDGE_CURVE('',#5323,#5324,#6082,.T.);
#4125=EDGE_CURVE('',#5324,#5325,#353,.T.);
#4126=EDGE_CURVE('',#5325,#5326,#6083,.T.);
#4127=EDGE_CURVE('',#5326,#5327,#294,.T.);
#4128=EDGE_CURVE('',#5327,#5328,#6084,.T.);
#4129=EDGE_CURVE('',#5328,#5329,#6085,.T.);
#4130=EDGE_CURVE('',#5329,#5330,#6086,.T.);
#4131=EDGE_CURVE('',#5330,#5331,#6087,.T.);
#4132=EDGE_CURVE('',#5331,#5332,#6088,.T.);
#4133=EDGE_CURVE('',#5332,#5333,#6089,.T.);
#4134=EDGE_CURVE('',#5333,#5334,#354,.T.);
#4135=EDGE_CURVE('',#5334,#5335,#6090,.F.);
#4136=EDGE_CURVE('',#5335,#5336,#6091,.F.);
#4137=EDGE_CURVE('',#5336,#5337,#6092,.F.);
#4138=EDGE_CURVE('',#5337,#5338,#6093,.F.);
#4139=EDGE_CURVE('',#5338,#5339,#6094,.F.);
#4140=EDGE_CURVE('',#5339,#5340,#6095,.F.);
#4141=EDGE_CURVE('',#5340,#5341,#6096,.F.);
#4142=EDGE_CURVE('',#5341,#5342,#6097,.F.);
#4143=EDGE_CURVE('',#5342,#5343,#6098,.T.);
#4144=EDGE_CURVE('',#5343,#5309,#6099,.T.);
#4145=EDGE_CURVE('',#5344,#5345,#355,.T.);
#4146=EDGE_CURVE('',#5345,#5346,#356,.T.);
#4147=EDGE_CURVE('',#5346,#5347,#357,.T.);
#4148=EDGE_CURVE('',#5347,#5348,#358,.T.);
#4149=EDGE_CURVE('',#5348,#5344,#359,.T.);
#4150=EDGE_CURVE('',#5349,#5350,#360,.T.);
#4151=EDGE_CURVE('',#5350,#5351,#361,.T.);
#4152=EDGE_CURVE('',#5351,#5352,#362,.T.);
#4153=EDGE_CURVE('',#5352,#5349,#363,.T.);
#4154=EDGE_CURVE('',#5353,#5354,#364,.T.);
#4155=EDGE_CURVE('',#5354,#5355,#365,.T.);
#4156=EDGE_CURVE('',#5355,#5356,#366,.T.);
#4157=EDGE_CURVE('',#5356,#5357,#367,.T.);
#4158=EDGE_CURVE('',#5357,#5353,#368,.T.);
#4159=EDGE_CURVE('',#5358,#5359,#6100,.F.);
#4160=EDGE_CURVE('',#5359,#5360,#6101,.F.);
#4161=EDGE_CURVE('',#5360,#5361,#6102,.F.);
#4162=EDGE_CURVE('',#5361,#5362,#6103,.T.);
#4163=EDGE_CURVE('',#5362,#5363,#6104,.T.);
#4164=EDGE_CURVE('',#5363,#5364,#369,.T.);
#4165=EDGE_CURVE('',#5364,#5365,#370,.T.);
#4166=EDGE_CURVE('',#5365,#5366,#371,.T.);
#4167=EDGE_CURVE('',#5366,#5367,#6105,.T.);
#4168=EDGE_CURVE('',#5367,#5368,#6106,.T.);
#4169=EDGE_CURVE('',#5368,#5369,#6107,.T.);
#4170=EDGE_CURVE('',#5369,#5370,#6108,.T.);
#4171=EDGE_CURVE('',#5370,#5371,#6109,.T.);
#4172=EDGE_CURVE('',#5371,#5372,#6110,.T.);
#4173=EDGE_CURVE('',#5372,#5373,#372,.T.);
#4174=EDGE_CURVE('',#5373,#5374,#6111,.F.);
#4175=EDGE_CURVE('',#5374,#5375,#6112,.F.);
#4176=EDGE_CURVE('',#5375,#5358,#6113,.F.);
#4177=EDGE_CURVE('',#5376,#5377,#373,.T.);
#4178=EDGE_CURVE('',#5377,#5378,#6114,.T.);
#4179=EDGE_CURVE('',#5378,#5379,#6115,.T.);
#4180=EDGE_CURVE('',#5379,#5380,#6116,.T.);
#4181=EDGE_CURVE('',#5380,#5381,#6117,.T.);
#4182=EDGE_CURVE('',#5381,#5382,#6118,.T.);
#4183=EDGE_CURVE('',#5382,#5383,#6119,.T.);
#4184=EDGE_CURVE('',#5383,#5384,#374,.T.);
#4185=EDGE_CURVE('',#5384,#5385,#6120,.F.);
#4186=EDGE_CURVE('',#5385,#5386,#6121,.F.);
#4187=EDGE_CURVE('',#5386,#5387,#6122,.F.);
#4188=EDGE_CURVE('',#5387,#5388,#6123,.F.);
#4189=EDGE_CURVE('',#5388,#5389,#6124,.T.);
#4190=EDGE_CURVE('',#5389,#5390,#6125,.F.);
#4191=EDGE_CURVE('',#5390,#5391,#6126,.F.);
#4192=EDGE_CURVE('',#5391,#5392,#6127,.T.);
#4193=EDGE_CURVE('',#5392,#5393,#6128,.T.);
#4194=EDGE_CURVE('',#5393,#5394,#375,.T.);
#4195=EDGE_CURVE('',#5394,#5395,#376,.T.);
#4196=EDGE_CURVE('',#5395,#5376,#377,.T.);
#4197=EDGE_CURVE('',#5396,#5397,#378,.T.);
#4198=EDGE_CURVE('',#5397,#5398,#379,.T.);
#4199=EDGE_CURVE('',#5398,#5399,#380,.T.);
#4200=EDGE_CURVE('',#5399,#5400,#381,.T.);
#4201=EDGE_CURVE('',#5400,#5396,#382,.T.);
#4202=EDGE_CURVE('',#5401,#5402,#383,.T.);
#4203=EDGE_CURVE('',#5402,#5403,#384,.T.);
#4204=EDGE_CURVE('',#5403,#5404,#385,.T.);
#4205=EDGE_CURVE('',#5404,#5405,#386,.T.);
#4206=EDGE_CURVE('',#5405,#5401,#387,.T.);
#4207=EDGE_CURVE('',#5406,#5407,#388,.T.);
#4208=EDGE_CURVE('',#5407,#5408,#6129,.F.);
#4209=EDGE_CURVE('',#5408,#5409,#6130,.F.);
#4210=EDGE_CURVE('',#5409,#5410,#389,.T.);
#4211=EDGE_CURVE('',#5410,#5411,#6131,.T.);
#4212=EDGE_CURVE('',#5411,#5412,#6132,.T.);
#4213=EDGE_CURVE('',#5412,#5406,#6133,.T.);
#4214=EDGE_CURVE('',#5413,#5414,#6134,.T.);
#4215=EDGE_CURVE('',#5414,#5415,#295,.T.);
#4216=EDGE_CURVE('',#5415,#5416,#6135,.T.);
#4217=EDGE_CURVE('',#5416,#5417,#390,.T.);
#4218=EDGE_CURVE('',#5417,#5418,#391,.T.);
#4219=EDGE_CURVE('',#5418,#5419,#6136,.F.);
#4220=EDGE_CURVE('',#5419,#5420,#6137,.F.);
#4221=EDGE_CURVE('',#5420,#5421,#6138,.F.);
#4222=EDGE_CURVE('',#5421,#5422,#6139,.F.);
#4223=EDGE_CURVE('',#5422,#5423,#6140,.F.);
#4224=EDGE_CURVE('',#5423,#5424,#6141,.F.);
#4225=EDGE_CURVE('',#5424,#5425,#6142,.F.);
#4226=EDGE_CURVE('',#5425,#5426,#6143,.F.);
#4227=EDGE_CURVE('',#5426,#5427,#392,.T.);
#4228=EDGE_CURVE('',#5427,#5428,#393,.T.);
#4229=EDGE_CURVE('',#5428,#5429,#394,.T.);
#4230=EDGE_CURVE('',#5429,#5430,#6144,.T.);
#4231=EDGE_CURVE('',#5430,#5431,#6145,.T.);
#4232=EDGE_CURVE('',#5431,#5413,#6146,.T.);
#4233=EDGE_CURVE('',#5432,#5433,#395,.T.);
#4234=EDGE_CURVE('',#5433,#5434,#396,.T.);
#4235=EDGE_CURVE('',#5434,#5435,#397,.T.);
#4236=EDGE_CURVE('',#5435,#5432,#398,.T.);
#4237=EDGE_CURVE('',#5436,#5437,#399,.T.);
#4238=EDGE_CURVE('',#5437,#5438,#400,.T.);
#4239=EDGE_CURVE('',#5438,#5439,#6147,.F.);
#4240=EDGE_CURVE('',#5439,#5440,#6148,.F.);
#4241=EDGE_CURVE('',#5440,#5441,#6149,.F.);
#4242=EDGE_CURVE('',#5441,#5442,#6150,.F.);
#4243=EDGE_CURVE('',#5442,#5443,#6151,.F.);
#4244=EDGE_CURVE('',#5443,#5444,#6152,.F.);
#4245=EDGE_CURVE('',#5444,#5445,#401,.T.);
#4246=EDGE_CURVE('',#5445,#5446,#6153,.T.);
#4247=EDGE_CURVE('',#5446,#5447,#6154,.T.);
#4248=EDGE_CURVE('',#5447,#5448,#6155,.T.);
#4249=EDGE_CURVE('',#5448,#5449,#6156,.T.);
#4250=EDGE_CURVE('',#5449,#5450,#6157,.T.);
#4251=EDGE_CURVE('',#5450,#5451,#296,.T.);
#4252=EDGE_CURVE('',#5451,#5452,#402,.T.);
#4253=EDGE_CURVE('',#5452,#5436,#403,.T.);
#4254=EDGE_CURVE('',#5453,#5454,#6158,.F.);
#4255=EDGE_CURVE('',#5454,#5455,#6159,.F.);
#4256=EDGE_CURVE('',#5455,#5456,#6160,.F.);
#4257=EDGE_CURVE('',#5456,#5457,#6161,.F.);
#4258=EDGE_CURVE('',#5457,#5458,#6162,.F.);
#4259=EDGE_CURVE('',#5458,#5459,#6163,.F.);
#4260=EDGE_CURVE('',#5459,#5460,#6164,.F.);
#4261=EDGE_CURVE('',#5460,#5461,#6165,.F.);
#4262=EDGE_CURVE('',#5461,#5462,#6166,.F.);
#4263=EDGE_CURVE('',#5462,#5463,#6167,.F.);
#4264=EDGE_CURVE('',#5463,#5464,#6168,.F.);
#4265=EDGE_CURVE('',#5464,#5465,#404,.T.);
#4266=EDGE_CURVE('',#5465,#5466,#6169,.T.);
#4267=EDGE_CURVE('',#5466,#5467,#6170,.T.);
#4268=EDGE_CURVE('',#5467,#5468,#6171,.T.);
#4269=EDGE_CURVE('',#5468,#5469,#6172,.T.);
#4270=EDGE_CURVE('',#5469,#5470,#6173,.T.);
#4271=EDGE_CURVE('',#5470,#5471,#6174,.T.);
#4272=EDGE_CURVE('',#5471,#5472,#6175,.T.);
#4273=EDGE_CURVE('',#5472,#5473,#6176,.T.);
#4274=EDGE_CURVE('',#5473,#5474,#6177,.T.);
#4275=EDGE_CURVE('',#5474,#5475,#6178,.T.);
#4276=EDGE_CURVE('',#5475,#5476,#6179,.T.);
#4277=EDGE_CURVE('',#5476,#5477,#6180,.T.);
#4278=EDGE_CURVE('',#5477,#5478,#405,.T.);
#4279=EDGE_CURVE('',#5478,#5453,#6181,.F.);
#4280=EDGE_CURVE('',#5479,#5480,#406,.T.);
#4281=EDGE_CURVE('',#5480,#5481,#407,.T.);
#4282=EDGE_CURVE('',#5481,#5482,#6182,.T.);
#4283=EDGE_CURVE('',#5482,#5483,#6183,.T.);
#4284=EDGE_CURVE('',#5483,#5484,#6184,.T.);
#4285=EDGE_CURVE('',#5484,#5485,#408,.T.);
#4286=EDGE_CURVE('',#5485,#5486,#6185,.F.);
#4287=EDGE_CURVE('',#5486,#5487,#6186,.F.);
#4288=EDGE_CURVE('',#5487,#5488,#6187,.F.);
#4289=EDGE_CURVE('',#5488,#5489,#6188,.T.);
#4290=EDGE_CURVE('',#5489,#5490,#6189,.F.);
#4291=EDGE_CURVE('',#5490,#5491,#6190,.F.);
#4292=EDGE_CURVE('',#5491,#5492,#409,.T.);
#4293=EDGE_CURVE('',#5492,#5493,#6191,.T.);
#4294=EDGE_CURVE('',#5493,#5494,#6192,.T.);
#4295=EDGE_CURVE('',#5494,#5495,#410,.T.);
#4296=EDGE_CURVE('',#5495,#5496,#6193,.T.);
#4297=EDGE_CURVE('',#5496,#5497,#6194,.T.);
#4298=EDGE_CURVE('',#5497,#5498,#6195,.T.);
#4299=EDGE_CURVE('',#5498,#5499,#6196,.T.);
#4300=EDGE_CURVE('',#5499,#5500,#6197,.T.);
#4301=EDGE_CURVE('',#5500,#5501,#6198,.T.);
#4302=EDGE_CURVE('',#5501,#5502,#6199,.T.);
#4303=EDGE_CURVE('',#5502,#5503,#411,.T.);
#4304=EDGE_CURVE('',#5503,#5504,#412,.T.);
#4305=EDGE_CURVE('',#5504,#5505,#6200,.F.);
#4306=EDGE_CURVE('',#5505,#5506,#6201,.F.);
#4307=EDGE_CURVE('',#5506,#5507,#6202,.F.);
#4308=EDGE_CURVE('',#5507,#5508,#6203,.F.);
#4309=EDGE_CURVE('',#5508,#5509,#6204,.F.);
#4310=EDGE_CURVE('',#5509,#5510,#6205,.F.);
#4311=EDGE_CURVE('',#5510,#5511,#6206,.F.);
#4312=EDGE_CURVE('',#5511,#5512,#6207,.F.);
#4313=EDGE_CURVE('',#5512,#5513,#6208,.T.);
#4314=EDGE_CURVE('',#5513,#5479,#6209,.T.);
#4315=EDGE_CURVE('',#5514,#5515,#6210,.F.);
#4316=EDGE_CURVE('',#5515,#5516,#6211,.F.);
#4317=EDGE_CURVE('',#5516,#5517,#6212,.F.);
#4318=EDGE_CURVE('',#5517,#5518,#6213,.F.);
#4319=EDGE_CURVE('',#5518,#5519,#6214,.F.);
#4320=EDGE_CURVE('',#5519,#5520,#6215,.F.);
#4321=EDGE_CURVE('',#5520,#5521,#6216,.F.);
#4322=EDGE_CURVE('',#5521,#5522,#6217,.F.);
#4323=EDGE_CURVE('',#5522,#5523,#6218,.F.);
#4324=EDGE_CURVE('',#5523,#5524,#6219,.F.);
#4325=EDGE_CURVE('',#5524,#5525,#413,.T.);
#4326=EDGE_CURVE('',#5525,#5526,#414,.T.);
#4327=EDGE_CURVE('',#5526,#5527,#415,.T.);
#4328=EDGE_CURVE('',#5527,#5528,#416,.T.);
#4329=EDGE_CURVE('',#5528,#5529,#297,.T.);
#4330=EDGE_CURVE('',#5529,#5530,#298,.T.);
#4331=EDGE_CURVE('',#5530,#5531,#6220,.T.);
#4332=EDGE_CURVE('',#5531,#5532,#299,.T.);
#4333=EDGE_CURVE('',#5532,#5533,#417,.T.);
#4334=EDGE_CURVE('',#5533,#5534,#418,.T.);
#4335=EDGE_CURVE('',#5534,#5535,#419,.T.);
#4336=EDGE_CURVE('',#5535,#5536,#6221,.T.);
#4337=EDGE_CURVE('',#5536,#5537,#6222,.T.);
#4338=EDGE_CURVE('',#5537,#5538,#6223,.T.);
#4339=EDGE_CURVE('',#5538,#5539,#300,.T.);
#4340=EDGE_CURVE('',#5539,#5540,#6224,.T.);
#4341=EDGE_CURVE('',#5540,#5541,#6225,.T.);
#4342=EDGE_CURVE('',#5541,#5542,#6226,.T.);
#4343=EDGE_CURVE('',#5542,#5543,#6227,.T.);
#4344=EDGE_CURVE('',#5543,#5544,#420,.T.);
#4345=EDGE_CURVE('',#5544,#5545,#421,.T.);
#4346=EDGE_CURVE('',#5545,#5546,#422,.T.);
#4347=EDGE_CURVE('',#5546,#5547,#6228,.F.);
#4348=EDGE_CURVE('',#5547,#5548,#6229,.F.);
#4349=EDGE_CURVE('',#5548,#5549,#6230,.F.);
#4350=EDGE_CURVE('',#5549,#5550,#6231,.F.);
#4351=EDGE_CURVE('',#5550,#5551,#6232,.F.);
#4352=EDGE_CURVE('',#5551,#5552,#6233,.F.);
#4353=EDGE_CURVE('',#5552,#5514,#6234,.F.);
#4354=EDGE_CURVE('',#5553,#5554,#423,.T.);
#4355=EDGE_CURVE('',#5554,#5555,#424,.T.);
#4356=EDGE_CURVE('',#5555,#5556,#425,.T.);
#4357=EDGE_CURVE('',#5556,#5553,#426,.T.);
#4358=EDGE_CURVE('',#5557,#5558,#427,.T.);
#4359=EDGE_CURVE('',#5558,#5559,#6235,.T.);
#4360=EDGE_CURVE('',#5559,#5560,#6236,.T.);
#4361=EDGE_CURVE('',#5560,#5561,#6237,.T.);
#4362=EDGE_CURVE('',#5561,#5562,#6238,.T.);
#4363=EDGE_CURVE('',#5562,#5563,#428,.T.);
#4364=EDGE_CURVE('',#5563,#5564,#6239,.F.);
#4365=EDGE_CURVE('',#5564,#5565,#6240,.F.);
#4366=EDGE_CURVE('',#5565,#5566,#6241,.T.);
#4367=EDGE_CURVE('',#5566,#5567,#6242,.T.);
#4368=EDGE_CURVE('',#5567,#5568,#6243,.F.);
#4369=EDGE_CURVE('',#5568,#5569,#6244,.F.);
#4370=EDGE_CURVE('',#5569,#5570,#6245,.F.);
#4371=EDGE_CURVE('',#5570,#5571,#6246,.F.);
#4372=EDGE_CURVE('',#5571,#5572,#6247,.F.);
#4373=EDGE_CURVE('',#5572,#5573,#429,.T.);
#4374=EDGE_CURVE('',#5573,#5557,#430,.T.);
#4375=EDGE_CURVE('',#5574,#5575,#6248,.T.);
#4376=EDGE_CURVE('',#5575,#5576,#301,.T.);
#4377=EDGE_CURVE('',#5576,#5577,#6249,.T.);
#4378=EDGE_CURVE('',#5577,#5578,#431,.T.);
#4379=EDGE_CURVE('',#5578,#5579,#6250,.F.);
#4380=EDGE_CURVE('',#5579,#5580,#6251,.F.);
#4381=EDGE_CURVE('',#5580,#5581,#6252,.F.);
#4382=EDGE_CURVE('',#5581,#5582,#6253,.F.);
#4383=EDGE_CURVE('',#5582,#5583,#6254,.F.);
#4384=EDGE_CURVE('',#5583,#5584,#6255,.F.);
#4385=EDGE_CURVE('',#5584,#5585,#6256,.F.);
#4386=EDGE_CURVE('',#5585,#5586,#6257,.F.);
#4387=EDGE_CURVE('',#5586,#5587,#6258,.F.);
#4388=EDGE_CURVE('',#5587,#5588,#432,.T.);
#4389=EDGE_CURVE('',#5588,#5589,#433,.T.);
#4390=EDGE_CURVE('',#5589,#5590,#434,.T.);
#4391=EDGE_CURVE('',#5590,#5591,#6259,.T.);
#4392=EDGE_CURVE('',#5591,#5592,#6260,.T.);
#4393=EDGE_CURVE('',#5592,#5574,#6261,.T.);
#4394=EDGE_CURVE('',#5593,#5594,#435,.T.);
#4395=EDGE_CURVE('',#5196,#5593,#436,.T.);
#4396=EDGE_CURVE('',#5197,#5594,#437,.T.);
#4397=EDGE_CURVE('',#5593,#5595,#438,.T.);
#4398=EDGE_CURVE('',#5198,#5595,#439,.T.);
#4399=EDGE_CURVE('',#5595,#5596,#440,.T.);
#4400=EDGE_CURVE('',#5199,#5596,#441,.T.);
#4401=EDGE_CURVE('',#5594,#5596,#442,.T.);
#4402=EDGE_CURVE('',#5597,#5597,#6262,.T.);
#4403=EDGE_CURVE('',#5598,#5598,#6263,.T.);
#4404=EDGE_CURVE('',#5599,#5599,#6264,.T.);
#4405=EDGE_CURVE('',#5600,#5600,#6265,.T.);
#4406=EDGE_CURVE('',#5601,#5201,#443,.T.);
#4407=EDGE_CURVE('',#5601,#5602,#444,.T.);
#4408=EDGE_CURVE('',#5602,#5202,#445,.T.);
#4409=EDGE_CURVE('',#5603,#5200,#446,.T.);
#4410=EDGE_CURVE('',#5603,#5601,#447,.T.);
#4411=EDGE_CURVE('',#5604,#5206,#448,.T.);
#4412=EDGE_CURVE('',#5604,#5603,#449,.T.);
#4413=EDGE_CURVE('',#5605,#5205,#450,.T.);
#4414=EDGE_CURVE('',#5605,#5604,#451,.T.);
#4415=EDGE_CURVE('',#5606,#5204,#452,.T.);
#4416=EDGE_CURVE('',#5606,#5605,#453,.T.);
#4417=EDGE_CURVE('',#5607,#5203,#454,.T.);
#4418=EDGE_CURVE('',#5607,#5606,#455,.T.);
#4419=EDGE_CURVE('',#5602,#5607,#456,.T.);
#4420=EDGE_CURVE('',#5608,#5208,#457,.T.);
#4421=EDGE_CURVE('',#5608,#5609,#6266,.T.);
#4422=EDGE_CURVE('',#5609,#5209,#458,.T.);
#4423=EDGE_CURVE('',#5610,#5207,#459,.T.);
#4424=EDGE_CURVE('',#5610,#5608,#6267,.T.);
#4425=EDGE_CURVE('',#5611,#5230,#460,.T.);
#4426=EDGE_CURVE('',#5611,#5610,#6268,.T.);
#4427=EDGE_CURVE('',#5612,#5229,#461,.T.);
#4428=EDGE_CURVE('',#5612,#5611,#6269,.T.);
#4429=EDGE_CURVE('',#5613,#5228,#462,.T.);
#4430=EDGE_CURVE('',#5613,#5612,#6270,.T.);
#4431=EDGE_CURVE('',#5614,#5227,#463,.T.);
#4432=EDGE_CURVE('',#5614,#5613,#6271,.T.);
#4433=EDGE_CURVE('',#5615,#5226,#464,.T.);
#4434=EDGE_CURVE('',#5615,#5614,#6272,.T.);
#4435=EDGE_CURVE('',#5616,#5225,#465,.T.);
#4436=EDGE_CURVE('',#5616,#5615,#6273,.T.);
#4437=EDGE_CURVE('',#5617,#5224,#466,.T.);
#4438=EDGE_CURVE('',#5617,#5616,#6274,.T.);
#4439=EDGE_CURVE('',#5618,#5223,#467,.T.);
#4440=EDGE_CURVE('',#5618,#5617,#468,.T.);
#4441=EDGE_CURVE('',#5619,#5222,#469,.T.);
#4442=EDGE_CURVE('',#5619,#5618,#6275,.F.);
#4443=EDGE_CURVE('',#5620,#5221,#470,.T.);
#4444=EDGE_CURVE('',#5620,#5619,#6276,.F.);
#4445=EDGE_CURVE('',#5621,#5220,#471,.T.);
#4446=EDGE_CURVE('',#5621,#5620,#6277,.F.);
#4447=EDGE_CURVE('',#5622,#5219,#472,.T.);
#4448=EDGE_CURVE('',#5622,#5621,#6278,.F.);
#4449=EDGE_CURVE('',#5623,#5218,#473,.T.);
#4450=EDGE_CURVE('',#5623,#5622,#6279,.F.);
#4451=EDGE_CURVE('',#5624,#5217,#474,.T.);
#4452=EDGE_CURVE('',#5624,#5623,#6280,.F.);
#4453=EDGE_CURVE('',#5625,#5216,#475,.T.);
#4454=EDGE_CURVE('',#5625,#5624,#6281,.F.);
#4455=EDGE_CURVE('',#5626,#5215,#476,.T.);
#4456=EDGE_CURVE('',#5626,#5625,#6282,.F.);
#4457=EDGE_CURVE('',#5627,#5214,#477,.T.);
#4458=EDGE_CURVE('',#5627,#5626,#302,.T.);
#4459=EDGE_CURVE('',#5628,#5213,#478,.T.);
#4460=EDGE_CURVE('',#5628,#5627,#6283,.F.);
#4461=EDGE_CURVE('',#5629,#5212,#479,.T.);
#4462=EDGE_CURVE('',#5629,#5628,#480,.T.);
#4463=EDGE_CURVE('',#5630,#5211,#481,.T.);
#4464=EDGE_CURVE('',#5630,#5629,#6284,.T.);
#4465=EDGE_CURVE('',#5631,#5210,#482,.T.);
#4466=EDGE_CURVE('',#5631,#5630,#6285,.T.);
#4467=EDGE_CURVE('',#5609,#5631,#6286,.T.);
#4468=EDGE_CURVE('',#5632,#5232,#483,.T.);
#4469=EDGE_CURVE('',#5632,#5633,#6287,.F.);
#4470=EDGE_CURVE('',#5633,#5233,#484,.T.);
#4471=EDGE_CURVE('',#5634,#5231,#485,.T.);
#4472=EDGE_CURVE('',#5634,#5632,#486,.T.);
#4473=EDGE_CURVE('',#5635,#5254,#487,.T.);
#4474=EDGE_CURVE('',#5635,#5634,#488,.T.);
#4475=EDGE_CURVE('',#5636,#5253,#489,.T.);
#4476=EDGE_CURVE('',#5636,#5635,#490,.T.);
#4477=EDGE_CURVE('',#5637,#5252,#491,.T.);
#4478=EDGE_CURVE('',#5637,#5636,#6288,.T.);
#4479=EDGE_CURVE('',#5638,#5251,#492,.T.);
#4480=EDGE_CURVE('',#5638,#5637,#6289,.T.);
#4481=EDGE_CURVE('',#5639,#5250,#493,.T.);
#4482=EDGE_CURVE('',#5639,#5638,#6290,.T.);
#4483=EDGE_CURVE('',#5640,#5249,#494,.T.);
#4484=EDGE_CURVE('',#5640,#5639,#6291,.T.);
#4485=EDGE_CURVE('',#5641,#5248,#495,.T.);
#4486=EDGE_CURVE('',#5641,#5640,#6292,.T.);
#4487=EDGE_CURVE('',#5642,#5247,#496,.T.);
#4488=EDGE_CURVE('',#5642,#5641,#6293,.F.);
#4489=EDGE_CURVE('',#5643,#5246,#497,.T.);
#4490=EDGE_CURVE('',#5643,#5642,#6294,.F.);
#4491=EDGE_CURVE('',#5644,#5245,#498,.T.);
#4492=EDGE_CURVE('',#5644,#5643,#6295,.F.);
#4493=EDGE_CURVE('',#5645,#5244,#499,.T.);
#4494=EDGE_CURVE('',#5645,#5644,#6296,.T.);
#4495=EDGE_CURVE('',#5646,#5243,#500,.T.);
#4496=EDGE_CURVE('',#5646,#5645,#501,.T.);
#4497=EDGE_CURVE('',#5647,#5242,#502,.T.);
#4498=EDGE_CURVE('',#5647,#5646,#6297,.F.);
#4499=EDGE_CURVE('',#5648,#5241,#503,.T.);
#4500=EDGE_CURVE('',#5648,#5647,#6298,.T.);
#4501=EDGE_CURVE('',#5649,#5240,#504,.T.);
#4502=EDGE_CURVE('',#5649,#5648,#6299,.F.);
#4503=EDGE_CURVE('',#5650,#5239,#505,.T.);
#4504=EDGE_CURVE('',#5650,#5649,#6300,.F.);
#4505=EDGE_CURVE('',#5651,#5238,#506,.T.);
#4506=EDGE_CURVE('',#5651,#5650,#6301,.F.);
#4507=EDGE_CURVE('',#5652,#5237,#507,.T.);
#4508=EDGE_CURVE('',#5652,#5651,#6302,.F.);
#4509=EDGE_CURVE('',#5653,#5236,#508,.T.);
#4510=EDGE_CURVE('',#5653,#5652,#6303,.F.);
#4511=EDGE_CURVE('',#5654,#5235,#509,.T.);
#4512=EDGE_CURVE('',#5654,#5653,#6304,.F.);
#4513=EDGE_CURVE('',#5655,#5234,#510,.T.);
#4514=EDGE_CURVE('',#5655,#5654,#6305,.F.);
#4515=EDGE_CURVE('',#5633,#5655,#6306,.T.);
#4516=EDGE_CURVE('',#5656,#5256,#511,.T.);
#4517=EDGE_CURVE('',#5656,#5657,#512,.T.);
#4518=EDGE_CURVE('',#5657,#5257,#513,.T.);
#4519=EDGE_CURVE('',#5658,#5255,#514,.T.);
#4520=EDGE_CURVE('',#5658,#5656,#515,.T.);
#4521=EDGE_CURVE('',#5659,#5259,#516,.T.);
#4522=EDGE_CURVE('',#5659,#5658,#517,.T.);
#4523=EDGE_CURVE('',#5660,#5258,#518,.T.);
#4524=EDGE_CURVE('',#5660,#5659,#519,.T.);
#4525=EDGE_CURVE('',#5657,#5660,#520,.T.);
#4526=EDGE_CURVE('',#5661,#5261,#521,.T.);
#4527=EDGE_CURVE('',#5661,#5662,#6307,.F.);
#4528=EDGE_CURVE('',#5662,#5262,#522,.T.);
#4529=EDGE_CURVE('',#5663,#5260,#523,.T.);
#4530=EDGE_CURVE('',#5663,#5661,#524,.T.);
#4531=EDGE_CURVE('',#5664,#5283,#525,.T.);
#4532=EDGE_CURVE('',#5664,#5663,#526,.T.);
#4533=EDGE_CURVE('',#5665,#5282,#527,.T.);
#4534=EDGE_CURVE('',#5665,#5664,#528,.T.);
#4535=EDGE_CURVE('',#5666,#5281,#529,.T.);
#4536=EDGE_CURVE('',#5666,#5665,#6308,.T.);
#4537=EDGE_CURVE('',#5667,#5280,#530,.T.);
#4538=EDGE_CURVE('',#5667,#5666,#6309,.T.);
#4539=EDGE_CURVE('',#5668,#5279,#531,.T.);
#4540=EDGE_CURVE('',#5668,#5667,#6310,.T.);
#4541=EDGE_CURVE('',#5669,#5278,#532,.T.);
#4542=EDGE_CURVE('',#5669,#5668,#6311,.T.);
#4543=EDGE_CURVE('',#5670,#5277,#533,.T.);
#4544=EDGE_CURVE('',#5670,#5669,#6312,.T.);
#4545=EDGE_CURVE('',#5671,#5276,#534,.T.);
#4546=EDGE_CURVE('',#5671,#5670,#6313,.F.);
#4547=EDGE_CURVE('',#5672,#5275,#535,.T.);
#4548=EDGE_CURVE('',#5672,#5671,#6314,.F.);
#4549=EDGE_CURVE('',#5673,#5274,#536,.T.);
#4550=EDGE_CURVE('',#5673,#5672,#6315,.F.);
#4551=EDGE_CURVE('',#5674,#5273,#537,.T.);
#4552=EDGE_CURVE('',#5674,#5673,#6316,.T.);
#4553=EDGE_CURVE('',#5675,#5272,#538,.T.);
#4554=EDGE_CURVE('',#5675,#5674,#539,.T.);
#4555=EDGE_CURVE('',#5676,#5271,#540,.T.);
#4556=EDGE_CURVE('',#5676,#5675,#6317,.F.);
#4557=EDGE_CURVE('',#5677,#5270,#541,.T.);
#4558=EDGE_CURVE('',#5677,#5676,#6318,.T.);
#4559=EDGE_CURVE('',#5678,#5269,#542,.T.);
#4560=EDGE_CURVE('',#5678,#5677,#6319,.F.);
#4561=EDGE_CURVE('',#5679,#5268,#543,.T.);
#4562=EDGE_CURVE('',#5679,#5678,#6320,.F.);
#4563=EDGE_CURVE('',#5680,#5267,#544,.T.);
#4564=EDGE_CURVE('',#5680,#5679,#6321,.F.);
#4565=EDGE_CURVE('',#5681,#5266,#545,.T.);
#4566=EDGE_CURVE('',#5681,#5680,#6322,.F.);
#4567=EDGE_CURVE('',#5682,#5265,#546,.T.);
#4568=EDGE_CURVE('',#5682,#5681,#6323,.F.);
#4569=EDGE_CURVE('',#5683,#5264,#547,.T.);
#4570=EDGE_CURVE('',#5683,#5682,#6324,.F.);
#4571=EDGE_CURVE('',#5684,#5263,#548,.T.);
#4572=EDGE_CURVE('',#5684,#5683,#6325,.F.);
#4573=EDGE_CURVE('',#5662,#5684,#6326,.T.);
#4574=EDGE_CURVE('',#5685,#5285,#549,.T.);
#4575=EDGE_CURVE('',#5685,#5686,#6327,.F.);
#4576=EDGE_CURVE('',#5686,#5286,#550,.T.);
#4577=EDGE_CURVE('',#5687,#5284,#551,.T.);
#4578=EDGE_CURVE('',#5687,#5685,#552,.T.);
#4579=EDGE_CURVE('',#5688,#5296,#553,.T.);
#4580=EDGE_CURVE('',#5688,#5687,#6328,.T.);
#4581=EDGE_CURVE('',#5689,#5295,#554,.T.);
#4582=EDGE_CURVE('',#5689,#5688,#6329,.T.);
#4583=EDGE_CURVE('',#5690,#5294,#555,.T.);
#4584=EDGE_CURVE('',#5690,#5689,#6330,.T.);
#4585=EDGE_CURVE('',#5691,#5293,#556,.T.);
#4586=EDGE_CURVE('',#5691,#5690,#6331,.T.);
#4587=EDGE_CURVE('',#5692,#5292,#557,.T.);
#4588=EDGE_CURVE('',#5692,#5691,#558,.T.);
#4589=EDGE_CURVE('',#5693,#5291,#559,.T.);
#4590=EDGE_CURVE('',#5693,#5692,#560,.T.);
#4591=EDGE_CURVE('',#5694,#5290,#561,.T.);
#4592=EDGE_CURVE('',#5694,#5693,#562,.T.);
#4593=EDGE_CURVE('',#5695,#5289,#563,.T.);
#4594=EDGE_CURVE('',#5695,#5694,#6332,.T.);
#4595=EDGE_CURVE('',#5696,#5288,#564,.T.);
#4596=EDGE_CURVE('',#5696,#5695,#6333,.F.);
#4597=EDGE_CURVE('',#5697,#5287,#565,.T.);
#4598=EDGE_CURVE('',#5697,#5696,#6334,.F.);
#4599=EDGE_CURVE('',#5686,#5697,#6335,.F.);
#4600=EDGE_CURVE('',#5698,#5298,#566,.T.);
#4601=EDGE_CURVE('',#5698,#5699,#6336,.F.);
#4602=EDGE_CURVE('',#5699,#5299,#567,.T.);
#4603=EDGE_CURVE('',#5700,#5297,#568,.T.);
#4604=EDGE_CURVE('',#5700,#5698,#569,.T.);
#4605=EDGE_CURVE('',#5701,#5303,#570,.T.);
#4606=EDGE_CURVE('',#5701,#5700,#6337,.T.);
#4607=EDGE_CURVE('',#5702,#5302,#571,.T.);
#4608=EDGE_CURVE('',#5702,#5701,#6338,.T.);
#4609=EDGE_CURVE('',#5703,#5301,#572,.T.);
#4610=EDGE_CURVE('',#5703,#5702,#6339,.T.);
#4611=EDGE_CURVE('',#5704,#5300,#573,.T.);
#4612=EDGE_CURVE('',#5704,#5703,#574,.T.);
#4613=EDGE_CURVE('',#5699,#5704,#303,.T.);
#4614=EDGE_CURVE('',#5705,#5305,#575,.T.);
#4615=EDGE_CURVE('',#5705,#5706,#576,.T.);
#4616=EDGE_CURVE('',#5706,#5306,#577,.T.);
#4617=EDGE_CURVE('',#5707,#5304,#578,.T.);
#4618=EDGE_CURVE('',#5707,#5705,#579,.T.);
#4619=EDGE_CURVE('',#5708,#5308,#580,.T.);
#4620=EDGE_CURVE('',#5708,#5707,#581,.T.);
#4621=EDGE_CURVE('',#5709,#5307,#582,.T.);
#4622=EDGE_CURVE('',#5709,#5708,#583,.T.);
#4623=EDGE_CURVE('',#5706,#5709,#584,.T.);
#4624=EDGE_CURVE('',#5710,#5310,#585,.T.);
#4625=EDGE_CURVE('',#5710,#5711,#6340,.T.);
#4626=EDGE_CURVE('',#5711,#5311,#586,.T.);
#4627=EDGE_CURVE('',#5712,#5309,#587,.T.);
#4628=EDGE_CURVE('',#5712,#5710,#588,.T.);
#4629=EDGE_CURVE('',#5713,#5343,#589,.T.);
#4630=EDGE_CURVE('',#5713,#5712,#6341,.T.);
#4631=EDGE_CURVE('',#5714,#5342,#590,.T.);
#4632=EDGE_CURVE('',#5714,#5713,#6342,.T.);
#4633=EDGE_CURVE('',#5715,#5341,#591,.T.);
#4634=EDGE_CURVE('',#5715,#5714,#6343,.F.);
#4635=EDGE_CURVE('',#5716,#5340,#592,.T.);
#4636=EDGE_CURVE('',#5716,#5715,#6344,.F.);
#4637=EDGE_CURVE('',#5717,#5339,#593,.T.);
#4638=EDGE_CURVE('',#5717,#5716,#6345,.F.);
#4639=EDGE_CURVE('',#5718,#5338,#594,.T.);
#4640=EDGE_CURVE('',#5718,#5717,#6346,.F.);
#4641=EDGE_CURVE('',#5719,#5337,#595,.T.);
#4642=EDGE_CURVE('',#5719,#5718,#6347,.F.);
#4643=EDGE_CURVE('',#5720,#5336,#596,.T.);
#4644=EDGE_CURVE('',#5720,#5719,#6348,.F.);
#4645=EDGE_CURVE('',#5721,#5335,#597,.T.);
#4646=EDGE_CURVE('',#5721,#5720,#6349,.F.);
#4647=EDGE_CURVE('',#5722,#5334,#598,.T.);
#4648=EDGE_CURVE('',#5722,#5721,#6350,.F.);
#4649=EDGE_CURVE('',#5723,#5333,#599,.T.);
#4650=EDGE_CURVE('',#5723,#5722,#600,.T.);
#4651=EDGE_CURVE('',#5724,#5332,#601,.T.);
#4652=EDGE_CURVE('',#5724,#5723,#6351,.T.);
#4653=EDGE_CURVE('',#5725,#5331,#602,.T.);
#4654=EDGE_CURVE('',#5725,#5724,#6352,.T.);
#4655=EDGE_CURVE('',#5726,#5330,#603,.T.);
#4656=EDGE_CURVE('',#5726,#5725,#6353,.T.);
#4657=EDGE_CURVE('',#5727,#5329,#604,.T.);
#4658=EDGE_CURVE('',#5727,#5726,#6354,.T.);
#4659=EDGE_CURVE('',#5728,#5328,#605,.T.);
#4660=EDGE_CURVE('',#5728,#5727,#6355,.T.);
#4661=EDGE_CURVE('',#5729,#5327,#606,.T.);
#4662=EDGE_CURVE('',#5729,#5728,#6356,.T.);
#4663=EDGE_CURVE('',#5730,#5326,#607,.T.);
#4664=EDGE_CURVE('',#5730,#5729,#304,.T.);
#4665=EDGE_CURVE('',#5731,#5325,#608,.T.);
#4666=EDGE_CURVE('',#5731,#5730,#6357,.T.);
#4667=EDGE_CURVE('',#5732,#5324,#609,.T.);
#4668=EDGE_CURVE('',#5732,#5731,#610,.T.);
#4669=EDGE_CURVE('',#5733,#5323,#611,.T.);
#4670=EDGE_CURVE('',#5733,#5732,#6358,.T.);
#4671=EDGE_CURVE('',#5734,#5322,#612,.T.);
#4672=EDGE_CURVE('',#5734,#5733,#6359,.T.);
#4673=EDGE_CURVE('',#5735,#5321,#613,.T.);
#4674=EDGE_CURVE('',#5735,#5734,#614,.T.);
#4675=EDGE_CURVE('',#5736,#5320,#615,.T.);
#4676=EDGE_CURVE('',#5736,#5735,#6360,.F.);
#4677=EDGE_CURVE('',#5737,#5319,#616,.T.);
#4678=EDGE_CURVE('',#5737,#5736,#305,.T.);
#4679=EDGE_CURVE('',#5738,#5318,#617,.T.);
#4680=EDGE_CURVE('',#5738,#5737,#6361,.F.);
#4681=EDGE_CURVE('',#5739,#5317,#618,.T.);
#4682=EDGE_CURVE('',#5739,#5738,#6362,.F.);
#4683=EDGE_CURVE('',#5740,#5316,#619,.T.);
#4684=EDGE_CURVE('',#5740,#5739,#6363,.F.);
#4685=EDGE_CURVE('',#5741,#5315,#620,.T.);
#4686=EDGE_CURVE('',#5741,#5740,#6364,.F.);
#4687=EDGE_CURVE('',#5742,#5314,#621,.T.);
#4688=EDGE_CURVE('',#5742,#5741,#622,.T.);
#4689=EDGE_CURVE('',#5743,#5313,#623,.T.);
#4690=EDGE_CURVE('',#5743,#5742,#6365,.T.);
#4691=EDGE_CURVE('',#5744,#5312,#624,.T.);
#4692=EDGE_CURVE('',#5744,#5743,#6366,.T.);
#4693=EDGE_CURVE('',#5711,#5744,#6367,.T.);
#4694=EDGE_CURVE('',#5745,#5345,#625,.T.);
#4695=EDGE_CURVE('',#5745,#5746,#626,.T.);
#4696=EDGE_CURVE('',#5746,#5346,#627,.T.);
#4697=EDGE_CURVE('',#5747,#5344,#628,.T.);
#4698=EDGE_CURVE('',#5747,#5745,#629,.T.);
#4699=EDGE_CURVE('',#5748,#5348,#630,.T.);
#4700=EDGE_CURVE('',#5748,#5747,#631,.T.);
#4701=EDGE_CURVE('',#5749,#5347,#632,.T.);
#4702=EDGE_CURVE('',#5749,#5748,#633,.T.);
#4703=EDGE_CURVE('',#5746,#5749,#634,.T.);
#4704=EDGE_CURVE('',#5750,#5350,#635,.T.);
#4705=EDGE_CURVE('',#5750,#5751,#636,.T.);
#4706=EDGE_CURVE('',#5751,#5351,#637,.T.);
#4707=EDGE_CURVE('',#5752,#5349,#638,.T.);
#4708=EDGE_CURVE('',#5752,#5750,#639,.T.);
#4709=EDGE_CURVE('',#5753,#5352,#640,.T.);
#4710=EDGE_CURVE('',#5753,#5752,#641,.T.);
#4711=EDGE_CURVE('',#5751,#5753,#642,.T.);
#4712=EDGE_CURVE('',#5754,#5354,#643,.T.);
#4713=EDGE_CURVE('',#5754,#5755,#644,.T.);
#4714=EDGE_CURVE('',#5755,#5355,#645,.T.);
#4715=EDGE_CURVE('',#5756,#5353,#646,.T.);
#4716=EDGE_CURVE('',#5756,#5754,#647,.T.);
#4717=EDGE_CURVE('',#5757,#5357,#648,.T.);
#4718=EDGE_CURVE('',#5757,#5756,#649,.T.);
#4719=EDGE_CURVE('',#5758,#5356,#650,.T.);
#4720=EDGE_CURVE('',#5758,#5757,#651,.T.);
#4721=EDGE_CURVE('',#5755,#5758,#652,.T.);
#4722=EDGE_CURVE('',#5759,#5359,#653,.T.);
#4723=EDGE_CURVE('',#5759,#5760,#6368,.F.);
#4724=EDGE_CURVE('',#5760,#5360,#654,.T.);
#4725=EDGE_CURVE('',#5761,#5358,#655,.T.);
#4726=EDGE_CURVE('',#5761,#5759,#6369,.F.);
#4727=EDGE_CURVE('',#5762,#5375,#656,.T.);
#4728=EDGE_CURVE('',#5762,#5761,#6370,.F.);
#4729=EDGE_CURVE('',#5763,#5374,#657,.T.);
#4730=EDGE_CURVE('',#5763,#5762,#6371,.F.);
#4731=EDGE_CURVE('',#5764,#5373,#658,.T.);
#4732=EDGE_CURVE('',#5764,#5763,#6372,.F.);
#4733=EDGE_CURVE('',#5765,#5372,#659,.T.);
#4734=EDGE_CURVE('',#5765,#5764,#660,.T.);
#4735=EDGE_CURVE('',#5766,#5371,#661,.T.);
#4736=EDGE_CURVE('',#5766,#5765,#6373,.T.);
#4737=EDGE_CURVE('',#5767,#5370,#662,.T.);
#4738=EDGE_CURVE('',#5767,#5766,#6374,.T.);
#4739=EDGE_CURVE('',#5768,#5369,#663,.T.);
#4740=EDGE_CURVE('',#5768,#5767,#6375,.T.);
#4741=EDGE_CURVE('',#5769,#5368,#664,.T.);
#4742=EDGE_CURVE('',#5769,#5768,#6376,.T.);
#4743=EDGE_CURVE('',#5770,#5367,#665,.T.);
#4744=EDGE_CURVE('',#5770,#5769,#6377,.T.);
#4745=EDGE_CURVE('',#5771,#5366,#666,.T.);
#4746=EDGE_CURVE('',#5771,#5770,#6378,.T.);
#4747=EDGE_CURVE('',#5772,#5365,#667,.T.);
#4748=EDGE_CURVE('',#5772,#5771,#668,.T.);
#4749=EDGE_CURVE('',#5773,#5364,#669,.T.);
#4750=EDGE_CURVE('',#5773,#5772,#670,.T.);
#4751=EDGE_CURVE('',#5774,#5363,#671,.T.);
#4752=EDGE_CURVE('',#5774,#5773,#672,.T.);
#4753=EDGE_CURVE('',#5775,#5362,#673,.T.);
#4754=EDGE_CURVE('',#5775,#5774,#6379,.T.);
#4755=EDGE_CURVE('',#5776,#5361,#674,.T.);
#4756=EDGE_CURVE('',#5776,#5775,#6380,.T.);
#4757=EDGE_CURVE('',#5760,#5776,#6381,.F.);
#4758=EDGE_CURVE('',#5777,#5377,#675,.T.);
#4759=EDGE_CURVE('',#5777,#5778,#6382,.T.);
#4760=EDGE_CURVE('',#5778,#5378,#676,.T.);
#4761=EDGE_CURVE('',#5779,#5376,#677,.T.);
#4762=EDGE_CURVE('',#5779,#5777,#678,.T.);
#4763=EDGE_CURVE('',#5780,#5395,#679,.T.);
#4764=EDGE_CURVE('',#5780,#5779,#680,.T.);
#4765=EDGE_CURVE('',#5781,#5394,#681,.T.);
#4766=EDGE_CURVE('',#5781,#5780,#682,.T.);
#4767=EDGE_CURVE('',#5782,#5393,#683,.T.);
#4768=EDGE_CURVE('',#5782,#5781,#684,.F.);
#4769=EDGE_CURVE('',#5783,#5392,#685,.T.);
#4770=EDGE_CURVE('',#5783,#5782,#6383,.T.);
#4771=EDGE_CURVE('',#5784,#5391,#686,.T.);
#4772=EDGE_CURVE('',#5784,#5783,#6384,.T.);
#4773=EDGE_CURVE('',#5785,#5390,#687,.T.);
#4774=EDGE_CURVE('',#5785,#5784,#6385,.F.);
#4775=EDGE_CURVE('',#5786,#5389,#688,.T.);
#4776=EDGE_CURVE('',#5786,#5785,#6386,.F.);
#4777=EDGE_CURVE('',#5787,#5388,#689,.T.);
#4778=EDGE_CURVE('',#5787,#5786,#6387,.T.);
#4779=EDGE_CURVE('',#5788,#5387,#690,.T.);
#4780=EDGE_CURVE('',#5788,#5787,#6388,.F.);
#4781=EDGE_CURVE('',#5789,#5386,#691,.T.);
#4782=EDGE_CURVE('',#5789,#5788,#6389,.F.);
#4783=EDGE_CURVE('',#5790,#5385,#692,.T.);
#4784=EDGE_CURVE('',#5790,#5789,#6390,.F.);
#4785=EDGE_CURVE('',#5791,#5384,#693,.T.);
#4786=EDGE_CURVE('',#5791,#5790,#6391,.F.);
#4787=EDGE_CURVE('',#5792,#5383,#694,.T.);
#4788=EDGE_CURVE('',#5792,#5791,#695,.T.);
#4789=EDGE_CURVE('',#5793,#5382,#696,.T.);
#4790=EDGE_CURVE('',#5793,#5792,#6392,.T.);
#4791=EDGE_CURVE('',#5794,#5381,#697,.T.);
#4792=EDGE_CURVE('',#5794,#5793,#6393,.T.);
#4793=EDGE_CURVE('',#5795,#5380,#698,.T.);
#4794=EDGE_CURVE('',#5795,#5794,#6394,.T.);
#4795=EDGE_CURVE('',#5796,#5379,#699,.T.);
#4796=EDGE_CURVE('',#5796,#5795,#6395,.T.);
#4797=EDGE_CURVE('',#5778,#5796,#6396,.T.);
#4798=EDGE_CURVE('',#5797,#5397,#700,.T.);
#4799=EDGE_CURVE('',#5797,#5798,#701,.T.);
#4800=EDGE_CURVE('',#5798,#5398,#702,.T.);
#4801=EDGE_CURVE('',#5799,#5396,#703,.T.);
#4802=EDGE_CURVE('',#5799,#5797,#704,.T.);
#4803=EDGE_CURVE('',#5800,#5400,#705,.T.);
#4804=EDGE_CURVE('',#5800,#5799,#706,.T.);
#4805=EDGE_CURVE('',#5801,#5399,#707,.T.);
#4806=EDGE_CURVE('',#5801,#5800,#708,.T.);
#4807=EDGE_CURVE('',#5798,#5801,#709,.T.);
#4808=EDGE_CURVE('',#5802,#5402,#710,.T.);
#4809=EDGE_CURVE('',#5802,#5803,#711,.T.);
#4810=EDGE_CURVE('',#5803,#5403,#712,.T.);
#4811=EDGE_CURVE('',#5804,#5401,#713,.T.);
#4812=EDGE_CURVE('',#5804,#5802,#714,.T.);
#4813=EDGE_CURVE('',#5805,#5405,#715,.T.);
#4814=EDGE_CURVE('',#5805,#5804,#716,.T.);
#4815=EDGE_CURVE('',#5806,#5404,#717,.T.);
#4816=EDGE_CURVE('',#5806,#5805,#718,.T.);
#4817=EDGE_CURVE('',#5803,#5806,#719,.T.);
#4818=EDGE_CURVE('',#5807,#5407,#720,.T.);
#4819=EDGE_CURVE('',#5807,#5808,#6397,.F.);
#4820=EDGE_CURVE('',#5808,#5408,#721,.T.);
#4821=EDGE_CURVE('',#5809,#5406,#722,.T.);
#4822=EDGE_CURVE('',#5809,#5807,#723,.T.);
#4823=EDGE_CURVE('',#5810,#5412,#724,.T.);
#4824=EDGE_CURVE('',#5810,#5809,#6398,.T.);
#4825=EDGE_CURVE('',#5811,#5411,#725,.T.);
#4826=EDGE_CURVE('',#5811,#5810,#6399,.T.);
#4827=EDGE_CURVE('',#5812,#5410,#726,.T.);
#4828=EDGE_CURVE('',#5812,#5811,#6400,.T.);
#4829=EDGE_CURVE('',#5813,#5409,#727,.T.);
#4830=EDGE_CURVE('',#5813,#5812,#728,.T.);
#4831=EDGE_CURVE('',#5808,#5813,#6401,.F.);
#4832=EDGE_CURVE('',#5814,#5414,#729,.T.);
#4833=EDGE_CURVE('',#5814,#5815,#306,.T.);
#4834=EDGE_CURVE('',#5815,#5415,#730,.T.);
#4835=EDGE_CURVE('',#5816,#5413,#731,.T.);
#4836=EDGE_CURVE('',#5816,#5814,#6402,.T.);
#4837=EDGE_CURVE('',#5817,#5431,#732,.T.);
#4838=EDGE_CURVE('',#5817,#5816,#6403,.T.);
#4839=EDGE_CURVE('',#5818,#5430,#733,.T.);
#4840=EDGE_CURVE('',#5818,#5817,#6404,.T.);
#4841=EDGE_CURVE('',#5819,#5429,#734,.T.);
#4842=EDGE_CURVE('',#5819,#5818,#6405,.T.);
#4843=EDGE_CURVE('',#5820,#5428,#735,.T.);
#4844=EDGE_CURVE('',#5820,#5819,#736,.T.);
#4845=EDGE_CURVE('',#5821,#5427,#737,.T.);
#4846=EDGE_CURVE('',#5821,#5820,#738,.T.);
#4847=EDGE_CURVE('',#5822,#5426,#739,.T.);
#4848=EDGE_CURVE('',#5822,#5821,#740,.T.);
#4849=EDGE_CURVE('',#5823,#5425,#741,.T.);
#4850=EDGE_CURVE('',#5823,#5822,#6406,.F.);
#4851=EDGE_CURVE('',#5824,#5424,#742,.T.);
#4852=EDGE_CURVE('',#5824,#5823,#6407,.F.);
#4853=EDGE_CURVE('',#5825,#5423,#743,.T.);
#4854=EDGE_CURVE('',#5825,#5824,#6408,.F.);
#4855=EDGE_CURVE('',#5826,#5422,#744,.T.);
#4856=EDGE_CURVE('',#5826,#5825,#6409,.F.);
#4857=EDGE_CURVE('',#5827,#5421,#745,.T.);
#4858=EDGE_CURVE('',#5827,#5826,#6410,.F.);
#4859=EDGE_CURVE('',#5828,#5420,#746,.T.);
#4860=EDGE_CURVE('',#5828,#5827,#6411,.F.);
#4861=EDGE_CURVE('',#5829,#5419,#747,.T.);
#4862=EDGE_CURVE('',#5829,#5828,#6412,.F.);
#4863=EDGE_CURVE('',#5830,#5418,#748,.T.);
#4864=EDGE_CURVE('',#5830,#5829,#6413,.F.);
#4865=EDGE_CURVE('',#5831,#5417,#749,.T.);
#4866=EDGE_CURVE('',#5831,#5830,#750,.T.);
#4867=EDGE_CURVE('',#5832,#5416,#751,.T.);
#4868=EDGE_CURVE('',#5832,#5831,#752,.T.);
#4869=EDGE_CURVE('',#5815,#5832,#6414,.T.);
#4870=EDGE_CURVE('',#5833,#5433,#753,.T.);
#4871=EDGE_CURVE('',#5833,#5834,#754,.T.);
#4872=EDGE_CURVE('',#5834,#5434,#755,.T.);
#4873=EDGE_CURVE('',#5835,#5432,#756,.T.);
#4874=EDGE_CURVE('',#5835,#5833,#757,.T.);
#4875=EDGE_CURVE('',#5836,#5435,#758,.T.);
#4876=EDGE_CURVE('',#5836,#5835,#759,.T.);
#4877=EDGE_CURVE('',#5834,#5836,#760,.T.);
#4878=EDGE_CURVE('',#5837,#5437,#761,.T.);
#4879=EDGE_CURVE('',#5837,#5838,#762,.T.);
#4880=EDGE_CURVE('',#5838,#5438,#763,.T.);
#4881=EDGE_CURVE('',#5839,#5436,#764,.T.);
#4882=EDGE_CURVE('',#5839,#5837,#765,.T.);
#4883=EDGE_CURVE('',#5840,#5452,#766,.T.);
#4884=EDGE_CURVE('',#5840,#5839,#767,.T.);
#4885=EDGE_CURVE('',#5841,#5451,#768,.T.);
#4886=EDGE_CURVE('',#5841,#5840,#769,.T.);
#4887=EDGE_CURVE('',#5842,#5450,#770,.T.);
#4888=EDGE_CURVE('',#5842,#5841,#307,.T.);
#4889=EDGE_CURVE('',#5843,#5449,#771,.T.);
#4890=EDGE_CURVE('',#5843,#5842,#6415,.T.);
#4891=EDGE_CURVE('',#5844,#5448,#772,.T.);
#4892=EDGE_CURVE('',#5844,#5843,#6416,.T.);
#4893=EDGE_CURVE('',#5845,#5447,#773,.T.);
#4894=EDGE_CURVE('',#5845,#5844,#6417,.T.);
#4895=EDGE_CURVE('',#5846,#5446,#774,.T.);
#4896=EDGE_CURVE('',#5846,#5845,#6418,.T.);
#4897=EDGE_CURVE('',#5847,#5445,#775,.T.);
#4898=EDGE_CURVE('',#5847,#5846,#6419,.T.);
#4899=EDGE_CURVE('',#5848,#5444,#776,.T.);
#4900=EDGE_CURVE('',#5848,#5847,#777,.T.);
#4901=EDGE_CURVE('',#5849,#5443,#778,.T.);
#4902=EDGE_CURVE('',#5849,#5848,#6420,.F.);
#4903=EDGE_CURVE('',#5850,#5442,#779,.T.);
#4904=EDGE_CURVE('',#5850,#5849,#6421,.F.);
#4905=EDGE_CURVE('',#5851,#5441,#780,.T.);
#4906=EDGE_CURVE('',#5851,#5850,#6422,.F.);
#4907=EDGE_CURVE('',#5852,#5440,#781,.T.);
#4908=EDGE_CURVE('',#5852,#5851,#6423,.F.);
#4909=EDGE_CURVE('',#5853,#5439,#782,.T.);
#4910=EDGE_CURVE('',#5853,#5852,#6424,.F.);
#4911=EDGE_CURVE('',#5838,#5853,#6425,.F.);
#4912=EDGE_CURVE('',#5854,#5454,#783,.T.);
#4913=EDGE_CURVE('',#5854,#5855,#6426,.F.);
#4914=EDGE_CURVE('',#5855,#5455,#784,.T.);
#4915=EDGE_CURVE('',#5856,#5453,#785,.T.);
#4916=EDGE_CURVE('',#5856,#5854,#6427,.F.);
#4917=EDGE_CURVE('',#5857,#5478,#786,.T.);
#4918=EDGE_CURVE('',#5857,#5856,#6428,.F.);
#4919=EDGE_CURVE('',#5858,#5477,#787,.T.);
#4920=EDGE_CURVE('',#5858,#5857,#788,.T.);
#4921=EDGE_CURVE('',#5859,#5476,#789,.T.);
#4922=EDGE_CURVE('',#5859,#5858,#6429,.T.);
#4923=EDGE_CURVE('',#5860,#5475,#790,.T.);
#4924=EDGE_CURVE('',#5860,#5859,#6430,.T.);
#4925=EDGE_CURVE('',#5861,#5474,#791,.T.);
#4926=EDGE_CURVE('',#5861,#5860,#6431,.T.);
#4927=EDGE_CURVE('',#5862,#5473,#792,.T.);
#4928=EDGE_CURVE('',#5862,#5861,#6432,.T.);
#4929=EDGE_CURVE('',#5863,#5472,#793,.T.);
#4930=EDGE_CURVE('',#5863,#5862,#6433,.T.);
#4931=EDGE_CURVE('',#5864,#5471,#794,.T.);
#4932=EDGE_CURVE('',#5864,#5863,#6434,.T.);
#4933=EDGE_CURVE('',#5865,#5470,#795,.T.);
#4934=EDGE_CURVE('',#5865,#5864,#6435,.T.);
#4935=EDGE_CURVE('',#5866,#5469,#796,.T.);
#4936=EDGE_CURVE('',#5866,#5865,#6436,.T.);
#4937=EDGE_CURVE('',#5867,#5468,#797,.T.);
#4938=EDGE_CURVE('',#5867,#5866,#6437,.T.);
#4939=EDGE_CURVE('',#5868,#5467,#798,.T.);
#4940=EDGE_CURVE('',#5868,#5867,#6438,.T.);
#4941=EDGE_CURVE('',#5869,#5466,#799,.T.);
#4942=EDGE_CURVE('',#5869,#5868,#6439,.T.);
#4943=EDGE_CURVE('',#5870,#5465,#800,.T.);
#4944=EDGE_CURVE('',#5870,#5869,#6440,.T.);
#4945=EDGE_CURVE('',#5871,#5464,#801,.T.);
#4946=EDGE_CURVE('',#5871,#5870,#802,.T.);
#4947=EDGE_CURVE('',#5872,#5463,#803,.T.);
#4948=EDGE_CURVE('',#5872,#5871,#6441,.F.);
#4949=EDGE_CURVE('',#5873,#5462,#804,.T.);
#4950=EDGE_CURVE('',#5873,#5872,#6442,.F.);
#4951=EDGE_CURVE('',#5874,#5461,#805,.T.);
#4952=EDGE_CURVE('',#5874,#5873,#6443,.F.);
#4953=EDGE_CURVE('',#5875,#5460,#806,.T.);
#4954=EDGE_CURVE('',#5875,#5874,#6444,.F.);
#4955=EDGE_CURVE('',#5876,#5459,#807,.T.);
#4956=EDGE_CURVE('',#5876,#5875,#6445,.F.);
#4957=EDGE_CURVE('',#5877,#5458,#808,.T.);
#4958=EDGE_CURVE('',#5877,#5876,#6446,.F.);
#4959=EDGE_CURVE('',#5878,#5457,#809,.T.);
#4960=EDGE_CURVE('',#5878,#5877,#6447,.F.);
#4961=EDGE_CURVE('',#5879,#5456,#810,.T.);
#4962=EDGE_CURVE('',#5879,#5878,#6448,.F.);
#4963=EDGE_CURVE('',#5855,#5879,#6449,.F.);
#4964=EDGE_CURVE('',#5880,#5480,#811,.T.);
#4965=EDGE_CURVE('',#5880,#5881,#812,.T.);
#4966=EDGE_CURVE('',#5881,#5481,#813,.T.);
#4967=EDGE_CURVE('',#5882,#5479,#814,.T.);
#4968=EDGE_CURVE('',#5882,#5880,#815,.T.);
#4969=EDGE_CURVE('',#5883,#5513,#816,.T.);
#4970=EDGE_CURVE('',#5883,#5882,#6450,.T.);
#4971=EDGE_CURVE('',#5884,#5512,#817,.T.);
#4972=EDGE_CURVE('',#5884,#5883,#6451,.T.);
#4973=EDGE_CURVE('',#5885,#5511,#818,.T.);
#4974=EDGE_CURVE('',#5885,#5884,#6452,.F.);
#4975=EDGE_CURVE('',#5886,#5510,#819,.T.);
#4976=EDGE_CURVE('',#5886,#5885,#6453,.F.);
#4977=EDGE_CURVE('',#5887,#5509,#820,.T.);
#4978=EDGE_CURVE('',#5887,#5886,#6454,.F.);
#4979=EDGE_CURVE('',#5888,#5508,#821,.T.);
#4980=EDGE_CURVE('',#5888,#5887,#6455,.F.);
#4981=EDGE_CURVE('',#5889,#5507,#822,.T.);
#4982=EDGE_CURVE('',#5889,#5888,#6456,.F.);
#4983=EDGE_CURVE('',#5890,#5506,#823,.T.);
#4984=EDGE_CURVE('',#5890,#5889,#6457,.F.);
#4985=EDGE_CURVE('',#5891,#5505,#824,.T.);
#4986=EDGE_CURVE('',#5891,#5890,#6458,.F.);
#4987=EDGE_CURVE('',#5892,#5504,#825,.T.);
#4988=EDGE_CURVE('',#5892,#5891,#6459,.F.);
#4989=EDGE_CURVE('',#5893,#5503,#826,.T.);
#4990=EDGE_CURVE('',#5893,#5892,#827,.T.);
#4991=EDGE_CURVE('',#5894,#5502,#828,.T.);
#4992=EDGE_CURVE('',#5894,#5893,#829,.T.);
#4993=EDGE_CURVE('',#5895,#5501,#830,.T.);
#4994=EDGE_CURVE('',#5895,#5894,#6460,.T.);
#4995=EDGE_CURVE('',#5896,#5500,#831,.T.);
#4996=EDGE_CURVE('',#5896,#5895,#6461,.T.);
#4997=EDGE_CURVE('',#5897,#5499,#832,.T.);
#4998=EDGE_CURVE('',#5897,#5896,#6462,.T.);
#4999=EDGE_CURVE('',#5898,#5498,#833,.T.);
#5000=EDGE_CURVE('',#5898,#5897,#6463,.T.);
#5001=EDGE_CURVE('',#5899,#5497,#834,.T.);
#5002=EDGE_CURVE('',#5899,#5898,#6464,.T.);
#5003=EDGE_CURVE('',#5900,#5496,#835,.T.);
#5004=EDGE_CURVE('',#5900,#5899,#6465,.T.);
#5005=EDGE_CURVE('',#5901,#5495,#836,.T.);
#5006=EDGE_CURVE('',#5901,#5900,#6466,.T.);
#5007=EDGE_CURVE('',#5902,#5494,#837,.T.);
#5008=EDGE_CURVE('',#5902,#5901,#838,.T.);
#5009=EDGE_CURVE('',#5903,#5493,#839,.T.);
#5010=EDGE_CURVE('',#5903,#5902,#6467,.T.);
#5011=EDGE_CURVE('',#5904,#5492,#840,.T.);
#5012=EDGE_CURVE('',#5904,#5903,#6468,.T.);
#5013=EDGE_CURVE('',#5905,#5491,#841,.T.);
#5014=EDGE_CURVE('',#5905,#5904,#842,.T.);
#5015=EDGE_CURVE('',#5906,#5490,#843,.T.);
#5016=EDGE_CURVE('',#5906,#5905,#6469,.F.);
#5017=EDGE_CURVE('',#5907,#5489,#844,.T.);
#5018=EDGE_CURVE('',#5907,#5906,#6470,.F.);
#5019=EDGE_CURVE('',#5908,#5488,#845,.T.);
#5020=EDGE_CURVE('',#5908,#5907,#6471,.T.);
#5021=EDGE_CURVE('',#5909,#5487,#846,.T.);
#5022=EDGE_CURVE('',#5909,#5908,#6472,.F.);
#5023=EDGE_CURVE('',#5910,#5486,#847,.T.);
#5024=EDGE_CURVE('',#5910,#5909,#6473,.F.);
#5025=EDGE_CURVE('',#5911,#5485,#848,.T.);
#5026=EDGE_CURVE('',#5911,#5910,#6474,.F.);
#5027=EDGE_CURVE('',#5912,#5484,#849,.T.);
#5028=EDGE_CURVE('',#5912,#5911,#850,.T.);
#5029=EDGE_CURVE('',#5913,#5483,#851,.T.);
#5030=EDGE_CURVE('',#5913,#5912,#6475,.T.);
#5031=EDGE_CURVE('',#5914,#5482,#852,.T.);
#5032=EDGE_CURVE('',#5914,#5913,#6476,.T.);
#5033=EDGE_CURVE('',#5881,#5914,#6477,.T.);
#5034=EDGE_CURVE('',#5915,#5515,#853,.T.);
#5035=EDGE_CURVE('',#5915,#5916,#6478,.F.);
#5036=EDGE_CURVE('',#5916,#5516,#854,.T.);
#5037=EDGE_CURVE('',#5917,#5514,#855,.T.);
#5038=EDGE_CURVE('',#5917,#5915,#6479,.F.);
#5039=EDGE_CURVE('',#5918,#5552,#856,.T.);
#5040=EDGE_CURVE('',#5918,#5917,#6480,.F.);
#5041=EDGE_CURVE('',#5919,#5551,#857,.T.);
#5042=EDGE_CURVE('',#5919,#5918,#6481,.F.);
#5043=EDGE_CURVE('',#5920,#5550,#858,.T.);
#5044=EDGE_CURVE('',#5920,#5919,#6482,.F.);
#5045=EDGE_CURVE('',#5921,#5549,#859,.T.);
#5046=EDGE_CURVE('',#5921,#5920,#6483,.F.);
#5047=EDGE_CURVE('',#5922,#5548,#860,.T.);
#5048=EDGE_CURVE('',#5922,#5921,#6484,.F.);
#5049=EDGE_CURVE('',#5923,#5547,#861,.T.);
#5050=EDGE_CURVE('',#5923,#5922,#6485,.F.);
#5051=EDGE_CURVE('',#5924,#5546,#862,.T.);
#5052=EDGE_CURVE('',#5924,#5923,#6486,.F.);
#5053=EDGE_CURVE('',#5925,#5545,#863,.T.);
#5054=EDGE_CURVE('',#5925,#5924,#864,.T.);
#5055=EDGE_CURVE('',#5926,#5544,#865,.T.);
#5056=EDGE_CURVE('',#5926,#5925,#866,.T.);
#5057=EDGE_CURVE('',#5927,#5543,#867,.T.);
#5058=EDGE_CURVE('',#5927,#5926,#868,.T.);
#5059=EDGE_CURVE('',#5928,#5542,#869,.T.);
#5060=EDGE_CURVE('',#5928,#5927,#6487,.T.);
#5061=EDGE_CURVE('',#5929,#5541,#870,.T.);
#5062=EDGE_CURVE('',#5929,#5928,#6488,.T.);
#5063=EDGE_CURVE('',#5930,#5540,#871,.T.);
#5064=EDGE_CURVE('',#5930,#5929,#6489,.T.);
#5065=EDGE_CURVE('',#5931,#5539,#872,.T.);
#5066=EDGE_CURVE('',#5931,#5930,#6490,.T.);
#5067=EDGE_CURVE('',#5932,#5538,#873,.T.);
#5068=EDGE_CURVE('',#5932,#5931,#308,.T.);
#5069=EDGE_CURVE('',#5933,#5537,#874,.T.);
#5070=EDGE_CURVE('',#5933,#5932,#6491,.T.);
#5071=EDGE_CURVE('',#5934,#5536,#875,.T.);
#5072=EDGE_CURVE('',#5934,#5933,#6492,.T.);
#5073=EDGE_CURVE('',#5935,#5535,#876,.T.);
#5074=EDGE_CURVE('',#5935,#5934,#6493,.T.);
#5075=EDGE_CURVE('',#5936,#5534,#877,.T.);
#5076=EDGE_CURVE('',#5936,#5935,#878,.T.);
#5077=EDGE_CURVE('',#5937,#5533,#879,.T.);
#5078=EDGE_CURVE('',#5937,#5936,#880,.T.);
#5079=EDGE_CURVE('',#5938,#5532,#881,.T.);
#5080=EDGE_CURVE('',#5938,#5937,#882,.T.);
#5081=EDGE_CURVE('',#5939,#5531,#883,.T.);
#5082=EDGE_CURVE('',#5939,#5938,#309,.T.);
#5083=EDGE_CURVE('',#5940,#5530,#884,.T.);
#5084=EDGE_CURVE('',#5940,#5939,#6494,.T.);
#5085=EDGE_CURVE('',#5941,#5529,#885,.T.);
#5086=EDGE_CURVE('',#5941,#5940,#310,.T.);
#5087=EDGE_CURVE('',#5942,#5528,#886,.T.);
#5088=EDGE_CURVE('',#5942,#5941,#311,.T.);
#5089=EDGE_CURVE('',#5943,#5527,#887,.T.);
#5090=EDGE_CURVE('',#5943,#5942,#888,.T.);
#5091=EDGE_CURVE('',#5944,#5526,#889,.T.);
#5092=EDGE_CURVE('',#5944,#5943,#890,.T.);
#5093=EDGE_CURVE('',#5945,#5525,#891,.T.);
#5094=EDGE_CURVE('',#5945,#5944,#892,.T.);
#5095=EDGE_CURVE('',#5946,#5524,#893,.T.);
#5096=EDGE_CURVE('',#5946,#5945,#894,.T.);
#5097=EDGE_CURVE('',#5947,#5523,#895,.T.);
#5098=EDGE_CURVE('',#5947,#5946,#6495,.F.);
#5099=EDGE_CURVE('',#5948,#5522,#896,.T.);
#5100=EDGE_CURVE('',#5948,#5947,#6496,.F.);
#5101=EDGE_CURVE('',#5949,#5521,#897,.T.);
#5102=EDGE_CURVE('',#5949,#5948,#6497,.F.);
#5103=EDGE_CURVE('',#5950,#5520,#898,.T.);
#5104=EDGE_CURVE('',#5950,#5949,#6498,.F.);
#5105=EDGE_CURVE('',#5951,#5519,#899,.T.);
#5106=EDGE_CURVE('',#5951,#5950,#6499,.F.);
#5107=EDGE_CURVE('',#5952,#5518,#900,.T.);
#5108=EDGE_CURVE('',#5952,#5951,#6500,.F.);
#5109=EDGE_CURVE('',#5953,#5517,#901,.T.);
#5110=EDGE_CURVE('',#5953,#5952,#6501,.F.);
#5111=EDGE_CURVE('',#5916,#5953,#6502,.F.);
#5112=EDGE_CURVE('',#5954,#5554,#902,.T.);
#5113=EDGE_CURVE('',#5954,#5955,#903,.T.);
#5114=EDGE_CURVE('',#5955,#5555,#904,.T.);
#5115=EDGE_CURVE('',#5956,#5553,#905,.T.);
#5116=EDGE_CURVE('',#5956,#5954,#906,.T.);
#5117=EDGE_CURVE('',#5957,#5556,#907,.T.);
#5118=EDGE_CURVE('',#5957,#5956,#908,.T.);
#5119=EDGE_CURVE('',#5955,#5957,#909,.T.);
#5120=EDGE_CURVE('',#5958,#5558,#910,.T.);
#5121=EDGE_CURVE('',#5958,#5959,#6503,.T.);
#5122=EDGE_CURVE('',#5959,#5559,#911,.T.);
#5123=EDGE_CURVE('',#5960,#5557,#912,.T.);
#5124=EDGE_CURVE('',#5960,#5958,#913,.T.);
#5125=EDGE_CURVE('',#5961,#5573,#914,.T.);
#5126=EDGE_CURVE('',#5961,#5960,#915,.T.);
#5127=EDGE_CURVE('',#5962,#5572,#916,.T.);
#5128=EDGE_CURVE('',#5962,#5961,#917,.T.);
#5129=EDGE_CURVE('',#5963,#5571,#918,.T.);
#5130=EDGE_CURVE('',#5963,#5962,#6504,.F.);
#5131=EDGE_CURVE('',#5964,#5570,#919,.T.);
#5132=EDGE_CURVE('',#5964,#5963,#6505,.F.);
#5133=EDGE_CURVE('',#5965,#5569,#920,.T.);
#5134=EDGE_CURVE('',#5965,#5964,#6506,.F.);
#5135=EDGE_CURVE('',#5966,#5568,#921,.T.);
#5136=EDGE_CURVE('',#5966,#5965,#6507,.F.);
#5137=EDGE_CURVE('',#5967,#5567,#922,.T.);
#5138=EDGE_CURVE('',#5967,#5966,#6508,.F.);
#5139=EDGE_CURVE('',#5968,#5566,#923,.T.);
#5140=EDGE_CURVE('',#5968,#5967,#6509,.T.);
#5141=EDGE_CURVE('',#5969,#5565,#924,.T.);
#5142=EDGE_CURVE('',#5969,#5968,#6510,.T.);
#5143=EDGE_CURVE('',#5970,#5564,#925,.T.);
#5144=EDGE_CURVE('',#5970,#5969,#6511,.F.);
#5145=EDGE_CURVE('',#5971,#5563,#926,.T.);
#5146=EDGE_CURVE('',#5971,#5970,#6512,.F.);
#5147=EDGE_CURVE('',#5972,#5562,#927,.T.);
#5148=EDGE_CURVE('',#5972,#5971,#928,.T.);
#5149=EDGE_CURVE('',#5973,#5561,#929,.T.);
#5150=EDGE_CURVE('',#5973,#5972,#6513,.T.);
#5151=EDGE_CURVE('',#5974,#5560,#930,.T.);
#5152=EDGE_CURVE('',#5974,#5973,#6514,.T.);
#5153=EDGE_CURVE('',#5959,#5974,#6515,.T.);
#5154=EDGE_CURVE('',#5975,#5575,#931,.T.);
#5155=EDGE_CURVE('',#5975,#5976,#312,.T.);
#5156=EDGE_CURVE('',#5976,#5576,#932,.T.);
#5157=EDGE_CURVE('',#5977,#5574,#933,.T.);
#5158=EDGE_CURVE('',#5977,#5975,#6516,.T.);
#5159=EDGE_CURVE('',#5978,#5592,#934,.T.);
#5160=EDGE_CURVE('',#5978,#5977,#6517,.T.);
#5161=EDGE_CURVE('',#5979,#5591,#935,.T.);
#5162=EDGE_CURVE('',#5979,#5978,#6518,.T.);
#5163=EDGE_CURVE('',#5980,#5590,#936,.T.);
#5164=EDGE_CURVE('',#5980,#5979,#6519,.T.);
#5165=EDGE_CURVE('',#5981,#5589,#937,.T.);
#5166=EDGE_CURVE('',#5981,#5980,#938,.T.);
#5167=EDGE_CURVE('',#5982,#5588,#939,.T.);
#5168=EDGE_CURVE('',#5982,#5981,#940,.T.);
#5169=EDGE_CURVE('',#5983,#5587,#941,.T.);
#5170=EDGE_CURVE('',#5983,#5982,#942,.T.);
#5171=EDGE_CURVE('',#5984,#5586,#943,.T.);
#5172=EDGE_CURVE('',#5984,#5983,#6520,.F.);
#5173=EDGE_CURVE('',#5985,#5585,#944,.T.);
#5174=EDGE_CURVE('',#5985,#5984,#6521,.F.);
#5175=EDGE_CURVE('',#5986,#5584,#945,.T.);
#5176=EDGE_CURVE('',#5986,#5985,#6522,.F.);
#5177=EDGE_CURVE('',#5987,#5583,#946,.T.);
#5178=EDGE_CURVE('',#5987,#5986,#6523,.F.);
#5179=EDGE_CURVE('',#5988,#5582,#947,.T.);
#5180=EDGE_CURVE('',#5988,#5987,#6524,.F.);
#5181=EDGE_CURVE('',#5989,#5581,#948,.T.);
#5182=EDGE_CURVE('',#5989,#5988,#6525,.F.);
#5183=EDGE_CURVE('',#5990,#5580,#949,.T.);
#5184=EDGE_CURVE('',#5990,#5989,#6526,.F.);
#5185=EDGE_CURVE('',#5991,#5579,#950,.T.);
#5186=EDGE_CURVE('',#5991,#5990,#6527,.F.);
#5187=EDGE_CURVE('',#5992,#5578,#951,.T.);
#5188=EDGE_CURVE('',#5992,#5991,#6528,.F.);
#5189=EDGE_CURVE('',#5993,#5577,#952,.T.);
#5190=EDGE_CURVE('',#5993,#5992,#953,.T.);
#5191=EDGE_CURVE('',#5976,#5993,#6529,.T.);
#5192=VERTEX_POINT('',#11564);
#5193=VERTEX_POINT('',#11566);
#5194=VERTEX_POINT('',#11568);
#5195=VERTEX_POINT('',#11570);
#5196=VERTEX_POINT('',#11572);
#5197=VERTEX_POINT('',#11573);
#5198=VERTEX_POINT('',#11575);
#5199=VERTEX_POINT('',#11577);
#5200=VERTEX_POINT('',#11580);
#5201=VERTEX_POINT('',#11581);
#5202=VERTEX_POINT('',#11583);
#5203=VERTEX_POINT('',#11585);
#5204=VERTEX_POINT('',#11587);
#5205=VERTEX_POINT('',#11589);
#5206=VERTEX_POINT('',#11591);
#5207=VERTEX_POINT('',#11594);
#5208=VERTEX_POINT('',#11595);
#5209=VERTEX_POINT('',#11597);
#5210=VERTEX_POINT('',#11599);
#5211=VERTEX_POINT('',#11601);
#5212=VERTEX_POINT('',#11603);
#5213=VERTEX_POINT('',#11605);
#5214=VERTEX_POINT('',#11607);
#5215=VERTEX_POINT('',#11611);
#5216=VERTEX_POINT('',#11613);
#5217=VERTEX_POINT('',#11615);
#5218=VERTEX_POINT('',#11617);
#5219=VERTEX_POINT('',#11619);
#5220=VERTEX_POINT('',#11621);
#5221=VERTEX_POINT('',#11623);
#5222=VERTEX_POINT('',#11625);
#5223=VERTEX_POINT('',#11627);
#5224=VERTEX_POINT('',#11629);
#5225=VERTEX_POINT('',#11631);
#5226=VERTEX_POINT('',#11633);
#5227=VERTEX_POINT('',#11635);
#5228=VERTEX_POINT('',#11637);
#5229=VERTEX_POINT('',#11639);
#5230=VERTEX_POINT('',#11641);
#5231=VERTEX_POINT('',#11644);
#5232=VERTEX_POINT('',#11645);
#5233=VERTEX_POINT('',#11647);
#5234=VERTEX_POINT('',#11649);
#5235=VERTEX_POINT('',#11651);
#5236=VERTEX_POINT('',#11653);
#5237=VERTEX_POINT('',#11655);
#5238=VERTEX_POINT('',#11657);
#5239=VERTEX_POINT('',#11659);
#5240=VERTEX_POINT('',#11661);
#5241=VERTEX_POINT('',#11663);
#5242=VERTEX_POINT('',#11665);
#5243=VERTEX_POINT('',#11667);
#5244=VERTEX_POINT('',#11669);
#5245=VERTEX_POINT('',#11671);
#5246=VERTEX_POINT('',#11673);
#5247=VERTEX_POINT('',#11675);
#5248=VERTEX_POINT('',#11677);
#5249=VERTEX_POINT('',#11679);
#5250=VERTEX_POINT('',#11681);
#5251=VERTEX_POINT('',#11683);
#5252=VERTEX_POINT('',#11685);
#5253=VERTEX_POINT('',#11687);
#5254=VERTEX_POINT('',#11689);
#5255=VERTEX_POINT('',#11692);
#5256=VERTEX_POINT('',#11693);
#5257=VERTEX_POINT('',#11695);
#5258=VERTEX_POINT('',#11697);
#5259=VERTEX_POINT('',#11699);
#5260=VERTEX_POINT('',#11702);
#5261=VERTEX_POINT('',#11703);
#5262=VERTEX_POINT('',#11705);
#5263=VERTEX_POINT('',#11707);
#5264=VERTEX_POINT('',#11709);
#5265=VERTEX_POINT('',#11711);
#5266=VERTEX_POINT('',#11713);
#5267=VERTEX_POINT('',#11715);
#5268=VERTEX_POINT('',#11717);
#5269=VERTEX_POINT('',#11719);
#5270=VERTEX_POINT('',#11721);
#5271=VERTEX_POINT('',#11723);
#5272=VERTEX_POINT('',#11725);
#5273=VERTEX_POINT('',#11727);
#5274=VERTEX_POINT('',#11729);
#5275=VERTEX_POINT('',#11731);
#5276=VERTEX_POINT('',#11733);
#5277=VERTEX_POINT('',#11735);
#5278=VERTEX_POINT('',#11737);
#5279=VERTEX_POINT('',#11739);
#5280=VERTEX_POINT('',#11741);
#5281=VERTEX_POINT('',#11743);
#5282=VERTEX_POINT('',#11745);
#5283=VERTEX_POINT('',#11747);
#5284=VERTEX_POINT('',#11750);
#5285=VERTEX_POINT('',#11751);
#5286=VERTEX_POINT('',#11753);
#5287=VERTEX_POINT('',#11755);
#5288=VERTEX_POINT('',#11757);
#5289=VERTEX_POINT('',#11759);
#5290=VERTEX_POINT('',#11761);
#5291=VERTEX_POINT('',#11763);
#5292=VERTEX_POINT('',#11765);
#5293=VERTEX_POINT('',#11767);
#5294=VERTEX_POINT('',#11769);
#5295=VERTEX_POINT('',#11771);
#5296=VERTEX_POINT('',#11773);
#5297=VERTEX_POINT('',#11776);
#5298=VERTEX_POINT('',#11777);
#5299=VERTEX_POINT('',#11779);
#5300=VERTEX_POINT('',#11783);
#5301=VERTEX_POINT('',#11785);
#5302=VERTEX_POINT('',#11787);
#5303=VERTEX_POINT('',#11789);
#5304=VERTEX_POINT('',#11792);
#5305=VERTEX_POINT('',#11793);
#5306=VERTEX_POINT('',#11795);
#5307=VERTEX_POINT('',#11797);
#5308=VERTEX_POINT('',#11799);
#5309=VERTEX_POINT('',#11802);
#5310=VERTEX_POINT('',#11803);
#5311=VERTEX_POINT('',#11805);
#5312=VERTEX_POINT('',#11807);
#5313=VERTEX_POINT('',#11809);
#5314=VERTEX_POINT('',#11811);
#5315=VERTEX_POINT('',#11813);
#5316=VERTEX_POINT('',#11815);
#5317=VERTEX_POINT('',#11817);
#5318=VERTEX_POINT('',#11819);
#5319=VERTEX_POINT('',#11821);
#5320=VERTEX_POINT('',#11825);
#5321=VERTEX_POINT('',#11827);
#5322=VERTEX_POINT('',#11829);
#5323=VERTEX_POINT('',#11831);
#5324=VERTEX_POINT('',#11833);
#5325=VERTEX_POINT('',#11835);
#5326=VERTEX_POINT('',#11837);
#5327=VERTEX_POINT('',#11841);
#5328=VERTEX_POINT('',#11843);
#5329=VERTEX_POINT('',#11845);
#5330=VERTEX_POINT('',#11847);
#5331=VERTEX_POINT('',#11849);
#5332=VERTEX_POINT('',#11851);
#5333=VERTEX_POINT('',#11853);
#5334=VERTEX_POINT('',#11855);
#5335=VERTEX_POINT('',#11857);
#5336=VERTEX_POINT('',#11859);
#5337=VERTEX_POINT('',#11861);
#5338=VERTEX_POINT('',#11863);
#5339=VERTEX_POINT('',#11865);
#5340=VERTEX_POINT('',#11867);
#5341=VERTEX_POINT('',#11869);
#5342=VERTEX_POINT('',#11871);
#5343=VERTEX_POINT('',#11873);
#5344=VERTEX_POINT('',#11876);
#5345=VERTEX_POINT('',#11877);
#5346=VERTEX_POINT('',#11879);
#5347=VERTEX_POINT('',#11881);
#5348=VERTEX_POINT('',#11883);
#5349=VERTEX_POINT('',#11886);
#5350=VERTEX_POINT('',#11887);
#5351=VERTEX_POINT('',#11889);
#5352=VERTEX_POINT('',#11891);
#5353=VERTEX_POINT('',#11894);
#5354=VERTEX_POINT('',#11895);
#5355=VERTEX_POINT('',#11897);
#5356=VERTEX_POINT('',#11899);
#5357=VERTEX_POINT('',#11901);
#5358=VERTEX_POINT('',#11904);
#5359=VERTEX_POINT('',#11905);
#5360=VERTEX_POINT('',#11907);
#5361=VERTEX_POINT('',#11909);
#5362=VERTEX_POINT('',#11911);
#5363=VERTEX_POINT('',#11913);
#5364=VERTEX_POINT('',#11915);
#5365=VERTEX_POINT('',#11917);
#5366=VERTEX_POINT('',#11919);
#5367=VERTEX_POINT('',#11921);
#5368=VERTEX_POINT('',#11923);
#5369=VERTEX_POINT('',#11925);
#5370=VERTEX_POINT('',#11927);
#5371=VERTEX_POINT('',#11929);
#5372=VERTEX_POINT('',#11931);
#5373=VERTEX_POINT('',#11933);
#5374=VERTEX_POINT('',#11935);
#5375=VERTEX_POINT('',#11937);
#5376=VERTEX_POINT('',#11940);
#5377=VERTEX_POINT('',#11941);
#5378=VERTEX_POINT('',#11943);
#5379=VERTEX_POINT('',#11945);
#5380=VERTEX_POINT('',#11947);
#5381=VERTEX_POINT('',#11949);
#5382=VERTEX_POINT('',#11951);
#5383=VERTEX_POINT('',#11953);
#5384=VERTEX_POINT('',#11955);
#5385=VERTEX_POINT('',#11957);
#5386=VERTEX_POINT('',#11959);
#5387=VERTEX_POINT('',#11961);
#5388=VERTEX_POINT('',#11963);
#5389=VERTEX_POINT('',#11965);
#5390=VERTEX_POINT('',#11967);
#5391=VERTEX_POINT('',#11969);
#5392=VERTEX_POINT('',#11971);
#5393=VERTEX_POINT('',#11973);
#5394=VERTEX_POINT('',#11975);
#5395=VERTEX_POINT('',#11977);
#5396=VERTEX_POINT('',#11980);
#5397=VERTEX_POINT('',#11981);
#5398=VERTEX_POINT('',#11983);
#5399=VERTEX_POINT('',#11985);
#5400=VERTEX_POINT('',#11987);
#5401=VERTEX_POINT('',#11990);
#5402=VERTEX_POINT('',#11991);
#5403=VERTEX_POINT('',#11993);
#5404=VERTEX_POINT('',#11995);
#5405=VERTEX_POINT('',#11997);
#5406=VERTEX_POINT('',#12000);
#5407=VERTEX_POINT('',#12001);
#5408=VERTEX_POINT('',#12003);
#5409=VERTEX_POINT('',#12005);
#5410=VERTEX_POINT('',#12007);
#5411=VERTEX_POINT('',#12009);
#5412=VERTEX_POINT('',#12011);
#5413=VERTEX_POINT('',#12014);
#5414=VERTEX_POINT('',#12015);
#5415=VERTEX_POINT('',#12019);
#5416=VERTEX_POINT('',#12021);
#5417=VERTEX_POINT('',#12023);
#5418=VERTEX_POINT('',#12025);
#5419=VERTEX_POINT('',#12027);
#5420=VERTEX_POINT('',#12029);
#5421=VERTEX_POINT('',#12031);
#5422=VERTEX_POINT('',#12033);
#5423=VERTEX_POINT('',#12035);
#5424=VERTEX_POINT('',#12037);
#5425=VERTEX_POINT('',#12039);
#5426=VERTEX_POINT('',#12041);
#5427=VERTEX_POINT('',#12043);
#5428=VERTEX_POINT('',#12045);
#5429=VERTEX_POINT('',#12047);
#5430=VERTEX_POINT('',#12049);
#5431=VERTEX_POINT('',#12051);
#5432=VERTEX_POINT('',#12054);
#5433=VERTEX_POINT('',#12055);
#5434=VERTEX_POINT('',#12057);
#5435=VERTEX_POINT('',#12059);
#5436=VERTEX_POINT('',#12062);
#5437=VERTEX_POINT('',#12063);
#5438=VERTEX_POINT('',#12065);
#5439=VERTEX_POINT('',#12067);
#5440=VERTEX_POINT('',#12069);
#5441=VERTEX_POINT('',#12071);
#5442=VERTEX_POINT('',#12073);
#5443=VERTEX_POINT('',#12075);
#5444=VERTEX_POINT('',#12077);
#5445=VERTEX_POINT('',#12079);
#5446=VERTEX_POINT('',#12081);
#5447=VERTEX_POINT('',#12083);
#5448=VERTEX_POINT('',#12085);
#5449=VERTEX_POINT('',#12087);
#5450=VERTEX_POINT('',#12089);
#5451=VERTEX_POINT('',#12093);
#5452=VERTEX_POINT('',#12095);
#5453=VERTEX_POINT('',#12098);
#5454=VERTEX_POINT('',#12099);
#5455=VERTEX_POINT('',#12101);
#5456=VERTEX_POINT('',#12103);
#5457=VERTEX_POINT('',#12105);
#5458=VERTEX_POINT('',#12107);
#5459=VERTEX_POINT('',#12109);
#5460=VERTEX_POINT('',#12111);
#5461=VERTEX_POINT('',#12113);
#5462=VERTEX_POINT('',#12115);
#5463=VERTEX_POINT('',#12117);
#5464=VERTEX_POINT('',#12119);
#5465=VERTEX_POINT('',#12121);
#5466=VERTEX_POINT('',#12123);
#5467=VERTEX_POINT('',#12125);
#5468=VERTEX_POINT('',#12127);
#5469=VERTEX_POINT('',#12129);
#5470=VERTEX_POINT('',#12131);
#5471=VERTEX_POINT('',#12133);
#5472=VERTEX_POINT('',#12135);
#5473=VERTEX_POINT('',#12137);
#5474=VERTEX_POINT('',#12139);
#5475=VERTEX_POINT('',#12141);
#5476=VERTEX_POINT('',#12143);
#5477=VERTEX_POINT('',#12145);
#5478=VERTEX_POINT('',#12147);
#5479=VERTEX_POINT('',#12150);
#5480=VERTEX_POINT('',#12151);
#5481=VERTEX_POINT('',#12153);
#5482=VERTEX_POINT('',#12155);
#5483=VERTEX_POINT('',#12157);
#5484=VERTEX_POINT('',#12159);
#5485=VERTEX_POINT('',#12161);
#5486=VERTEX_POINT('',#12163);
#5487=VERTEX_POINT('',#12165);
#5488=VERTEX_POINT('',#12167);
#5489=VERTEX_POINT('',#12169);
#5490=VERTEX_POINT('',#12171);
#5491=VERTEX_POINT('',#12173);
#5492=VERTEX_POINT('',#12175);
#5493=VERTEX_POINT('',#12177);
#5494=VERTEX_POINT('',#12179);
#5495=VERTEX_POINT('',#12181);
#5496=VERTEX_POINT('',#12183);
#5497=VERTEX_POINT('',#12185);
#5498=VERTEX_POINT('',#12187);
#5499=VERTEX_POINT('',#12189);
#5500=VERTEX_POINT('',#12191);
#5501=VERTEX_POINT('',#12193);
#5502=VERTEX_POINT('',#12195);
#5503=VERTEX_POINT('',#12197);
#5504=VERTEX_POINT('',#12199);
#5505=VERTEX_POINT('',#12201);
#5506=VERTEX_POINT('',#12203);
#5507=VERTEX_POINT('',#12205);
#5508=VERTEX_POINT('',#12207);
#5509=VERTEX_POINT('',#12209);
#5510=VERTEX_POINT('',#12211);
#5511=VERTEX_POINT('',#12213);
#5512=VERTEX_POINT('',#12215);
#5513=VERTEX_POINT('',#12217);
#5514=VERTEX_POINT('',#12220);
#5515=VERTEX_POINT('',#12221);
#5516=VERTEX_POINT('',#12223);
#5517=VERTEX_POINT('',#12225);
#5518=VERTEX_POINT('',#12227);
#5519=VERTEX_POINT('',#12229);
#5520=VERTEX_POINT('',#12231);
#5521=VERTEX_POINT('',#12233);
#5522=VERTEX_POINT('',#12235);
#5523=VERTEX_POINT('',#12237);
#5524=VERTEX_POINT('',#12239);
#5525=VERTEX_POINT('',#12241);
#5526=VERTEX_POINT('',#12243);
#5527=VERTEX_POINT('',#12245);
#5528=VERTEX_POINT('',#12247);
#5529=VERTEX_POINT('',#12251);
#5530=VERTEX_POINT('',#12255);
#5531=VERTEX_POINT('',#12257);
#5532=VERTEX_POINT('',#12261);
#5533=VERTEX_POINT('',#12263);
#5534=VERTEX_POINT('',#12265);
#5535=VERTEX_POINT('',#12267);
#5536=VERTEX_POINT('',#12269);
#5537=VERTEX_POINT('',#12271);
#5538=VERTEX_POINT('',#12273);
#5539=VERTEX_POINT('',#12277);
#5540=VERTEX_POINT('',#12279);
#5541=VERTEX_POINT('',#12281);
#5542=VERTEX_POINT('',#12283);
#5543=VERTEX_POINT('',#12285);
#5544=VERTEX_POINT('',#12287);
#5545=VERTEX_POINT('',#12289);
#5546=VERTEX_POINT('',#12291);
#5547=VERTEX_POINT('',#12293);
#5548=VERTEX_POINT('',#12295);
#5549=VERTEX_POINT('',#12297);
#5550=VERTEX_POINT('',#12299);
#5551=VERTEX_POINT('',#12301);
#5552=VERTEX_POINT('',#12303);
#5553=VERTEX_POINT('',#12306);
#5554=VERTEX_POINT('',#12307);
#5555=VERTEX_POINT('',#12309);
#5556=VERTEX_POINT('',#12311);
#5557=VERTEX_POINT('',#12314);
#5558=VERTEX_POINT('',#12315);
#5559=VERTEX_POINT('',#12317);
#5560=VERTEX_POINT('',#12319);
#5561=VERTEX_POINT('',#12321);
#5562=VERTEX_POINT('',#12323);
#5563=VERTEX_POINT('',#12325);
#5564=VERTEX_POINT('',#12327);
#5565=VERTEX_POINT('',#12329);
#5566=VERTEX_POINT('',#12331);
#5567=VERTEX_POINT('',#12333);
#5568=VERTEX_POINT('',#12335);
#5569=VERTEX_POINT('',#12337);
#5570=VERTEX_POINT('',#12339);
#5571=VERTEX_POINT('',#12341);
#5572=VERTEX_POINT('',#12343);
#5573=VERTEX_POINT('',#12345);
#5574=VERTEX_POINT('',#12348);
#5575=VERTEX_POINT('',#12349);
#5576=VERTEX_POINT('',#12353);
#5577=VERTEX_POINT('',#12355);
#5578=VERTEX_POINT('',#12357);
#5579=VERTEX_POINT('',#12359);
#5580=VERTEX_POINT('',#12361);
#5581=VERTEX_POINT('',#12363);
#5582=VERTEX_POINT('',#12365);
#5583=VERTEX_POINT('',#12367);
#5584=VERTEX_POINT('',#12369);
#5585=VERTEX_POINT('',#12371);
#5586=VERTEX_POINT('',#12373);
#5587=VERTEX_POINT('',#12375);
#5588=VERTEX_POINT('',#12377);
#5589=VERTEX_POINT('',#12379);
#5590=VERTEX_POINT('',#12381);
#5591=VERTEX_POINT('',#12383);
#5592=VERTEX_POINT('',#12385);
#5593=VERTEX_POINT('',#12389);
#5594=VERTEX_POINT('',#12390);
#5595=VERTEX_POINT('',#12395);
#5596=VERTEX_POINT('',#12399);
#5597=VERTEX_POINT('',#12405);
#5598=VERTEX_POINT('',#12408);
#5599=VERTEX_POINT('',#12411);
#5600=VERTEX_POINT('',#12414);
#5601=VERTEX_POINT('',#12418);
#5602=VERTEX_POINT('',#12420);
#5603=VERTEX_POINT('',#12424);
#5604=VERTEX_POINT('',#12428);
#5605=VERTEX_POINT('',#12432);
#5606=VERTEX_POINT('',#12436);
#5607=VERTEX_POINT('',#12440);
#5608=VERTEX_POINT('',#12447);
#5609=VERTEX_POINT('',#12449);
#5610=VERTEX_POINT('',#12453);
#5611=VERTEX_POINT('',#12457);
#5612=VERTEX_POINT('',#12461);
#5613=VERTEX_POINT('',#12465);
#5614=VERTEX_POINT('',#12469);
#5615=VERTEX_POINT('',#12473);
#5616=VERTEX_POINT('',#12477);
#5617=VERTEX_POINT('',#12481);
#5618=VERTEX_POINT('',#12485);
#5619=VERTEX_POINT('',#12489);
#5620=VERTEX_POINT('',#12493);
#5621=VERTEX_POINT('',#12497);
#5622=VERTEX_POINT('',#12501);
#5623=VERTEX_POINT('',#12505);
#5624=VERTEX_POINT('',#12509);
#5625=VERTEX_POINT('',#12513);
#5626=VERTEX_POINT('',#12517);
#5627=VERTEX_POINT('',#12528);
#5628=VERTEX_POINT('',#12534);
#5629=VERTEX_POINT('',#12538);
#5630=VERTEX_POINT('',#12542);
#5631=VERTEX_POINT('',#12546);
#5632=VERTEX_POINT('',#12553);
#5633=VERTEX_POINT('',#12555);
#5634=VERTEX_POINT('',#12559);
#5635=VERTEX_POINT('',#12563);
#5636=VERTEX_POINT('',#12567);
#5637=VERTEX_POINT('',#12571);
#5638=VERTEX_POINT('',#12575);
#5639=VERTEX_POINT('',#12579);
#5640=VERTEX_POINT('',#12583);
#5641=VERTEX_POINT('',#12587);
#5642=VERTEX_POINT('',#12591);
#5643=VERTEX_POINT('',#12595);
#5644=VERTEX_POINT('',#12599);
#5645=VERTEX_POINT('',#12603);
#5646=VERTEX_POINT('',#12607);
#5647=VERTEX_POINT('',#12611);
#5648=VERTEX_POINT('',#12615);
#5649=VERTEX_POINT('',#12619);
#5650=VERTEX_POINT('',#12623);
#5651=VERTEX_POINT('',#12627);
#5652=VERTEX_POINT('',#12631);
#5653=VERTEX_POINT('',#12635);
#5654=VERTEX_POINT('',#12639);
#5655=VERTEX_POINT('',#12643);
#5656=VERTEX_POINT('',#12650);
#5657=VERTEX_POINT('',#12652);
#5658=VERTEX_POINT('',#12656);
#5659=VERTEX_POINT('',#12660);
#5660=VERTEX_POINT('',#12664);
#5661=VERTEX_POINT('',#12671);
#5662=VERTEX_POINT('',#12673);
#5663=VERTEX_POINT('',#12677);
#5664=VERTEX_POINT('',#12681);
#5665=VERTEX_POINT('',#12685);
#5666=VERTEX_POINT('',#12689);
#5667=VERTEX_POINT('',#12693);
#5668=VERTEX_POINT('',#12697);
#5669=VERTEX_POINT('',#12701);
#5670=VERTEX_POINT('',#12705);
#5671=VERTEX_POINT('',#12709);
#5672=VERTEX_POINT('',#12713);
#5673=VERTEX_POINT('',#12717);
#5674=VERTEX_POINT('',#12721);
#5675=VERTEX_POINT('',#12725);
#5676=VERTEX_POINT('',#12729);
#5677=VERTEX_POINT('',#12733);
#5678=VERTEX_POINT('',#12737);
#5679=VERTEX_POINT('',#12741);
#5680=VERTEX_POINT('',#12745);
#5681=VERTEX_POINT('',#12749);
#5682=VERTEX_POINT('',#12753);
#5683=VERTEX_POINT('',#12757);
#5684=VERTEX_POINT('',#12761);
#5685=VERTEX_POINT('',#12768);
#5686=VERTEX_POINT('',#12770);
#5687=VERTEX_POINT('',#12774);
#5688=VERTEX_POINT('',#12778);
#5689=VERTEX_POINT('',#12782);
#5690=VERTEX_POINT('',#12786);
#5691=VERTEX_POINT('',#12790);
#5692=VERTEX_POINT('',#12794);
#5693=VERTEX_POINT('',#12798);
#5694=VERTEX_POINT('',#12802);
#5695=VERTEX_POINT('',#12806);
#5696=VERTEX_POINT('',#12810);
#5697=VERTEX_POINT('',#12814);
#5698=VERTEX_POINT('',#12821);
#5699=VERTEX_POINT('',#12823);
#5700=VERTEX_POINT('',#12827);
#5701=VERTEX_POINT('',#12831);
#5702=VERTEX_POINT('',#12835);
#5703=VERTEX_POINT('',#12839);
#5704=VERTEX_POINT('',#12843);
#5705=VERTEX_POINT('',#12859);
#5706=VERTEX_POINT('',#12861);
#5707=VERTEX_POINT('',#12865);
#5708=VERTEX_POINT('',#12869);
#5709=VERTEX_POINT('',#12873);
#5710=VERTEX_POINT('',#12880);
#5711=VERTEX_POINT('',#12882);
#5712=VERTEX_POINT('',#12886);
#5713=VERTEX_POINT('',#12890);
#5714=VERTEX_POINT('',#12894);
#5715=VERTEX_POINT('',#12898);
#5716=VERTEX_POINT('',#12902);
#5717=VERTEX_POINT('',#12906);
#5718=VERTEX_POINT('',#12910);
#5719=VERTEX_POINT('',#12914);
#5720=VERTEX_POINT('',#12918);
#5721=VERTEX_POINT('',#12922);
#5722=VERTEX_POINT('',#12926);
#5723=VERTEX_POINT('',#12930);
#5724=VERTEX_POINT('',#12934);
#5725=VERTEX_POINT('',#12938);
#5726=VERTEX_POINT('',#12942);
#5727=VERTEX_POINT('',#12946);
#5728=VERTEX_POINT('',#12950);
#5729=VERTEX_POINT('',#12954);
#5730=VERTEX_POINT('',#12965);
#5731=VERTEX_POINT('',#12971);
#5732=VERTEX_POINT('',#12975);
#5733=VERTEX_POINT('',#12979);
#5734=VERTEX_POINT('',#12983);
#5735=VERTEX_POINT('',#12987);
#5736=VERTEX_POINT('',#12991);
#5737=VERTEX_POINT('',#13002);
#5738=VERTEX_POINT('',#13008);
#5739=VERTEX_POINT('',#13012);
#5740=VERTEX_POINT('',#13016);
#5741=VERTEX_POINT('',#13020);
#5742=VERTEX_POINT('',#13024);
#5743=VERTEX_POINT('',#13028);
#5744=VERTEX_POINT('',#13032);
#5745=VERTEX_POINT('',#13039);
#5746=VERTEX_POINT('',#13041);
#5747=VERTEX_POINT('',#13045);
#5748=VERTEX_POINT('',#13049);
#5749=VERTEX_POINT('',#13053);
#5750=VERTEX_POINT('',#13060);
#5751=VERTEX_POINT('',#13062);
#5752=VERTEX_POINT('',#13066);
#5753=VERTEX_POINT('',#13070);
#5754=VERTEX_POINT('',#13077);
#5755=VERTEX_POINT('',#13079);
#5756=VERTEX_POINT('',#13083);
#5757=VERTEX_POINT('',#13087);
#5758=VERTEX_POINT('',#13091);
#5759=VERTEX_POINT('',#13098);
#5760=VERTEX_POINT('',#13100);
#5761=VERTEX_POINT('',#13104);
#5762=VERTEX_POINT('',#13108);
#5763=VERTEX_POINT('',#13112);
#5764=VERTEX_POINT('',#13116);
#5765=VERTEX_POINT('',#13120);
#5766=VERTEX_POINT('',#13124);
#5767=VERTEX_POINT('',#13128);
#5768=VERTEX_POINT('',#13132);
#5769=VERTEX_POINT('',#13136);
#5770=VERTEX_POINT('',#13140);
#5771=VERTEX_POINT('',#13144);
#5772=VERTEX_POINT('',#13148);
#5773=VERTEX_POINT('',#13152);
#5774=VERTEX_POINT('',#13156);
#5775=VERTEX_POINT('',#13160);
#5776=VERTEX_POINT('',#13164);
#5777=VERTEX_POINT('',#13171);
#5778=VERTEX_POINT('',#13173);
#5779=VERTEX_POINT('',#13177);
#5780=VERTEX_POINT('',#13181);
#5781=VERTEX_POINT('',#13185);
#5782=VERTEX_POINT('',#13189);
#5783=VERTEX_POINT('',#13193);
#5784=VERTEX_POINT('',#13197);
#5785=VERTEX_POINT('',#13201);
#5786=VERTEX_POINT('',#13205);
#5787=VERTEX_POINT('',#13209);
#5788=VERTEX_POINT('',#13213);
#5789=VERTEX_POINT('',#13217);
#5790=VERTEX_POINT('',#13221);
#5791=VERTEX_POINT('',#13225);
#5792=VERTEX_POINT('',#13229);
#5793=VERTEX_POINT('',#13233);
#5794=VERTEX_POINT('',#13237);
#5795=VERTEX_POINT('',#13241);
#5796=VERTEX_POINT('',#13245);
#5797=VERTEX_POINT('',#13252);
#5798=VERTEX_POINT('',#13254);
#5799=VERTEX_POINT('',#13258);
#5800=VERTEX_POINT('',#13262);
#5801=VERTEX_POINT('',#13266);
#5802=VERTEX_POINT('',#13273);
#5803=VERTEX_POINT('',#13275);
#5804=VERTEX_POINT('',#13279);
#5805=VERTEX_POINT('',#13283);
#5806=VERTEX_POINT('',#13287);
#5807=VERTEX_POINT('',#13294);
#5808=VERTEX_POINT('',#13296);
#5809=VERTEX_POINT('',#13300);
#5810=VERTEX_POINT('',#13304);
#5811=VERTEX_POINT('',#13308);
#5812=VERTEX_POINT('',#13312);
#5813=VERTEX_POINT('',#13316);
#5814=VERTEX_POINT('',#13330);
#5815=VERTEX_POINT('',#13334);
#5816=VERTEX_POINT('',#13338);
#5817=VERTEX_POINT('',#13342);
#5818=VERTEX_POINT('',#13346);
#5819=VERTEX_POINT('',#13350);
#5820=VERTEX_POINT('',#13354);
#5821=VERTEX_POINT('',#13358);
#5822=VERTEX_POINT('',#13362);
#5823=VERTEX_POINT('',#13366);
#5824=VERTEX_POINT('',#13370);
#5825=VERTEX_POINT('',#13374);
#5826=VERTEX_POINT('',#13378);
#5827=VERTEX_POINT('',#13382);
#5828=VERTEX_POINT('',#13386);
#5829=VERTEX_POINT('',#13390);
#5830=VERTEX_POINT('',#13394);
#5831=VERTEX_POINT('',#13398);
#5832=VERTEX_POINT('',#13402);
#5833=VERTEX_POINT('',#13409);
#5834=VERTEX_POINT('',#13411);
#5835=VERTEX_POINT('',#13415);
#5836=VERTEX_POINT('',#13419);
#5837=VERTEX_POINT('',#13426);
#5838=VERTEX_POINT('',#13428);
#5839=VERTEX_POINT('',#13432);
#5840=VERTEX_POINT('',#13436);
#5841=VERTEX_POINT('',#13440);
#5842=VERTEX_POINT('',#13451);
#5843=VERTEX_POINT('',#13457);
#5844=VERTEX_POINT('',#13461);
#5845=VERTEX_POINT('',#13465);
#5846=VERTEX_POINT('',#13469);
#5847=VERTEX_POINT('',#13473);
#5848=VERTEX_POINT('',#13477);
#5849=VERTEX_POINT('',#13481);
#5850=VERTEX_POINT('',#13485);
#5851=VERTEX_POINT('',#13489);
#5852=VERTEX_POINT('',#13493);
#5853=VERTEX_POINT('',#13497);
#5854=VERTEX_POINT('',#13504);
#5855=VERTEX_POINT('',#13506);
#5856=VERTEX_POINT('',#13510);
#5857=VERTEX_POINT('',#13514);
#5858=VERTEX_POINT('',#13518);
#5859=VERTEX_POINT('',#13522);
#5860=VERTEX_POINT('',#13526);
#5861=VERTEX_POINT('',#13530);
#5862=VERTEX_POINT('',#13534);
#5863=VERTEX_POINT('',#13538);
#5864=VERTEX_POINT('',#13542);
#5865=VERTEX_POINT('',#13546);
#5866=VERTEX_POINT('',#13550);
#5867=VERTEX_POINT('',#13554);
#5868=VERTEX_POINT('',#13558);
#5869=VERTEX_POINT('',#13562);
#5870=VERTEX_POINT('',#13566);
#5871=VERTEX_POINT('',#13570);
#5872=VERTEX_POINT('',#13574);
#5873=VERTEX_POINT('',#13578);
#5874=VERTEX_POINT('',#13582);
#5875=VERTEX_POINT('',#13586);
#5876=VERTEX_POINT('',#13590);
#5877=VERTEX_POINT('',#13594);
#5878=VERTEX_POINT('',#13598);
#5879=VERTEX_POINT('',#13602);
#5880=VERTEX_POINT('',#13609);
#5881=VERTEX_POINT('',#13611);
#5882=VERTEX_POINT('',#13615);
#5883=VERTEX_POINT('',#13619);
#5884=VERTEX_POINT('',#13623);
#5885=VERTEX_POINT('',#13627);
#5886=VERTEX_POINT('',#13631);
#5887=VERTEX_POINT('',#13635);
#5888=VERTEX_POINT('',#13639);
#5889=VERTEX_POINT('',#13643);
#5890=VERTEX_POINT('',#13647);
#5891=VERTEX_POINT('',#13651);
#5892=VERTEX_POINT('',#13655);
#5893=VERTEX_POINT('',#13659);
#5894=VERTEX_POINT('',#13663);
#5895=VERTEX_POINT('',#13667);
#5896=VERTEX_POINT('',#13671);
#5897=VERTEX_POINT('',#13675);
#5898=VERTEX_POINT('',#13679);
#5899=VERTEX_POINT('',#13683);
#5900=VERTEX_POINT('',#13687);
#5901=VERTEX_POINT('',#13691);
#5902=VERTEX_POINT('',#13695);
#5903=VERTEX_POINT('',#13699);
#5904=VERTEX_POINT('',#13703);
#5905=VERTEX_POINT('',#13707);
#5906=VERTEX_POINT('',#13711);
#5907=VERTEX_POINT('',#13715);
#5908=VERTEX_POINT('',#13719);
#5909=VERTEX_POINT('',#13723);
#5910=VERTEX_POINT('',#13727);
#5911=VERTEX_POINT('',#13731);
#5912=VERTEX_POINT('',#13735);
#5913=VERTEX_POINT('',#13739);
#5914=VERTEX_POINT('',#13743);
#5915=VERTEX_POINT('',#13750);
#5916=VERTEX_POINT('',#13752);
#5917=VERTEX_POINT('',#13756);
#5918=VERTEX_POINT('',#13760);
#5919=VERTEX_POINT('',#13764);
#5920=VERTEX_POINT('',#13768);
#5921=VERTEX_POINT('',#13772);
#5922=VERTEX_POINT('',#13776);
#5923=VERTEX_POINT('',#13780);
#5924=VERTEX_POINT('',#13784);
#5925=VERTEX_POINT('',#13788);
#5926=VERTEX_POINT('',#13792);
#5927=VERTEX_POINT('',#13796);
#5928=VERTEX_POINT('',#13800);
#5929=VERTEX_POINT('',#13804);
#5930=VERTEX_POINT('',#13808);
#5931=VERTEX_POINT('',#13812);
#5932=VERTEX_POINT('',#13823);
#5933=VERTEX_POINT('',#13829);
#5934=VERTEX_POINT('',#13833);
#5935=VERTEX_POINT('',#13837);
#5936=VERTEX_POINT('',#13841);
#5937=VERTEX_POINT('',#13845);
#5938=VERTEX_POINT('',#13849);
#5939=VERTEX_POINT('',#13860);
#5940=VERTEX_POINT('',#13866);
#5941=VERTEX_POINT('',#13877);
#5942=VERTEX_POINT('',#13890);
#5943=VERTEX_POINT('',#13896);
#5944=VERTEX_POINT('',#13900);
#5945=VERTEX_POINT('',#13904);
#5946=VERTEX_POINT('',#13908);
#5947=VERTEX_POINT('',#13912);
#5948=VERTEX_POINT('',#13916);
#5949=VERTEX_POINT('',#13920);
#5950=VERTEX_POINT('',#13924);
#5951=VERTEX_POINT('',#13928);
#5952=VERTEX_POINT('',#13932);
#5953=VERTEX_POINT('',#13936);
#5954=VERTEX_POINT('',#13943);
#5955=VERTEX_POINT('',#13945);
#5956=VERTEX_POINT('',#13949);
#5957=VERTEX_POINT('',#13953);
#5958=VERTEX_POINT('',#13960);
#5959=VERTEX_POINT('',#13962);
#5960=VERTEX_POINT('',#13966);
#5961=VERTEX_POINT('',#13970);
#5962=VERTEX_POINT('',#13974);
#5963=VERTEX_POINT('',#13978);
#5964=VERTEX_POINT('',#13982);
#5965=VERTEX_POINT('',#13986);
#5966=VERTEX_POINT('',#13990);
#5967=VERTEX_POINT('',#13994);
#5968=VERTEX_POINT('',#13998);
#5969=VERTEX_POINT('',#14002);
#5970=VERTEX_POINT('',#14006);
#5971=VERTEX_POINT('',#14010);
#5972=VERTEX_POINT('',#14014);
#5973=VERTEX_POINT('',#14018);
#5974=VERTEX_POINT('',#14022);
#5975=VERTEX_POINT('',#14036);
#5976=VERTEX_POINT('',#14040);
#5977=VERTEX_POINT('',#14044);
#5978=VERTEX_POINT('',#14048);
#5979=VERTEX_POINT('',#14052);
#5980=VERTEX_POINT('',#14056);
#5981=VERTEX_POINT('',#14060);
#5982=VERTEX_POINT('',#14064);
#5983=VERTEX_POINT('',#14068);
#5984=VERTEX_POINT('',#14072);
#5985=VERTEX_POINT('',#14076);
#5986=VERTEX_POINT('',#14080);
#5987=VERTEX_POINT('',#14084);
#5988=VERTEX_POINT('',#14088);
#5989=VERTEX_POINT('',#14092);
#5990=VERTEX_POINT('',#14096);
#5991=VERTEX_POINT('',#14100);
#5992=VERTEX_POINT('',#14104);
#5993=VERTEX_POINT('',#14108);
#5994=CIRCLE('',#8057,0.0019);
#5995=CIRCLE('',#8058,0.0019);
#5996=CIRCLE('',#8059,0.0019);
#5997=CIRCLE('',#8060,0.0019);
#5998=CIRCLE('',#8061,0.000608937530135682);
#5999=CIRCLE('',#8062,0.000730875161438437);
#6000=CIRCLE('',#8063,0.000727331755253974);
#6001=CIRCLE('',#8064,0.000972410754081356);
#6002=CIRCLE('',#8065,0.000511620769747833);
#6003=CIRCLE('',#8066,0.000828580407784545);
#6004=CIRCLE('',#8067,0.000901741992125166);
#6005=CIRCLE('',#8068,0.000922347557989859);
#6006=CIRCLE('',#8069,0.00113799589029628);
#6007=CIRCLE('',#8070,0.00116340152937872);
#6008=CIRCLE('',#8071,0.00118351973400745);
#6009=CIRCLE('',#8072,0.00111493596964056);
#6010=CIRCLE('',#8073,0.00100302865894769);
#6011=CIRCLE('',#8074,0.000791083435517105);
#6012=CIRCLE('',#8075,0.000441820412904565);
#6013=CIRCLE('',#8076,0.000644396851169714);
#6014=CIRCLE('',#8077,0.00093560706537065);
#6015=CIRCLE('',#8078,0.00118209943319216);
#6016=CIRCLE('',#8079,0.000996530628103008);
#6017=CIRCLE('',#8080,0.000598745120650941);
#6018=CIRCLE('',#8081,0.000549193465608469);
#6019=CIRCLE('',#8082,0.239601495418225);
#6020=CIRCLE('',#8083,0.178945839849017);
#6021=CIRCLE('',#8084,0.0173083325239946);
#6022=CIRCLE('',#8085,0.00497664860845178);
#6023=CIRCLE('',#8086,0.00147112808817262);
#6024=CIRCLE('',#8087,0.000579987155039125);
#6025=CIRCLE('',#8088,0.000363666233123182);
#6026=CIRCLE('',#8089,0.00179423754482694);
#6027=CIRCLE('',#8090,0.000400529225706496);
#6028=CIRCLE('',#8091,0.000984682678414725);
#6029=CIRCLE('',#8092,0.00110808136107119);
#6030=CIRCLE('',#8093,0.00518094175959961);
#6031=CIRCLE('',#8094,0.00140881328198931);
#6032=CIRCLE('',#8095,0.000702649849848495);
#6033=CIRCLE('',#8096,0.000380211924345173);
#6034=CIRCLE('',#8097,0.000380211924214603);
#6035=CIRCLE('',#8098,0.000899977167262303);
#6036=CIRCLE('',#8099,0.000174419563921432);
#6037=CIRCLE('',#8100,0.000299364280266824);
#6038=CIRCLE('',#8101,0.00109550579759893);
#6039=CIRCLE('',#8102,0.23960149541639);
#6040=CIRCLE('',#8103,0.178945839856042);
#6041=CIRCLE('',#8104,0.0173083325803359);
#6042=CIRCLE('',#8105,0.00497664860845567);
#6043=CIRCLE('',#8106,0.00147112808819422);
#6044=CIRCLE('',#8107,0.00057998715502731);
#6045=CIRCLE('',#8108,0.000363666233123246);
#6046=CIRCLE('',#8109,0.00179423754482752);
#6047=CIRCLE('',#8110,0.000400529225708433);
#6048=CIRCLE('',#8111,0.000984682678413452);
#6049=CIRCLE('',#8112,0.00110808136107169);
#6050=CIRCLE('',#8113,0.00518094175958595);
#6051=CIRCLE('',#8114,0.00140881328199303);
#6052=CIRCLE('',#8115,0.000702649849848294);
#6053=CIRCLE('',#8116,0.000380211924345214);
#6054=CIRCLE('',#8117,0.000380211924345196);
#6055=CIRCLE('',#8118,0.000899977167262311);
#6056=CIRCLE('',#8119,0.000174419563921396);
#6057=CIRCLE('',#8120,0.000299364280266854);
#6058=CIRCLE('',#8121,0.0010955057975993);
#6059=CIRCLE('',#8122,0.000924134223146022);
#6060=CIRCLE('',#8123,0.000952921763182384);
#6061=CIRCLE('',#8124,0.0010320909971726);
#6062=CIRCLE('',#8125,0.00119485510804182);
#6063=CIRCLE('',#8126,0.00143552721618508);
#6064=CIRCLE('',#8127,0.000560930792381207);
#6065=CIRCLE('',#8128,0.00056617751992666);
#6066=CIRCLE('',#8129,0.000593638436915917);
#6067=CIRCLE('',#8130,0.000427419774715539);
#6068=CIRCLE('',#8131,0.00081656882217898);
#6069=CIRCLE('',#8132,0.0010435014900941);
#6070=CIRCLE('',#8133,0.00108190332314714);
#6071=CIRCLE('',#8134,0.000899480045284991);
#6072=CIRCLE('',#8135,0.00162799006712103);
#6073=CIRCLE('',#8136,0.000948659205736488);
#6074=CIRCLE('',#8137,0.000416471274013512);
#6075=CIRCLE('',#8138,0.000120846048050169);
#6076=CIRCLE('',#8139,0.000273100652258311);
#6077=CIRCLE('',#8140,0.000420138425925252);
#6078=CIRCLE('',#8141,0.000461487118669347);
#6079=CIRCLE('',#8142,0.000394265393998163);
#6080=CIRCLE('',#8143,0.000787802584736717);
#6081=CIRCLE('',#8144,0.000410742461047448);
#6082=CIRCLE('',#8145,0.000565891603010483);
#6083=CIRCLE('',#8146,0.00184329045533929);
#6084=CIRCLE('',#8147,0.000194737403849687);
#6085=CIRCLE('',#8148,0.000828557450141195);
#6086=CIRCLE('',#8149,0.000578333101871487);
#6087=CIRCLE('',#8150,0.000923505121800934);
#6088=CIRCLE('',#8151,0.00063538593842696);
#6089=CIRCLE('',#8152,0.00173701850524096);
#6090=CIRCLE('',#8153,0.00047109381703605);
#6091=CIRCLE('',#8154,0.00100109935351768);
#6092=CIRCLE('',#8155,0.00143894720337514);
#6093=CIRCLE('',#8156,0.00134214913771188);
#6094=CIRCLE('',#8157,0.00106671835378121);
#6095=CIRCLE('',#8158,0.000631507083287476);
#6096=CIRCLE('',#8159,0.000531523548813849);
#6097=CIRCLE('',#8160,0.000543790146099921);
#6098=CIRCLE('',#8161,0.00208291397593834);
#6099=CIRCLE('',#8162,0.0038090817795458);
#6100=CIRCLE('',#8163,0.000652847887860543);
#6101=CIRCLE('',#8164,0.000248245209193774);
#6102=CIRCLE('',#8165,0.00044309003725387);
#6103=CIRCLE('',#8166,0.000693830797590251);
#6104=CIRCLE('',#8167,0.00254525833514041);
#6105=CIRCLE('',#8168,0.0013264738620445);
#6106=CIRCLE('',#8169,0.000343254589559303);
#6107=CIRCLE('',#8170,0.000181532998334006);
#6108=CIRCLE('',#8171,0.000182085326565228);
#6109=CIRCLE('',#8172,0.0004239229746124);
#6110=CIRCLE('',#8173,0.000412417147394717);
#6111=CIRCLE('',#8174,0.000728949140737404);
#6112=CIRCLE('',#8175,0.000403026589788383);
#6113=CIRCLE('',#8176,0.000290773385373612);
#6114=CIRCLE('',#8177,0.00131928105526682);
#6115=CIRCLE('',#8178,0.000354933923162059);
#6116=CIRCLE('',#8179,0.000171054393724364);
#6117=CIRCLE('',#8180,0.000181741496581917);
#6118=CIRCLE('',#8181,0.00050180929778808);
#6119=CIRCLE('',#8182,0.000431342586824227);
#6120=CIRCLE('',#8183,0.000749006572960981);
#6121=CIRCLE('',#8184,0.000368425551699254);
#6122=CIRCLE('',#8185,0.000374329904441883);
#6123=CIRCLE('',#8186,0.000259058435368381);
#6124=CIRCLE('',#8187,0.000506955709753343);
#6125=CIRCLE('',#8188,0.000720015065759038);
#6126=CIRCLE('',#8189,0.00025805999299221);
#6127=CIRCLE('',#8190,0.000410988575747396);
#6128=CIRCLE('',#8191,0.000611059457832982);
#6129=CIRCLE('',#8192,0.000431586433606753);
#6130=CIRCLE('',#8193,0.000967981682607269);
#6131=CIRCLE('',#8194,0.000551528633394333);
#6132=CIRCLE('',#8195,0.000571967870105138);
#6133=CIRCLE('',#8196,0.000475408041924946);
#6134=CIRCLE('',#8197,0.000199565284566592);
#6135=CIRCLE('',#8198,0.000155971067696072);
#6136=CIRCLE('',#8199,0.000472808053047453);
#6137=CIRCLE('',#8200,0.000296997738915025);
#6138=CIRCLE('',#8201,0.000264749837994389);
#6139=CIRCLE('',#8202,0.000430110740693796);
#6140=CIRCLE('',#8203,0.000308995161106654);
#6141=CIRCLE('',#8204,0.000343403371936309);
#6142=CIRCLE('',#8205,0.00043124886898021);
#6143=CIRCLE('',#8206,0.000601500931407522);
#6144=CIRCLE('',#8207,0.000467621130081602);
#6145=CIRCLE('',#8208,0.000252837590292186);
#6146=CIRCLE('',#8209,0.00017591095283578);
#6147=CIRCLE('',#8210,0.000569430440782456);
#6148=CIRCLE('',#8211,0.000430424660649874);
#6149=CIRCLE('',#8212,0.000377856247370299);
#6150=CIRCLE('',#8213,0.000648981283185003);
#6151=CIRCLE('',#8214,0.000646510879567256);
#6152=CIRCLE('',#8215,0.000392091813982105);
#6153=CIRCLE('',#8216,0.000177551538714943);
#6154=CIRCLE('',#8217,0.000270977418535936);
#6155=CIRCLE('',#8218,0.00033851060933906);
#6156=CIRCLE('',#8219,0.000400360453560574);
#6157=CIRCLE('',#8220,0.00025716534931252);
#6158=CIRCLE('',#8221,0.000495002885161423);
#6159=CIRCLE('',#8222,0.000380276494981369);
#6160=CIRCLE('',#8223,0.000426908912507759);
#6161=CIRCLE('',#8224,0.000570317540512553);
#6162=CIRCLE('',#8225,0.000920265318822403);
#6163=CIRCLE('',#8226,0.000701738999505314);
#6164=CIRCLE('',#8227,0.000511479516069743);
#6165=CIRCLE('',#8228,0.000383215304407634);
#6166=CIRCLE('',#8229,0.000505491173274364);
#6167=CIRCLE('',#8230,0.000483674434864245);
#6168=CIRCLE('',#8231,0.000405423568095019);
#6169=CIRCLE('',#8232,0.000250876519484701);
#6170=CIRCLE('',#8233,0.000200501877105319);
#6171=CIRCLE('',#8234,0.000198347321442917);
#6172=CIRCLE('',#8235,0.000271059789913925);
#6173=CIRCLE('',#8236,0.000407114318704228);
#6174=CIRCLE('',#8237,0.000585750971033603);
#6175=CIRCLE('',#8238,0.000578019263747654);
#6176=CIRCLE('',#8239,0.000405435160486138);
#6177=CIRCLE('',#8240,0.000281873017764199);
#6178=CIRCLE('',#8241,0.000198886362670833);
#6179=CIRCLE('',#8242,0.000189637035045665);
#6180=CIRCLE('',#8243,0.000301890083818212);
#6181=CIRCLE('',#8244,0.000599003939187095);
#6182=CIRCLE('',#8245,0.000501221827255232);
#6183=CIRCLE('',#8246,0.000220120272742714);
#6184=CIRCLE('',#8247,6.38715481558555E-5);
#6185=CIRCLE('',#8248,0.000144343665006132);
#6186=CIRCLE('',#8249,0.000222058496408424);
#6187=CIRCLE('',#8250,0.000243912790068493);
#6188=CIRCLE('',#8251,0.000208642412459911);
#6189=CIRCLE('',#8252,0.000199295059382715);
#6190=CIRCLE('',#8253,0.000416382426925724);
#6191=CIRCLE('',#8254,0.000217092385943861);
#6192=CIRCLE('',#8255,0.00029948354636458);
#6193=CIRCLE('',#8256,0.000974246300016763);
#6194=CIRCLE('',#8257,0.000175630822424455);
#6195=CIRCLE('',#8258,0.000102925827357933);
#6196=CIRCLE('',#8259,0.000437922861165366);
#6197=CIRCLE('',#8260,0.000305670157974796);
#6198=CIRCLE('',#8261,0.000488106171953195);
#6199=CIRCLE('',#8262,0.000335824664962558);
#6200=CIRCLE('',#8263,0.000248990280852842);
#6201=CIRCLE('',#8264,0.000529117556205207);
#6202=CIRCLE('',#8265,0.000760536129690959);
#6203=CIRCLE('',#8266,0.000709374818113112);
#6204=CIRCLE('',#8267,0.000563799593452914);
#6205=CIRCLE('',#8268,0.000333774548414986);
#6206=CIRCLE('',#8269,0.000280929600271815);
#6207=CIRCLE('',#8270,0.00028741294476397);
#6208=CIRCLE('',#8271,0.00110089607875591);
#6209=CIRCLE('',#8272,0.0020132387814679);
#6210=CIRCLE('',#8273,0.000441726759869978);
#6211=CIRCLE('',#8274,0.000647370674894863);
#6212=CIRCLE('',#8275,0.000650621446871656);
#6213=CIRCLE('',#8276,0.000701743568885667);
#6214=CIRCLE('',#8277,0.000626764281681535);
#6215=CIRCLE('',#8278,0.00084104704703957);
#6216=CIRCLE('',#8279,0.000725687712116606);
#6217=CIRCLE('',#8280,0.00068706813470203);
#6218=CIRCLE('',#8281,0.00106193605139555);
#6219=CIRCLE('',#8282,0.000871324090693909);
#6220=CIRCLE('',#8283,0.000514091436688482);
#6221=CIRCLE('',#8284,0.00405573698216871);
#6222=CIRCLE('',#8285,0.000393631059245768);
#6223=CIRCLE('',#8286,0.000283911069745863);
#6224=CIRCLE('',#8287,0.000565735007519183);
#6225=CIRCLE('',#8288,0.000305946130864551);
#6226=CIRCLE('',#8289,0.00040598547467462);
#6227=CIRCLE('',#8290,0.000865278742600596);
#6228=CIRCLE('',#8291,0.0014110981802571);
#6229=CIRCLE('',#8292,0.000866555167580561);
#6230=CIRCLE('',#8293,0.000648131005916719);
#6231=CIRCLE('',#8294,0.000740812217060913);
#6232=CIRCLE('',#8295,0.00057732082012518);
#6233=CIRCLE('',#8296,0.000652892523122671);
#6234=CIRCLE('',#8297,0.000528901847474231);
#6235=CIRCLE('',#8298,0.000501963895528509);
#6236=CIRCLE('',#8299,0.000237993495394658);
#6237=CIRCLE('',#8300,0.00036862620974887);
#6238=CIRCLE('',#8301,0.0011749941415958);
#6239=CIRCLE('',#8302,0.00112786421755228);
#6240=CIRCLE('',#8303,0.0018412699764104);
#6241=CIRCLE('',#8304,0.00352878495314866);
#6242=CIRCLE('',#8305,0.00177546043903459);
#6243=CIRCLE('',#8306,0.000961040982561643);
#6244=CIRCLE('',#8307,0.000338512310064942);
#6245=CIRCLE('',#8308,0.000624487864613457);
#6246=CIRCLE('',#8309,0.000870787120771132);
#6247=CIRCLE('',#8310,0.00191794782584873);
#6248=CIRCLE('',#8311,0.000377580889197012);
#6249=CIRCLE('',#8312,0.000295099894778498);
#6250=CIRCLE('',#8313,0.000246841435194194);
#6251=CIRCLE('',#8314,0.000894560822425875);
#6252=CIRCLE('',#8315,0.000561924738530577);
#6253=CIRCLE('',#8316,0.000500911165296706);
#6254=CIRCLE('',#8317,0.000813776786208487);
#6255=CIRCLE('',#8318,0.000584624063921666);
#6256=CIRCLE('',#8319,0.000649724980026913);
#6257=CIRCLE('',#8320,0.00081593014420456);
#6258=CIRCLE('',#8321,0.00113804992199736);
#6259=CIRCLE('',#8322,0.000884747076560471);
#6260=CIRCLE('',#8323,0.000478372991437925);
#6261=CIRCLE('',#8324,0.00033282649401907);
#6262=CIRCLE('',#8330,0.0019);
#6263=CIRCLE('',#8332,0.0019);
#6264=CIRCLE('',#8334,0.0019);
#6265=CIRCLE('',#8336,0.0019);
#6266=CIRCLE('',#8347,0.000730875161438437);
#6267=CIRCLE('',#8349,0.000608937530135682);
#6268=CIRCLE('',#8351,0.000549193465608469);
#6269=CIRCLE('',#8353,0.000598745120650941);
#6270=CIRCLE('',#8355,0.000996530628103008);
#6271=CIRCLE('',#8357,0.00118209943319216);
#6272=CIRCLE('',#8359,0.00093560706537065);
#6273=CIRCLE('',#8361,0.000644396851169714);
#6274=CIRCLE('',#8363,0.000441820412904565);
#6275=CIRCLE('',#8366,0.000791083435517105);
#6276=CIRCLE('',#8368,0.00100302865894769);
#6277=CIRCLE('',#8370,0.00111493596964056);
#6278=CIRCLE('',#8372,0.00118351973400745);
#6279=CIRCLE('',#8374,0.00116340152937872);
#6280=CIRCLE('',#8376,0.00113799589029628);
#6281=CIRCLE('',#8378,0.000922347557989859);
#6282=CIRCLE('',#8380,0.000901741992125166);
#6283=CIRCLE('',#8382,0.000828580407784545);
#6284=CIRCLE('',#8385,0.000511620769747833);
#6285=CIRCLE('',#8387,0.000972410754081356);
#6286=CIRCLE('',#8389,0.000727331755253974);
#6287=CIRCLE('',#8392,0.239601495418225);
#6288=CIRCLE('',#8397,0.00109550579759893);
#6289=CIRCLE('',#8399,0.000299364280266824);
#6290=CIRCLE('',#8401,0.000174419563921432);
#6291=CIRCLE('',#8403,0.000899977167262303);
#6292=CIRCLE('',#8405,0.000380211924214603);
#6293=CIRCLE('',#8407,0.000380211924345173);
#6294=CIRCLE('',#8409,0.000702649849848495);
#6295=CIRCLE('',#8411,0.00140881328198931);
#6296=CIRCLE('',#8413,0.00518094175959961);
#6297=CIRCLE('',#8416,0.00110808136107119);
#6298=CIRCLE('',#8418,0.000984682678414725);
#6299=CIRCLE('',#8420,0.000400529225706496);
#6300=CIRCLE('',#8422,0.00179423754482694);
#6301=CIRCLE('',#8424,0.000363666233123182);
#6302=CIRCLE('',#8426,0.000579987155039125);
#6303=CIRCLE('',#8428,0.00147112808817262);
#6304=CIRCLE('',#8430,0.00497664860845178);
#6305=CIRCLE('',#8432,0.0173083325239946);
#6306=CIRCLE('',#8434,0.178945839849017);
#6307=CIRCLE('',#8443,0.23960149541639);
#6308=CIRCLE('',#8448,0.0010955057975993);
#6309=CIRCLE('',#8450,0.000299364280266854);
#6310=CIRCLE('',#8452,0.000174419563921396);
#6311=CIRCLE('',#8454,0.000899977167262311);
#6312=CIRCLE('',#8456,0.000380211924345196);
#6313=CIRCLE('',#8458,0.000380211924345214);
#6314=CIRCLE('',#8460,0.000702649849848294);
#6315=CIRCLE('',#8462,0.00140881328199303);
#6316=CIRCLE('',#8464,0.00518094175958595);
#6317=CIRCLE('',#8467,0.00110808136107169);
#6318=CIRCLE('',#8469,0.000984682678413452);
#6319=CIRCLE('',#8471,0.000400529225708433);
#6320=CIRCLE('',#8473,0.00179423754482752);
#6321=CIRCLE('',#8475,0.000363666233123246);
#6322=CIRCLE('',#8477,0.00057998715502731);
#6323=CIRCLE('',#8479,0.00147112808819422);
#6324=CIRCLE('',#8481,0.00497664860845567);
#6325=CIRCLE('',#8483,0.0173083325803359);
#6326=CIRCLE('',#8485,0.178945839856042);
#6327=CIRCLE('',#8488,0.000924134223146022);
#6328=CIRCLE('',#8491,0.000427419774715539);
#6329=CIRCLE('',#8493,0.000593638436915917);
#6330=CIRCLE('',#8495,0.00056617751992666);
#6331=CIRCLE('',#8497,0.000560930792381207);
#6332=CIRCLE('',#8502,0.00143552721618508);
#6333=CIRCLE('',#8504,0.00119485510804182);
#6334=CIRCLE('',#8506,0.0010320909971726);
#6335=CIRCLE('',#8508,0.000952921763182384);
#6336=CIRCLE('',#8511,0.00081656882217898);
#6337=CIRCLE('',#8514,0.000899480045284991);
#6338=CIRCLE('',#8516,0.00108190332314714);
#6339=CIRCLE('',#8518,0.0010435014900941);
#6340=CIRCLE('',#8528,0.00162799006712103);
#6341=CIRCLE('',#8531,0.0038090817795458);
#6342=CIRCLE('',#8533,0.00208291397593834);
#6343=CIRCLE('',#8535,0.000543790146099921);
#6344=CIRCLE('',#8537,0.000531523548813849);
#6345=CIRCLE('',#8539,0.000631507083287476);
#6346=CIRCLE('',#8541,0.00106671835378121);
#6347=CIRCLE('',#8543,0.00134214913771188);
#6348=CIRCLE('',#8545,0.00143894720337514);
#6349=CIRCLE('',#8547,0.00100109935351768);
#6350=CIRCLE('',#8549,0.00047109381703605);
#6351=CIRCLE('',#8552,0.00173701850524096);
#6352=CIRCLE('',#8554,0.00063538593842696);
#6353=CIRCLE('',#8556,0.000923505121800934);
#6354=CIRCLE('',#8558,0.000578333101871487);
#6355=CIRCLE('',#8560,0.000828557450141195);
#6356=CIRCLE('',#8562,0.000194737403849687);
#6357=CIRCLE('',#8564,0.00184329045533929);
#6358=CIRCLE('',#8567,0.000565891603010483);
#6359=CIRCLE('',#8569,0.000410742461047448);
#6360=CIRCLE('',#8572,0.000787802584736717);
#6361=CIRCLE('',#8574,0.000394265393998163);
#6362=CIRCLE('',#8576,0.000461487118669347);
#6363=CIRCLE('',#8578,0.000420138425925252);
#6364=CIRCLE('',#8580,0.000273100652258311);
#6365=CIRCLE('',#8583,0.000120846048050169);
#6366=CIRCLE('',#8585,0.000416471274013512);
#6367=CIRCLE('',#8587,0.000948659205736488);
#6368=CIRCLE('',#8607,0.000248245209193774);
#6369=CIRCLE('',#8609,0.000652847887860543);
#6370=CIRCLE('',#8611,0.000290773385373612);
#6371=CIRCLE('',#8613,0.000403026589788383);
#6372=CIRCLE('',#8615,0.000728949140737404);
#6373=CIRCLE('',#8618,0.000412417147394717);
#6374=CIRCLE('',#8620,0.0004239229746124);
#6375=CIRCLE('',#8622,0.000182085326565228);
#6376=CIRCLE('',#8624,0.000181532998334006);
#6377=CIRCLE('',#8626,0.000343254589559303);
#6378=CIRCLE('',#8628,0.0013264738620445);
#6379=CIRCLE('',#8633,0.00254525833514041);
#6380=CIRCLE('',#8635,0.000693830797590251);
#6381=CIRCLE('',#8637,0.00044309003725387);
#6382=CIRCLE('',#8640,0.00131928105526682);
#6383=CIRCLE('',#8646,0.000611059457832982);
#6384=CIRCLE('',#8648,0.000410988575747396);
#6385=CIRCLE('',#8650,0.00025805999299221);
#6386=CIRCLE('',#8652,0.000720015065759038);
#6387=CIRCLE('',#8654,0.000506955709753343);
#6388=CIRCLE('',#8656,0.000259058435368381);
#6389=CIRCLE('',#8658,0.000374329904441883);
#6390=CIRCLE('',#8660,0.000368425551699254);
#6391=CIRCLE('',#8662,0.000749006572960981);
#6392=CIRCLE('',#8665,0.000431342586824227);
#6393=CIRCLE('',#8667,0.00050180929778808);
#6394=CIRCLE('',#8669,0.000181741496581917);
#6395=CIRCLE('',#8671,0.000171054393724364);
#6396=CIRCLE('',#8673,0.000354933923162059);
#6397=CIRCLE('',#8688,0.000431586433606753);
#6398=CIRCLE('',#8691,0.000475408041924946);
#6399=CIRCLE('',#8693,0.000571967870105138);
#6400=CIRCLE('',#8695,0.000551528633394333);
#6401=CIRCLE('',#8698,0.000967981682607269);
#6402=CIRCLE('',#8701,0.000199565284566592);
#6403=CIRCLE('',#8703,0.00017591095283578);
#6404=CIRCLE('',#8705,0.000252837590292186);
#6405=CIRCLE('',#8707,0.000467621130081602);
#6406=CIRCLE('',#8712,0.000601500931407522);
#6407=CIRCLE('',#8714,0.00043124886898021);
#6408=CIRCLE('',#8716,0.000343403371936309);
#6409=CIRCLE('',#8718,0.000308995161106654);
#6410=CIRCLE('',#8720,0.000430110740693796);
#6411=CIRCLE('',#8722,0.000264749837994389);
#6412=CIRCLE('',#8724,0.000296997738915025);
#6413=CIRCLE('',#8726,0.000472808053047453);
#6414=CIRCLE('',#8730,0.000155971067696072);
#6415=CIRCLE('',#8742,0.00025716534931252);
#6416=CIRCLE('',#8744,0.000400360453560574);
#6417=CIRCLE('',#8746,0.00033851060933906);
#6418=CIRCLE('',#8748,0.000270977418535936);
#6419=CIRCLE('',#8750,0.000177551538714943);
#6420=CIRCLE('',#8753,0.000392091813982105);
#6421=CIRCLE('',#8755,0.000646510879567256);
#6422=CIRCLE('',#8757,0.000648981283185003);
#6423=CIRCLE('',#8759,0.000377856247370299);
#6424=CIRCLE('',#8761,0.000430424660649874);
#6425=CIRCLE('',#8763,0.000569430440782456);
#6426=CIRCLE('',#8766,0.000380276494981369);
#6427=CIRCLE('',#8768,0.000495002885161423);
#6428=CIRCLE('',#8770,0.000599003939187095);
#6429=CIRCLE('',#8773,0.000301890083818212);
#6430=CIRCLE('',#8775,0.000189637035045665);
#6431=CIRCLE('',#8777,0.000198886362670833);
#6432=CIRCLE('',#8779,0.000281873017764199);
#6433=CIRCLE('',#8781,0.000405435160486138);
#6434=CIRCLE('',#8783,0.000578019263747654);
#6435=CIRCLE('',#8785,0.000585750971033603);
#6436=CIRCLE('',#8787,0.000407114318704228);
#6437=CIRCLE('',#8789,0.000271059789913925);
#6438=CIRCLE('',#8791,0.000198347321442917);
#6439=CIRCLE('',#8793,0.000200501877105319);
#6440=CIRCLE('',#8795,0.000250876519484701);
#6441=CIRCLE('',#8798,0.000405423568095019);
#6442=CIRCLE('',#8800,0.000483674434864245);
#6443=CIRCLE('',#8802,0.000505491173274364);
#6444=CIRCLE('',#8804,0.000383215304407634);
#6445=CIRCLE('',#8806,0.000511479516069743);
#6446=CIRCLE('',#8808,0.000701738999505314);
#6447=CIRCLE('',#8810,0.000920265318822403);
#6448=CIRCLE('',#8812,0.000570317540512553);
#6449=CIRCLE('',#8814,0.000426908912507759);
#6450=CIRCLE('',#8819,0.0020132387814679);
#6451=CIRCLE('',#8821,0.00110089607875591);
#6452=CIRCLE('',#8823,0.00028741294476397);
#6453=CIRCLE('',#8825,0.000280929600271815);
#6454=CIRCLE('',#8827,0.000333774548414986);
#6455=CIRCLE('',#8829,0.000563799593452914);
#6456=CIRCLE('',#8831,0.000709374818113112);
#6457=CIRCLE('',#8833,0.000760536129690959);
#6458=CIRCLE('',#8835,0.000529117556205207);
#6459=CIRCLE('',#8837,0.000248990280852842);
#6460=CIRCLE('',#8841,0.000335824664962558);
#6461=CIRCLE('',#8843,0.000488106171953195);
#6462=CIRCLE('',#8845,0.000305670157974796);
#6463=CIRCLE('',#8847,0.000437922861165366);
#6464=CIRCLE('',#8849,0.000102925827357933);
#6465=CIRCLE('',#8851,0.000175630822424455);
#6466=CIRCLE('',#8853,0.000974246300016763);
#6467=CIRCLE('',#8856,0.00029948354636458);
#6468=CIRCLE('',#8858,0.000217092385943861);
#6469=CIRCLE('',#8861,0.000416382426925724);
#6470=CIRCLE('',#8863,0.000199295059382715);
#6471=CIRCLE('',#8865,0.000208642412459911);
#6472=CIRCLE('',#8867,0.000243912790068493);
#6473=CIRCLE('',#8869,0.000222058496408424);
#6474=CIRCLE('',#8871,0.000144343665006132);
#6475=CIRCLE('',#8874,6.38715481558555E-5);
#6476=CIRCLE('',#8876,0.000220120272742714);
#6477=CIRCLE('',#8878,0.000501221827255232);
#6478=CIRCLE('',#8881,0.000647370674894863);
#6479=CIRCLE('',#8883,0.000441726759869978);
#6480=CIRCLE('',#8885,0.000528901847474231);
#6481=CIRCLE('',#8887,0.000652892523122671);
#6482=CIRCLE('',#8889,0.00057732082012518);
#6483=CIRCLE('',#8891,0.000740812217060913);
#6484=CIRCLE('',#8893,0.000648131005916719);
#6485=CIRCLE('',#8895,0.000866555167580561);
#6486=CIRCLE('',#8897,0.0014110981802571);
#6487=CIRCLE('',#8902,0.000865278742600596);
#6488=CIRCLE('',#8904,0.00040598547467462);
#6489=CIRCLE('',#8906,0.000305946130864551);
#6490=CIRCLE('',#8908,0.000565735007519183);
#6491=CIRCLE('',#8910,0.000283911069745863);
#6492=CIRCLE('',#8912,0.000393631059245768);
#6493=CIRCLE('',#8914,0.00405573698216871);
#6494=CIRCLE('',#8919,0.000514091436688482);
#6495=CIRCLE('',#8925,0.000871324090693909);
#6496=CIRCLE('',#8927,0.00106193605139555);
#6497=CIRCLE('',#8929,0.00068706813470203);
#6498=CIRCLE('',#8931,0.000725687712116606);
#6499=CIRCLE('',#8933,0.00084104704703957);
#6500=CIRCLE('',#8935,0.000626764281681535);
#6501=CIRCLE('',#8937,0.000701743568885667);
#6502=CIRCLE('',#8939,0.000650621446871656);
#6503=CIRCLE('',#8947,0.000501963895528509);
#6504=CIRCLE('',#8952,0.00191794782584873);
#6505=CIRCLE('',#8954,0.000870787120771132);
#6506=CIRCLE('',#8956,0.000624487864613457);
#6507=CIRCLE('',#8958,0.000338512310064942);
#6508=CIRCLE('',#8960,0.000961040982561643);
#6509=CIRCLE('',#8962,0.00177546043903459);
#6510=CIRCLE('',#8964,0.00352878495314866);
#6511=CIRCLE('',#8966,0.0018412699764104);
#6512=CIRCLE('',#8968,0.00112786421755228);
#6513=CIRCLE('',#8971,0.0011749941415958);
#6514=CIRCLE('',#8973,0.00036862620974887);
#6515=CIRCLE('',#8975,0.000237993495394658);
#6516=CIRCLE('',#8978,0.000377580889197012);
#6517=CIRCLE('',#8980,0.00033282649401907);
#6518=CIRCLE('',#8982,0.000478372991437925);
#6519=CIRCLE('',#8984,0.000884747076560471);
#6520=CIRCLE('',#8989,0.00113804992199736);
#6521=CIRCLE('',#8991,0.00081593014420456);
#6522=CIRCLE('',#8993,0.000649724980026913);
#6523=CIRCLE('',#8995,0.000584624063921666);
#6524=CIRCLE('',#8997,0.000813776786208487);
#6525=CIRCLE('',#8999,0.000500911165296706);
#6526=CIRCLE('',#9001,0.000561924738530577);
#6527=CIRCLE('',#9003,0.000894560822425875);
#6528=CIRCLE('',#9005,0.000246841435194194);
#6529=CIRCLE('',#9008,0.000295099894778498);
#6530=EDGE_LOOP('',(#1595));
#6531=EDGE_LOOP('',(#1596));
#6532=EDGE_LOOP('',(#1597));
#6533=EDGE_LOOP('',(#1598));
#6534=EDGE_LOOP('',(#1599,#1600,#1601,#1602));
#6535=EDGE_LOOP('',(#1603,#1604,#1605,#1606,#1607,#1608,#1609));
#6536=EDGE_LOOP('',(#1610,#1611,#1612,#1613,#1614,#1615,#1616,#1617,#1618,
#1619,#1620,#1621,#1622,#1623,#1624,#1625,#1626,#1627,#1628,#1629,#1630,
#1631,#1632,#1633));
#6537=EDGE_LOOP('',(#1634,#1635,#1636,#1637,#1638,#1639,#1640,#1641,#1642,
#1643,#1644,#1645,#1646,#1647,#1648,#1649,#1650,#1651,#1652,#1653,#1654,
#1655,#1656,#1657));
#6538=EDGE_LOOP('',(#1658,#1659,#1660,#1661,#1662));
#6539=EDGE_LOOP('',(#1663,#1664,#1665,#1666,#1667,#1668,#1669,#1670,#1671,
#1672,#1673,#1674,#1675,#1676,#1677,#1678,#1679,#1680,#1681,#1682,#1683,
#1684,#1685,#1686));
#6540=EDGE_LOOP('',(#1687,#1688,#1689,#1690,#1691,#1692,#1693,#1694,#1695,
#1696,#1697,#1698,#1699));
#6541=EDGE_LOOP('',(#1700,#1701,#1702,#1703,#1704,#1705,#1706));
#6542=EDGE_LOOP('',(#1707,#1708,#1709,#1710,#1711));
#6543=EDGE_LOOP('',(#1712,#1713,#1714,#1715,#1716,#1717,#1718,#1719,#1720,
#1721,#1722,#1723,#1724,#1725,#1726,#1727,#1728,#1729,#1730,#1731,#1732,
#1733,#1734,#1735,#1736,#1737,#1738,#1739,#1740,#1741,#1742,#1743,#1744,
#1745,#1746));
#6544=EDGE_LOOP('',(#1747,#1748,#1749,#1750,#1751));
#6545=EDGE_LOOP('',(#1752,#1753,#1754,#1755));
#6546=EDGE_LOOP('',(#1756,#1757,#1758,#1759,#1760));
#6547=EDGE_LOOP('',(#1761,#1762,#1763,#1764,#1765,#1766,#1767,#1768,#1769,
#1770,#1771,#1772,#1773,#1774,#1775,#1776,#1777,#1778));
#6548=EDGE_LOOP('',(#1779,#1780,#1781,#1782,#1783,#1784,#1785,#1786,#1787,
#1788,#1789,#1790,#1791,#1792,#1793,#1794,#1795,#1796,#1797,#1798));
#6549=EDGE_LOOP('',(#1799,#1800,#1801,#1802,#1803));
#6550=EDGE_LOOP('',(#1804,#1805,#1806,#1807,#1808));
#6551=EDGE_LOOP('',(#1809,#1810,#1811,#1812,#1813,#1814,#1815));
#6552=EDGE_LOOP('',(#1816,#1817,#1818,#1819,#1820,#1821,#1822,#1823,#1824,
#1825,#1826,#1827,#1828,#1829,#1830,#1831,#1832,#1833,#1834));
#6553=EDGE_LOOP('',(#1835,#1836,#1837,#1838));
#6554=EDGE_LOOP('',(#1839,#1840,#1841,#1842,#1843,#1844,#1845,#1846,#1847,
#1848,#1849,#1850,#1851,#1852,#1853,#1854,#1855));
#6555=EDGE_LOOP('',(#1856,#1857,#1858,#1859,#1860,#1861,#1862,#1863,#1864,
#1865,#1866,#1867,#1868,#1869,#1870,#1871,#1872,#1873,#1874,#1875,#1876,
#1877,#1878,#1879,#1880,#1881));
#6556=EDGE_LOOP('',(#1882,#1883,#1884,#1885,#1886,#1887,#1888,#1889,#1890,
#1891,#1892,#1893,#1894,#1895,#1896,#1897,#1898,#1899,#1900,#1901,#1902,
#1903,#1904,#1905,#1906,#1907,#1908,#1909,#1910,#1911,#1912,#1913,#1914,
#1915,#1916));
#6557=EDGE_LOOP('',(#1917,#1918,#1919,#1920,#1921,#1922,#1923,#1924,#1925,
#1926,#1927,#1928,#1929,#1930,#1931,#1932,#1933,#1934,#1935,#1936,#1937,
#1938,#1939,#1940,#1941,#1942,#1943,#1944,#1945,#1946,#1947,#1948,#1949,
#1950,#1951,#1952,#1953,#1954,#1955));
#6558=EDGE_LOOP('',(#1956,#1957,#1958,#1959));
#6559=EDGE_LOOP('',(#1960,#1961,#1962,#1963,#1964,#1965,#1966,#1967,#1968,
#1969,#1970,#1971,#1972,#1973,#1974,#1975,#1976));
#6560=EDGE_LOOP('',(#1977,#1978,#1979,#1980,#1981,#1982,#1983,#1984,#1985,
#1986,#1987,#1988,#1989,#1990,#1991,#1992,#1993,#1994,#1995));
#6561=EDGE_LOOP('',(#1996,#1997,#1998,#1999));
#6562=EDGE_LOOP('',(#2000,#2001,#2002,#2003));
#6563=EDGE_LOOP('',(#2004,#2005,#2006,#2007));
#6564=EDGE_LOOP('',(#2008,#2009,#2010,#2011));
#6565=EDGE_LOOP('',(#2012));
#6566=EDGE_LOOP('',(#2013));
#6567=EDGE_LOOP('',(#2014));
#6568=EDGE_LOOP('',(#2015));
#6569=EDGE_LOOP('',(#2016));
#6570=EDGE_LOOP('',(#2017));
#6571=EDGE_LOOP('',(#2018));
#6572=EDGE_LOOP('',(#2019));
#6573=EDGE_LOOP('',(#2020));
#6574=EDGE_LOOP('',(#2021));
#6575=EDGE_LOOP('',(#2022));
#6576=EDGE_LOOP('',(#2023));
#6577=EDGE_LOOP('',(#2024,#2025,#2026,#2027));
#6578=EDGE_LOOP('',(#2028,#2029,#2030,#2031));
#6579=EDGE_LOOP('',(#2032,#2033,#2034,#2035));
#6580=EDGE_LOOP('',(#2036,#2037,#2038,#2039));
#6581=EDGE_LOOP('',(#2040,#2041,#2042,#2043));
#6582=EDGE_LOOP('',(#2044,#2045,#2046,#2047));
#6583=EDGE_LOOP('',(#2048,#2049,#2050,#2051));
#6584=EDGE_LOOP('',(#2052,#2053,#2054,#2055));
#6585=EDGE_LOOP('',(#2056,#2057,#2058,#2059,#2060,#2061,#2062));
#6586=EDGE_LOOP('',(#2063,#2064,#2065,#2066));
#6587=EDGE_LOOP('',(#2067,#2068,#2069,#2070));
#6588=EDGE_LOOP('',(#2071,#2072,#2073,#2074));
#6589=EDGE_LOOP('',(#2075,#2076,#2077,#2078));
#6590=EDGE_LOOP('',(#2079,#2080,#2081,#2082));
#6591=EDGE_LOOP('',(#2083,#2084,#2085,#2086));
#6592=EDGE_LOOP('',(#2087,#2088,#2089,#2090));
#6593=EDGE_LOOP('',(#2091,#2092,#2093,#2094));
#6594=EDGE_LOOP('',(#2095,#2096,#2097,#2098));
#6595=EDGE_LOOP('',(#2099,#2100,#2101,#2102));
#6596=EDGE_LOOP('',(#2103,#2104,#2105,#2106));
#6597=EDGE_LOOP('',(#2107,#2108,#2109,#2110));
#6598=EDGE_LOOP('',(#2111,#2112,#2113,#2114));
#6599=EDGE_LOOP('',(#2115,#2116,#2117,#2118));
#6600=EDGE_LOOP('',(#2119,#2120,#2121,#2122));
#6601=EDGE_LOOP('',(#2123,#2124,#2125,#2126));
#6602=EDGE_LOOP('',(#2127,#2128,#2129,#2130));
#6603=EDGE_LOOP('',(#2131,#2132,#2133,#2134));
#6604=EDGE_LOOP('',(#2135,#2136,#2137,#2138));
#6605=EDGE_LOOP('',(#2139,#2140,#2141,#2142));
#6606=EDGE_LOOP('',(#2143,#2144,#2145,#2146));
#6607=EDGE_LOOP('',(#2147,#2148,#2149,#2150));
#6608=EDGE_LOOP('',(#2151,#2152,#2153,#2154));
#6609=EDGE_LOOP('',(#2155,#2156,#2157,#2158));
#6610=EDGE_LOOP('',(#2159,#2160,#2161,#2162,#2163,#2164,#2165,#2166,#2167,
#2168,#2169,#2170,#2171,#2172,#2173,#2174,#2175,#2176,#2177,#2178,#2179,
#2180,#2181,#2182));
#6611=EDGE_LOOP('',(#2183,#2184,#2185,#2186));
#6612=EDGE_LOOP('',(#2187,#2188,#2189,#2190));
#6613=EDGE_LOOP('',(#2191,#2192,#2193,#2194));
#6614=EDGE_LOOP('',(#2195,#2196,#2197,#2198));
#6615=EDGE_LOOP('',(#2199,#2200,#2201,#2202));
#6616=EDGE_LOOP('',(#2203,#2204,#2205,#2206));
#6617=EDGE_LOOP('',(#2207,#2208,#2209,#2210));
#6618=EDGE_LOOP('',(#2211,#2212,#2213,#2214));
#6619=EDGE_LOOP('',(#2215,#2216,#2217,#2218));
#6620=EDGE_LOOP('',(#2219,#2220,#2221,#2222));
#6621=EDGE_LOOP('',(#2223,#2224,#2225,#2226));
#6622=EDGE_LOOP('',(#2227,#2228,#2229,#2230));
#6623=EDGE_LOOP('',(#2231,#2232,#2233,#2234));
#6624=EDGE_LOOP('',(#2235,#2236,#2237,#2238));
#6625=EDGE_LOOP('',(#2239,#2240,#2241,#2242));
#6626=EDGE_LOOP('',(#2243,#2244,#2245,#2246));
#6627=EDGE_LOOP('',(#2247,#2248,#2249,#2250));
#6628=EDGE_LOOP('',(#2251,#2252,#2253,#2254));
#6629=EDGE_LOOP('',(#2255,#2256,#2257,#2258));
#6630=EDGE_LOOP('',(#2259,#2260,#2261,#2262));
#6631=EDGE_LOOP('',(#2263,#2264,#2265,#2266));
#6632=EDGE_LOOP('',(#2267,#2268,#2269,#2270));
#6633=EDGE_LOOP('',(#2271,#2272,#2273,#2274));
#6634=EDGE_LOOP('',(#2275,#2276,#2277,#2278));
#6635=EDGE_LOOP('',(#2279,#2280,#2281,#2282,#2283,#2284,#2285,#2286,#2287,
#2288,#2289,#2290,#2291,#2292,#2293,#2294,#2295,#2296,#2297,#2298,#2299,
#2300,#2301,#2302));
#6636=EDGE_LOOP('',(#2303,#2304,#2305,#2306));
#6637=EDGE_LOOP('',(#2307,#2308,#2309,#2310));
#6638=EDGE_LOOP('',(#2311,#2312,#2313,#2314));
#6639=EDGE_LOOP('',(#2315,#2316,#2317,#2318));
#6640=EDGE_LOOP('',(#2319,#2320,#2321,#2322));
#6641=EDGE_LOOP('',(#2323,#2324,#2325,#2326,#2327));
#6642=EDGE_LOOP('',(#2328,#2329,#2330,#2331));
#6643=EDGE_LOOP('',(#2332,#2333,#2334,#2335));
#6644=EDGE_LOOP('',(#2336,#2337,#2338,#2339));
#6645=EDGE_LOOP('',(#2340,#2341,#2342,#2343));
#6646=EDGE_LOOP('',(#2344,#2345,#2346,#2347));
#6647=EDGE_LOOP('',(#2348,#2349,#2350,#2351));
#6648=EDGE_LOOP('',(#2352,#2353,#2354,#2355));
#6649=EDGE_LOOP('',(#2356,#2357,#2358,#2359));
#6650=EDGE_LOOP('',(#2360,#2361,#2362,#2363));
#6651=EDGE_LOOP('',(#2364,#2365,#2366,#2367));
#6652=EDGE_LOOP('',(#2368,#2369,#2370,#2371));
#6653=EDGE_LOOP('',(#2372,#2373,#2374,#2375));
#6654=EDGE_LOOP('',(#2376,#2377,#2378,#2379));
#6655=EDGE_LOOP('',(#2380,#2381,#2382,#2383));
#6656=EDGE_LOOP('',(#2384,#2385,#2386,#2387));
#6657=EDGE_LOOP('',(#2388,#2389,#2390,#2391));
#6658=EDGE_LOOP('',(#2392,#2393,#2394,#2395));
#6659=EDGE_LOOP('',(#2396,#2397,#2398,#2399));
#6660=EDGE_LOOP('',(#2400,#2401,#2402,#2403));
#6661=EDGE_LOOP('',(#2404,#2405,#2406,#2407));
#6662=EDGE_LOOP('',(#2408,#2409,#2410,#2411));
#6663=EDGE_LOOP('',(#2412,#2413,#2414,#2415));
#6664=EDGE_LOOP('',(#2416,#2417,#2418,#2419));
#6665=EDGE_LOOP('',(#2420,#2421,#2422,#2423));
#6666=EDGE_LOOP('',(#2424,#2425,#2426,#2427,#2428,#2429,#2430,#2431,#2432,
#2433,#2434,#2435,#2436,#2437,#2438,#2439,#2440,#2441,#2442,#2443,#2444,
#2445,#2446,#2447));
#6667=EDGE_LOOP('',(#2448,#2449,#2450,#2451));
#6668=EDGE_LOOP('',(#2452,#2453,#2454,#2455));
#6669=EDGE_LOOP('',(#2456,#2457,#2458,#2459));
#6670=EDGE_LOOP('',(#2460,#2461,#2462,#2463));
#6671=EDGE_LOOP('',(#2464,#2465,#2466,#2467));
#6672=EDGE_LOOP('',(#2468,#2469,#2470,#2471));
#6673=EDGE_LOOP('',(#2472,#2473,#2474,#2475));
#6674=EDGE_LOOP('',(#2476,#2477,#2478,#2479));
#6675=EDGE_LOOP('',(#2480,#2481,#2482,#2483));
#6676=EDGE_LOOP('',(#2484,#2485,#2486,#2487));
#6677=EDGE_LOOP('',(#2488,#2489,#2490,#2491));
#6678=EDGE_LOOP('',(#2492,#2493,#2494,#2495));
#6679=EDGE_LOOP('',(#2496,#2497,#2498,#2499));
#6680=EDGE_LOOP('',(#2500,#2501,#2502,#2503,#2504,#2505,#2506,#2507,#2508,
#2509,#2510,#2511,#2512));
#6681=EDGE_LOOP('',(#2513,#2514,#2515,#2516));
#6682=EDGE_LOOP('',(#2517,#2518,#2519,#2520));
#6683=EDGE_LOOP('',(#2521,#2522,#2523,#2524));
#6684=EDGE_LOOP('',(#2525,#2526,#2527,#2528));
#6685=EDGE_LOOP('',(#2529,#2530,#2531,#2532));
#6686=EDGE_LOOP('',(#2533,#2534,#2535,#2536));
#6687=EDGE_LOOP('',(#2537,#2538,#2539,#2540));
#6688=EDGE_LOOP('',(#2541,#2542,#2543,#2544,#2545,#2546,#2547));
#6689=EDGE_LOOP('',(#2548,#2549,#2550,#2551));
#6690=EDGE_LOOP('',(#2552,#2553,#2554,#2555));
#6691=EDGE_LOOP('',(#2556,#2557,#2558,#2559));
#6692=EDGE_LOOP('',(#2560,#2561,#2562,#2563));
#6693=EDGE_LOOP('',(#2564,#2565,#2566,#2567));
#6694=EDGE_LOOP('',(#2568,#2569,#2570,#2571,#2572));
#6695=EDGE_LOOP('',(#2573,#2574,#2575,#2576));
#6696=EDGE_LOOP('',(#2577,#2578,#2579,#2580));
#6697=EDGE_LOOP('',(#2581,#2582,#2583,#2584));
#6698=EDGE_LOOP('',(#2585,#2586,#2587,#2588));
#6699=EDGE_LOOP('',(#2589,#2590,#2591,#2592));
#6700=EDGE_LOOP('',(#2593,#2594,#2595,#2596));
#6701=EDGE_LOOP('',(#2597,#2598,#2599,#2600));
#6702=EDGE_LOOP('',(#2601,#2602,#2603,#2604));
#6703=EDGE_LOOP('',(#2605,#2606,#2607,#2608));
#6704=EDGE_LOOP('',(#2609,#2610,#2611,#2612));
#6705=EDGE_LOOP('',(#2613,#2614,#2615,#2616));
#6706=EDGE_LOOP('',(#2617,#2618,#2619,#2620));
#6707=EDGE_LOOP('',(#2621,#2622,#2623,#2624));
#6708=EDGE_LOOP('',(#2625,#2626,#2627,#2628));
#6709=EDGE_LOOP('',(#2629,#2630,#2631,#2632));
#6710=EDGE_LOOP('',(#2633,#2634,#2635,#2636));
#6711=EDGE_LOOP('',(#2637,#2638,#2639,#2640));
#6712=EDGE_LOOP('',(#2641,#2642,#2643,#2644));
#6713=EDGE_LOOP('',(#2645,#2646,#2647,#2648));
#6714=EDGE_LOOP('',(#2649,#2650,#2651,#2652));
#6715=EDGE_LOOP('',(#2653,#2654,#2655,#2656));
#6716=EDGE_LOOP('',(#2657,#2658,#2659,#2660));
#6717=EDGE_LOOP('',(#2661,#2662,#2663,#2664));
#6718=EDGE_LOOP('',(#2665,#2666,#2667,#2668));
#6719=EDGE_LOOP('',(#2669,#2670,#2671,#2672));
#6720=EDGE_LOOP('',(#2673,#2674,#2675,#2676));
#6721=EDGE_LOOP('',(#2677,#2678,#2679,#2680));
#6722=EDGE_LOOP('',(#2681,#2682,#2683,#2684));
#6723=EDGE_LOOP('',(#2685,#2686,#2687,#2688));
#6724=EDGE_LOOP('',(#2689,#2690,#2691,#2692));
#6725=EDGE_LOOP('',(#2693,#2694,#2695,#2696));
#6726=EDGE_LOOP('',(#2697,#2698,#2699,#2700));
#6727=EDGE_LOOP('',(#2701,#2702,#2703,#2704));
#6728=EDGE_LOOP('',(#2705,#2706,#2707,#2708));
#6729=EDGE_LOOP('',(#2709,#2710,#2711,#2712));
#6730=EDGE_LOOP('',(#2713,#2714,#2715,#2716,#2717,#2718,#2719,#2720,#2721,
#2722,#2723,#2724,#2725,#2726,#2727,#2728,#2729,#2730,#2731,#2732,#2733,
#2734,#2735,#2736,#2737,#2738,#2739,#2740,#2741,#2742,#2743,#2744,#2745,
#2746,#2747));
#6731=EDGE_LOOP('',(#2748,#2749,#2750,#2751));
#6732=EDGE_LOOP('',(#2752,#2753,#2754,#2755));
#6733=EDGE_LOOP('',(#2756,#2757,#2758,#2759));
#6734=EDGE_LOOP('',(#2760,#2761,#2762,#2763));
#6735=EDGE_LOOP('',(#2764,#2765,#2766,#2767));
#6736=EDGE_LOOP('',(#2768,#2769,#2770,#2771,#2772));
#6737=EDGE_LOOP('',(#2773,#2774,#2775,#2776));
#6738=EDGE_LOOP('',(#2777,#2778,#2779,#2780));
#6739=EDGE_LOOP('',(#2781,#2782,#2783,#2784));
#6740=EDGE_LOOP('',(#2785,#2786,#2787,#2788));
#6741=EDGE_LOOP('',(#2789,#2790,#2791,#2792));
#6742=EDGE_LOOP('',(#2793,#2794,#2795,#2796));
#6743=EDGE_LOOP('',(#2797,#2798,#2799,#2800));
#6744=EDGE_LOOP('',(#2801,#2802,#2803,#2804));
#6745=EDGE_LOOP('',(#2805,#2806,#2807,#2808));
#6746=EDGE_LOOP('',(#2809,#2810,#2811,#2812));
#6747=EDGE_LOOP('',(#2813,#2814,#2815,#2816,#2817));
#6748=EDGE_LOOP('',(#2818,#2819,#2820,#2821));
#6749=EDGE_LOOP('',(#2822,#2823,#2824,#2825));
#6750=EDGE_LOOP('',(#2826,#2827,#2828,#2829));
#6751=EDGE_LOOP('',(#2830,#2831,#2832,#2833));
#6752=EDGE_LOOP('',(#2834,#2835,#2836,#2837));
#6753=EDGE_LOOP('',(#2838,#2839,#2840,#2841));
#6754=EDGE_LOOP('',(#2842,#2843,#2844,#2845));
#6755=EDGE_LOOP('',(#2846,#2847,#2848,#2849));
#6756=EDGE_LOOP('',(#2850,#2851,#2852,#2853));
#6757=EDGE_LOOP('',(#2854,#2855,#2856,#2857));
#6758=EDGE_LOOP('',(#2858,#2859,#2860,#2861));
#6759=EDGE_LOOP('',(#2862,#2863,#2864,#2865));
#6760=EDGE_LOOP('',(#2866,#2867,#2868,#2869));
#6761=EDGE_LOOP('',(#2870,#2871,#2872,#2873));
#6762=EDGE_LOOP('',(#2874,#2875,#2876,#2877));
#6763=EDGE_LOOP('',(#2878,#2879,#2880,#2881));
#6764=EDGE_LOOP('',(#2882,#2883,#2884,#2885));
#6765=EDGE_LOOP('',(#2886,#2887,#2888,#2889));
#6766=EDGE_LOOP('',(#2890,#2891,#2892,#2893,#2894,#2895,#2896,#2897,#2898,
#2899,#2900,#2901,#2902,#2903,#2904,#2905,#2906,#2907));
#6767=EDGE_LOOP('',(#2908,#2909,#2910,#2911));
#6768=EDGE_LOOP('',(#2912,#2913,#2914,#2915));
#6769=EDGE_LOOP('',(#2916,#2917,#2918,#2919));
#6770=EDGE_LOOP('',(#2920,#2921,#2922,#2923));
#6771=EDGE_LOOP('',(#2924,#2925,#2926,#2927));
#6772=EDGE_LOOP('',(#2928,#2929,#2930,#2931));
#6773=EDGE_LOOP('',(#2932,#2933,#2934,#2935));
#6774=EDGE_LOOP('',(#2936,#2937,#2938,#2939));
#6775=EDGE_LOOP('',(#2940,#2941,#2942,#2943));
#6776=EDGE_LOOP('',(#2944,#2945,#2946,#2947));
#6777=EDGE_LOOP('',(#2948,#2949,#2950,#2951));
#6778=EDGE_LOOP('',(#2952,#2953,#2954,#2955));
#6779=EDGE_LOOP('',(#2956,#2957,#2958,#2959));
#6780=EDGE_LOOP('',(#2960,#2961,#2962,#2963));
#6781=EDGE_LOOP('',(#2964,#2965,#2966,#2967));
#6782=EDGE_LOOP('',(#2968,#2969,#2970,#2971));
#6783=EDGE_LOOP('',(#2972,#2973,#2974,#2975));
#6784=EDGE_LOOP('',(#2976,#2977,#2978,#2979));
#6785=EDGE_LOOP('',(#2980,#2981,#2982,#2983));
#6786=EDGE_LOOP('',(#2984,#2985,#2986,#2987));
#6787=EDGE_LOOP('',(#2988,#2989,#2990,#2991,#2992,#2993,#2994,#2995,#2996,
#2997,#2998,#2999,#3000,#3001,#3002,#3003,#3004,#3005,#3006,#3007));
#6788=EDGE_LOOP('',(#3008,#3009,#3010,#3011));
#6789=EDGE_LOOP('',(#3012,#3013,#3014,#3015));
#6790=EDGE_LOOP('',(#3016,#3017,#3018,#3019));
#6791=EDGE_LOOP('',(#3020,#3021,#3022,#3023));
#6792=EDGE_LOOP('',(#3024,#3025,#3026,#3027));
#6793=EDGE_LOOP('',(#3028,#3029,#3030,#3031,#3032));
#6794=EDGE_LOOP('',(#3033,#3034,#3035,#3036));
#6795=EDGE_LOOP('',(#3037,#3038,#3039,#3040));
#6796=EDGE_LOOP('',(#3041,#3042,#3043,#3044));
#6797=EDGE_LOOP('',(#3045,#3046,#3047,#3048));
#6798=EDGE_LOOP('',(#3049,#3050,#3051,#3052));
#6799=EDGE_LOOP('',(#3053,#3054,#3055,#3056,#3057));
#6800=EDGE_LOOP('',(#3058,#3059,#3060,#3061));
#6801=EDGE_LOOP('',(#3062,#3063,#3064,#3065));
#6802=EDGE_LOOP('',(#3066,#3067,#3068,#3069));
#6803=EDGE_LOOP('',(#3070,#3071,#3072,#3073));
#6804=EDGE_LOOP('',(#3074,#3075,#3076,#3077));
#6805=EDGE_LOOP('',(#3078,#3079,#3080,#3081));
#6806=EDGE_LOOP('',(#3082,#3083,#3084,#3085));
#6807=EDGE_LOOP('',(#3086,#3087,#3088,#3089,#3090,#3091,#3092));
#6808=EDGE_LOOP('',(#3093,#3094,#3095,#3096));
#6809=EDGE_LOOP('',(#3097,#3098,#3099,#3100));
#6810=EDGE_LOOP('',(#3101,#3102,#3103,#3104));
#6811=EDGE_LOOP('',(#3105,#3106,#3107,#3108));
#6812=EDGE_LOOP('',(#3109,#3110,#3111,#3112));
#6813=EDGE_LOOP('',(#3113,#3114,#3115,#3116));
#6814=EDGE_LOOP('',(#3117,#3118,#3119,#3120));
#6815=EDGE_LOOP('',(#3121,#3122,#3123,#3124));
#6816=EDGE_LOOP('',(#3125,#3126,#3127,#3128));
#6817=EDGE_LOOP('',(#3129,#3130,#3131,#3132));
#6818=EDGE_LOOP('',(#3133,#3134,#3135,#3136));
#6819=EDGE_LOOP('',(#3137,#3138,#3139,#3140));
#6820=EDGE_LOOP('',(#3141,#3142,#3143,#3144));
#6821=EDGE_LOOP('',(#3145,#3146,#3147,#3148));
#6822=EDGE_LOOP('',(#3149,#3150,#3151,#3152));
#6823=EDGE_LOOP('',(#3153,#3154,#3155,#3156));
#6824=EDGE_LOOP('',(#3157,#3158,#3159,#3160));
#6825=EDGE_LOOP('',(#3161,#3162,#3163,#3164));
#6826=EDGE_LOOP('',(#3165,#3166,#3167,#3168));
#6827=EDGE_LOOP('',(#3169,#3170,#3171,#3172,#3173,#3174,#3175,#3176,#3177,
#3178,#3179,#3180,#3181,#3182,#3183,#3184,#3185,#3186,#3187));
#6828=EDGE_LOOP('',(#3188,#3189,#3190,#3191));
#6829=EDGE_LOOP('',(#3192,#3193,#3194,#3195));
#6830=EDGE_LOOP('',(#3196,#3197,#3198,#3199));
#6831=EDGE_LOOP('',(#3200,#3201,#3202,#3203));
#6832=EDGE_LOOP('',(#3204,#3205,#3206,#3207));
#6833=EDGE_LOOP('',(#3208,#3209,#3210,#3211));
#6834=EDGE_LOOP('',(#3212,#3213,#3214,#3215));
#6835=EDGE_LOOP('',(#3216,#3217,#3218,#3219));
#6836=EDGE_LOOP('',(#3220,#3221,#3222,#3223));
#6837=EDGE_LOOP('',(#3224,#3225,#3226,#3227));
#6838=EDGE_LOOP('',(#3228,#3229,#3230,#3231));
#6839=EDGE_LOOP('',(#3232,#3233,#3234,#3235));
#6840=EDGE_LOOP('',(#3236,#3237,#3238,#3239));
#6841=EDGE_LOOP('',(#3240,#3241,#3242,#3243));
#6842=EDGE_LOOP('',(#3244,#3245,#3246,#3247));
#6843=EDGE_LOOP('',(#3248,#3249,#3250,#3251));
#6844=EDGE_LOOP('',(#3252,#3253,#3254,#3255));
#6845=EDGE_LOOP('',(#3256,#3257,#3258,#3259));
#6846=EDGE_LOOP('',(#3260,#3261,#3262,#3263));
#6847=EDGE_LOOP('',(#3264,#3265,#3266,#3267));
#6848=EDGE_LOOP('',(#3268,#3269,#3270,#3271));
#6849=EDGE_LOOP('',(#3272,#3273,#3274,#3275));
#6850=EDGE_LOOP('',(#3276,#3277,#3278,#3279,#3280,#3281,#3282,#3283,#3284,
#3285,#3286,#3287,#3288,#3289,#3290,#3291,#3292));
#6851=EDGE_LOOP('',(#3293,#3294,#3295,#3296));
#6852=EDGE_LOOP('',(#3297,#3298,#3299,#3300));
#6853=EDGE_LOOP('',(#3301,#3302,#3303,#3304));
#6854=EDGE_LOOP('',(#3305,#3306,#3307,#3308));
#6855=EDGE_LOOP('',(#3309,#3310,#3311,#3312));
#6856=EDGE_LOOP('',(#3313,#3314,#3315,#3316));
#6857=EDGE_LOOP('',(#3317,#3318,#3319,#3320));
#6858=EDGE_LOOP('',(#3321,#3322,#3323,#3324));
#6859=EDGE_LOOP('',(#3325,#3326,#3327,#3328));
#6860=EDGE_LOOP('',(#3329,#3330,#3331,#3332));
#6861=EDGE_LOOP('',(#3333,#3334,#3335,#3336));
#6862=EDGE_LOOP('',(#3337,#3338,#3339,#3340));
#6863=EDGE_LOOP('',(#3341,#3342,#3343,#3344));
#6864=EDGE_LOOP('',(#3345,#3346,#3347,#3348));
#6865=EDGE_LOOP('',(#3349,#3350,#3351,#3352));
#6866=EDGE_LOOP('',(#3353,#3354,#3355,#3356));
#6867=EDGE_LOOP('',(#3357,#3358,#3359,#3360));
#6868=EDGE_LOOP('',(#3361,#3362,#3363,#3364));
#6869=EDGE_LOOP('',(#3365,#3366,#3367,#3368));
#6870=EDGE_LOOP('',(#3369,#3370,#3371,#3372));
#6871=EDGE_LOOP('',(#3373,#3374,#3375,#3376));
#6872=EDGE_LOOP('',(#3377,#3378,#3379,#3380));
#6873=EDGE_LOOP('',(#3381,#3382,#3383,#3384));
#6874=EDGE_LOOP('',(#3385,#3386,#3387,#3388));
#6875=EDGE_LOOP('',(#3389,#3390,#3391,#3392));
#6876=EDGE_LOOP('',(#3393,#3394,#3395,#3396));
#6877=EDGE_LOOP('',(#3397,#3398,#3399,#3400,#3401,#3402,#3403,#3404,#3405,
#3406,#3407,#3408,#3409,#3410,#3411,#3412,#3413,#3414,#3415,#3416,#3417,
#3418,#3419,#3420,#3421,#3422));
#6878=EDGE_LOOP('',(#3423,#3424,#3425,#3426));
#6879=EDGE_LOOP('',(#3427,#3428,#3429,#3430));
#6880=EDGE_LOOP('',(#3431,#3432,#3433,#3434));
#6881=EDGE_LOOP('',(#3435,#3436,#3437,#3438));
#6882=EDGE_LOOP('',(#3439,#3440,#3441,#3442));
#6883=EDGE_LOOP('',(#3443,#3444,#3445,#3446));
#6884=EDGE_LOOP('',(#3447,#3448,#3449,#3450));
#6885=EDGE_LOOP('',(#3451,#3452,#3453,#3454));
#6886=EDGE_LOOP('',(#3455,#3456,#3457,#3458));
#6887=EDGE_LOOP('',(#3459,#3460,#3461,#3462));
#6888=EDGE_LOOP('',(#3463,#3464,#3465,#3466));
#6889=EDGE_LOOP('',(#3467,#3468,#3469,#3470));
#6890=EDGE_LOOP('',(#3471,#3472,#3473,#3474));
#6891=EDGE_LOOP('',(#3475,#3476,#3477,#3478));
#6892=EDGE_LOOP('',(#3479,#3480,#3481,#3482));
#6893=EDGE_LOOP('',(#3483,#3484,#3485,#3486));
#6894=EDGE_LOOP('',(#3487,#3488,#3489,#3490));
#6895=EDGE_LOOP('',(#3491,#3492,#3493,#3494));
#6896=EDGE_LOOP('',(#3495,#3496,#3497,#3498));
#6897=EDGE_LOOP('',(#3499,#3500,#3501,#3502));
#6898=EDGE_LOOP('',(#3503,#3504,#3505,#3506));
#6899=EDGE_LOOP('',(#3507,#3508,#3509,#3510));
#6900=EDGE_LOOP('',(#3511,#3512,#3513,#3514));
#6901=EDGE_LOOP('',(#3515,#3516,#3517,#3518));
#6902=EDGE_LOOP('',(#3519,#3520,#3521,#3522));
#6903=EDGE_LOOP('',(#3523,#3524,#3525,#3526));
#6904=EDGE_LOOP('',(#3527,#3528,#3529,#3530));
#6905=EDGE_LOOP('',(#3531,#3532,#3533,#3534));
#6906=EDGE_LOOP('',(#3535,#3536,#3537,#3538));
#6907=EDGE_LOOP('',(#3539,#3540,#3541,#3542));
#6908=EDGE_LOOP('',(#3543,#3544,#3545,#3546));
#6909=EDGE_LOOP('',(#3547,#3548,#3549,#3550));
#6910=EDGE_LOOP('',(#3551,#3552,#3553,#3554));
#6911=EDGE_LOOP('',(#3555,#3556,#3557,#3558));
#6912=EDGE_LOOP('',(#3559,#3560,#3561,#3562));
#6913=EDGE_LOOP('',(#3563,#3564,#3565,#3566,#3567,#3568,#3569,#3570,#3571,
#3572,#3573,#3574,#3575,#3576,#3577,#3578,#3579,#3580,#3581,#3582,#3583,
#3584,#3585,#3586,#3587,#3588,#3589,#3590,#3591,#3592,#3593,#3594,#3595,
#3596,#3597));
#6914=EDGE_LOOP('',(#3598,#3599,#3600,#3601));
#6915=EDGE_LOOP('',(#3602,#3603,#3604,#3605));
#6916=EDGE_LOOP('',(#3606,#3607,#3608,#3609));
#6917=EDGE_LOOP('',(#3610,#3611,#3612,#3613));
#6918=EDGE_LOOP('',(#3614,#3615,#3616,#3617));
#6919=EDGE_LOOP('',(#3618,#3619,#3620,#3621));
#6920=EDGE_LOOP('',(#3622,#3623,#3624,#3625));
#6921=EDGE_LOOP('',(#3626,#3627,#3628,#3629));
#6922=EDGE_LOOP('',(#3630,#3631,#3632,#3633));
#6923=EDGE_LOOP('',(#3634,#3635,#3636,#3637));
#6924=EDGE_LOOP('',(#3638,#3639,#3640,#3641));
#6925=EDGE_LOOP('',(#3642,#3643,#3644,#3645));
#6926=EDGE_LOOP('',(#3646,#3647,#3648,#3649));
#6927=EDGE_LOOP('',(#3650,#3651,#3652,#3653));
#6928=EDGE_LOOP('',(#3654,#3655,#3656,#3657));
#6929=EDGE_LOOP('',(#3658,#3659,#3660,#3661));
#6930=EDGE_LOOP('',(#3662,#3663,#3664,#3665));
#6931=EDGE_LOOP('',(#3666,#3667,#3668,#3669));
#6932=EDGE_LOOP('',(#3670,#3671,#3672,#3673));
#6933=EDGE_LOOP('',(#3674,#3675,#3676,#3677));
#6934=EDGE_LOOP('',(#3678,#3679,#3680,#3681));
#6935=EDGE_LOOP('',(#3682,#3683,#3684,#3685));
#6936=EDGE_LOOP('',(#3686,#3687,#3688,#3689));
#6937=EDGE_LOOP('',(#3690,#3691,#3692,#3693));
#6938=EDGE_LOOP('',(#3694,#3695,#3696,#3697));
#6939=EDGE_LOOP('',(#3698,#3699,#3700,#3701));
#6940=EDGE_LOOP('',(#3702,#3703,#3704,#3705));
#6941=EDGE_LOOP('',(#3706,#3707,#3708,#3709));
#6942=EDGE_LOOP('',(#3710,#3711,#3712,#3713));
#6943=EDGE_LOOP('',(#3714,#3715,#3716,#3717));
#6944=EDGE_LOOP('',(#3718,#3719,#3720,#3721));
#6945=EDGE_LOOP('',(#3722,#3723,#3724,#3725));
#6946=EDGE_LOOP('',(#3726,#3727,#3728,#3729));
#6947=EDGE_LOOP('',(#3730,#3731,#3732,#3733));
#6948=EDGE_LOOP('',(#3734,#3735,#3736,#3737));
#6949=EDGE_LOOP('',(#3738,#3739,#3740,#3741));
#6950=EDGE_LOOP('',(#3742,#3743,#3744,#3745));
#6951=EDGE_LOOP('',(#3746,#3747,#3748,#3749));
#6952=EDGE_LOOP('',(#3750,#3751,#3752,#3753));
#6953=EDGE_LOOP('',(#3754,#3755,#3756,#3757,#3758,#3759,#3760,#3761,#3762,
#3763,#3764,#3765,#3766,#3767,#3768,#3769,#3770,#3771,#3772,#3773,#3774,
#3775,#3776,#3777,#3778,#3779,#3780,#3781,#3782,#3783,#3784,#3785,#3786,
#3787,#3788,#3789,#3790,#3791,#3792));
#6954=EDGE_LOOP('',(#3793,#3794,#3795,#3796));
#6955=EDGE_LOOP('',(#3797,#3798,#3799,#3800));
#6956=EDGE_LOOP('',(#3801,#3802,#3803,#3804));
#6957=EDGE_LOOP('',(#3805,#3806,#3807,#3808));
#6958=EDGE_LOOP('',(#3809,#3810,#3811,#3812));
#6959=EDGE_LOOP('',(#3813,#3814,#3815,#3816));
#6960=EDGE_LOOP('',(#3817,#3818,#3819,#3820));
#6961=EDGE_LOOP('',(#3821,#3822,#3823,#3824));
#6962=EDGE_LOOP('',(#3825,#3826,#3827,#3828));
#6963=EDGE_LOOP('',(#3829,#3830,#3831,#3832));
#6964=EDGE_LOOP('',(#3833,#3834,#3835,#3836));
#6965=EDGE_LOOP('',(#3837,#3838,#3839,#3840));
#6966=EDGE_LOOP('',(#3841,#3842,#3843,#3844));
#6967=EDGE_LOOP('',(#3845,#3846,#3847,#3848));
#6968=EDGE_LOOP('',(#3849,#3850,#3851,#3852));
#6969=EDGE_LOOP('',(#3853,#3854,#3855,#3856));
#6970=EDGE_LOOP('',(#3857,#3858,#3859,#3860));
#6971=EDGE_LOOP('',(#3861,#3862,#3863,#3864));
#6972=EDGE_LOOP('',(#3865,#3866,#3867,#3868));
#6973=EDGE_LOOP('',(#3869,#3870,#3871,#3872));
#6974=EDGE_LOOP('',(#3873,#3874,#3875,#3876));
#6975=EDGE_LOOP('',(#3877,#3878,#3879,#3880));
#6976=EDGE_LOOP('',(#3881,#3882,#3883,#3884,#3885,#3886,#3887,#3888,#3889,
#3890,#3891,#3892,#3893,#3894,#3895,#3896,#3897));
#6977=EDGE_LOOP('',(#3898,#3899,#3900,#3901));
#6978=EDGE_LOOP('',(#3902,#3903,#3904,#3905));
#6979=EDGE_LOOP('',(#3906,#3907,#3908,#3909));
#6980=EDGE_LOOP('',(#3910,#3911,#3912,#3913));
#6981=EDGE_LOOP('',(#3914,#3915,#3916,#3917));
#6982=EDGE_LOOP('',(#3918,#3919,#3920,#3921));
#6983=EDGE_LOOP('',(#3922,#3923,#3924,#3925));
#6984=EDGE_LOOP('',(#3926,#3927,#3928,#3929));
#6985=EDGE_LOOP('',(#3930,#3931,#3932,#3933));
#6986=EDGE_LOOP('',(#3934,#3935,#3936,#3937));
#6987=EDGE_LOOP('',(#3938,#3939,#3940,#3941));
#6988=EDGE_LOOP('',(#3942,#3943,#3944,#3945));
#6989=EDGE_LOOP('',(#3946,#3947,#3948,#3949));
#6990=EDGE_LOOP('',(#3950,#3951,#3952,#3953));
#6991=EDGE_LOOP('',(#3954,#3955,#3956,#3957));
#6992=EDGE_LOOP('',(#3958,#3959,#3960,#3961));
#6993=EDGE_LOOP('',(#3962,#3963,#3964,#3965));
#6994=EDGE_LOOP('',(#3966,#3967,#3968,#3969));
#6995=EDGE_LOOP('',(#3970,#3971,#3972,#3973));
#6996=EDGE_LOOP('',(#3974,#3975,#3976,#3977,#3978,#3979,#3980,#3981,#3982,
#3983,#3984,#3985,#3986,#3987,#3988,#3989,#3990,#3991,#3992));
#6997=FACE_BOUND('',#6530,.T.);
#6998=FACE_BOUND('',#6531,.T.);
#6999=FACE_BOUND('',#6532,.T.);
#7000=FACE_BOUND('',#6533,.T.);
#7001=FACE_BOUND('',#6534,.T.);
#7002=FACE_BOUND('',#6535,.T.);
#7003=FACE_BOUND('',#6536,.T.);
#7004=FACE_BOUND('',#6537,.T.);
#7005=FACE_BOUND('',#6538,.T.);
#7006=FACE_BOUND('',#6539,.T.);
#7007=FACE_BOUND('',#6540,.T.);
#7008=FACE_BOUND('',#6541,.T.);
#7009=FACE_BOUND('',#6542,.T.);
#7010=FACE_BOUND('',#6543,.T.);
#7011=FACE_BOUND('',#6544,.T.);
#7012=FACE_BOUND('',#6545,.T.);
#7013=FACE_BOUND('',#6546,.T.);
#7014=FACE_BOUND('',#6547,.T.);
#7015=FACE_BOUND('',#6548,.T.);
#7016=FACE_BOUND('',#6549,.T.);
#7017=FACE_BOUND('',#6550,.T.);
#7018=FACE_BOUND('',#6551,.T.);
#7019=FACE_BOUND('',#6552,.T.);
#7020=FACE_BOUND('',#6553,.T.);
#7021=FACE_BOUND('',#6554,.T.);
#7022=FACE_BOUND('',#6555,.T.);
#7023=FACE_BOUND('',#6556,.T.);
#7024=FACE_BOUND('',#6557,.T.);
#7025=FACE_BOUND('',#6558,.T.);
#7026=FACE_BOUND('',#6559,.T.);
#7027=FACE_BOUND('',#6560,.T.);
#7028=FACE_BOUND('',#6561,.T.);
#7029=FACE_BOUND('',#6562,.T.);
#7030=FACE_BOUND('',#6563,.T.);
#7031=FACE_BOUND('',#6564,.T.);
#7032=FACE_BOUND('',#6565,.T.);
#7033=FACE_BOUND('',#6566,.T.);
#7034=FACE_BOUND('',#6567,.T.);
#7035=FACE_BOUND('',#6568,.T.);
#7036=FACE_BOUND('',#6569,.T.);
#7037=FACE_BOUND('',#6570,.T.);
#7038=FACE_BOUND('',#6571,.T.);
#7039=FACE_BOUND('',#6572,.T.);
#7040=FACE_BOUND('',#6573,.T.);
#7041=FACE_BOUND('',#6574,.T.);
#7042=FACE_BOUND('',#6575,.T.);
#7043=FACE_BOUND('',#6576,.T.);
#7044=FACE_BOUND('',#6577,.T.);
#7045=FACE_BOUND('',#6578,.T.);
#7046=FACE_BOUND('',#6579,.T.);
#7047=FACE_BOUND('',#6580,.T.);
#7048=FACE_BOUND('',#6581,.T.);
#7049=FACE_BOUND('',#6582,.T.);
#7050=FACE_BOUND('',#6583,.T.);
#7051=FACE_BOUND('',#6584,.T.);
#7052=FACE_BOUND('',#6585,.T.);
#7053=FACE_BOUND('',#6586,.T.);
#7054=FACE_BOUND('',#6587,.T.);
#7055=FACE_BOUND('',#6588,.T.);
#7056=FACE_BOUND('',#6589,.T.);
#7057=FACE_BOUND('',#6590,.T.);
#7058=FACE_BOUND('',#6591,.T.);
#7059=FACE_BOUND('',#6592,.T.);
#7060=FACE_BOUND('',#6593,.T.);
#7061=FACE_BOUND('',#6594,.T.);
#7062=FACE_BOUND('',#6595,.T.);
#7063=FACE_BOUND('',#6596,.T.);
#7064=FACE_BOUND('',#6597,.T.);
#7065=FACE_BOUND('',#6598,.T.);
#7066=FACE_BOUND('',#6599,.T.);
#7067=FACE_BOUND('',#6600,.T.);
#7068=FACE_BOUND('',#6601,.T.);
#7069=FACE_BOUND('',#6602,.T.);
#7070=FACE_BOUND('',#6603,.T.);
#7071=FACE_BOUND('',#6604,.T.);
#7072=FACE_BOUND('',#6605,.T.);
#7073=FACE_BOUND('',#6606,.T.);
#7074=FACE_BOUND('',#6607,.T.);
#7075=FACE_BOUND('',#6608,.T.);
#7076=FACE_BOUND('',#6609,.T.);
#7077=FACE_BOUND('',#6610,.T.);
#7078=FACE_BOUND('',#6611,.T.);
#7079=FACE_BOUND('',#6612,.T.);
#7080=FACE_BOUND('',#6613,.T.);
#7081=FACE_BOUND('',#6614,.T.);
#7082=FACE_BOUND('',#6615,.T.);
#7083=FACE_BOUND('',#6616,.T.);
#7084=FACE_BOUND('',#6617,.T.);
#7085=FACE_BOUND('',#6618,.T.);
#7086=FACE_BOUND('',#6619,.T.);
#7087=FACE_BOUND('',#6620,.T.);
#7088=FACE_BOUND('',#6621,.T.);
#7089=FACE_BOUND('',#6622,.T.);
#7090=FACE_BOUND('',#6623,.T.);
#7091=FACE_BOUND('',#6624,.T.);
#7092=FACE_BOUND('',#6625,.T.);
#7093=FACE_BOUND('',#6626,.T.);
#7094=FACE_BOUND('',#6627,.T.);
#7095=FACE_BOUND('',#6628,.T.);
#7096=FACE_BOUND('',#6629,.T.);
#7097=FACE_BOUND('',#6630,.T.);
#7098=FACE_BOUND('',#6631,.T.);
#7099=FACE_BOUND('',#6632,.T.);
#7100=FACE_BOUND('',#6633,.T.);
#7101=FACE_BOUND('',#6634,.T.);
#7102=FACE_BOUND('',#6635,.T.);
#7103=FACE_BOUND('',#6636,.T.);
#7104=FACE_BOUND('',#6637,.T.);
#7105=FACE_BOUND('',#6638,.T.);
#7106=FACE_BOUND('',#6639,.T.);
#7107=FACE_BOUND('',#6640,.T.);
#7108=FACE_BOUND('',#6641,.T.);
#7109=FACE_BOUND('',#6642,.T.);
#7110=FACE_BOUND('',#6643,.T.);
#7111=FACE_BOUND('',#6644,.T.);
#7112=FACE_BOUND('',#6645,.T.);
#7113=FACE_BOUND('',#6646,.T.);
#7114=FACE_BOUND('',#6647,.T.);
#7115=FACE_BOUND('',#6648,.T.);
#7116=FACE_BOUND('',#6649,.T.);
#7117=FACE_BOUND('',#6650,.T.);
#7118=FACE_BOUND('',#6651,.T.);
#7119=FACE_BOUND('',#6652,.T.);
#7120=FACE_BOUND('',#6653,.T.);
#7121=FACE_BOUND('',#6654,.T.);
#7122=FACE_BOUND('',#6655,.T.);
#7123=FACE_BOUND('',#6656,.T.);
#7124=FACE_BOUND('',#6657,.T.);
#7125=FACE_BOUND('',#6658,.T.);
#7126=FACE_BOUND('',#6659,.T.);
#7127=FACE_BOUND('',#6660,.T.);
#7128=FACE_BOUND('',#6661,.T.);
#7129=FACE_BOUND('',#6662,.T.);
#7130=FACE_BOUND('',#6663,.T.);
#7131=FACE_BOUND('',#6664,.T.);
#7132=FACE_BOUND('',#6665,.T.);
#7133=FACE_BOUND('',#6666,.T.);
#7134=FACE_BOUND('',#6667,.T.);
#7135=FACE_BOUND('',#6668,.T.);
#7136=FACE_BOUND('',#6669,.T.);
#7137=FACE_BOUND('',#6670,.T.);
#7138=FACE_BOUND('',#6671,.T.);
#7139=FACE_BOUND('',#6672,.T.);
#7140=FACE_BOUND('',#6673,.T.);
#7141=FACE_BOUND('',#6674,.T.);
#7142=FACE_BOUND('',#6675,.T.);
#7143=FACE_BOUND('',#6676,.T.);
#7144=FACE_BOUND('',#6677,.T.);
#7145=FACE_BOUND('',#6678,.T.);
#7146=FACE_BOUND('',#6679,.T.);
#7147=FACE_BOUND('',#6680,.T.);
#7148=FACE_BOUND('',#6681,.T.);
#7149=FACE_BOUND('',#6682,.T.);
#7150=FACE_BOUND('',#6683,.T.);
#7151=FACE_BOUND('',#6684,.T.);
#7152=FACE_BOUND('',#6685,.T.);
#7153=FACE_BOUND('',#6686,.T.);
#7154=FACE_BOUND('',#6687,.T.);
#7155=FACE_BOUND('',#6688,.T.);
#7156=FACE_BOUND('',#6689,.T.);
#7157=FACE_BOUND('',#6690,.T.);
#7158=FACE_BOUND('',#6691,.T.);
#7159=FACE_BOUND('',#6692,.T.);
#7160=FACE_BOUND('',#6693,.T.);
#7161=FACE_BOUND('',#6694,.T.);
#7162=FACE_BOUND('',#6695,.T.);
#7163=FACE_BOUND('',#6696,.T.);
#7164=FACE_BOUND('',#6697,.T.);
#7165=FACE_BOUND('',#6698,.T.);
#7166=FACE_BOUND('',#6699,.T.);
#7167=FACE_BOUND('',#6700,.T.);
#7168=FACE_BOUND('',#6701,.T.);
#7169=FACE_BOUND('',#6702,.T.);
#7170=FACE_BOUND('',#6703,.T.);
#7171=FACE_BOUND('',#6704,.T.);
#7172=FACE_BOUND('',#6705,.T.);
#7173=FACE_BOUND('',#6706,.T.);
#7174=FACE_BOUND('',#6707,.T.);
#7175=FACE_BOUND('',#6708,.T.);
#7176=FACE_BOUND('',#6709,.T.);
#7177=FACE_BOUND('',#6710,.T.);
#7178=FACE_BOUND('',#6711,.T.);
#7179=FACE_BOUND('',#6712,.T.);
#7180=FACE_BOUND('',#6713,.T.);
#7181=FACE_BOUND('',#6714,.T.);
#7182=FACE_BOUND('',#6715,.T.);
#7183=FACE_BOUND('',#6716,.T.);
#7184=FACE_BOUND('',#6717,.T.);
#7185=FACE_BOUND('',#6718,.T.);
#7186=FACE_BOUND('',#6719,.T.);
#7187=FACE_BOUND('',#6720,.T.);
#7188=FACE_BOUND('',#6721,.T.);
#7189=FACE_BOUND('',#6722,.T.);
#7190=FACE_BOUND('',#6723,.T.);
#7191=FACE_BOUND('',#6724,.T.);
#7192=FACE_BOUND('',#6725,.T.);
#7193=FACE_BOUND('',#6726,.T.);
#7194=FACE_BOUND('',#6727,.T.);
#7195=FACE_BOUND('',#6728,.T.);
#7196=FACE_BOUND('',#6729,.T.);
#7197=FACE_BOUND('',#6730,.T.);
#7198=FACE_BOUND('',#6731,.T.);
#7199=FACE_BOUND('',#6732,.T.);
#7200=FACE_BOUND('',#6733,.T.);
#7201=FACE_BOUND('',#6734,.T.);
#7202=FACE_BOUND('',#6735,.T.);
#7203=FACE_BOUND('',#6736,.T.);
#7204=FACE_BOUND('',#6737,.T.);
#7205=FACE_BOUND('',#6738,.T.);
#7206=FACE_BOUND('',#6739,.T.);
#7207=FACE_BOUND('',#6740,.T.);
#7208=FACE_BOUND('',#6741,.T.);
#7209=FACE_BOUND('',#6742,.T.);
#7210=FACE_BOUND('',#6743,.T.);
#7211=FACE_BOUND('',#6744,.T.);
#7212=FACE_BOUND('',#6745,.T.);
#7213=FACE_BOUND('',#6746,.T.);
#7214=FACE_BOUND('',#6747,.T.);
#7215=FACE_BOUND('',#6748,.T.);
#7216=FACE_BOUND('',#6749,.T.);
#7217=FACE_BOUND('',#6750,.T.);
#7218=FACE_BOUND('',#6751,.T.);
#7219=FACE_BOUND('',#6752,.T.);
#7220=FACE_BOUND('',#6753,.T.);
#7221=FACE_BOUND('',#6754,.T.);
#7222=FACE_BOUND('',#6755,.T.);
#7223=FACE_BOUND('',#6756,.T.);
#7224=FACE_BOUND('',#6757,.T.);
#7225=FACE_BOUND('',#6758,.T.);
#7226=FACE_BOUND('',#6759,.T.);
#7227=FACE_BOUND('',#6760,.T.);
#7228=FACE_BOUND('',#6761,.T.);
#7229=FACE_BOUND('',#6762,.T.);
#7230=FACE_BOUND('',#6763,.T.);
#7231=FACE_BOUND('',#6764,.T.);
#7232=FACE_BOUND('',#6765,.T.);
#7233=FACE_BOUND('',#6766,.T.);
#7234=FACE_BOUND('',#6767,.T.);
#7235=FACE_BOUND('',#6768,.T.);
#7236=FACE_BOUND('',#6769,.T.);
#7237=FACE_BOUND('',#6770,.T.);
#7238=FACE_BOUND('',#6771,.T.);
#7239=FACE_BOUND('',#6772,.T.);
#7240=FACE_BOUND('',#6773,.T.);
#7241=FACE_BOUND('',#6774,.T.);
#7242=FACE_BOUND('',#6775,.T.);
#7243=FACE_BOUND('',#6776,.T.);
#7244=FACE_BOUND('',#6777,.T.);
#7245=FACE_BOUND('',#6778,.T.);
#7246=FACE_BOUND('',#6779,.T.);
#7247=FACE_BOUND('',#6780,.T.);
#7248=FACE_BOUND('',#6781,.T.);
#7249=FACE_BOUND('',#6782,.T.);
#7250=FACE_BOUND('',#6783,.T.);
#7251=FACE_BOUND('',#6784,.T.);
#7252=FACE_BOUND('',#6785,.T.);
#7253=FACE_BOUND('',#6786,.T.);
#7254=FACE_BOUND('',#6787,.T.);
#7255=FACE_BOUND('',#6788,.T.);
#7256=FACE_BOUND('',#6789,.T.);
#7257=FACE_BOUND('',#6790,.T.);
#7258=FACE_BOUND('',#6791,.T.);
#7259=FACE_BOUND('',#6792,.T.);
#7260=FACE_BOUND('',#6793,.T.);
#7261=FACE_BOUND('',#6794,.T.);
#7262=FACE_BOUND('',#6795,.T.);
#7263=FACE_BOUND('',#6796,.T.);
#7264=FACE_BOUND('',#6797,.T.);
#7265=FACE_BOUND('',#6798,.T.);
#7266=FACE_BOUND('',#6799,.T.);
#7267=FACE_BOUND('',#6800,.T.);
#7268=FACE_BOUND('',#6801,.T.);
#7269=FACE_BOUND('',#6802,.T.);
#7270=FACE_BOUND('',#6803,.T.);
#7271=FACE_BOUND('',#6804,.T.);
#7272=FACE_BOUND('',#6805,.T.);
#7273=FACE_BOUND('',#6806,.T.);
#7274=FACE_BOUND('',#6807,.T.);
#7275=FACE_BOUND('',#6808,.T.);
#7276=FACE_BOUND('',#6809,.T.);
#7277=FACE_BOUND('',#6810,.T.);
#7278=FACE_BOUND('',#6811,.T.);
#7279=FACE_BOUND('',#6812,.T.);
#7280=FACE_BOUND('',#6813,.T.);
#7281=FACE_BOUND('',#6814,.T.);
#7282=FACE_BOUND('',#6815,.T.);
#7283=FACE_BOUND('',#6816,.T.);
#7284=FACE_BOUND('',#6817,.T.);
#7285=FACE_BOUND('',#6818,.T.);
#7286=FACE_BOUND('',#6819,.T.);
#7287=FACE_BOUND('',#6820,.T.);
#7288=FACE_BOUND('',#6821,.T.);
#7289=FACE_BOUND('',#6822,.T.);
#7290=FACE_BOUND('',#6823,.T.);
#7291=FACE_BOUND('',#6824,.T.);
#7292=FACE_BOUND('',#6825,.T.);
#7293=FACE_BOUND('',#6826,.T.);
#7294=FACE_BOUND('',#6827,.T.);
#7295=FACE_BOUND('',#6828,.T.);
#7296=FACE_BOUND('',#6829,.T.);
#7297=FACE_BOUND('',#6830,.T.);
#7298=FACE_BOUND('',#6831,.T.);
#7299=FACE_BOUND('',#6832,.T.);
#7300=FACE_BOUND('',#6833,.T.);
#7301=FACE_BOUND('',#6834,.T.);
#7302=FACE_BOUND('',#6835,.T.);
#7303=FACE_BOUND('',#6836,.T.);
#7304=FACE_BOUND('',#6837,.T.);
#7305=FACE_BOUND('',#6838,.T.);
#7306=FACE_BOUND('',#6839,.T.);
#7307=FACE_BOUND('',#6840,.T.);
#7308=FACE_BOUND('',#6841,.T.);
#7309=FACE_BOUND('',#6842,.T.);
#7310=FACE_BOUND('',#6843,.T.);
#7311=FACE_BOUND('',#6844,.T.);
#7312=FACE_BOUND('',#6845,.T.);
#7313=FACE_BOUND('',#6846,.T.);
#7314=FACE_BOUND('',#6847,.T.);
#7315=FACE_BOUND('',#6848,.T.);
#7316=FACE_BOUND('',#6849,.T.);
#7317=FACE_BOUND('',#6850,.T.);
#7318=FACE_BOUND('',#6851,.T.);
#7319=FACE_BOUND('',#6852,.T.);
#7320=FACE_BOUND('',#6853,.T.);
#7321=FACE_BOUND('',#6854,.T.);
#7322=FACE_BOUND('',#6855,.T.);
#7323=FACE_BOUND('',#6856,.T.);
#7324=FACE_BOUND('',#6857,.T.);
#7325=FACE_BOUND('',#6858,.T.);
#7326=FACE_BOUND('',#6859,.T.);
#7327=FACE_BOUND('',#6860,.T.);
#7328=FACE_BOUND('',#6861,.T.);
#7329=FACE_BOUND('',#6862,.T.);
#7330=FACE_BOUND('',#6863,.T.);
#7331=FACE_BOUND('',#6864,.T.);
#7332=FACE_BOUND('',#6865,.T.);
#7333=FACE_BOUND('',#6866,.T.);
#7334=FACE_BOUND('',#6867,.T.);
#7335=FACE_BOUND('',#6868,.T.);
#7336=FACE_BOUND('',#6869,.T.);
#7337=FACE_BOUND('',#6870,.T.);
#7338=FACE_BOUND('',#6871,.T.);
#7339=FACE_BOUND('',#6872,.T.);
#7340=FACE_BOUND('',#6873,.T.);
#7341=FACE_BOUND('',#6874,.T.);
#7342=FACE_BOUND('',#6875,.T.);
#7343=FACE_BOUND('',#6876,.T.);
#7344=FACE_BOUND('',#6877,.T.);
#7345=FACE_BOUND('',#6878,.T.);
#7346=FACE_BOUND('',#6879,.T.);
#7347=FACE_BOUND('',#6880,.T.);
#7348=FACE_BOUND('',#6881,.T.);
#7349=FACE_BOUND('',#6882,.T.);
#7350=FACE_BOUND('',#6883,.T.);
#7351=FACE_BOUND('',#6884,.T.);
#7352=FACE_BOUND('',#6885,.T.);
#7353=FACE_BOUND('',#6886,.T.);
#7354=FACE_BOUND('',#6887,.T.);
#7355=FACE_BOUND('',#6888,.T.);
#7356=FACE_BOUND('',#6889,.T.);
#7357=FACE_BOUND('',#6890,.T.);
#7358=FACE_BOUND('',#6891,.T.);
#7359=FACE_BOUND('',#6892,.T.);
#7360=FACE_BOUND('',#6893,.T.);
#7361=FACE_BOUND('',#6894,.T.);
#7362=FACE_BOUND('',#6895,.T.);
#7363=FACE_BOUND('',#6896,.T.);
#7364=FACE_BOUND('',#6897,.T.);
#7365=FACE_BOUND('',#6898,.T.);
#7366=FACE_BOUND('',#6899,.T.);
#7367=FACE_BOUND('',#6900,.T.);
#7368=FACE_BOUND('',#6901,.T.);
#7369=FACE_BOUND('',#6902,.T.);
#7370=FACE_BOUND('',#6903,.T.);
#7371=FACE_BOUND('',#6904,.T.);
#7372=FACE_BOUND('',#6905,.T.);
#7373=FACE_BOUND('',#6906,.T.);
#7374=FACE_BOUND('',#6907,.T.);
#7375=FACE_BOUND('',#6908,.T.);
#7376=FACE_BOUND('',#6909,.T.);
#7377=FACE_BOUND('',#6910,.T.);
#7378=FACE_BOUND('',#6911,.T.);
#7379=FACE_BOUND('',#6912,.T.);
#7380=FACE_BOUND('',#6913,.T.);
#7381=FACE_BOUND('',#6914,.T.);
#7382=FACE_BOUND('',#6915,.T.);
#7383=FACE_BOUND('',#6916,.T.);
#7384=FACE_BOUND('',#6917,.T.);
#7385=FACE_BOUND('',#6918,.T.);
#7386=FACE_BOUND('',#6919,.T.);
#7387=FACE_BOUND('',#6920,.T.);
#7388=FACE_BOUND('',#6921,.T.);
#7389=FACE_BOUND('',#6922,.T.);
#7390=FACE_BOUND('',#6923,.T.);
#7391=FACE_BOUND('',#6924,.T.);
#7392=FACE_BOUND('',#6925,.T.);
#7393=FACE_BOUND('',#6926,.T.);
#7394=FACE_BOUND('',#6927,.T.);
#7395=FACE_BOUND('',#6928,.T.);
#7396=FACE_BOUND('',#6929,.T.);
#7397=FACE_BOUND('',#6930,.T.);
#7398=FACE_BOUND('',#6931,.T.);
#7399=FACE_BOUND('',#6932,.T.);
#7400=FACE_BOUND('',#6933,.T.);
#7401=FACE_BOUND('',#6934,.T.);
#7402=FACE_BOUND('',#6935,.T.);
#7403=FACE_BOUND('',#6936,.T.);
#7404=FACE_BOUND('',#6937,.T.);
#7405=FACE_BOUND('',#6938,.T.);
#7406=FACE_BOUND('',#6939,.T.);
#7407=FACE_BOUND('',#6940,.T.);
#7408=FACE_BOUND('',#6941,.T.);
#7409=FACE_BOUND('',#6942,.T.);
#7410=FACE_BOUND('',#6943,.T.);
#7411=FACE_BOUND('',#6944,.T.);
#7412=FACE_BOUND('',#6945,.T.);
#7413=FACE_BOUND('',#6946,.T.);
#7414=FACE_BOUND('',#6947,.T.);
#7415=FACE_BOUND('',#6948,.T.);
#7416=FACE_BOUND('',#6949,.T.);
#7417=FACE_BOUND('',#6950,.T.);
#7418=FACE_BOUND('',#6951,.T.);
#7419=FACE_BOUND('',#6952,.T.);
#7420=FACE_BOUND('',#6953,.T.);
#7421=FACE_BOUND('',#6954,.T.);
#7422=FACE_BOUND('',#6955,.T.);
#7423=FACE_BOUND('',#6956,.T.);
#7424=FACE_BOUND('',#6957,.T.);
#7425=FACE_BOUND('',#6958,.T.);
#7426=FACE_BOUND('',#6959,.T.);
#7427=FACE_BOUND('',#6960,.T.);
#7428=FACE_BOUND('',#6961,.T.);
#7429=FACE_BOUND('',#6962,.T.);
#7430=FACE_BOUND('',#6963,.T.);
#7431=FACE_BOUND('',#6964,.T.);
#7432=FACE_BOUND('',#6965,.T.);
#7433=FACE_BOUND('',#6966,.T.);
#7434=FACE_BOUND('',#6967,.T.);
#7435=FACE_BOUND('',#6968,.T.);
#7436=FACE_BOUND('',#6969,.T.);
#7437=FACE_BOUND('',#6970,.T.);
#7438=FACE_BOUND('',#6971,.T.);
#7439=FACE_BOUND('',#6972,.T.);
#7440=FACE_BOUND('',#6973,.T.);
#7441=FACE_BOUND('',#6974,.T.);
#7442=FACE_BOUND('',#6975,.T.);
#7443=FACE_BOUND('',#6976,.T.);
#7444=FACE_BOUND('',#6977,.T.);
#7445=FACE_BOUND('',#6978,.T.);
#7446=FACE_BOUND('',#6979,.T.);
#7447=FACE_BOUND('',#6980,.T.);
#7448=FACE_BOUND('',#6981,.T.);
#7449=FACE_BOUND('',#6982,.T.);
#7450=FACE_BOUND('',#6983,.T.);
#7451=FACE_BOUND('',#6984,.T.);
#7452=FACE_BOUND('',#6985,.T.);
#7453=FACE_BOUND('',#6986,.T.);
#7454=FACE_BOUND('',#6987,.T.);
#7455=FACE_BOUND('',#6988,.T.);
#7456=FACE_BOUND('',#6989,.T.);
#7457=FACE_BOUND('',#6990,.T.);
#7458=FACE_BOUND('',#6991,.T.);
#7459=FACE_BOUND('',#6992,.T.);
#7460=FACE_BOUND('',#6993,.T.);
#7461=FACE_BOUND('',#6994,.T.);
#7462=FACE_BOUND('',#6995,.T.);
#7463=FACE_BOUND('',#6996,.T.);
#7464=PLANE('',#8056);
#7465=PLANE('',#8325);
#7466=PLANE('',#8326);
#7467=PLANE('',#8327);
#7468=PLANE('',#8328);
#7469=PLANE('',#8337);
#7470=PLANE('',#8338);
#7471=PLANE('',#8339);
#7472=PLANE('',#8340);
#7473=PLANE('',#8341);
#7474=PLANE('',#8342);
#7475=PLANE('',#8343);
#7476=PLANE('',#8344);
#7477=PLANE('',#8345);
#7478=PLANE('',#8364);
#7479=PLANE('',#8383);
#7480=PLANE('',#8390);
#7481=PLANE('',#8393);
#7482=PLANE('',#8394);
#7483=PLANE('',#8395);
#7484=PLANE('',#8414);
#7485=PLANE('',#8435);
#7486=PLANE('',#8436);
#7487=PLANE('',#8437);
#7488=PLANE('',#8438);
#7489=PLANE('',#8439);
#7490=PLANE('',#8440);
#7491=PLANE('',#8441);
#7492=PLANE('',#8444);
#7493=PLANE('',#8445);
#7494=PLANE('',#8446);
#7495=PLANE('',#8465);
#7496=PLANE('',#8486);
#7497=PLANE('',#8489);
#7498=PLANE('',#8498);
#7499=PLANE('',#8499);
#7500=PLANE('',#8500);
#7501=PLANE('',#8509);
#7502=PLANE('',#8512);
#7503=PLANE('',#8519);
#7504=PLANE('',#8520);
#7505=PLANE('',#8521);
#7506=PLANE('',#8522);
#7507=PLANE('',#8523);
#7508=PLANE('',#8524);
#7509=PLANE('',#8525);
#7510=PLANE('',#8526);
#7511=PLANE('',#8529);
#7512=PLANE('',#8550);
#7513=PLANE('',#8565);
#7514=PLANE('',#8570);
#7515=PLANE('',#8581);
#7516=PLANE('',#8588);
#7517=PLANE('',#8589);
#7518=PLANE('',#8590);
#7519=PLANE('',#8591);
#7520=PLANE('',#8592);
#7521=PLANE('',#8593);
#7522=PLANE('',#8594);
#7523=PLANE('',#8595);
#7524=PLANE('',#8596);
#7525=PLANE('',#8597);
#7526=PLANE('',#8598);
#7527=PLANE('',#8599);
#7528=PLANE('',#8600);
#7529=PLANE('',#8601);
#7530=PLANE('',#8602);
#7531=PLANE('',#8603);
#7532=PLANE('',#8604);
#7533=PLANE('',#8605);
#7534=PLANE('',#8616);
#7535=PLANE('',#8629);
#7536=PLANE('',#8630);
#7537=PLANE('',#8631);
#7538=PLANE('',#8638);
#7539=PLANE('',#8641);
#7540=PLANE('',#8642);
#7541=PLANE('',#8643);
#7542=PLANE('',#8644);
#7543=PLANE('',#8663);
#7544=PLANE('',#8674);
#7545=PLANE('',#8675);
#7546=PLANE('',#8676);
#7547=PLANE('',#8677);
#7548=PLANE('',#8678);
#7549=PLANE('',#8679);
#7550=PLANE('',#8680);
#7551=PLANE('',#8681);
#7552=PLANE('',#8682);
#7553=PLANE('',#8683);
#7554=PLANE('',#8684);
#7555=PLANE('',#8685);
#7556=PLANE('',#8686);
#7557=PLANE('',#8689);
#7558=PLANE('',#8696);
#7559=PLANE('',#8699);
#7560=PLANE('',#8708);
#7561=PLANE('',#8709);
#7562=PLANE('',#8710);
#7563=PLANE('',#8727);
#7564=PLANE('',#8728);
#7565=PLANE('',#8731);
#7566=PLANE('',#8732);
#7567=PLANE('',#8733);
#7568=PLANE('',#8734);
#7569=PLANE('',#8735);
#7570=PLANE('',#8736);
#7571=PLANE('',#8737);
#7572=PLANE('',#8738);
#7573=PLANE('',#8739);
#7574=PLANE('',#8740);
#7575=PLANE('',#8751);
#7576=PLANE('',#8764);
#7577=PLANE('',#8771);
#7578=PLANE('',#8796);
#7579=PLANE('',#8815);
#7580=PLANE('',#8816);
#7581=PLANE('',#8817);
#7582=PLANE('',#8838);
#7583=PLANE('',#8839);
#7584=PLANE('',#8854);
#7585=PLANE('',#8859);
#7586=PLANE('',#8872);
#7587=PLANE('',#8879);
#7588=PLANE('',#8898);
#7589=PLANE('',#8899);
#7590=PLANE('',#8900);
#7591=PLANE('',#8915);
#7592=PLANE('',#8916);
#7593=PLANE('',#8917);
#7594=PLANE('',#8920);
#7595=PLANE('',#8921);
#7596=PLANE('',#8922);
#7597=PLANE('',#8923);
#7598=PLANE('',#8940);
#7599=PLANE('',#8941);
#7600=PLANE('',#8942);
#7601=PLANE('',#8943);
#7602=PLANE('',#8944);
#7603=PLANE('',#8945);
#7604=PLANE('',#8948);
#7605=PLANE('',#8949);
#7606=PLANE('',#8950);
#7607=PLANE('',#8969);
#7608=PLANE('',#8976);
#7609=PLANE('',#8985);
#7610=PLANE('',#8986);
#7611=PLANE('',#8987);
#7612=PLANE('',#9006);
#7613=PLANE('',#9009);
#7614=ADVANCED_FACE('',(#6997,#6998,#6999,#7000,#7001,#7002,#7003,#7004,
#7005,#7006,#7007,#7008,#7009,#7010,#7011,#7012,#7013,#7014,#7015,#7016,
#7017,#7018,#7019,#7020,#7021,#7022,#7023,#7024,#7025,#7026,#7027),#7464,
 .T.);
#7615=ADVANCED_FACE('',(#7028),#7465,.T.);
#7616=ADVANCED_FACE('',(#7029),#7466,.F.);
#7617=ADVANCED_FACE('',(#7030),#7467,.F.);
#7618=ADVANCED_FACE('',(#7031),#7468,.T.);
#7619=ADVANCED_FACE('',(#7032,#7033),#23,.F.);
#7620=ADVANCED_FACE('',(#7034,#7035),#24,.F.);
#7621=ADVANCED_FACE('',(#7036,#7037),#25,.F.);
#7622=ADVANCED_FACE('',(#7038,#7039),#26,.F.);
#7623=ADVANCED_FACE('',(#7040,#7041,#7042,#7043,#7044),#7469,.F.);
#7624=ADVANCED_FACE('',(#7045),#7470,.T.);
#7625=ADVANCED_FACE('',(#7046),#7471,.T.);
#7626=ADVANCED_FACE('',(#7047),#7472,.T.);
#7627=ADVANCED_FACE('',(#7048),#7473,.T.);
#7628=ADVANCED_FACE('',(#7049),#7474,.T.);
#7629=ADVANCED_FACE('',(#7050),#7475,.T.);
#7630=ADVANCED_FACE('',(#7051),#7476,.T.);
#7631=ADVANCED_FACE('',(#7052),#7477,.T.);
#7632=ADVANCED_FACE('',(#7053),#27,.T.);
#7633=ADVANCED_FACE('',(#7054),#28,.T.);
#7634=ADVANCED_FACE('',(#7055),#29,.T.);
#7635=ADVANCED_FACE('',(#7056),#30,.T.);
#7636=ADVANCED_FACE('',(#7057),#31,.T.);
#7637=ADVANCED_FACE('',(#7058),#32,.T.);
#7638=ADVANCED_FACE('',(#7059),#33,.T.);
#7639=ADVANCED_FACE('',(#7060),#34,.T.);
#7640=ADVANCED_FACE('',(#7061),#35,.T.);
#7641=ADVANCED_FACE('',(#7062),#7478,.T.);
#7642=ADVANCED_FACE('',(#7063),#36,.F.);
#7643=ADVANCED_FACE('',(#7064),#37,.F.);
#7644=ADVANCED_FACE('',(#7065),#38,.F.);
#7645=ADVANCED_FACE('',(#7066),#39,.F.);
#7646=ADVANCED_FACE('',(#7067),#40,.F.);
#7647=ADVANCED_FACE('',(#7068),#41,.F.);
#7648=ADVANCED_FACE('',(#7069),#42,.F.);
#7649=ADVANCED_FACE('',(#7070),#43,.F.);
#7650=ADVANCED_FACE('',(#7071),#12,.T.);
#7651=ADVANCED_FACE('',(#7072),#44,.F.);
#7652=ADVANCED_FACE('',(#7073),#7479,.T.);
#7653=ADVANCED_FACE('',(#7074),#45,.T.);
#7654=ADVANCED_FACE('',(#7075),#46,.T.);
#7655=ADVANCED_FACE('',(#7076),#47,.T.);
#7656=ADVANCED_FACE('',(#7077),#7480,.T.);
#7657=ADVANCED_FACE('',(#7078),#48,.F.);
#7658=ADVANCED_FACE('',(#7079),#7481,.T.);
#7659=ADVANCED_FACE('',(#7080),#7482,.T.);
#7660=ADVANCED_FACE('',(#7081),#7483,.T.);
#7661=ADVANCED_FACE('',(#7082),#49,.T.);
#7662=ADVANCED_FACE('',(#7083),#50,.T.);
#7663=ADVANCED_FACE('',(#7084),#51,.T.);
#7664=ADVANCED_FACE('',(#7085),#52,.T.);
#7665=ADVANCED_FACE('',(#7086),#53,.T.);
#7666=ADVANCED_FACE('',(#7087),#54,.F.);
#7667=ADVANCED_FACE('',(#7088),#55,.F.);
#7668=ADVANCED_FACE('',(#7089),#56,.F.);
#7669=ADVANCED_FACE('',(#7090),#57,.F.);
#7670=ADVANCED_FACE('',(#7091),#7484,.T.);
#7671=ADVANCED_FACE('',(#7092),#58,.F.);
#7672=ADVANCED_FACE('',(#7093),#59,.F.);
#7673=ADVANCED_FACE('',(#7094),#60,.F.);
#7674=ADVANCED_FACE('',(#7095),#61,.F.);
#7675=ADVANCED_FACE('',(#7096),#62,.F.);
#7676=ADVANCED_FACE('',(#7097),#63,.F.);
#7677=ADVANCED_FACE('',(#7098),#64,.F.);
#7678=ADVANCED_FACE('',(#7099),#65,.F.);
#7679=ADVANCED_FACE('',(#7100),#66,.F.);
#7680=ADVANCED_FACE('',(#7101),#67,.T.);
#7681=ADVANCED_FACE('',(#7102),#7485,.T.);
#7682=ADVANCED_FACE('',(#7103),#7486,.T.);
#7683=ADVANCED_FACE('',(#7104),#7487,.T.);
#7684=ADVANCED_FACE('',(#7105),#7488,.T.);
#7685=ADVANCED_FACE('',(#7106),#7489,.T.);
#7686=ADVANCED_FACE('',(#7107),#7490,.T.);
#7687=ADVANCED_FACE('',(#7108),#7491,.T.);
#7688=ADVANCED_FACE('',(#7109),#68,.F.);
#7689=ADVANCED_FACE('',(#7110),#7492,.T.);
#7690=ADVANCED_FACE('',(#7111),#7493,.T.);
#7691=ADVANCED_FACE('',(#7112),#7494,.T.);
#7692=ADVANCED_FACE('',(#7113),#69,.T.);
#7693=ADVANCED_FACE('',(#7114),#70,.T.);
#7694=ADVANCED_FACE('',(#7115),#71,.T.);
#7695=ADVANCED_FACE('',(#7116),#72,.T.);
#7696=ADVANCED_FACE('',(#7117),#73,.T.);
#7697=ADVANCED_FACE('',(#7118),#74,.F.);
#7698=ADVANCED_FACE('',(#7119),#75,.F.);
#7699=ADVANCED_FACE('',(#7120),#76,.F.);
#7700=ADVANCED_FACE('',(#7121),#77,.F.);
#7701=ADVANCED_FACE('',(#7122),#7495,.T.);
#7702=ADVANCED_FACE('',(#7123),#78,.F.);
#7703=ADVANCED_FACE('',(#7124),#79,.F.);
#7704=ADVANCED_FACE('',(#7125),#80,.F.);
#7705=ADVANCED_FACE('',(#7126),#81,.F.);
#7706=ADVANCED_FACE('',(#7127),#82,.F.);
#7707=ADVANCED_FACE('',(#7128),#83,.F.);
#7708=ADVANCED_FACE('',(#7129),#84,.F.);
#7709=ADVANCED_FACE('',(#7130),#85,.F.);
#7710=ADVANCED_FACE('',(#7131),#86,.F.);
#7711=ADVANCED_FACE('',(#7132),#87,.T.);
#7712=ADVANCED_FACE('',(#7133),#7496,.T.);
#7713=ADVANCED_FACE('',(#7134),#88,.F.);
#7714=ADVANCED_FACE('',(#7135),#7497,.T.);
#7715=ADVANCED_FACE('',(#7136),#89,.T.);
#7716=ADVANCED_FACE('',(#7137),#90,.T.);
#7717=ADVANCED_FACE('',(#7138),#91,.T.);
#7718=ADVANCED_FACE('',(#7139),#92,.T.);
#7719=ADVANCED_FACE('',(#7140),#7498,.T.);
#7720=ADVANCED_FACE('',(#7141),#7499,.T.);
#7721=ADVANCED_FACE('',(#7142),#7500,.T.);
#7722=ADVANCED_FACE('',(#7143),#93,.F.);
#7723=ADVANCED_FACE('',(#7144),#94,.F.);
#7724=ADVANCED_FACE('',(#7145),#95,.F.);
#7725=ADVANCED_FACE('',(#7146),#96,.F.);
#7726=ADVANCED_FACE('',(#7147),#7501,.T.);
#7727=ADVANCED_FACE('',(#7148),#97,.F.);
#7728=ADVANCED_FACE('',(#7149),#7502,.T.);
#7729=ADVANCED_FACE('',(#7150),#98,.T.);
#7730=ADVANCED_FACE('',(#7151),#99,.T.);
#7731=ADVANCED_FACE('',(#7152),#100,.T.);
#7732=ADVANCED_FACE('',(#7153),#7503,.T.);
#7733=ADVANCED_FACE('',(#7154),#13,.T.);
#7734=ADVANCED_FACE('',(#7155),#7504,.T.);
#7735=ADVANCED_FACE('',(#7156),#7505,.T.);
#7736=ADVANCED_FACE('',(#7157),#7506,.T.);
#7737=ADVANCED_FACE('',(#7158),#7507,.T.);
#7738=ADVANCED_FACE('',(#7159),#7508,.T.);
#7739=ADVANCED_FACE('',(#7160),#7509,.T.);
#7740=ADVANCED_FACE('',(#7161),#7510,.T.);
#7741=ADVANCED_FACE('',(#7162),#101,.T.);
#7742=ADVANCED_FACE('',(#7163),#7511,.T.);
#7743=ADVANCED_FACE('',(#7164),#102,.F.);
#7744=ADVANCED_FACE('',(#7165),#103,.F.);
#7745=ADVANCED_FACE('',(#7166),#104,.F.);
#7746=ADVANCED_FACE('',(#7167),#105,.F.);
#7747=ADVANCED_FACE('',(#7168),#106,.F.);
#7748=ADVANCED_FACE('',(#7169),#107,.F.);
#7749=ADVANCED_FACE('',(#7170),#108,.F.);
#7750=ADVANCED_FACE('',(#7171),#109,.F.);
#7751=ADVANCED_FACE('',(#7172),#110,.F.);
#7752=ADVANCED_FACE('',(#7173),#111,.F.);
#7753=ADVANCED_FACE('',(#7174),#7512,.T.);
#7754=ADVANCED_FACE('',(#7175),#112,.T.);
#7755=ADVANCED_FACE('',(#7176),#113,.T.);
#7756=ADVANCED_FACE('',(#7177),#114,.T.);
#7757=ADVANCED_FACE('',(#7178),#115,.T.);
#7758=ADVANCED_FACE('',(#7179),#116,.T.);
#7759=ADVANCED_FACE('',(#7180),#117,.T.);
#7760=ADVANCED_FACE('',(#7181),#14,.T.);
#7761=ADVANCED_FACE('',(#7182),#118,.T.);
#7762=ADVANCED_FACE('',(#7183),#7513,.T.);
#7763=ADVANCED_FACE('',(#7184),#119,.T.);
#7764=ADVANCED_FACE('',(#7185),#120,.T.);
#7765=ADVANCED_FACE('',(#7186),#7514,.T.);
#7766=ADVANCED_FACE('',(#7187),#121,.F.);
#7767=ADVANCED_FACE('',(#7188),#15,.T.);
#7768=ADVANCED_FACE('',(#7189),#122,.F.);
#7769=ADVANCED_FACE('',(#7190),#123,.F.);
#7770=ADVANCED_FACE('',(#7191),#124,.F.);
#7771=ADVANCED_FACE('',(#7192),#125,.F.);
#7772=ADVANCED_FACE('',(#7193),#7515,.T.);
#7773=ADVANCED_FACE('',(#7194),#126,.T.);
#7774=ADVANCED_FACE('',(#7195),#127,.T.);
#7775=ADVANCED_FACE('',(#7196),#128,.T.);
#7776=ADVANCED_FACE('',(#7197),#7516,.T.);
#7777=ADVANCED_FACE('',(#7198),#7517,.T.);
#7778=ADVANCED_FACE('',(#7199),#7518,.T.);
#7779=ADVANCED_FACE('',(#7200),#7519,.T.);
#7780=ADVANCED_FACE('',(#7201),#7520,.T.);
#7781=ADVANCED_FACE('',(#7202),#7521,.T.);
#7782=ADVANCED_FACE('',(#7203),#7522,.T.);
#7783=ADVANCED_FACE('',(#7204),#7523,.T.);
#7784=ADVANCED_FACE('',(#7205),#7524,.T.);
#7785=ADVANCED_FACE('',(#7206),#7525,.T.);
#7786=ADVANCED_FACE('',(#7207),#7526,.T.);
#7787=ADVANCED_FACE('',(#7208),#7527,.T.);
#7788=ADVANCED_FACE('',(#7209),#7528,.T.);
#7789=ADVANCED_FACE('',(#7210),#7529,.T.);
#7790=ADVANCED_FACE('',(#7211),#7530,.T.);
#7791=ADVANCED_FACE('',(#7212),#7531,.T.);
#7792=ADVANCED_FACE('',(#7213),#7532,.T.);
#7793=ADVANCED_FACE('',(#7214),#7533,.T.);
#7794=ADVANCED_FACE('',(#7215),#129,.F.);
#7795=ADVANCED_FACE('',(#7216),#130,.F.);
#7796=ADVANCED_FACE('',(#7217),#131,.F.);
#7797=ADVANCED_FACE('',(#7218),#132,.F.);
#7798=ADVANCED_FACE('',(#7219),#133,.F.);
#7799=ADVANCED_FACE('',(#7220),#7534,.T.);
#7800=ADVANCED_FACE('',(#7221),#134,.T.);
#7801=ADVANCED_FACE('',(#7222),#135,.T.);
#7802=ADVANCED_FACE('',(#7223),#136,.T.);
#7803=ADVANCED_FACE('',(#7224),#137,.T.);
#7804=ADVANCED_FACE('',(#7225),#138,.T.);
#7805=ADVANCED_FACE('',(#7226),#139,.T.);
#7806=ADVANCED_FACE('',(#7227),#7535,.T.);
#7807=ADVANCED_FACE('',(#7228),#7536,.T.);
#7808=ADVANCED_FACE('',(#7229),#7537,.T.);
#7809=ADVANCED_FACE('',(#7230),#140,.F.);
#7810=ADVANCED_FACE('',(#7231),#141,.F.);
#7811=ADVANCED_FACE('',(#7232),#142,.F.);
#7812=ADVANCED_FACE('',(#7233),#7538,.T.);
#7813=ADVANCED_FACE('',(#7234),#143,.T.);
#7814=ADVANCED_FACE('',(#7235),#7539,.T.);
#7815=ADVANCED_FACE('',(#7236),#7540,.T.);
#7816=ADVANCED_FACE('',(#7237),#7541,.T.);
#7817=ADVANCED_FACE('',(#7238),#7542,.T.);
#7818=ADVANCED_FACE('',(#7239),#144,.F.);
#7819=ADVANCED_FACE('',(#7240),#145,.F.);
#7820=ADVANCED_FACE('',(#7241),#146,.F.);
#7821=ADVANCED_FACE('',(#7242),#147,.F.);
#7822=ADVANCED_FACE('',(#7243),#148,.F.);
#7823=ADVANCED_FACE('',(#7244),#149,.F.);
#7824=ADVANCED_FACE('',(#7245),#150,.F.);
#7825=ADVANCED_FACE('',(#7246),#151,.F.);
#7826=ADVANCED_FACE('',(#7247),#152,.F.);
#7827=ADVANCED_FACE('',(#7248),#7543,.T.);
#7828=ADVANCED_FACE('',(#7249),#153,.T.);
#7829=ADVANCED_FACE('',(#7250),#154,.T.);
#7830=ADVANCED_FACE('',(#7251),#155,.T.);
#7831=ADVANCED_FACE('',(#7252),#156,.T.);
#7832=ADVANCED_FACE('',(#7253),#157,.T.);
#7833=ADVANCED_FACE('',(#7254),#7544,.T.);
#7834=ADVANCED_FACE('',(#7255),#7545,.T.);
#7835=ADVANCED_FACE('',(#7256),#7546,.T.);
#7836=ADVANCED_FACE('',(#7257),#7547,.T.);
#7837=ADVANCED_FACE('',(#7258),#7548,.T.);
#7838=ADVANCED_FACE('',(#7259),#7549,.T.);
#7839=ADVANCED_FACE('',(#7260),#7550,.T.);
#7840=ADVANCED_FACE('',(#7261),#7551,.T.);
#7841=ADVANCED_FACE('',(#7262),#7552,.T.);
#7842=ADVANCED_FACE('',(#7263),#7553,.T.);
#7843=ADVANCED_FACE('',(#7264),#7554,.T.);
#7844=ADVANCED_FACE('',(#7265),#7555,.T.);
#7845=ADVANCED_FACE('',(#7266),#7556,.T.);
#7846=ADVANCED_FACE('',(#7267),#158,.F.);
#7847=ADVANCED_FACE('',(#7268),#7557,.T.);
#7848=ADVANCED_FACE('',(#7269),#159,.T.);
#7849=ADVANCED_FACE('',(#7270),#160,.T.);
#7850=ADVANCED_FACE('',(#7271),#161,.T.);
#7851=ADVANCED_FACE('',(#7272),#7558,.T.);
#7852=ADVANCED_FACE('',(#7273),#162,.F.);
#7853=ADVANCED_FACE('',(#7274),#7559,.T.);
#7854=ADVANCED_FACE('',(#7275),#16,.T.);
#7855=ADVANCED_FACE('',(#7276),#163,.T.);
#7856=ADVANCED_FACE('',(#7277),#164,.T.);
#7857=ADVANCED_FACE('',(#7278),#165,.T.);
#7858=ADVANCED_FACE('',(#7279),#166,.T.);
#7859=ADVANCED_FACE('',(#7280),#7560,.T.);
#7860=ADVANCED_FACE('',(#7281),#7561,.T.);
#7861=ADVANCED_FACE('',(#7282),#7562,.T.);
#7862=ADVANCED_FACE('',(#7283),#167,.F.);
#7863=ADVANCED_FACE('',(#7284),#168,.F.);
#7864=ADVANCED_FACE('',(#7285),#169,.F.);
#7865=ADVANCED_FACE('',(#7286),#170,.F.);
#7866=ADVANCED_FACE('',(#7287),#171,.F.);
#7867=ADVANCED_FACE('',(#7288),#172,.F.);
#7868=ADVANCED_FACE('',(#7289),#173,.F.);
#7869=ADVANCED_FACE('',(#7290),#174,.F.);
#7870=ADVANCED_FACE('',(#7291),#7563,.T.);
#7871=ADVANCED_FACE('',(#7292),#7564,.T.);
#7872=ADVANCED_FACE('',(#7293),#175,.T.);
#7873=ADVANCED_FACE('',(#7294),#7565,.T.);
#7874=ADVANCED_FACE('',(#7295),#7566,.T.);
#7875=ADVANCED_FACE('',(#7296),#7567,.T.);
#7876=ADVANCED_FACE('',(#7297),#7568,.T.);
#7877=ADVANCED_FACE('',(#7298),#7569,.T.);
#7878=ADVANCED_FACE('',(#7299),#7570,.T.);
#7879=ADVANCED_FACE('',(#7300),#7571,.T.);
#7880=ADVANCED_FACE('',(#7301),#7572,.T.);
#7881=ADVANCED_FACE('',(#7302),#7573,.T.);
#7882=ADVANCED_FACE('',(#7303),#7574,.T.);
#7883=ADVANCED_FACE('',(#7304),#17,.T.);
#7884=ADVANCED_FACE('',(#7305),#176,.T.);
#7885=ADVANCED_FACE('',(#7306),#177,.T.);
#7886=ADVANCED_FACE('',(#7307),#178,.T.);
#7887=ADVANCED_FACE('',(#7308),#179,.T.);
#7888=ADVANCED_FACE('',(#7309),#180,.T.);
#7889=ADVANCED_FACE('',(#7310),#7575,.T.);
#7890=ADVANCED_FACE('',(#7311),#181,.F.);
#7891=ADVANCED_FACE('',(#7312),#182,.F.);
#7892=ADVANCED_FACE('',(#7313),#183,.F.);
#7893=ADVANCED_FACE('',(#7314),#184,.F.);
#7894=ADVANCED_FACE('',(#7315),#185,.F.);
#7895=ADVANCED_FACE('',(#7316),#186,.F.);
#7896=ADVANCED_FACE('',(#7317),#7576,.T.);
#7897=ADVANCED_FACE('',(#7318),#187,.F.);
#7898=ADVANCED_FACE('',(#7319),#188,.F.);
#7899=ADVANCED_FACE('',(#7320),#189,.F.);
#7900=ADVANCED_FACE('',(#7321),#7577,.T.);
#7901=ADVANCED_FACE('',(#7322),#190,.T.);
#7902=ADVANCED_FACE('',(#7323),#191,.T.);
#7903=ADVANCED_FACE('',(#7324),#192,.T.);
#7904=ADVANCED_FACE('',(#7325),#193,.T.);
#7905=ADVANCED_FACE('',(#7326),#194,.T.);
#7906=ADVANCED_FACE('',(#7327),#195,.T.);
#7907=ADVANCED_FACE('',(#7328),#196,.T.);
#7908=ADVANCED_FACE('',(#7329),#197,.T.);
#7909=ADVANCED_FACE('',(#7330),#198,.T.);
#7910=ADVANCED_FACE('',(#7331),#199,.T.);
#7911=ADVANCED_FACE('',(#7332),#200,.T.);
#7912=ADVANCED_FACE('',(#7333),#201,.T.);
#7913=ADVANCED_FACE('',(#7334),#7578,.T.);
#7914=ADVANCED_FACE('',(#7335),#202,.F.);
#7915=ADVANCED_FACE('',(#7336),#203,.F.);
#7916=ADVANCED_FACE('',(#7337),#204,.F.);
#7917=ADVANCED_FACE('',(#7338),#205,.F.);
#7918=ADVANCED_FACE('',(#7339),#206,.F.);
#7919=ADVANCED_FACE('',(#7340),#207,.F.);
#7920=ADVANCED_FACE('',(#7341),#208,.F.);
#7921=ADVANCED_FACE('',(#7342),#209,.F.);
#7922=ADVANCED_FACE('',(#7343),#210,.F.);
#7923=ADVANCED_FACE('',(#7344),#7579,.T.);
#7924=ADVANCED_FACE('',(#7345),#7580,.T.);
#7925=ADVANCED_FACE('',(#7346),#7581,.T.);
#7926=ADVANCED_FACE('',(#7347),#211,.F.);
#7927=ADVANCED_FACE('',(#7348),#212,.F.);
#7928=ADVANCED_FACE('',(#7349),#213,.F.);
#7929=ADVANCED_FACE('',(#7350),#214,.F.);
#7930=ADVANCED_FACE('',(#7351),#215,.F.);
#7931=ADVANCED_FACE('',(#7352),#216,.F.);
#7932=ADVANCED_FACE('',(#7353),#217,.F.);
#7933=ADVANCED_FACE('',(#7354),#218,.F.);
#7934=ADVANCED_FACE('',(#7355),#219,.F.);
#7935=ADVANCED_FACE('',(#7356),#220,.F.);
#7936=ADVANCED_FACE('',(#7357),#7582,.T.);
#7937=ADVANCED_FACE('',(#7358),#7583,.T.);
#7938=ADVANCED_FACE('',(#7359),#221,.T.);
#7939=ADVANCED_FACE('',(#7360),#222,.T.);
#7940=ADVANCED_FACE('',(#7361),#223,.T.);
#7941=ADVANCED_FACE('',(#7362),#224,.T.);
#7942=ADVANCED_FACE('',(#7363),#225,.T.);
#7943=ADVANCED_FACE('',(#7364),#226,.T.);
#7944=ADVANCED_FACE('',(#7365),#227,.T.);
#7945=ADVANCED_FACE('',(#7366),#7584,.T.);
#7946=ADVANCED_FACE('',(#7367),#228,.T.);
#7947=ADVANCED_FACE('',(#7368),#229,.T.);
#7948=ADVANCED_FACE('',(#7369),#7585,.T.);
#7949=ADVANCED_FACE('',(#7370),#230,.F.);
#7950=ADVANCED_FACE('',(#7371),#231,.F.);
#7951=ADVANCED_FACE('',(#7372),#232,.F.);
#7952=ADVANCED_FACE('',(#7373),#233,.F.);
#7953=ADVANCED_FACE('',(#7374),#234,.F.);
#7954=ADVANCED_FACE('',(#7375),#235,.F.);
#7955=ADVANCED_FACE('',(#7376),#7586,.T.);
#7956=ADVANCED_FACE('',(#7377),#236,.T.);
#7957=ADVANCED_FACE('',(#7378),#237,.T.);
#7958=ADVANCED_FACE('',(#7379),#238,.T.);
#7959=ADVANCED_FACE('',(#7380),#7587,.T.);
#7960=ADVANCED_FACE('',(#7381),#239,.F.);
#7961=ADVANCED_FACE('',(#7382),#240,.F.);
#7962=ADVANCED_FACE('',(#7383),#241,.F.);
#7963=ADVANCED_FACE('',(#7384),#242,.F.);
#7964=ADVANCED_FACE('',(#7385),#243,.F.);
#7965=ADVANCED_FACE('',(#7386),#244,.F.);
#7966=ADVANCED_FACE('',(#7387),#245,.F.);
#7967=ADVANCED_FACE('',(#7388),#246,.F.);
#7968=ADVANCED_FACE('',(#7389),#247,.F.);
#7969=ADVANCED_FACE('',(#7390),#7588,.T.);
#7970=ADVANCED_FACE('',(#7391),#7589,.T.);
#7971=ADVANCED_FACE('',(#7392),#7590,.T.);
#7972=ADVANCED_FACE('',(#7393),#248,.T.);
#7973=ADVANCED_FACE('',(#7394),#249,.T.);
#7974=ADVANCED_FACE('',(#7395),#250,.T.);
#7975=ADVANCED_FACE('',(#7396),#251,.T.);
#7976=ADVANCED_FACE('',(#7397),#18,.T.);
#7977=ADVANCED_FACE('',(#7398),#252,.T.);
#7978=ADVANCED_FACE('',(#7399),#253,.T.);
#7979=ADVANCED_FACE('',(#7400),#254,.T.);
#7980=ADVANCED_FACE('',(#7401),#7591,.T.);
#7981=ADVANCED_FACE('',(#7402),#7592,.T.);
#7982=ADVANCED_FACE('',(#7403),#7593,.T.);
#7983=ADVANCED_FACE('',(#7404),#19,.T.);
#7984=ADVANCED_FACE('',(#7405),#255,.T.);
#7985=ADVANCED_FACE('',(#7406),#20,.T.);
#7986=ADVANCED_FACE('',(#7407),#21,.T.);
#7987=ADVANCED_FACE('',(#7408),#7594,.T.);
#7988=ADVANCED_FACE('',(#7409),#7595,.T.);
#7989=ADVANCED_FACE('',(#7410),#7596,.T.);
#7990=ADVANCED_FACE('',(#7411),#7597,.T.);
#7991=ADVANCED_FACE('',(#7412),#256,.F.);
#7992=ADVANCED_FACE('',(#7413),#257,.F.);
#7993=ADVANCED_FACE('',(#7414),#258,.F.);
#7994=ADVANCED_FACE('',(#7415),#259,.F.);
#7995=ADVANCED_FACE('',(#7416),#260,.F.);
#7996=ADVANCED_FACE('',(#7417),#261,.F.);
#7997=ADVANCED_FACE('',(#7418),#262,.F.);
#7998=ADVANCED_FACE('',(#7419),#263,.F.);
#7999=ADVANCED_FACE('',(#7420),#7598,.T.);
#8000=ADVANCED_FACE('',(#7421),#7599,.T.);
#8001=ADVANCED_FACE('',(#7422),#7600,.T.);
#8002=ADVANCED_FACE('',(#7423),#7601,.T.);
#8003=ADVANCED_FACE('',(#7424),#7602,.T.);
#8004=ADVANCED_FACE('',(#7425),#7603,.T.);
#8005=ADVANCED_FACE('',(#7426),#264,.T.);
#8006=ADVANCED_FACE('',(#7427),#7604,.T.);
#8007=ADVANCED_FACE('',(#7428),#7605,.T.);
#8008=ADVANCED_FACE('',(#7429),#7606,.T.);
#8009=ADVANCED_FACE('',(#7430),#265,.F.);
#8010=ADVANCED_FACE('',(#7431),#266,.F.);
#8011=ADVANCED_FACE('',(#7432),#267,.F.);
#8012=ADVANCED_FACE('',(#7433),#268,.F.);
#8013=ADVANCED_FACE('',(#7434),#269,.F.);
#8014=ADVANCED_FACE('',(#7435),#270,.F.);
#8015=ADVANCED_FACE('',(#7436),#271,.F.);
#8016=ADVANCED_FACE('',(#7437),#272,.F.);
#8017=ADVANCED_FACE('',(#7438),#273,.F.);
#8018=ADVANCED_FACE('',(#7439),#7607,.T.);
#8019=ADVANCED_FACE('',(#7440),#274,.T.);
#8020=ADVANCED_FACE('',(#7441),#275,.T.);
#8021=ADVANCED_FACE('',(#7442),#276,.T.);
#8022=ADVANCED_FACE('',(#7443),#7608,.T.);
#8023=ADVANCED_FACE('',(#7444),#22,.T.);
#8024=ADVANCED_FACE('',(#7445),#277,.T.);
#8025=ADVANCED_FACE('',(#7446),#278,.T.);
#8026=ADVANCED_FACE('',(#7447),#279,.T.);
#8027=ADVANCED_FACE('',(#7448),#280,.T.);
#8028=ADVANCED_FACE('',(#7449),#7609,.T.);
#8029=ADVANCED_FACE('',(#7450),#7610,.T.);
#8030=ADVANCED_FACE('',(#7451),#7611,.T.);
#8031=ADVANCED_FACE('',(#7452),#281,.F.);
#8032=ADVANCED_FACE('',(#7453),#282,.F.);
#8033=ADVANCED_FACE('',(#7454),#283,.F.);
#8034=ADVANCED_FACE('',(#7455),#284,.F.);
#8035=ADVANCED_FACE('',(#7456),#285,.F.);
#8036=ADVANCED_FACE('',(#7457),#286,.F.);
#8037=ADVANCED_FACE('',(#7458),#287,.F.);
#8038=ADVANCED_FACE('',(#7459),#288,.F.);
#8039=ADVANCED_FACE('',(#7460),#289,.F.);
#8040=ADVANCED_FACE('',(#7461),#7612,.T.);
#8041=ADVANCED_FACE('',(#7462),#290,.T.);
#8042=ADVANCED_FACE('',(#7463),#7613,.T.);
#8043=CLOSED_SHELL('',(#7614,#7615,#7616,#7617,#7618,#7619,#7620,#7621,
#7622,#7623,#7624,#7625,#7626,#7627,#7628,#7629,#7630,#7631,#7632,#7633,
#7634,#7635,#7636,#7637,#7638,#7639,#7640,#7641,#7642,#7643,#7644,#7645,
#7646,#7647,#7648,#7649,#7650,#7651,#7652,#7653,#7654,#7655,#7656,#7657,
#7658,#7659,#7660,#7661,#7662,#7663,#7664,#7665,#7666,#7667,#7668,#7669,
#7670,#7671,#7672,#7673,#7674,#7675,#7676,#7677,#7678,#7679,#7680,#7681,
#7682,#7683,#7684,#7685,#7686,#7687,#7688,#7689,#7690,#7691,#7692,#7693,
#7694,#7695,#7696,#7697,#7698,#7699,#7700,#7701,#7702,#7703,#7704,#7705,
#7706,#7707,#7708,#7709,#7710,#7711,#7712,#7713,#7714,#7715,#7716,#7717,
#7718,#7719,#7720,#7721,#7722,#7723,#7724,#7725,#7726,#7727,#7728,#7729,
#7730,#7731,#7732,#7733,#7734,#7735,#7736,#7737,#7738,#7739,#7740,#7741,
#7742,#7743,#7744,#7745,#7746,#7747,#7748,#7749,#7750,#7751,#7752,#7753,
#7754,#7755,#7756,#7757,#7758,#7759,#7760,#7761,#7762,#7763,#7764,#7765,
#7766,#7767,#7768,#7769,#7770,#7771,#7772,#7773,#7774,#7775,#7776,#7777,
#7778,#7779,#7780,#7781,#7782,#7783,#7784,#7785,#7786,#7787,#7788,#7789,
#7790,#7791,#7792,#7793,#7794,#7795,#7796,#7797,#7798,#7799,#7800,#7801,
#7802,#7803,#7804,#7805,#7806,#7807,#7808,#7809,#7810,#7811,#7812,#7813,
#7814,#7815,#7816,#7817,#7818,#7819,#7820,#7821,#7822,#7823,#7824,#7825,
#7826,#7827,#7828,#7829,#7830,#7831,#7832,#7833,#7834,#7835,#7836,#7837,
#7838,#7839,#7840,#7841,#7842,#7843,#7844,#7845,#7846,#7847,#7848,#7849,
#7850,#7851,#7852,#7853,#7854,#7855,#7856,#7857,#7858,#7859,#7860,#7861,
#7862,#7863,#7864,#7865,#7866,#7867,#7868,#7869,#7870,#7871,#7872,#7873,
#7874,#7875,#7876,#7877,#7878,#7879,#7880,#7881,#7882,#7883,#7884,#7885,
#7886,#7887,#7888,#7889,#7890,#7891,#7892,#7893,#7894,#7895,#7896,#7897,
#7898,#7899,#7900,#7901,#7902,#7903,#7904,#7905,#7906,#7907,#7908,#7909,
#7910,#7911,#7912,#7913,#7914,#7915,#7916,#7917,#7918,#7919,#7920,#7921,
#7922,#7923,#7924,#7925,#7926,#7927,#7928,#7929,#7930,#7931,#7932,#7933,
#7934,#7935,#7936,#7937,#7938,#7939,#7940,#7941,#7942,#7943,#7944,#7945,
#7946,#7947,#7948,#7949,#7950,#7951,#7952,#7953,#7954,#7955,#7956,#7957,
#7958,#7959,#7960,#7961,#7962,#7963,#7964,#7965,#7966,#7967,#7968,#7969,
#7970,#7971,#7972,#7973,#7974,#7975,#7976,#7977,#7978,#7979,#7980,#7981,
#7982,#7983,#7984,#7985,#7986,#7987,#7988,#7989,#7990,#7991,#7992,#7993,
#7994,#7995,#7996,#7997,#7998,#7999,#8000,#8001,#8002,#8003,#8004,#8005,
#8006,#8007,#8008,#8009,#8010,#8011,#8012,#8013,#8014,#8015,#8016,#8017,
#8018,#8019,#8020,#8021,#8022,#8023,#8024,#8025,#8026,#8027,#8028,#8029,
#8030,#8031,#8032,#8033,#8034,#8035,#8036,#8037,#8038,#8039,#8040,#8041,
#8042));
#8044=STYLED_ITEM('',(#8045),#8052);
#8045=PRESENTATION_STYLE_ASSIGNMENT((#8046));
#8046=SURFACE_STYLE_USAGE(.BOTH.,#8047);
#8047=SURFACE_SIDE_STYLE('',(#8048));
#8048=SURFACE_STYLE_FILL_AREA(#8049);
#8049=FILL_AREA_STYLE('',(#8050));
#8050=FILL_AREA_STYLE_COLOUR('',#8051);
#8051=DRAUGHTING_PRE_DEFINED_COLOUR('black');
#8052=MANIFOLD_SOLID_BREP('Part 2',#8043);
#8053=SHAPE_DEFINITION_REPRESENTATION(#14119,#8054);
#8054=SHAPE_REPRESENTATION('Part 2',(#8055),#14114);
#8055=AXIS2_PLACEMENT_3D('',#11561,#9010,#9011);
#8056=AXIS2_PLACEMENT_3D('',#11562,#9012,#9013);
#8057=AXIS2_PLACEMENT_3D('',#11563,#9014,#9015);
#8058=AXIS2_PLACEMENT_3D('',#11565,#9016,#9017);
#8059=AXIS2_PLACEMENT_3D('',#11567,#9018,#9019);
#8060=AXIS2_PLACEMENT_3D('',#11569,#9020,#9021);
#8061=AXIS2_PLACEMENT_3D('',#11593,#9033,#9034);
#8062=AXIS2_PLACEMENT_3D('',#11596,#9035,#9036);
#8063=AXIS2_PLACEMENT_3D('',#11598,#9037,#9038);
#8064=AXIS2_PLACEMENT_3D('',#11600,#9039,#9040);
#8065=AXIS2_PLACEMENT_3D('',#11602,#9041,#9042);
#8066=AXIS2_PLACEMENT_3D('',#11606,#9044,#9045);
#8067=AXIS2_PLACEMENT_3D('',#11612,#9046,#9047);
#8068=AXIS2_PLACEMENT_3D('',#11614,#9048,#9049);
#8069=AXIS2_PLACEMENT_3D('',#11616,#9050,#9051);
#8070=AXIS2_PLACEMENT_3D('',#11618,#9052,#9053);
#8071=AXIS2_PLACEMENT_3D('',#11620,#9054,#9055);
#8072=AXIS2_PLACEMENT_3D('',#11622,#9056,#9057);
#8073=AXIS2_PLACEMENT_3D('',#11624,#9058,#9059);
#8074=AXIS2_PLACEMENT_3D('',#11626,#9060,#9061);
#8075=AXIS2_PLACEMENT_3D('',#11630,#9063,#9064);
#8076=AXIS2_PLACEMENT_3D('',#11632,#9065,#9066);
#8077=AXIS2_PLACEMENT_3D('',#11634,#9067,#9068);
#8078=AXIS2_PLACEMENT_3D('',#11636,#9069,#9070);
#8079=AXIS2_PLACEMENT_3D('',#11638,#9071,#9072);
#8080=AXIS2_PLACEMENT_3D('',#11640,#9073,#9074);
#8081=AXIS2_PLACEMENT_3D('',#11642,#9075,#9076);
#8082=AXIS2_PLACEMENT_3D('',#11646,#9078,#9079);
#8083=AXIS2_PLACEMENT_3D('',#11648,#9080,#9081);
#8084=AXIS2_PLACEMENT_3D('',#11650,#9082,#9083);
#8085=AXIS2_PLACEMENT_3D('',#11652,#9084,#9085);
#8086=AXIS2_PLACEMENT_3D('',#11654,#9086,#9087);
#8087=AXIS2_PLACEMENT_3D('',#11656,#9088,#9089);
#8088=AXIS2_PLACEMENT_3D('',#11658,#9090,#9091);
#8089=AXIS2_PLACEMENT_3D('',#11660,#9092,#9093);
#8090=AXIS2_PLACEMENT_3D('',#11662,#9094,#9095);
#8091=AXIS2_PLACEMENT_3D('',#11664,#9096,#9097);
#8092=AXIS2_PLACEMENT_3D('',#11666,#9098,#9099);
#8093=AXIS2_PLACEMENT_3D('',#11670,#9101,#9102);
#8094=AXIS2_PLACEMENT_3D('',#11672,#9103,#9104);
#8095=AXIS2_PLACEMENT_3D('',#11674,#9105,#9106);
#8096=AXIS2_PLACEMENT_3D('',#11676,#9107,#9108);
#8097=AXIS2_PLACEMENT_3D('',#11678,#9109,#9110);
#8098=AXIS2_PLACEMENT_3D('',#11680,#9111,#9112);
#8099=AXIS2_PLACEMENT_3D('',#11682,#9113,#9114);
#8100=AXIS2_PLACEMENT_3D('',#11684,#9115,#9116);
#8101=AXIS2_PLACEMENT_3D('',#11686,#9117,#9118);
#8102=AXIS2_PLACEMENT_3D('',#11704,#9127,#9128);
#8103=AXIS2_PLACEMENT_3D('',#11706,#9129,#9130);
#8104=AXIS2_PLACEMENT_3D('',#11708,#9131,#9132);
#8105=AXIS2_PLACEMENT_3D('',#11710,#9133,#9134);
#8106=AXIS2_PLACEMENT_3D('',#11712,#9135,#9136);
#8107=AXIS2_PLACEMENT_3D('',#11714,#9137,#9138);
#8108=AXIS2_PLACEMENT_3D('',#11716,#9139,#9140);
#8109=AXIS2_PLACEMENT_3D('',#11718,#9141,#9142);
#8110=AXIS2_PLACEMENT_3D('',#11720,#9143,#9144);
#8111=AXIS2_PLACEMENT_3D('',#11722,#9145,#9146);
#8112=AXIS2_PLACEMENT_3D('',#11724,#9147,#9148);
#8113=AXIS2_PLACEMENT_3D('',#11728,#9150,#9151);
#8114=AXIS2_PLACEMENT_3D('',#11730,#9152,#9153);
#8115=AXIS2_PLACEMENT_3D('',#11732,#9154,#9155);
#8116=AXIS2_PLACEMENT_3D('',#11734,#9156,#9157);
#8117=AXIS2_PLACEMENT_3D('',#11736,#9158,#9159);
#8118=AXIS2_PLACEMENT_3D('',#11738,#9160,#9161);
#8119=AXIS2_PLACEMENT_3D('',#11740,#9162,#9163);
#8120=AXIS2_PLACEMENT_3D('',#11742,#9164,#9165);
#8121=AXIS2_PLACEMENT_3D('',#11744,#9166,#9167);
#8122=AXIS2_PLACEMENT_3D('',#11752,#9171,#9172);
#8123=AXIS2_PLACEMENT_3D('',#11754,#9173,#9174);
#8124=AXIS2_PLACEMENT_3D('',#11756,#9175,#9176);
#8125=AXIS2_PLACEMENT_3D('',#11758,#9177,#9178);
#8126=AXIS2_PLACEMENT_3D('',#11760,#9179,#9180);
#8127=AXIS2_PLACEMENT_3D('',#11768,#9184,#9185);
#8128=AXIS2_PLACEMENT_3D('',#11770,#9186,#9187);
#8129=AXIS2_PLACEMENT_3D('',#11772,#9188,#9189);
#8130=AXIS2_PLACEMENT_3D('',#11774,#9190,#9191);
#8131=AXIS2_PLACEMENT_3D('',#11778,#9193,#9194);
#8132=AXIS2_PLACEMENT_3D('',#11786,#9196,#9197);
#8133=AXIS2_PLACEMENT_3D('',#11788,#9198,#9199);
#8134=AXIS2_PLACEMENT_3D('',#11790,#9200,#9201);
#8135=AXIS2_PLACEMENT_3D('',#11804,#9208,#9209);
#8136=AXIS2_PLACEMENT_3D('',#11806,#9210,#9211);
#8137=AXIS2_PLACEMENT_3D('',#11808,#9212,#9213);
#8138=AXIS2_PLACEMENT_3D('',#11810,#9214,#9215);
#8139=AXIS2_PLACEMENT_3D('',#11814,#9217,#9218);
#8140=AXIS2_PLACEMENT_3D('',#11816,#9219,#9220);
#8141=AXIS2_PLACEMENT_3D('',#11818,#9221,#9222);
#8142=AXIS2_PLACEMENT_3D('',#11820,#9223,#9224);
#8143=AXIS2_PLACEMENT_3D('',#11826,#9225,#9226);
#8144=AXIS2_PLACEMENT_3D('',#11830,#9228,#9229);
#8145=AXIS2_PLACEMENT_3D('',#11832,#9230,#9231);
#8146=AXIS2_PLACEMENT_3D('',#11836,#9233,#9234);
#8147=AXIS2_PLACEMENT_3D('',#11842,#9235,#9236);
#8148=AXIS2_PLACEMENT_3D('',#11844,#9237,#9238);
#8149=AXIS2_PLACEMENT_3D('',#11846,#9239,#9240);
#8150=AXIS2_PLACEMENT_3D('',#11848,#9241,#9242);
#8151=AXIS2_PLACEMENT_3D('',#11850,#9243,#9244);
#8152=AXIS2_PLACEMENT_3D('',#11852,#9245,#9246);
#8153=AXIS2_PLACEMENT_3D('',#11856,#9248,#9249);
#8154=AXIS2_PLACEMENT_3D('',#11858,#9250,#9251);
#8155=AXIS2_PLACEMENT_3D('',#11860,#9252,#9253);
#8156=AXIS2_PLACEMENT_3D('',#11862,#9254,#9255);
#8157=AXIS2_PLACEMENT_3D('',#11864,#9256,#9257);
#8158=AXIS2_PLACEMENT_3D('',#11866,#9258,#9259);
#8159=AXIS2_PLACEMENT_3D('',#11868,#9260,#9261);
#8160=AXIS2_PLACEMENT_3D('',#11870,#9262,#9263);
#8161=AXIS2_PLACEMENT_3D('',#11872,#9264,#9265);
#8162=AXIS2_PLACEMENT_3D('',#11874,#9266,#9267);
#8163=AXIS2_PLACEMENT_3D('',#11903,#9282,#9283);
#8164=AXIS2_PLACEMENT_3D('',#11906,#9284,#9285);
#8165=AXIS2_PLACEMENT_3D('',#11908,#9286,#9287);
#8166=AXIS2_PLACEMENT_3D('',#11910,#9288,#9289);
#8167=AXIS2_PLACEMENT_3D('',#11912,#9290,#9291);
#8168=AXIS2_PLACEMENT_3D('',#11920,#9295,#9296);
#8169=AXIS2_PLACEMENT_3D('',#11922,#9297,#9298);
#8170=AXIS2_PLACEMENT_3D('',#11924,#9299,#9300);
#8171=AXIS2_PLACEMENT_3D('',#11926,#9301,#9302);
#8172=AXIS2_PLACEMENT_3D('',#11928,#9303,#9304);
#8173=AXIS2_PLACEMENT_3D('',#11930,#9305,#9306);
#8174=AXIS2_PLACEMENT_3D('',#11934,#9308,#9309);
#8175=AXIS2_PLACEMENT_3D('',#11936,#9310,#9311);
#8176=AXIS2_PLACEMENT_3D('',#11938,#9312,#9313);
#8177=AXIS2_PLACEMENT_3D('',#11942,#9315,#9316);
#8178=AXIS2_PLACEMENT_3D('',#11944,#9317,#9318);
#8179=AXIS2_PLACEMENT_3D('',#11946,#9319,#9320);
#8180=AXIS2_PLACEMENT_3D('',#11948,#9321,#9322);
#8181=AXIS2_PLACEMENT_3D('',#11950,#9323,#9324);
#8182=AXIS2_PLACEMENT_3D('',#11952,#9325,#9326);
#8183=AXIS2_PLACEMENT_3D('',#11956,#9328,#9329);
#8184=AXIS2_PLACEMENT_3D('',#11958,#9330,#9331);
#8185=AXIS2_PLACEMENT_3D('',#11960,#9332,#9333);
#8186=AXIS2_PLACEMENT_3D('',#11962,#9334,#9335);
#8187=AXIS2_PLACEMENT_3D('',#11964,#9336,#9337);
#8188=AXIS2_PLACEMENT_3D('',#11966,#9338,#9339);
#8189=AXIS2_PLACEMENT_3D('',#11968,#9340,#9341);
#8190=AXIS2_PLACEMENT_3D('',#11970,#9342,#9343);
#8191=AXIS2_PLACEMENT_3D('',#11972,#9344,#9345);
#8192=AXIS2_PLACEMENT_3D('',#12002,#9360,#9361);
#8193=AXIS2_PLACEMENT_3D('',#12004,#9362,#9363);
#8194=AXIS2_PLACEMENT_3D('',#12008,#9365,#9366);
#8195=AXIS2_PLACEMENT_3D('',#12010,#9367,#9368);
#8196=AXIS2_PLACEMENT_3D('',#12012,#9369,#9370);
#8197=AXIS2_PLACEMENT_3D('',#12013,#9371,#9372);
#8198=AXIS2_PLACEMENT_3D('',#12020,#9373,#9374);
#8199=AXIS2_PLACEMENT_3D('',#12026,#9377,#9378);
#8200=AXIS2_PLACEMENT_3D('',#12028,#9379,#9380);
#8201=AXIS2_PLACEMENT_3D('',#12030,#9381,#9382);
#8202=AXIS2_PLACEMENT_3D('',#12032,#9383,#9384);
#8203=AXIS2_PLACEMENT_3D('',#12034,#9385,#9386);
#8204=AXIS2_PLACEMENT_3D('',#12036,#9387,#9388);
#8205=AXIS2_PLACEMENT_3D('',#12038,#9389,#9390);
#8206=AXIS2_PLACEMENT_3D('',#12040,#9391,#9392);
#8207=AXIS2_PLACEMENT_3D('',#12048,#9396,#9397);
#8208=AXIS2_PLACEMENT_3D('',#12050,#9398,#9399);
#8209=AXIS2_PLACEMENT_3D('',#12052,#9400,#9401);
#8210=AXIS2_PLACEMENT_3D('',#12066,#9408,#9409);
#8211=AXIS2_PLACEMENT_3D('',#12068,#9410,#9411);
#8212=AXIS2_PLACEMENT_3D('',#12070,#9412,#9413);
#8213=AXIS2_PLACEMENT_3D('',#12072,#9414,#9415);
#8214=AXIS2_PLACEMENT_3D('',#12074,#9416,#9417);
#8215=AXIS2_PLACEMENT_3D('',#12076,#9418,#9419);
#8216=AXIS2_PLACEMENT_3D('',#12080,#9421,#9422);
#8217=AXIS2_PLACEMENT_3D('',#12082,#9423,#9424);
#8218=AXIS2_PLACEMENT_3D('',#12084,#9425,#9426);
#8219=AXIS2_PLACEMENT_3D('',#12086,#9427,#9428);
#8220=AXIS2_PLACEMENT_3D('',#12088,#9429,#9430);
#8221=AXIS2_PLACEMENT_3D('',#12097,#9433,#9434);
#8222=AXIS2_PLACEMENT_3D('',#12100,#9435,#9436);
#8223=AXIS2_PLACEMENT_3D('',#12102,#9437,#9438);
#8224=AXIS2_PLACEMENT_3D('',#12104,#9439,#9440);
#8225=AXIS2_PLACEMENT_3D('',#12106,#9441,#9442);
#8226=AXIS2_PLACEMENT_3D('',#12108,#9443,#9444);
#8227=AXIS2_PLACEMENT_3D('',#12110,#9445,#9446);
#8228=AXIS2_PLACEMENT_3D('',#12112,#9447,#9448);
#8229=AXIS2_PLACEMENT_3D('',#12114,#9449,#9450);
#8230=AXIS2_PLACEMENT_3D('',#12116,#9451,#9452);
#8231=AXIS2_PLACEMENT_3D('',#12118,#9453,#9454);
#8232=AXIS2_PLACEMENT_3D('',#12122,#9456,#9457);
#8233=AXIS2_PLACEMENT_3D('',#12124,#9458,#9459);
#8234=AXIS2_PLACEMENT_3D('',#12126,#9460,#9461);
#8235=AXIS2_PLACEMENT_3D('',#12128,#9462,#9463);
#8236=AXIS2_PLACEMENT_3D('',#12130,#9464,#9465);
#8237=AXIS2_PLACEMENT_3D('',#12132,#9466,#9467);
#8238=AXIS2_PLACEMENT_3D('',#12134,#9468,#9469);
#8239=AXIS2_PLACEMENT_3D('',#12136,#9470,#9471);
#8240=AXIS2_PLACEMENT_3D('',#12138,#9472,#9473);
#8241=AXIS2_PLACEMENT_3D('',#12140,#9474,#9475);
#8242=AXIS2_PLACEMENT_3D('',#12142,#9476,#9477);
#8243=AXIS2_PLACEMENT_3D('',#12144,#9478,#9479);
#8244=AXIS2_PLACEMENT_3D('',#12148,#9481,#9482);
#8245=AXIS2_PLACEMENT_3D('',#12154,#9485,#9486);
#8246=AXIS2_PLACEMENT_3D('',#12156,#9487,#9488);
#8247=AXIS2_PLACEMENT_3D('',#12158,#9489,#9490);
#8248=AXIS2_PLACEMENT_3D('',#12162,#9492,#9493);
#8249=AXIS2_PLACEMENT_3D('',#12164,#9494,#9495);
#8250=AXIS2_PLACEMENT_3D('',#12166,#9496,#9497);
#8251=AXIS2_PLACEMENT_3D('',#12168,#9498,#9499);
#8252=AXIS2_PLACEMENT_3D('',#12170,#9500,#9501);
#8253=AXIS2_PLACEMENT_3D('',#12172,#9502,#9503);
#8254=AXIS2_PLACEMENT_3D('',#12176,#9505,#9506);
#8255=AXIS2_PLACEMENT_3D('',#12178,#9507,#9508);
#8256=AXIS2_PLACEMENT_3D('',#12182,#9510,#9511);
#8257=AXIS2_PLACEMENT_3D('',#12184,#9512,#9513);
#8258=AXIS2_PLACEMENT_3D('',#12186,#9514,#9515);
#8259=AXIS2_PLACEMENT_3D('',#12188,#9516,#9517);
#8260=AXIS2_PLACEMENT_3D('',#12190,#9518,#9519);
#8261=AXIS2_PLACEMENT_3D('',#12192,#9520,#9521);
#8262=AXIS2_PLACEMENT_3D('',#12194,#9522,#9523);
#8263=AXIS2_PLACEMENT_3D('',#12200,#9526,#9527);
#8264=AXIS2_PLACEMENT_3D('',#12202,#9528,#9529);
#8265=AXIS2_PLACEMENT_3D('',#12204,#9530,#9531);
#8266=AXIS2_PLACEMENT_3D('',#12206,#9532,#9533);
#8267=AXIS2_PLACEMENT_3D('',#12208,#9534,#9535);
#8268=AXIS2_PLACEMENT_3D('',#12210,#9536,#9537);
#8269=AXIS2_PLACEMENT_3D('',#12212,#9538,#9539);
#8270=AXIS2_PLACEMENT_3D('',#12214,#9540,#9541);
#8271=AXIS2_PLACEMENT_3D('',#12216,#9542,#9543);
#8272=AXIS2_PLACEMENT_3D('',#12218,#9544,#9545);
#8273=AXIS2_PLACEMENT_3D('',#12219,#9546,#9547);
#8274=AXIS2_PLACEMENT_3D('',#12222,#9548,#9549);
#8275=AXIS2_PLACEMENT_3D('',#12224,#9550,#9551);
#8276=AXIS2_PLACEMENT_3D('',#12226,#9552,#9553);
#8277=AXIS2_PLACEMENT_3D('',#12228,#9554,#9555);
#8278=AXIS2_PLACEMENT_3D('',#12230,#9556,#9557);
#8279=AXIS2_PLACEMENT_3D('',#12232,#9558,#9559);
#8280=AXIS2_PLACEMENT_3D('',#12234,#9560,#9561);
#8281=AXIS2_PLACEMENT_3D('',#12236,#9562,#9563);
#8282=AXIS2_PLACEMENT_3D('',#12238,#9564,#9565);
#8283=AXIS2_PLACEMENT_3D('',#12256,#9570,#9571);
#8284=AXIS2_PLACEMENT_3D('',#12268,#9575,#9576);
#8285=AXIS2_PLACEMENT_3D('',#12270,#9577,#9578);
#8286=AXIS2_PLACEMENT_3D('',#12272,#9579,#9580);
#8287=AXIS2_PLACEMENT_3D('',#12278,#9581,#9582);
#8288=AXIS2_PLACEMENT_3D('',#12280,#9583,#9584);
#8289=AXIS2_PLACEMENT_3D('',#12282,#9585,#9586);
#8290=AXIS2_PLACEMENT_3D('',#12284,#9587,#9588);
#8291=AXIS2_PLACEMENT_3D('',#12292,#9592,#9593);
#8292=AXIS2_PLACEMENT_3D('',#12294,#9594,#9595);
#8293=AXIS2_PLACEMENT_3D('',#12296,#9596,#9597);
#8294=AXIS2_PLACEMENT_3D('',#12298,#9598,#9599);
#8295=AXIS2_PLACEMENT_3D('',#12300,#9600,#9601);
#8296=AXIS2_PLACEMENT_3D('',#12302,#9602,#9603);
#8297=AXIS2_PLACEMENT_3D('',#12304,#9604,#9605);
#8298=AXIS2_PLACEMENT_3D('',#12316,#9611,#9612);
#8299=AXIS2_PLACEMENT_3D('',#12318,#9613,#9614);
#8300=AXIS2_PLACEMENT_3D('',#12320,#9615,#9616);
#8301=AXIS2_PLACEMENT_3D('',#12322,#9617,#9618);
#8302=AXIS2_PLACEMENT_3D('',#12326,#9620,#9621);
#8303=AXIS2_PLACEMENT_3D('',#12328,#9622,#9623);
#8304=AXIS2_PLACEMENT_3D('',#12330,#9624,#9625);
#8305=AXIS2_PLACEMENT_3D('',#12332,#9626,#9627);
#8306=AXIS2_PLACEMENT_3D('',#12334,#9628,#9629);
#8307=AXIS2_PLACEMENT_3D('',#12336,#9630,#9631);
#8308=AXIS2_PLACEMENT_3D('',#12338,#9632,#9633);
#8309=AXIS2_PLACEMENT_3D('',#12340,#9634,#9635);
#8310=AXIS2_PLACEMENT_3D('',#12342,#9636,#9637);
#8311=AXIS2_PLACEMENT_3D('',#12347,#9640,#9641);
#8312=AXIS2_PLACEMENT_3D('',#12354,#9642,#9643);
#8313=AXIS2_PLACEMENT_3D('',#12358,#9645,#9646);
#8314=AXIS2_PLACEMENT_3D('',#12360,#9647,#9648);
#8315=AXIS2_PLACEMENT_3D('',#12362,#9649,#9650);
#8316=AXIS2_PLACEMENT_3D('',#12364,#9651,#9652);
#8317=AXIS2_PLACEMENT_3D('',#12366,#9653,#9654);
#8318=AXIS2_PLACEMENT_3D('',#12368,#9655,#9656);
#8319=AXIS2_PLACEMENT_3D('',#12370,#9657,#9658);
#8320=AXIS2_PLACEMENT_3D('',#12372,#9659,#9660);
#8321=AXIS2_PLACEMENT_3D('',#12374,#9661,#9662);
#8322=AXIS2_PLACEMENT_3D('',#12382,#9666,#9667);
#8323=AXIS2_PLACEMENT_3D('',#12384,#9668,#9669);
#8324=AXIS2_PLACEMENT_3D('',#12386,#9670,#9671);
#8325=AXIS2_PLACEMENT_3D('',#12387,#9672,#9673);
#8326=AXIS2_PLACEMENT_3D('',#12393,#9677,#9678);
#8327=AXIS2_PLACEMENT_3D('',#12397,#9681,#9682);
#8328=AXIS2_PLACEMENT_3D('',#12401,#9685,#9686);
#8329=AXIS2_PLACEMENT_3D('',#12403,#9688,#9689);
#8330=AXIS2_PLACEMENT_3D('',#12404,#9690,#9691);
#8331=AXIS2_PLACEMENT_3D('',#12406,#9692,#9693);
#8332=AXIS2_PLACEMENT_3D('',#12407,#9694,#9695);
#8333=AXIS2_PLACEMENT_3D('',#12409,#9696,#9697);
#8334=AXIS2_PLACEMENT_3D('',#12410,#9698,#9699);
#8335=AXIS2_PLACEMENT_3D('',#12412,#9700,#9701);
#8336=AXIS2_PLACEMENT_3D('',#12413,#9702,#9703);
#8337=AXIS2_PLACEMENT_3D('',#12415,#9704,#9705);
#8338=AXIS2_PLACEMENT_3D('',#12416,#9706,#9707);
#8339=AXIS2_PLACEMENT_3D('',#12422,#9711,#9712);
#8340=AXIS2_PLACEMENT_3D('',#12426,#9715,#9716);
#8341=AXIS2_PLACEMENT_3D('',#12430,#9719,#9720);
#8342=AXIS2_PLACEMENT_3D('',#12434,#9723,#9724);
#8343=AXIS2_PLACEMENT_3D('',#12438,#9727,#9728);
#8344=AXIS2_PLACEMENT_3D('',#12442,#9731,#9732);
#8345=AXIS2_PLACEMENT_3D('',#12444,#9734,#9735);
#8346=AXIS2_PLACEMENT_3D('',#12445,#9736,#9737);
#8347=AXIS2_PLACEMENT_3D('',#12448,#9739,#9740);
#8348=AXIS2_PLACEMENT_3D('',#12451,#9742,#9743);
#8349=AXIS2_PLACEMENT_3D('',#12454,#9745,#9746);
#8350=AXIS2_PLACEMENT_3D('',#12455,#9747,#9748);
#8351=AXIS2_PLACEMENT_3D('',#12458,#9750,#9751);
#8352=AXIS2_PLACEMENT_3D('',#12459,#9752,#9753);
#8353=AXIS2_PLACEMENT_3D('',#12462,#9755,#9756);
#8354=AXIS2_PLACEMENT_3D('',#12463,#9757,#9758);
#8355=AXIS2_PLACEMENT_3D('',#12466,#9760,#9761);
#8356=AXIS2_PLACEMENT_3D('',#12467,#9762,#9763);
#8357=AXIS2_PLACEMENT_3D('',#12470,#9765,#9766);
#8358=AXIS2_PLACEMENT_3D('',#12471,#9767,#9768);
#8359=AXIS2_PLACEMENT_3D('',#12474,#9770,#9771);
#8360=AXIS2_PLACEMENT_3D('',#12475,#9772,#9773);
#8361=AXIS2_PLACEMENT_3D('',#12478,#9775,#9776);
#8362=AXIS2_PLACEMENT_3D('',#12479,#9777,#9778);
#8363=AXIS2_PLACEMENT_3D('',#12482,#9780,#9781);
#8364=AXIS2_PLACEMENT_3D('',#12483,#9782,#9783);
#8365=AXIS2_PLACEMENT_3D('',#12487,#9786,#9787);
#8366=AXIS2_PLACEMENT_3D('',#12490,#9789,#9790);
#8367=AXIS2_PLACEMENT_3D('',#12491,#9791,#9792);
#8368=AXIS2_PLACEMENT_3D('',#12494,#9794,#9795);
#8369=AXIS2_PLACEMENT_3D('',#12495,#9796,#9797);
#8370=AXIS2_PLACEMENT_3D('',#12498,#9799,#9800);
#8371=AXIS2_PLACEMENT_3D('',#12499,#9801,#9802);
#8372=AXIS2_PLACEMENT_3D('',#12502,#9804,#9805);
#8373=AXIS2_PLACEMENT_3D('',#12503,#9806,#9807);
#8374=AXIS2_PLACEMENT_3D('',#12506,#9809,#9810);
#8375=AXIS2_PLACEMENT_3D('',#12507,#9811,#9812);
#8376=AXIS2_PLACEMENT_3D('',#12510,#9814,#9815);
#8377=AXIS2_PLACEMENT_3D('',#12511,#9816,#9817);
#8378=AXIS2_PLACEMENT_3D('',#12514,#9819,#9820);
#8379=AXIS2_PLACEMENT_3D('',#12515,#9821,#9822);
#8380=AXIS2_PLACEMENT_3D('',#12518,#9824,#9825);
#8381=AXIS2_PLACEMENT_3D('',#12532,#9827,#9828);
#8382=AXIS2_PLACEMENT_3D('',#12535,#9830,#9831);
#8383=AXIS2_PLACEMENT_3D('',#12536,#9832,#9833);
#8384=AXIS2_PLACEMENT_3D('',#12540,#9836,#9837);
#8385=AXIS2_PLACEMENT_3D('',#12543,#9839,#9840);
#8386=AXIS2_PLACEMENT_3D('',#12544,#9841,#9842);
#8387=AXIS2_PLACEMENT_3D('',#12547,#9844,#9845);
#8388=AXIS2_PLACEMENT_3D('',#12548,#9846,#9847);
#8389=AXIS2_PLACEMENT_3D('',#12549,#9848,#9849);
#8390=AXIS2_PLACEMENT_3D('',#12550,#9850,#9851);
#8391=AXIS2_PLACEMENT_3D('',#12551,#9852,#9853);
#8392=AXIS2_PLACEMENT_3D('',#12554,#9855,#9856);
#8393=AXIS2_PLACEMENT_3D('',#12557,#9858,#9859);
#8394=AXIS2_PLACEMENT_3D('',#12561,#9862,#9863);
#8395=AXIS2_PLACEMENT_3D('',#12565,#9866,#9867);
#8396=AXIS2_PLACEMENT_3D('',#12569,#9870,#9871);
#8397=AXIS2_PLACEMENT_3D('',#12572,#9873,#9874);
#8398=AXIS2_PLACEMENT_3D('',#12573,#9875,#9876);
#8399=AXIS2_PLACEMENT_3D('',#12576,#9878,#9879);
#8400=AXIS2_PLACEMENT_3D('',#12577,#9880,#9881);
#8401=AXIS2_PLACEMENT_3D('',#12580,#9883,#9884);
#8402=AXIS2_PLACEMENT_3D('',#12581,#9885,#9886);
#8403=AXIS2_PLACEMENT_3D('',#12584,#9888,#9889);
#8404=AXIS2_PLACEMENT_3D('',#12585,#9890,#9891);
#8405=AXIS2_PLACEMENT_3D('',#12588,#9893,#9894);
#8406=AXIS2_PLACEMENT_3D('',#12589,#9895,#9896);
#8407=AXIS2_PLACEMENT_3D('',#12592,#9898,#9899);
#8408=AXIS2_PLACEMENT_3D('',#12593,#9900,#9901);
#8409=AXIS2_PLACEMENT_3D('',#12596,#9903,#9904);
#8410=AXIS2_PLACEMENT_3D('',#12597,#9905,#9906);
#8411=AXIS2_PLACEMENT_3D('',#12600,#9908,#9909);
#8412=AXIS2_PLACEMENT_3D('',#12601,#9910,#9911);
#8413=AXIS2_PLACEMENT_3D('',#12604,#9913,#9914);
#8414=AXIS2_PLACEMENT_3D('',#12605,#9915,#9916);
#8415=AXIS2_PLACEMENT_3D('',#12609,#9919,#9920);
#8416=AXIS2_PLACEMENT_3D('',#12612,#9922,#9923);
#8417=AXIS2_PLACEMENT_3D('',#12613,#9924,#9925);
#8418=AXIS2_PLACEMENT_3D('',#12616,#9927,#9928);
#8419=AXIS2_PLACEMENT_3D('',#12617,#9929,#9930);
#8420=AXIS2_PLACEMENT_3D('',#12620,#9932,#9933);
#8421=AXIS2_PLACEMENT_3D('',#12621,#9934,#9935);
#8422=AXIS2_PLACEMENT_3D('',#12624,#9937,#9938);
#8423=AXIS2_PLACEMENT_3D('',#12625,#9939,#9940);
#8424=AXIS2_PLACEMENT_3D('',#12628,#9942,#9943);
#8425=AXIS2_PLACEMENT_3D('',#12629,#9944,#9945);
#8426=AXIS2_PLACEMENT_3D('',#12632,#9947,#9948);
#8427=AXIS2_PLACEMENT_3D('',#12633,#9949,#9950);
#8428=AXIS2_PLACEMENT_3D('',#12636,#9952,#9953);
#8429=AXIS2_PLACEMENT_3D('',#12637,#9954,#9955);
#8430=AXIS2_PLACEMENT_3D('',#12640,#9957,#9958);
#8431=AXIS2_PLACEMENT_3D('',#12641,#9959,#9960);
#8432=AXIS2_PLACEMENT_3D('',#12644,#9962,#9963);
#8433=AXIS2_PLACEMENT_3D('',#12645,#9964,#9965);
#8434=AXIS2_PLACEMENT_3D('',#12646,#9966,#9967);
#8435=AXIS2_PLACEMENT_3D('',#12647,#9968,#9969);
#8436=AXIS2_PLACEMENT_3D('',#12648,#9970,#9971);
#8437=AXIS2_PLACEMENT_3D('',#12654,#9975,#9976);
#8438=AXIS2_PLACEMENT_3D('',#12658,#9979,#9980);
#8439=AXIS2_PLACEMENT_3D('',#12662,#9983,#9984);
#8440=AXIS2_PLACEMENT_3D('',#12666,#9987,#9988);
#8441=AXIS2_PLACEMENT_3D('',#12668,#9990,#9991);
#8442=AXIS2_PLACEMENT_3D('',#12669,#9992,#9993);
#8443=AXIS2_PLACEMENT_3D('',#12672,#9995,#9996);
#8444=AXIS2_PLACEMENT_3D('',#12675,#9998,#9999);
#8445=AXIS2_PLACEMENT_3D('',#12679,#10002,#10003);
#8446=AXIS2_PLACEMENT_3D('',#12683,#10006,#10007);
#8447=AXIS2_PLACEMENT_3D('',#12687,#10010,#10011);
#8448=AXIS2_PLACEMENT_3D('',#12690,#10013,#10014);
#8449=AXIS2_PLACEMENT_3D('',#12691,#10015,#10016);
#8450=AXIS2_PLACEMENT_3D('',#12694,#10018,#10019);
#8451=AXIS2_PLACEMENT_3D('',#12695,#10020,#10021);
#8452=AXIS2_PLACEMENT_3D('',#12698,#10023,#10024);
#8453=AXIS2_PLACEMENT_3D('',#12699,#10025,#10026);
#8454=AXIS2_PLACEMENT_3D('',#12702,#10028,#10029);
#8455=AXIS2_PLACEMENT_3D('',#12703,#10030,#10031);
#8456=AXIS2_PLACEMENT_3D('',#12706,#10033,#10034);
#8457=AXIS2_PLACEMENT_3D('',#12707,#10035,#10036);
#8458=AXIS2_PLACEMENT_3D('',#12710,#10038,#10039);
#8459=AXIS2_PLACEMENT_3D('',#12711,#10040,#10041);
#8460=AXIS2_PLACEMENT_3D('',#12714,#10043,#10044);
#8461=AXIS2_PLACEMENT_3D('',#12715,#10045,#10046);
#8462=AXIS2_PLACEMENT_3D('',#12718,#10048,#10049);
#8463=AXIS2_PLACEMENT_3D('',#12719,#10050,#10051);
#8464=AXIS2_PLACEMENT_3D('',#12722,#10053,#10054);
#8465=AXIS2_PLACEMENT_3D('',#12723,#10055,#10056);
#8466=AXIS2_PLACEMENT_3D('',#12727,#10059,#10060);
#8467=AXIS2_PLACEMENT_3D('',#12730,#10062,#10063);
#8468=AXIS2_PLACEMENT_3D('',#12731,#10064,#10065);
#8469=AXIS2_PLACEMENT_3D('',#12734,#10067,#10068);
#8470=AXIS2_PLACEMENT_3D('',#12735,#10069,#10070);
#8471=AXIS2_PLACEMENT_3D('',#12738,#10072,#10073);
#8472=AXIS2_PLACEMENT_3D('',#12739,#10074,#10075);
#8473=AXIS2_PLACEMENT_3D('',#12742,#10077,#10078);
#8474=AXIS2_PLACEMENT_3D('',#12743,#10079,#10080);
#8475=AXIS2_PLACEMENT_3D('',#12746,#10082,#10083);
#8476=AXIS2_PLACEMENT_3D('',#12747,#10084,#10085);
#8477=AXIS2_PLACEMENT_3D('',#12750,#10087,#10088);
#8478=AXIS2_PLACEMENT_3D('',#12751,#10089,#10090);
#8479=AXIS2_PLACEMENT_3D('',#12754,#10092,#10093);
#8480=AXIS2_PLACEMENT_3D('',#12755,#10094,#10095);
#8481=AXIS2_PLACEMENT_3D('',#12758,#10097,#10098);
#8482=AXIS2_PLACEMENT_3D('',#12759,#10099,#10100);
#8483=AXIS2_PLACEMENT_3D('',#12762,#10102,#10103);
#8484=AXIS2_PLACEMENT_3D('',#12763,#10104,#10105);
#8485=AXIS2_PLACEMENT_3D('',#12764,#10106,#10107);
#8486=AXIS2_PLACEMENT_3D('',#12765,#10108,#10109);
#8487=AXIS2_PLACEMENT_3D('',#12766,#10110,#10111);
#8488=AXIS2_PLACEMENT_3D('',#12769,#10113,#10114);
#8489=AXIS2_PLACEMENT_3D('',#12772,#10116,#10117);
#8490=AXIS2_PLACEMENT_3D('',#12776,#10120,#10121);
#8491=AXIS2_PLACEMENT_3D('',#12779,#10123,#10124);
#8492=AXIS2_PLACEMENT_3D('',#12780,#10125,#10126);
#8493=AXIS2_PLACEMENT_3D('',#12783,#10128,#10129);
#8494=AXIS2_PLACEMENT_3D('',#12784,#10130,#10131);
#8495=AXIS2_PLACEMENT_3D('',#12787,#10133,#10134);
#8496=AXIS2_PLACEMENT_3D('',#12788,#10135,#10136);
#8497=AXIS2_PLACEMENT_3D('',#12791,#10138,#10139);
#8498=AXIS2_PLACEMENT_3D('',#12792,#10140,#10141);
#8499=AXIS2_PLACEMENT_3D('',#12796,#10144,#10145);
#8500=AXIS2_PLACEMENT_3D('',#12800,#10148,#10149);
#8501=AXIS2_PLACEMENT_3D('',#12804,#10152,#10153);
#8502=AXIS2_PLACEMENT_3D('',#12807,#10155,#10156);
#8503=AXIS2_PLACEMENT_3D('',#12808,#10157,#10158);
#8504=AXIS2_PLACEMENT_3D('',#12811,#10160,#10161);
#8505=AXIS2_PLACEMENT_3D('',#12812,#10162,#10163);
#8506=AXIS2_PLACEMENT_3D('',#12815,#10165,#10166);
#8507=AXIS2_PLACEMENT_3D('',#12816,#10167,#10168);
#8508=AXIS2_PLACEMENT_3D('',#12817,#10169,#10170);
#8509=AXIS2_PLACEMENT_3D('',#12818,#10171,#10172);
#8510=AXIS2_PLACEMENT_3D('',#12819,#10173,#10174);
#8511=AXIS2_PLACEMENT_3D('',#12822,#10176,#10177);
#8512=AXIS2_PLACEMENT_3D('',#12825,#10179,#10180);
#8513=AXIS2_PLACEMENT_3D('',#12829,#10183,#10184);
#8514=AXIS2_PLACEMENT_3D('',#12832,#10186,#10187);
#8515=AXIS2_PLACEMENT_3D('',#12833,#10188,#10189);
#8516=AXIS2_PLACEMENT_3D('',#12836,#10191,#10192);
#8517=AXIS2_PLACEMENT_3D('',#12837,#10193,#10194);
#8518=AXIS2_PLACEMENT_3D('',#12840,#10196,#10197);
#8519=AXIS2_PLACEMENT_3D('',#12841,#10198,#10199);
#8520=AXIS2_PLACEMENT_3D('',#12856,#10202,#10203);
#8521=AXIS2_PLACEMENT_3D('',#12857,#10204,#10205);
#8522=AXIS2_PLACEMENT_3D('',#12863,#10209,#10210);
#8523=AXIS2_PLACEMENT_3D('',#12867,#10213,#10214);
#8524=AXIS2_PLACEMENT_3D('',#12871,#10217,#10218);
#8525=AXIS2_PLACEMENT_3D('',#12875,#10221,#10222);
#8526=AXIS2_PLACEMENT_3D('',#12877,#10224,#10225);
#8527=AXIS2_PLACEMENT_3D('',#12878,#10226,#10227);
#8528=AXIS2_PLACEMENT_3D('',#12881,#10229,#10230);
#8529=AXIS2_PLACEMENT_3D('',#12884,#10232,#10233);
#8530=AXIS2_PLACEMENT_3D('',#12888,#10236,#10237);
#8531=AXIS2_PLACEMENT_3D('',#12891,#10239,#10240);
#8532=AXIS2_PLACEMENT_3D('',#12892,#10241,#10242);
#8533=AXIS2_PLACEMENT_3D('',#12895,#10244,#10245);
#8534=AXIS2_PLACEMENT_3D('',#12896,#10246,#10247);
#8535=AXIS2_PLACEMENT_3D('',#12899,#10249,#10250);
#8536=AXIS2_PLACEMENT_3D('',#12900,#10251,#10252);
#8537=AXIS2_PLACEMENT_3D('',#12903,#10254,#10255);
#8538=AXIS2_PLACEMENT_3D('',#12904,#10256,#10257);
#8539=AXIS2_PLACEMENT_3D('',#12907,#10259,#10260);
#8540=AXIS2_PLACEMENT_3D('',#12908,#10261,#10262);
#8541=AXIS2_PLACEMENT_3D('',#12911,#10264,#10265);
#8542=AXIS2_PLACEMENT_3D('',#12912,#10266,#10267);
#8543=AXIS2_PLACEMENT_3D('',#12915,#10269,#10270);
#8544=AXIS2_PLACEMENT_3D('',#12916,#10271,#10272);
#8545=AXIS2_PLACEMENT_3D('',#12919,#10274,#10275);
#8546=AXIS2_PLACEMENT_3D('',#12920,#10276,#10277);
#8547=AXIS2_PLACEMENT_3D('',#12923,#10279,#10280);
#8548=AXIS2_PLACEMENT_3D('',#12924,#10281,#10282);
#8549=AXIS2_PLACEMENT_3D('',#12927,#10284,#10285);
#8550=AXIS2_PLACEMENT_3D('',#12928,#10286,#10287);
#8551=AXIS2_PLACEMENT_3D('',#12932,#10290,#10291);
#8552=AXIS2_PLACEMENT_3D('',#12935,#10293,#10294);
#8553=AXIS2_PLACEMENT_3D('',#12936,#10295,#10296);
#8554=AXIS2_PLACEMENT_3D('',#12939,#10298,#10299);
#8555=AXIS2_PLACEMENT_3D('',#12940,#10300,#10301);
#8556=AXIS2_PLACEMENT_3D('',#12943,#10303,#10304);
#8557=AXIS2_PLACEMENT_3D('',#12944,#10305,#10306);
#8558=AXIS2_PLACEMENT_3D('',#12947,#10308,#10309);
#8559=AXIS2_PLACEMENT_3D('',#12948,#10310,#10311);
#8560=AXIS2_PLACEMENT_3D('',#12951,#10313,#10314);
#8561=AXIS2_PLACEMENT_3D('',#12952,#10315,#10316);
#8562=AXIS2_PLACEMENT_3D('',#12955,#10318,#10319);
#8563=AXIS2_PLACEMENT_3D('',#12969,#10321,#10322);
#8564=AXIS2_PLACEMENT_3D('',#12972,#10324,#10325);
#8565=AXIS2_PLACEMENT_3D('',#12973,#10326,#10327);
#8566=AXIS2_PLACEMENT_3D('',#12977,#10330,#10331);
#8567=AXIS2_PLACEMENT_3D('',#12980,#10333,#10334);
#8568=AXIS2_PLACEMENT_3D('',#12981,#10335,#10336);
#8569=AXIS2_PLACEMENT_3D('',#12984,#10338,#10339);
#8570=AXIS2_PLACEMENT_3D('',#12985,#10340,#10341);
#8571=AXIS2_PLACEMENT_3D('',#12989,#10344,#10345);
#8572=AXIS2_PLACEMENT_3D('',#12992,#10347,#10348);
#8573=AXIS2_PLACEMENT_3D('',#13006,#10350,#10351);
#8574=AXIS2_PLACEMENT_3D('',#13009,#10353,#10354);
#8575=AXIS2_PLACEMENT_3D('',#13010,#10355,#10356);
#8576=AXIS2_PLACEMENT_3D('',#13013,#10358,#10359);
#8577=AXIS2_PLACEMENT_3D('',#13014,#10360,#10361);
#8578=AXIS2_PLACEMENT_3D('',#13017,#10363,#10364);
#8579=AXIS2_PLACEMENT_3D('',#13018,#10365,#10366);
#8580=AXIS2_PLACEMENT_3D('',#13021,#10368,#10369);
#8581=AXIS2_PLACEMENT_3D('',#13022,#10370,#10371);
#8582=AXIS2_PLACEMENT_3D('',#13026,#10374,#10375);
#8583=AXIS2_PLACEMENT_3D('',#13029,#10377,#10378);
#8584=AXIS2_PLACEMENT_3D('',#13030,#10379,#10380);
#8585=AXIS2_PLACEMENT_3D('',#13033,#10382,#10383);
#8586=AXIS2_PLACEMENT_3D('',#13034,#10384,#10385);
#8587=AXIS2_PLACEMENT_3D('',#13035,#10386,#10387);
#8588=AXIS2_PLACEMENT_3D('',#13036,#10388,#10389);
#8589=AXIS2_PLACEMENT_3D('',#13037,#10390,#10391);
#8590=AXIS2_PLACEMENT_3D('',#13043,#10395,#10396);
#8591=AXIS2_PLACEMENT_3D('',#13047,#10399,#10400);
#8592=AXIS2_PLACEMENT_3D('',#13051,#10403,#10404);
#8593=AXIS2_PLACEMENT_3D('',#13055,#10407,#10408);
#8594=AXIS2_PLACEMENT_3D('',#13057,#10410,#10411);
#8595=AXIS2_PLACEMENT_3D('',#13058,#10412,#10413);
#8596=AXIS2_PLACEMENT_3D('',#13064,#10417,#10418);
#8597=AXIS2_PLACEMENT_3D('',#13068,#10421,#10422);
#8598=AXIS2_PLACEMENT_3D('',#13072,#10425,#10426);
#8599=AXIS2_PLACEMENT_3D('',#13074,#10428,#10429);
#8600=AXIS2_PLACEMENT_3D('',#13075,#10430,#10431);
#8601=AXIS2_PLACEMENT_3D('',#13081,#10435,#10436);
#8602=AXIS2_PLACEMENT_3D('',#13085,#10439,#10440);
#8603=AXIS2_PLACEMENT_3D('',#13089,#10443,#10444);
#8604=AXIS2_PLACEMENT_3D('',#13093,#10447,#10448);
#8605=AXIS2_PLACEMENT_3D('',#13095,#10450,#10451);
#8606=AXIS2_PLACEMENT_3D('',#13096,#10452,#10453);
#8607=AXIS2_PLACEMENT_3D('',#13099,#10455,#10456);
#8608=AXIS2_PLACEMENT_3D('',#13102,#10458,#10459);
#8609=AXIS2_PLACEMENT_3D('',#13105,#10461,#10462);
#8610=AXIS2_PLACEMENT_3D('',#13106,#10463,#10464);
#8611=AXIS2_PLACEMENT_3D('',#13109,#10466,#10467);
#8612=AXIS2_PLACEMENT_3D('',#13110,#10468,#10469);
#8613=AXIS2_PLACEMENT_3D('',#13113,#10471,#10472);
#8614=AXIS2_PLACEMENT_3D('',#13114,#10473,#10474);
#8615=AXIS2_PLACEMENT_3D('',#13117,#10476,#10477);
#8616=AXIS2_PLACEMENT_3D('',#13118,#10478,#10479);
#8617=AXIS2_PLACEMENT_3D('',#13122,#10482,#10483);
#8618=AXIS2_PLACEMENT_3D('',#13125,#10485,#10486);
#8619=AXIS2_PLACEMENT_3D('',#13126,#10487,#10488);
#8620=AXIS2_PLACEMENT_3D('',#13129,#10490,#10491);
#8621=AXIS2_PLACEMENT_3D('',#13130,#10492,#10493);
#8622=AXIS2_PLACEMENT_3D('',#13133,#10495,#10496);
#8623=AXIS2_PLACEMENT_3D('',#13134,#10497,#10498);
#8624=AXIS2_PLACEMENT_3D('',#13137,#10500,#10501);
#8625=AXIS2_PLACEMENT_3D('',#13138,#10502,#10503);
#8626=AXIS2_PLACEMENT_3D('',#13141,#10505,#10506);
#8627=AXIS2_PLACEMENT_3D('',#13142,#10507,#10508);
#8628=AXIS2_PLACEMENT_3D('',#13145,#10510,#10511);
#8629=AXIS2_PLACEMENT_3D('',#13146,#10512,#10513);
#8630=AXIS2_PLACEMENT_3D('',#13150,#10516,#10517);
#8631=AXIS2_PLACEMENT_3D('',#13154,#10520,#10521);
#8632=AXIS2_PLACEMENT_3D('',#13158,#10524,#10525);
#8633=AXIS2_PLACEMENT_3D('',#13161,#10527,#10528);
#8634=AXIS2_PLACEMENT_3D('',#13162,#10529,#10530);
#8635=AXIS2_PLACEMENT_3D('',#13165,#10532,#10533);
#8636=AXIS2_PLACEMENT_3D('',#13166,#10534,#10535);
#8637=AXIS2_PLACEMENT_3D('',#13167,#10536,#10537);
#8638=AXIS2_PLACEMENT_3D('',#13168,#10538,#10539);
#8639=AXIS2_PLACEMENT_3D('',#13169,#10540,#10541);
#8640=AXIS2_PLACEMENT_3D('',#13172,#10543,#10544);
#8641=AXIS2_PLACEMENT_3D('',#13175,#10546,#10547);
#8642=AXIS2_PLACEMENT_3D('',#13179,#10550,#10551);
#8643=AXIS2_PLACEMENT_3D('',#13183,#10554,#10555);
#8644=AXIS2_PLACEMENT_3D('',#13187,#10558,#10559);
#8645=AXIS2_PLACEMENT_3D('',#13191,#10562,#10563);
#8646=AXIS2_PLACEMENT_3D('',#13194,#10565,#10566);
#8647=AXIS2_PLACEMENT_3D('',#13195,#10567,#10568);
#8648=AXIS2_PLACEMENT_3D('',#13198,#10570,#10571);
#8649=AXIS2_PLACEMENT_3D('',#13199,#10572,#10573);
#8650=AXIS2_PLACEMENT_3D('',#13202,#10575,#10576);
#8651=AXIS2_PLACEMENT_3D('',#13203,#10577,#10578);
#8652=AXIS2_PLACEMENT_3D('',#13206,#10580,#10581);
#8653=AXIS2_PLACEMENT_3D('',#13207,#10582,#10583);
#8654=AXIS2_PLACEMENT_3D('',#13210,#10585,#10586);
#8655=AXIS2_PLACEMENT_3D('',#13211,#10587,#10588);
#8656=AXIS2_PLACEMENT_3D('',#13214,#10590,#10591);
#8657=AXIS2_PLACEMENT_3D('',#13215,#10592,#10593);
#8658=AXIS2_PLACEMENT_3D('',#13218,#10595,#10596);
#8659=AXIS2_PLACEMENT_3D('',#13219,#10597,#10598);
#8660=AXIS2_PLACEMENT_3D('',#13222,#10600,#10601);
#8661=AXIS2_PLACEMENT_3D('',#13223,#10602,#10603);
#8662=AXIS2_PLACEMENT_3D('',#13226,#10605,#10606);
#8663=AXIS2_PLACEMENT_3D('',#13227,#10607,#10608);
#8664=AXIS2_PLACEMENT_3D('',#13231,#10611,#10612);
#8665=AXIS2_PLACEMENT_3D('',#13234,#10614,#10615);
#8666=AXIS2_PLACEMENT_3D('',#13235,#10616,#10617);
#8667=AXIS2_PLACEMENT_3D('',#13238,#10619,#10620);
#8668=AXIS2_PLACEMENT_3D('',#13239,#10621,#10622);
#8669=AXIS2_PLACEMENT_3D('',#13242,#10624,#10625);
#8670=AXIS2_PLACEMENT_3D('',#13243,#10626,#10627);
#8671=AXIS2_PLACEMENT_3D('',#13246,#10629,#10630);
#8672=AXIS2_PLACEMENT_3D('',#13247,#10631,#10632);
#8673=AXIS2_PLACEMENT_3D('',#13248,#10633,#10634);
#8674=AXIS2_PLACEMENT_3D('',#13249,#10635,#10636);
#8675=AXIS2_PLACEMENT_3D('',#13250,#10637,#10638);
#8676=AXIS2_PLACEMENT_3D('',#13256,#10642,#10643);
#8677=AXIS2_PLACEMENT_3D('',#13260,#10646,#10647);
#8678=AXIS2_PLACEMENT_3D('',#13264,#10650,#10651);
#8679=AXIS2_PLACEMENT_3D('',#13268,#10654,#10655);
#8680=AXIS2_PLACEMENT_3D('',#13270,#10657,#10658);
#8681=AXIS2_PLACEMENT_3D('',#13271,#10659,#10660);
#8682=AXIS2_PLACEMENT_3D('',#13277,#10664,#10665);
#8683=AXIS2_PLACEMENT_3D('',#13281,#10668,#10669);
#8684=AXIS2_PLACEMENT_3D('',#13285,#10672,#10673);
#8685=AXIS2_PLACEMENT_3D('',#13289,#10676,#10677);
#8686=AXIS2_PLACEMENT_3D('',#13291,#10679,#10680);
#8687=AXIS2_PLACEMENT_3D('',#13292,#10681,#10682);
#8688=AXIS2_PLACEMENT_3D('',#13295,#10684,#10685);
#8689=AXIS2_PLACEMENT_3D('',#13298,#10687,#10688);
#8690=AXIS2_PLACEMENT_3D('',#13302,#10691,#10692);
#8691=AXIS2_PLACEMENT_3D('',#13305,#10694,#10695);
#8692=AXIS2_PLACEMENT_3D('',#13306,#10696,#10697);
#8693=AXIS2_PLACEMENT_3D('',#13309,#10699,#10700);
#8694=AXIS2_PLACEMENT_3D('',#13310,#10701,#10702);
#8695=AXIS2_PLACEMENT_3D('',#13313,#10704,#10705);
#8696=AXIS2_PLACEMENT_3D('',#13314,#10706,#10707);
#8697=AXIS2_PLACEMENT_3D('',#13318,#10710,#10711);
#8698=AXIS2_PLACEMENT_3D('',#13319,#10712,#10713);
#8699=AXIS2_PLACEMENT_3D('',#13320,#10714,#10715);
#8700=AXIS2_PLACEMENT_3D('',#13336,#10718,#10719);
#8701=AXIS2_PLACEMENT_3D('',#13339,#10721,#10722);
#8702=AXIS2_PLACEMENT_3D('',#13340,#10723,#10724);
#8703=AXIS2_PLACEMENT_3D('',#13343,#10726,#10727);
#8704=AXIS2_PLACEMENT_3D('',#13344,#10728,#10729);
#8705=AXIS2_PLACEMENT_3D('',#13347,#10731,#10732);
#8706=AXIS2_PLACEMENT_3D('',#13348,#10733,#10734);
#8707=AXIS2_PLACEMENT_3D('',#13351,#10736,#10737);
#8708=AXIS2_PLACEMENT_3D('',#13352,#10738,#10739);
#8709=AXIS2_PLACEMENT_3D('',#13356,#10742,#10743);
#8710=AXIS2_PLACEMENT_3D('',#13360,#10746,#10747);
#8711=AXIS2_PLACEMENT_3D('',#13364,#10750,#10751);
#8712=AXIS2_PLACEMENT_3D('',#13367,#10753,#10754);
#8713=AXIS2_PLACEMENT_3D('',#13368,#10755,#10756);
#8714=AXIS2_PLACEMENT_3D('',#13371,#10758,#10759);
#8715=AXIS2_PLACEMENT_3D('',#13372,#10760,#10761);
#8716=AXIS2_PLACEMENT_3D('',#13375,#10763,#10764);
#8717=AXIS2_PLACEMENT_3D('',#13376,#10765,#10766);
#8718=AXIS2_PLACEMENT_3D('',#13379,#10768,#10769);
#8719=AXIS2_PLACEMENT_3D('',#13380,#10770,#10771);
#8720=AXIS2_PLACEMENT_3D('',#13383,#10773,#10774);
#8721=AXIS2_PLACEMENT_3D('',#13384,#10775,#10776);
#8722=AXIS2_PLACEMENT_3D('',#13387,#10778,#10779);
#8723=AXIS2_PLACEMENT_3D('',#13388,#10780,#10781);
#8724=AXIS2_PLACEMENT_3D('',#13391,#10783,#10784);
#8725=AXIS2_PLACEMENT_3D('',#13392,#10785,#10786);
#8726=AXIS2_PLACEMENT_3D('',#13395,#10788,#10789);
#8727=AXIS2_PLACEMENT_3D('',#13396,#10790,#10791);
#8728=AXIS2_PLACEMENT_3D('',#13400,#10794,#10795);
#8729=AXIS2_PLACEMENT_3D('',#13404,#10798,#10799);
#8730=AXIS2_PLACEMENT_3D('',#13405,#10800,#10801);
#8731=AXIS2_PLACEMENT_3D('',#13406,#10802,#10803);
#8732=AXIS2_PLACEMENT_3D('',#13407,#10804,#10805);
#8733=AXIS2_PLACEMENT_3D('',#13413,#10809,#10810);
#8734=AXIS2_PLACEMENT_3D('',#13417,#10813,#10814);
#8735=AXIS2_PLACEMENT_3D('',#13421,#10817,#10818);
#8736=AXIS2_PLACEMENT_3D('',#13423,#10820,#10821);
#8737=AXIS2_PLACEMENT_3D('',#13424,#10822,#10823);
#8738=AXIS2_PLACEMENT_3D('',#13430,#10827,#10828);
#8739=AXIS2_PLACEMENT_3D('',#13434,#10831,#10832);
#8740=AXIS2_PLACEMENT_3D('',#13438,#10835,#10836);
#8741=AXIS2_PLACEMENT_3D('',#13455,#10840,#10841);
#8742=AXIS2_PLACEMENT_3D('',#13458,#10843,#10844);
#8743=AXIS2_PLACEMENT_3D('',#13459,#10845,#10846);
#8744=AXIS2_PLACEMENT_3D('',#13462,#10848,#10849);
#8745=AXIS2_PLACEMENT_3D('',#13463,#10850,#10851);
#8746=AXIS2_PLACEMENT_3D('',#13466,#10853,#10854);
#8747=AXIS2_PLACEMENT_3D('',#13467,#10855,#10856);
#8748=AXIS2_PLACEMENT_3D('',#13470,#10858,#10859);
#8749=AXIS2_PLACEMENT_3D('',#13471,#10860,#10861);
#8750=AXIS2_PLACEMENT_3D('',#13474,#10863,#10864);
#8751=AXIS2_PLACEMENT_3D('',#13475,#10865,#10866);
#8752=AXIS2_PLACEMENT_3D('',#13479,#10869,#10870);
#8753=AXIS2_PLACEMENT_3D('',#13482,#10872,#10873);
#8754=AXIS2_PLACEMENT_3D('',#13483,#10874,#10875);
#8755=AXIS2_PLACEMENT_3D('',#13486,#10877,#10878);
#8756=AXIS2_PLACEMENT_3D('',#13487,#10879,#10880);
#8757=AXIS2_PLACEMENT_3D('',#13490,#10882,#10883);
#8758=AXIS2_PLACEMENT_3D('',#13491,#10884,#10885);
#8759=AXIS2_PLACEMENT_3D('',#13494,#10887,#10888);
#8760=AXIS2_PLACEMENT_3D('',#13495,#10889,#10890);
#8761=AXIS2_PLACEMENT_3D('',#13498,#10892,#10893);
#8762=AXIS2_PLACEMENT_3D('',#13499,#10894,#10895);
#8763=AXIS2_PLACEMENT_3D('',#13500,#10896,#10897);
#8764=AXIS2_PLACEMENT_3D('',#13501,#10898,#10899);
#8765=AXIS2_PLACEMENT_3D('',#13502,#10900,#10901);
#8766=AXIS2_PLACEMENT_3D('',#13505,#10903,#10904);
#8767=AXIS2_PLACEMENT_3D('',#13508,#10906,#10907);
#8768=AXIS2_PLACEMENT_3D('',#13511,#10909,#10910);
#8769=AXIS2_PLACEMENT_3D('',#13512,#10911,#10912);
#8770=AXIS2_PLACEMENT_3D('',#13515,#10914,#10915);
#8771=AXIS2_PLACEMENT_3D('',#13516,#10916,#10917);
#8772=AXIS2_PLACEMENT_3D('',#13520,#10920,#10921);
#8773=AXIS2_PLACEMENT_3D('',#13523,#10923,#10924);
#8774=AXIS2_PLACEMENT_3D('',#13524,#10925,#10926);
#8775=AXIS2_PLACEMENT_3D('',#13527,#10928,#10929);
#8776=AXIS2_PLACEMENT_3D('',#13528,#10930,#10931);
#8777=AXIS2_PLACEMENT_3D('',#13531,#10933,#10934);
#8778=AXIS2_PLACEMENT_3D('',#13532,#10935,#10936);
#8779=AXIS2_PLACEMENT_3D('',#13535,#10938,#10939);
#8780=AXIS2_PLACEMENT_3D('',#13536,#10940,#10941);
#8781=AXIS2_PLACEMENT_3D('',#13539,#10943,#10944);
#8782=AXIS2_PLACEMENT_3D('',#13540,#10945,#10946);
#8783=AXIS2_PLACEMENT_3D('',#13543,#10948,#10949);
#8784=AXIS2_PLACEMENT_3D('',#13544,#10950,#10951);
#8785=AXIS2_PLACEMENT_3D('',#13547,#10953,#10954);
#8786=AXIS2_PLACEMENT_3D('',#13548,#10955,#10956);
#8787=AXIS2_PLACEMENT_3D('',#13551,#10958,#10959);
#8788=AXIS2_PLACEMENT_3D('',#13552,#10960,#10961);
#8789=AXIS2_PLACEMENT_3D('',#13555,#10963,#10964);
#8790=AXIS2_PLACEMENT_3D('',#13556,#10965,#10966);
#8791=AXIS2_PLACEMENT_3D('',#13559,#10968,#10969);
#8792=AXIS2_PLACEMENT_3D('',#13560,#10970,#10971);
#8793=AXIS2_PLACEMENT_3D('',#13563,#10973,#10974);
#8794=AXIS2_PLACEMENT_3D('',#13564,#10975,#10976);
#8795=AXIS2_PLACEMENT_3D('',#13567,#10978,#10979);
#8796=AXIS2_PLACEMENT_3D('',#13568,#10980,#10981);
#8797=AXIS2_PLACEMENT_3D('',#13572,#10984,#10985);
#8798=AXIS2_PLACEMENT_3D('',#13575,#10987,#10988);
#8799=AXIS2_PLACEMENT_3D('',#13576,#10989,#10990);
#8800=AXIS2_PLACEMENT_3D('',#13579,#10992,#10993);
#8801=AXIS2_PLACEMENT_3D('',#13580,#10994,#10995);
#8802=AXIS2_PLACEMENT_3D('',#13583,#10997,#10998);
#8803=AXIS2_PLACEMENT_3D('',#13584,#10999,#11000);
#8804=AXIS2_PLACEMENT_3D('',#13587,#11002,#11003);
#8805=AXIS2_PLACEMENT_3D('',#13588,#11004,#11005);
#8806=AXIS2_PLACEMENT_3D('',#13591,#11007,#11008);
#8807=AXIS2_PLACEMENT_3D('',#13592,#11009,#11010);
#8808=AXIS2_PLACEMENT_3D('',#13595,#11012,#11013);
#8809=AXIS2_PLACEMENT_3D('',#13596,#11014,#11015);
#8810=AXIS2_PLACEMENT_3D('',#13599,#11017,#11018);
#8811=AXIS2_PLACEMENT_3D('',#13600,#11019,#11020);
#8812=AXIS2_PLACEMENT_3D('',#13603,#11022,#11023);
#8813=AXIS2_PLACEMENT_3D('',#13604,#11024,#11025);
#8814=AXIS2_PLACEMENT_3D('',#13605,#11026,#11027);
#8815=AXIS2_PLACEMENT_3D('',#13606,#11028,#11029);
#8816=AXIS2_PLACEMENT_3D('',#13607,#11030,#11031);
#8817=AXIS2_PLACEMENT_3D('',#13613,#11035,#11036);
#8818=AXIS2_PLACEMENT_3D('',#13617,#11039,#11040);
#8819=AXIS2_PLACEMENT_3D('',#13620,#11042,#11043);
#8820=AXIS2_PLACEMENT_3D('',#13621,#11044,#11045);
#8821=AXIS2_PLACEMENT_3D('',#13624,#11047,#11048);
#8822=AXIS2_PLACEMENT_3D('',#13625,#11049,#11050);
#8823=AXIS2_PLACEMENT_3D('',#13628,#11052,#11053);
#8824=AXIS2_PLACEMENT_3D('',#13629,#11054,#11055);
#8825=AXIS2_PLACEMENT_3D('',#13632,#11057,#11058);
#8826=AXIS2_PLACEMENT_3D('',#13633,#11059,#11060);
#8827=AXIS2_PLACEMENT_3D('',#13636,#11062,#11063);
#8828=AXIS2_PLACEMENT_3D('',#13637,#11064,#11065);
#8829=AXIS2_PLACEMENT_3D('',#13640,#11067,#11068);
#8830=AXIS2_PLACEMENT_3D('',#13641,#11069,#11070);
#8831=AXIS2_PLACEMENT_3D('',#13644,#11072,#11073);
#8832=AXIS2_PLACEMENT_3D('',#13645,#11074,#11075);
#8833=AXIS2_PLACEMENT_3D('',#13648,#11077,#11078);
#8834=AXIS2_PLACEMENT_3D('',#13649,#11079,#11080);
#8835=AXIS2_PLACEMENT_3D('',#13652,#11082,#11083);
#8836=AXIS2_PLACEMENT_3D('',#13653,#11084,#11085);
#8837=AXIS2_PLACEMENT_3D('',#13656,#11087,#11088);
#8838=AXIS2_PLACEMENT_3D('',#13657,#11089,#11090);
#8839=AXIS2_PLACEMENT_3D('',#13661,#11093,#11094);
#8840=AXIS2_PLACEMENT_3D('',#13665,#11097,#11098);
#8841=AXIS2_PLACEMENT_3D('',#13668,#11100,#11101);
#8842=AXIS2_PLACEMENT_3D('',#13669,#11102,#11103);
#8843=AXIS2_PLACEMENT_3D('',#13672,#11105,#11106);
#8844=AXIS2_PLACEMENT_3D('',#13673,#11107,#11108);
#8845=AXIS2_PLACEMENT_3D('',#13676,#11110,#11111);
#8846=AXIS2_PLACEMENT_3D('',#13677,#11112,#11113);
#8847=AXIS2_PLACEMENT_3D('',#13680,#11115,#11116);
#8848=AXIS2_PLACEMENT_3D('',#13681,#11117,#11118);
#8849=AXIS2_PLACEMENT_3D('',#13684,#11120,#11121);
#8850=AXIS2_PLACEMENT_3D('',#13685,#11122,#11123);
#8851=AXIS2_PLACEMENT_3D('',#13688,#11125,#11126);
#8852=AXIS2_PLACEMENT_3D('',#13689,#11127,#11128);
#8853=AXIS2_PLACEMENT_3D('',#13692,#11130,#11131);
#8854=AXIS2_PLACEMENT_3D('',#13693,#11132,#11133);
#8855=AXIS2_PLACEMENT_3D('',#13697,#11136,#11137);
#8856=AXIS2_PLACEMENT_3D('',#13700,#11139,#11140);
#8857=AXIS2_PLACEMENT_3D('',#13701,#11141,#11142);
#8858=AXIS2_PLACEMENT_3D('',#13704,#11144,#11145);
#8859=AXIS2_PLACEMENT_3D('',#13705,#11146,#11147);
#8860=AXIS2_PLACEMENT_3D('',#13709,#11150,#11151);
#8861=AXIS2_PLACEMENT_3D('',#13712,#11153,#11154);
#8862=AXIS2_PLACEMENT_3D('',#13713,#11155,#11156);
#8863=AXIS2_PLACEMENT_3D('',#13716,#11158,#11159);
#8864=AXIS2_PLACEMENT_3D('',#13717,#11160,#11161);
#8865=AXIS2_PLACEMENT_3D('',#13720,#11163,#11164);
#8866=AXIS2_PLACEMENT_3D('',#13721,#11165,#11166);
#8867=AXIS2_PLACEMENT_3D('',#13724,#11168,#11169);
#8868=AXIS2_PLACEMENT_3D('',#13725,#11170,#11171);
#8869=AXIS2_PLACEMENT_3D('',#13728,#11173,#11174);
#8870=AXIS2_PLACEMENT_3D('',#13729,#11175,#11176);
#8871=AXIS2_PLACEMENT_3D('',#13732,#11178,#11179);
#8872=AXIS2_PLACEMENT_3D('',#13733,#11180,#11181);
#8873=AXIS2_PLACEMENT_3D('',#13737,#11184,#11185);
#8874=AXIS2_PLACEMENT_3D('',#13740,#11187,#11188);
#8875=AXIS2_PLACEMENT_3D('',#13741,#11189,#11190);
#8876=AXIS2_PLACEMENT_3D('',#13744,#11192,#11193);
#8877=AXIS2_PLACEMENT_3D('',#13745,#11194,#11195);
#8878=AXIS2_PLACEMENT_3D('',#13746,#11196,#11197);
#8879=AXIS2_PLACEMENT_3D('',#13747,#11198,#11199);
#8880=AXIS2_PLACEMENT_3D('',#13748,#11200,#11201);
#8881=AXIS2_PLACEMENT_3D('',#13751,#11203,#11204);
#8882=AXIS2_PLACEMENT_3D('',#13754,#11206,#11207);
#8883=AXIS2_PLACEMENT_3D('',#13757,#11209,#11210);
#8884=AXIS2_PLACEMENT_3D('',#13758,#11211,#11212);
#8885=AXIS2_PLACEMENT_3D('',#13761,#11214,#11215);
#8886=AXIS2_PLACEMENT_3D('',#13762,#11216,#11217);
#8887=AXIS2_PLACEMENT_3D('',#13765,#11219,#11220);
#8888=AXIS2_PLACEMENT_3D('',#13766,#11221,#11222);
#8889=AXIS2_PLACEMENT_3D('',#13769,#11224,#11225);
#8890=AXIS2_PLACEMENT_3D('',#13770,#11226,#11227);
#8891=AXIS2_PLACEMENT_3D('',#13773,#11229,#11230);
#8892=AXIS2_PLACEMENT_3D('',#13774,#11231,#11232);
#8893=AXIS2_PLACEMENT_3D('',#13777,#11234,#11235);
#8894=AXIS2_PLACEMENT_3D('',#13778,#11236,#11237);
#8895=AXIS2_PLACEMENT_3D('',#13781,#11239,#11240);
#8896=AXIS2_PLACEMENT_3D('',#13782,#11241,#11242);
#8897=AXIS2_PLACEMENT_3D('',#13785,#11244,#11245);
#8898=AXIS2_PLACEMENT_3D('',#13786,#11246,#11247);
#8899=AXIS2_PLACEMENT_3D('',#13790,#11250,#11251);
#8900=AXIS2_PLACEMENT_3D('',#13794,#11254,#11255);
#8901=AXIS2_PLACEMENT_3D('',#13798,#11258,#11259);
#8902=AXIS2_PLACEMENT_3D('',#13801,#11261,#11262);
#8903=AXIS2_PLACEMENT_3D('',#13802,#11263,#11264);
#8904=AXIS2_PLACEMENT_3D('',#13805,#11266,#11267);
#8905=AXIS2_PLACEMENT_3D('',#13806,#11268,#11269);
#8906=AXIS2_PLACEMENT_3D('',#13809,#11271,#11272);
#8907=AXIS2_PLACEMENT_3D('',#13810,#11273,#11274);
#8908=AXIS2_PLACEMENT_3D('',#13813,#11276,#11277);
#8909=AXIS2_PLACEMENT_3D('',#13827,#11279,#11280);
#8910=AXIS2_PLACEMENT_3D('',#13830,#11282,#11283);
#8911=AXIS2_PLACEMENT_3D('',#13831,#11284,#11285);
#8912=AXIS2_PLACEMENT_3D('',#13834,#11287,#11288);
#8913=AXIS2_PLACEMENT_3D('',#13835,#11289,#11290);
#8914=AXIS2_PLACEMENT_3D('',#13838,#11292,#11293);
#8915=AXIS2_PLACEMENT_3D('',#13839,#11294,#11295);
#8916=AXIS2_PLACEMENT_3D('',#13843,#11298,#11299);
#8917=AXIS2_PLACEMENT_3D('',#13847,#11302,#11303);
#8918=AXIS2_PLACEMENT_3D('',#13864,#11307,#11308);
#8919=AXIS2_PLACEMENT_3D('',#13867,#11310,#11311);
#8920=AXIS2_PLACEMENT_3D('',#13894,#11314,#11315);
#8921=AXIS2_PLACEMENT_3D('',#13898,#11318,#11319);
#8922=AXIS2_PLACEMENT_3D('',#13902,#11322,#11323);
#8923=AXIS2_PLACEMENT_3D('',#13906,#11326,#11327);
#8924=AXIS2_PLACEMENT_3D('',#13910,#11330,#11331);
#8925=AXIS2_PLACEMENT_3D('',#13913,#11333,#11334);
#8926=AXIS2_PLACEMENT_3D('',#13914,#11335,#11336);
#8927=AXIS2_PLACEMENT_3D('',#13917,#11338,#11339);
#8928=AXIS2_PLACEMENT_3D('',#13918,#11340,#11341);
#8929=AXIS2_PLACEMENT_3D('',#13921,#11343,#11344);
#8930=AXIS2_PLACEMENT_3D('',#13922,#11345,#11346);
#8931=AXIS2_PLACEMENT_3D('',#13925,#11348,#11349);
#8932=AXIS2_PLACEMENT_3D('',#13926,#11350,#11351);
#8933=AXIS2_PLACEMENT_3D('',#13929,#11353,#11354);
#8934=AXIS2_PLACEMENT_3D('',#13930,#11355,#11356);
#8935=AXIS2_PLACEMENT_3D('',#13933,#11358,#11359);
#8936=AXIS2_PLACEMENT_3D('',#13934,#11360,#11361);
#8937=AXIS2_PLACEMENT_3D('',#13937,#11363,#11364);
#8938=AXIS2_PLACEMENT_3D('',#13938,#11365,#11366);
#8939=AXIS2_PLACEMENT_3D('',#13939,#11367,#11368);
#8940=AXIS2_PLACEMENT_3D('',#13940,#11369,#11370);
#8941=AXIS2_PLACEMENT_3D('',#13941,#11371,#11372);
#8942=AXIS2_PLACEMENT_3D('',#13947,#11376,#11377);
#8943=AXIS2_PLACEMENT_3D('',#13951,#11380,#11381);
#8944=AXIS2_PLACEMENT_3D('',#13955,#11384,#11385);
#8945=AXIS2_PLACEMENT_3D('',#13957,#11387,#11388);
#8946=AXIS2_PLACEMENT_3D('',#13958,#11389,#11390);
#8947=AXIS2_PLACEMENT_3D('',#13961,#11392,#11393);
#8948=AXIS2_PLACEMENT_3D('',#13964,#11395,#11396);
#8949=AXIS2_PLACEMENT_3D('',#13968,#11399,#11400);
#8950=AXIS2_PLACEMENT_3D('',#13972,#11403,#11404);
#8951=AXIS2_PLACEMENT_3D('',#13976,#11407,#11408);
#8952=AXIS2_PLACEMENT_3D('',#13979,#11410,#11411);
#8953=AXIS2_PLACEMENT_3D('',#13980,#11412,#11413);
#8954=AXIS2_PLACEMENT_3D('',#13983,#11415,#11416);
#8955=AXIS2_PLACEMENT_3D('',#13984,#11417,#11418);
#8956=AXIS2_PLACEMENT_3D('',#13987,#11420,#11421);
#8957=AXIS2_PLACEMENT_3D('',#13988,#11422,#11423);
#8958=AXIS2_PLACEMENT_3D('',#13991,#11425,#11426);
#8959=AXIS2_PLACEMENT_3D('',#13992,#11427,#11428);
#8960=AXIS2_PLACEMENT_3D('',#13995,#11430,#11431);
#8961=AXIS2_PLACEMENT_3D('',#13996,#11432,#11433);
#8962=AXIS2_PLACEMENT_3D('',#13999,#11435,#11436);
#8963=AXIS2_PLACEMENT_3D('',#14000,#11437,#11438);
#8964=AXIS2_PLACEMENT_3D('',#14003,#11440,#11441);
#8965=AXIS2_PLACEMENT_3D('',#14004,#11442,#11443);
#8966=AXIS2_PLACEMENT_3D('',#14007,#11445,#11446);
#8967=AXIS2_PLACEMENT_3D('',#14008,#11447,#11448);
#8968=AXIS2_PLACEMENT_3D('',#14011,#11450,#11451);
#8969=AXIS2_PLACEMENT_3D('',#14012,#11452,#11453);
#8970=AXIS2_PLACEMENT_3D('',#14016,#11456,#11457);
#8971=AXIS2_PLACEMENT_3D('',#14019,#11459,#11460);
#8972=AXIS2_PLACEMENT_3D('',#14020,#11461,#11462);
#8973=AXIS2_PLACEMENT_3D('',#14023,#11464,#11465);
#8974=AXIS2_PLACEMENT_3D('',#14024,#11466,#11467);
#8975=AXIS2_PLACEMENT_3D('',#14025,#11468,#11469);
#8976=AXIS2_PLACEMENT_3D('',#14026,#11470,#11471);
#8977=AXIS2_PLACEMENT_3D('',#14042,#11474,#11475);
#8978=AXIS2_PLACEMENT_3D('',#14045,#11477,#11478);
#8979=AXIS2_PLACEMENT_3D('',#14046,#11479,#11480);
#8980=AXIS2_PLACEMENT_3D('',#14049,#11482,#11483);
#8981=AXIS2_PLACEMENT_3D('',#14050,#11484,#11485);
#8982=AXIS2_PLACEMENT_3D('',#14053,#11487,#11488);
#8983=AXIS2_PLACEMENT_3D('',#14054,#11489,#11490);
#8984=AXIS2_PLACEMENT_3D('',#14057,#11492,#11493);
#8985=AXIS2_PLACEMENT_3D('',#14058,#11494,#11495);
#8986=AXIS2_PLACEMENT_3D('',#14062,#11498,#11499);
#8987=AXIS2_PLACEMENT_3D('',#14066,#11502,#11503);
#8988=AXIS2_PLACEMENT_3D('',#14070,#11506,#11507);
#8989=AXIS2_PLACEMENT_3D('',#14073,#11509,#11510);
#8990=AXIS2_PLACEMENT_3D('',#14074,#11511,#11512);
#8991=AXIS2_PLACEMENT_3D('',#14077,#11514,#11515);
#8992=AXIS2_PLACEMENT_3D('',#14078,#11516,#11517);
#8993=AXIS2_PLACEMENT_3D('',#14081,#11519,#11520);
#8994=AXIS2_PLACEMENT_3D('',#14082,#11521,#11522);
#8995=AXIS2_PLACEMENT_3D('',#14085,#11524,#11525);
#8996=AXIS2_PLACEMENT_3D('',#14086,#11526,#11527);
#8997=AXIS2_PLACEMENT_3D('',#14089,#11529,#11530);
#8998=AXIS2_PLACEMENT_3D('',#14090,#11531,#11532);
#8999=AXIS2_PLACEMENT_3D('',#14093,#11534,#11535);
#9000=AXIS2_PLACEMENT_3D('',#14094,#11536,#11537);
#9001=AXIS2_PLACEMENT_3D('',#14097,#11539,#11540);
#9002=AXIS2_PLACEMENT_3D('',#14098,#11541,#11542);
#9003=AXIS2_PLACEMENT_3D('',#14101,#11544,#11545);
#9004=AXIS2_PLACEMENT_3D('',#14102,#11546,#11547);
#9005=AXIS2_PLACEMENT_3D('',#14105,#11549,#11550);
#9006=AXIS2_PLACEMENT_3D('',#14106,#11551,#11552);
#9007=AXIS2_PLACEMENT_3D('',#14110,#11555,#11556);
#9008=AXIS2_PLACEMENT_3D('',#14111,#11557,#11558);
#9009=AXIS2_PLACEMENT_3D('',#14112,#11559,#11560);
#9010=DIRECTION('',(0.,0.,1.));
#9011=DIRECTION('',(1.,0.,0.));
#9012=DIRECTION('',(0.,0.,1.));
#9013=DIRECTION('',(1.,0.,0.));
#9014=DIRECTION('',(0.,0.,1.));
#9015=DIRECTION('',(1.,-6.12323399573677E-17,0.));
#9016=DIRECTION('',(0.,0.,1.));
#9017=DIRECTION('',(1.,0.,0.));
#9018=DIRECTION('',(0.,0.,1.));
#9019=DIRECTION('',(1.,-6.12323399573677E-17,0.));
#9020=DIRECTION('',(0.,0.,1.));
#9021=DIRECTION('',(1.,0.,0.));
#9022=DIRECTION('',(1.,0.,0.));
#9023=DIRECTION('',(0.,-1.,0.));
#9024=DIRECTION('',(1.,0.,0.));
#9025=DIRECTION('',(0.,-1.,0.));
#9026=DIRECTION('',(0.328520624941272,-0.944496796706159,0.));
#9027=DIRECTION('',(-1.,0.,0.));
#9028=DIRECTION('',(-0.327054115890723,0.945005611242038,0.));
#9029=DIRECTION('',(-0.329984761804028,-0.943986258892119,0.));
#9030=DIRECTION('',(-1.,0.,0.));
#9031=DIRECTION('',(0.330715938967004,0.943730346928175,0.));
#9032=DIRECTION('',(1.,0.,0.));
#9033=DIRECTION('',(0.,0.,1.));
#9034=DIRECTION('',(1.,0.,0.));
#9035=DIRECTION('',(0.,0.,1.));
#9036=DIRECTION('',(1.,0.,0.));
#9037=DIRECTION('',(0.,0.,1.));
#9038=DIRECTION('',(1.,0.,0.));
#9039=DIRECTION('',(0.,0.,1.));
#9040=DIRECTION('',(1.,0.,0.));
#9041=DIRECTION('',(0.,0.,1.));
#9042=DIRECTION('',(1.,0.,0.));
#9043=DIRECTION('',(0.548700023492197,-0.83601930852084,0.));
#9044=DIRECTION('',(0.,0.,1.));
#9045=DIRECTION('',(1.,0.,0.));
#9046=DIRECTION('',(0.,0.,1.));
#9047=DIRECTION('',(1.,0.,0.));
#9048=DIRECTION('',(0.,0.,1.));
#9049=DIRECTION('',(1.,0.,0.));
#9050=DIRECTION('',(0.,0.,1.));
#9051=DIRECTION('',(1.,0.,0.));
#9052=DIRECTION('',(0.,0.,1.));
#9053=DIRECTION('',(1.,0.,0.));
#9054=DIRECTION('',(0.,0.,1.));
#9055=DIRECTION('',(1.,0.,0.));
#9056=DIRECTION('',(0.,0.,1.));
#9057=DIRECTION('',(1.,0.,0.));
#9058=DIRECTION('',(0.,0.,1.));
#9059=DIRECTION('',(1.,0.,0.));
#9060=DIRECTION('',(0.,0.,1.));
#9061=DIRECTION('',(1.,0.,0.));
#9062=DIRECTION('',(0.,-1.,0.));
#9063=DIRECTION('',(0.,0.,1.));
#9064=DIRECTION('',(1.,0.,0.));
#9065=DIRECTION('',(0.,0.,1.));
#9066=DIRECTION('',(1.,0.,0.));
#9067=DIRECTION('',(0.,0.,1.));
#9068=DIRECTION('',(1.,0.,0.));
#9069=DIRECTION('',(0.,0.,1.));
#9070=DIRECTION('',(1.,0.,0.));
#9071=DIRECTION('',(0.,0.,1.));
#9072=DIRECTION('',(1.,0.,0.));
#9073=DIRECTION('',(0.,0.,1.));
#9074=DIRECTION('',(1.,0.,0.));
#9075=DIRECTION('',(0.,0.,1.));
#9076=DIRECTION('',(1.,0.,0.));
#9077=DIRECTION('',(1.,0.,0.));
#9078=DIRECTION('',(0.,0.,1.));
#9079=DIRECTION('',(1.,0.,0.));
#9080=DIRECTION('',(0.,0.,1.));
#9081=DIRECTION('',(1.,0.,0.));
#9082=DIRECTION('',(0.,0.,1.));
#9083=DIRECTION('',(1.,0.,0.));
#9084=DIRECTION('',(0.,0.,1.));
#9085=DIRECTION('',(1.,0.,0.));
#9086=DIRECTION('',(0.,0.,1.));
#9087=DIRECTION('',(1.,0.,0.));
#9088=DIRECTION('',(0.,0.,1.));
#9089=DIRECTION('',(1.,0.,0.));
#9090=DIRECTION('',(0.,0.,1.));
#9091=DIRECTION('',(1.,0.,0.));
#9092=DIRECTION('',(0.,0.,1.));
#9093=DIRECTION('',(1.,0.,0.));
#9094=DIRECTION('',(0.,0.,1.));
#9095=DIRECTION('',(1.,0.,0.));
#9096=DIRECTION('',(1.17942189006968E-13,4.63221768514524E-13,-1.));
#9097=DIRECTION('',(-0.201098032937308,-0.979571121026312,-4.79184610239444E-13));
#9098=DIRECTION('',(0.,0.,1.));
#9099=DIRECTION('',(1.,0.,0.));
#9100=DIRECTION('',(-0.935832870107301,0.352444093760601,0.));
#9101=DIRECTION('',(-2.85148436446567E-12,6.72519897279652E-13,-1.));
#9102=DIRECTION('',(-0.976122232427758,0.217221977157585,2.9290738386949E-12));
#9103=DIRECTION('',(0.,0.,1.));
#9104=DIRECTION('',(1.,0.,0.));
#9105=DIRECTION('',(0.,0.,1.));
#9106=DIRECTION('',(1.,0.,0.));
#9107=DIRECTION('',(0.,0.,1.));
#9108=DIRECTION('',(1.,0.,0.));
#9109=DIRECTION('',(0.,0.,1.));
#9110=DIRECTION('',(1.,0.,0.));
#9111=DIRECTION('',(0.,0.,1.));
#9112=DIRECTION('',(1.,0.,0.));
#9113=DIRECTION('',(0.,0.,1.));
#9114=DIRECTION('',(1.,0.,0.));
#9115=DIRECTION('',(0.,0.,1.));
#9116=DIRECTION('',(1.,0.,0.));
#9117=DIRECTION('',(0.,0.,1.));
#9118=DIRECTION('',(1.,0.,0.));
#9119=DIRECTION('',(0.389373120280854,0.921080112261008,0.));
#9120=DIRECTION('',(0.335642230370245,0.941989539852799,0.));
#9121=DIRECTION('',(-0.385363467663136,-0.922764865927742,0.));
#9122=DIRECTION('',(-0.380210858525778,0.924899834068041,0.));
#9123=DIRECTION('',(1.,0.,0.));
#9124=DIRECTION('',(0.355141900956315,-0.934812403739454,0.));
#9125=DIRECTION('',(-0.379652127370972,-0.925129321869486,0.));
#9126=DIRECTION('',(1.,0.,0.));
#9127=DIRECTION('',(0.,0.,1.));
#9128=DIRECTION('',(1.,0.,0.));
#9129=DIRECTION('',(0.,0.,1.));
#9130=DIRECTION('',(1.,0.,0.));
#9131=DIRECTION('',(0.,0.,1.));
#9132=DIRECTION('',(1.,0.,0.));
#9133=DIRECTION('',(0.,0.,1.));
#9134=DIRECTION('',(1.,0.,0.));
#9135=DIRECTION('',(0.,0.,1.));
#9136=DIRECTION('',(1.,0.,0.));
#9137=DIRECTION('',(0.,0.,1.));
#9138=DIRECTION('',(1.,0.,0.));
#9139=DIRECTION('',(0.,0.,1.));
#9140=DIRECTION('',(1.,0.,0.));
#9141=DIRECTION('',(0.,0.,1.));
#9142=DIRECTION('',(1.,0.,0.));
#9143=DIRECTION('',(0.,0.,1.));
#9144=DIRECTION('',(1.,0.,0.));
#9145=DIRECTION('',(1.17942189006967E-13,4.63221768514524E-13,-1.));
#9146=DIRECTION('',(-0.201098032937246,-0.979571121026325,-4.79184610240063E-13));
#9147=DIRECTION('',(0.,0.,1.));
#9148=DIRECTION('',(1.,0.,0.));
#9149=DIRECTION('',(-0.935832870107274,0.352444093760672,0.));
#9150=DIRECTION('',(-2.85148436446572E-12,6.7251989727945E-13,-1.));
#9151=DIRECTION('',(-0.97612223242778,0.217221977157484,2.92907383870262E-12));
#9152=DIRECTION('',(0.,0.,1.));
#9153=DIRECTION('',(1.,0.,0.));
#9154=DIRECTION('',(0.,0.,1.));
#9155=DIRECTION('',(1.,0.,0.));
#9156=DIRECTION('',(0.,0.,1.));
#9157=DIRECTION('',(1.,0.,0.));
#9158=DIRECTION('',(0.,0.,1.));
#9159=DIRECTION('',(1.,0.,0.));
#9160=DIRECTION('',(0.,0.,1.));
#9161=DIRECTION('',(1.,0.,0.));
#9162=DIRECTION('',(0.,0.,1.));
#9163=DIRECTION('',(1.,0.,0.));
#9164=DIRECTION('',(0.,0.,1.));
#9165=DIRECTION('',(1.,0.,0.));
#9166=DIRECTION('',(0.,0.,1.));
#9167=DIRECTION('',(1.,0.,0.));
#9168=DIRECTION('',(0.389373120280854,0.921080112261008,0.));
#9169=DIRECTION('',(0.335642230370245,0.941989539852799,0.));
#9170=DIRECTION('',(0.,1.,0.));
#9171=DIRECTION('',(0.,0.,1.));
#9172=DIRECTION('',(1.,0.,0.));
#9173=DIRECTION('',(0.,0.,1.));
#9174=DIRECTION('',(1.,0.,0.));
#9175=DIRECTION('',(0.,0.,1.));
#9176=DIRECTION('',(1.,0.,0.));
#9177=DIRECTION('',(0.,0.,1.));
#9178=DIRECTION('',(1.,0.,0.));
#9179=DIRECTION('',(-1.77004750314435E-13,1.10993077754941E-14,-1.));
#9180=DIRECTION('',(0.999999453342394,0.00104561700130733,-1.7884653913205E-13));
#9181=DIRECTION('',(-1.,0.,0.));
#9182=DIRECTION('',(0.,1.,0.));
#9183=DIRECTION('',(1.,0.,0.));
#9184=DIRECTION('',(0.,0.,1.));
#9185=DIRECTION('',(1.,0.,0.));
#9186=DIRECTION('',(0.,0.,1.));
#9187=DIRECTION('',(1.,0.,0.));
#9188=DIRECTION('',(0.,0.,1.));
#9189=DIRECTION('',(1.,0.,0.));
#9190=DIRECTION('',(0.,0.,1.));
#9191=DIRECTION('',(1.,0.,0.));
#9192=DIRECTION('',(0.,1.,0.));
#9193=DIRECTION('',(0.,0.,1.));
#9194=DIRECTION('',(1.,0.,0.));
#9195=DIRECTION('',(0.,-1.,0.));
#9196=DIRECTION('',(0.,0.,1.));
#9197=DIRECTION('',(1.,0.,0.));
#9198=DIRECTION('',(0.,0.,1.));
#9199=DIRECTION('',(1.,0.,0.));
#9200=DIRECTION('',(0.,0.,1.));
#9201=DIRECTION('',(1.,0.,0.));
#9202=DIRECTION('',(1.,0.,0.));
#9203=DIRECTION('',(0.218357398523756,-0.975868867476536,0.));
#9204=DIRECTION('',(0.,-1.,0.));
#9205=DIRECTION('',(-1.,0.,0.));
#9206=DIRECTION('',(0.,1.,0.));
#9207=DIRECTION('',(0.,-1.,0.));
#9208=DIRECTION('',(0.,0.,1.));
#9209=DIRECTION('',(1.,0.,0.));
#9210=DIRECTION('',(0.,0.,1.));
#9211=DIRECTION('',(1.,0.,0.));
#9212=DIRECTION('',(0.,0.,1.));
#9213=DIRECTION('',(1.,0.,0.));
#9214=DIRECTION('',(0.,0.,1.));
#9215=DIRECTION('',(1.,0.,0.));
#9216=DIRECTION('',(-0.430769455075278,-0.902462008382706,0.));
#9217=DIRECTION('',(0.,0.,1.));
#9218=DIRECTION('',(1.,0.,0.));
#9219=DIRECTION('',(0.,0.,1.));
#9220=DIRECTION('',(1.,0.,0.));
#9221=DIRECTION('',(0.,0.,1.));
#9222=DIRECTION('',(1.,0.,0.));
#9223=DIRECTION('',(0.,0.,1.));
#9224=DIRECTION('',(1.,0.,0.));
#9225=DIRECTION('',(0.,0.,1.));
#9226=DIRECTION('',(1.,0.,0.));
#9227=DIRECTION('',(0.,1.,0.));
#9228=DIRECTION('',(0.,0.,1.));
#9229=DIRECTION('',(1.,0.,0.));
#9230=DIRECTION('',(0.,0.,1.));
#9231=DIRECTION('',(1.,0.,0.));
#9232=DIRECTION('',(0.,1.,0.));
#9233=DIRECTION('',(0.,0.,1.));
#9234=DIRECTION('',(1.,0.,0.));
#9235=DIRECTION('',(0.,0.,1.));
#9236=DIRECTION('',(1.,0.,0.));
#9237=DIRECTION('',(0.,0.,1.));
#9238=DIRECTION('',(1.,0.,0.));
#9239=DIRECTION('',(0.,0.,1.));
#9240=DIRECTION('',(1.,0.,0.));
#9241=DIRECTION('',(0.,0.,1.));
#9242=DIRECTION('',(1.,0.,0.));
#9243=DIRECTION('',(0.,0.,1.));
#9244=DIRECTION('',(1.,0.,0.));
#9245=DIRECTION('',(0.,0.,1.));
#9246=DIRECTION('',(1.,0.,0.));
#9247=DIRECTION('',(-0.546149200527945,0.837687919670975,0.));
#9248=DIRECTION('',(0.,0.,1.));
#9249=DIRECTION('',(1.,0.,0.));
#9250=DIRECTION('',(0.,0.,1.));
#9251=DIRECTION('',(1.,0.,0.));
#9252=DIRECTION('',(0.,0.,1.));
#9253=DIRECTION('',(1.,0.,0.));
#9254=DIRECTION('',(0.,0.,1.));
#9255=DIRECTION('',(1.,0.,0.));
#9256=DIRECTION('',(0.,0.,1.));
#9257=DIRECTION('',(1.,0.,0.));
#9258=DIRECTION('',(0.,0.,1.));
#9259=DIRECTION('',(1.,0.,0.));
#9260=DIRECTION('',(0.,0.,1.));
#9261=DIRECTION('',(1.,0.,0.));
#9262=DIRECTION('',(0.,0.,1.));
#9263=DIRECTION('',(1.,0.,0.));
#9264=DIRECTION('',(-1.16336152956881E-13,-1.57716487393599E-14,-1.));
#9265=DIRECTION('',(0.980123607042195,0.198387789237636,-1.16596887553815E-13));
#9266=DIRECTION('',(5.24206902443985E-13,1.84245056414607E-14,-1.));
#9267=DIRECTION('',(0.997551470881006,0.0699361347455054,5.24641254765492E-13));
#9268=DIRECTION('',(-0.385363467663136,-0.922764865927742,0.));
#9269=DIRECTION('',(-0.380210858525779,0.924899834068041,0.));
#9270=DIRECTION('',(1.,0.,0.));
#9271=DIRECTION('',(0.355141900956315,-0.934812403739454,0.));
#9272=DIRECTION('',(-0.379652127370961,-0.92512932186949,0.));
#9273=DIRECTION('',(1.,0.,0.));
#9274=DIRECTION('',(0.336218720762072,-0.941783930532432,0.));
#9275=DIRECTION('',(-1.,0.,0.));
#9276=DIRECTION('',(0.326277963269673,0.945273870729851,0.));
#9277=DIRECTION('',(1.,0.,0.));
#9278=DIRECTION('',(0.221857865983405,-0.975079015927063,0.));
#9279=DIRECTION('',(0.,-1.,0.));
#9280=DIRECTION('',(-1.,0.,0.));
#9281=DIRECTION('',(0.,1.,0.));
#9282=DIRECTION('',(0.,0.,1.));
#9283=DIRECTION('',(1.,0.,0.));
#9284=DIRECTION('',(0.,0.,1.));
#9285=DIRECTION('',(1.,0.,0.));
#9286=DIRECTION('',(0.,0.,1.));
#9287=DIRECTION('',(1.,0.,0.));
#9288=DIRECTION('',(6.82075747488257E-13,7.49291612749725E-14,-1.));
#9289=DIRECTION('',(0.983693892701124,0.179850842262441,6.80057424813745E-13));
#9290=DIRECTION('',(2.59992748382619E-12,5.08958071896541E-14,-1.));
#9291=DIRECTION('',(0.999250221829696,0.038716846117729,2.60079878452193E-12));
#9292=DIRECTION('',(0.,-1.,0.));
#9293=DIRECTION('',(-1.,0.,0.));
#9294=DIRECTION('',(0.,1.,0.));
#9295=DIRECTION('',(0.,0.,1.));
#9296=DIRECTION('',(1.,0.,0.));
#9297=DIRECTION('',(0.,0.,1.));
#9298=DIRECTION('',(1.,0.,0.));
#9299=DIRECTION('',(0.,0.,1.));
#9300=DIRECTION('',(1.,0.,0.));
#9301=DIRECTION('',(0.,0.,1.));
#9302=DIRECTION('',(1.,0.,0.));
#9303=DIRECTION('',(0.,0.,1.));
#9304=DIRECTION('',(1.,0.,0.));
#9305=DIRECTION('',(-5.57143683001543E-14,1.75842548375014E-13,1.));
#9306=DIRECTION('',(-0.189173561117652,0.981943666293574,-1.85074343841306E-13));
#9307=DIRECTION('',(0.,1.,0.));
#9308=DIRECTION('',(0.,0.,1.));
#9309=DIRECTION('',(1.,0.,0.));
#9310=DIRECTION('',(0.,0.,1.));
#9311=DIRECTION('',(1.,0.,0.));
#9312=DIRECTION('',(0.,0.,1.));
#9313=DIRECTION('',(1.,0.,0.));
#9314=DIRECTION('',(0.,-1.,0.));
#9315=DIRECTION('',(0.,0.,1.));
#9316=DIRECTION('',(1.,0.,0.));
#9317=DIRECTION('',(0.,0.,1.));
#9318=DIRECTION('',(1.,0.,0.));
#9319=DIRECTION('',(0.,0.,1.));
#9320=DIRECTION('',(1.,0.,0.));
#9321=DIRECTION('',(0.,0.,1.));
#9322=DIRECTION('',(1.,0.,0.));
#9323=DIRECTION('',(0.,0.,1.));
#9324=DIRECTION('',(1.,0.,0.));
#9325=DIRECTION('',(0.,0.,1.));
#9326=DIRECTION('',(1.,0.,0.));
#9327=DIRECTION('',(0.,-1.,0.));
#9328=DIRECTION('',(0.,0.,1.));
#9329=DIRECTION('',(1.,0.,0.));
#9330=DIRECTION('',(0.,0.,1.));
#9331=DIRECTION('',(1.,0.,0.));
#9332=DIRECTION('',(0.,0.,1.));
#9333=DIRECTION('',(1.,0.,0.));
#9334=DIRECTION('',(0.,0.,1.));
#9335=DIRECTION('',(1.,0.,0.));
#9336=DIRECTION('',(-4.81684371619808E-13,-7.05515399322488E-13,-1.));
#9337=DIRECTION('',(-0.500485139974945,-0.865745126849848,8.48617371824379E-13));
#9338=DIRECTION('',(0.,0.,1.));
#9339=DIRECTION('',(1.,0.,0.));
#9340=DIRECTION('',(0.,0.,1.));
#9341=DIRECTION('',(1.,0.,0.));
#9342=DIRECTION('',(1.65810745624224E-13,5.1341959134054E-14,-1.));
#9343=DIRECTION('',(-0.912851304833223,-0.408292168997009,-1.68834228330767E-13));
#9344=DIRECTION('',(-6.02340922280788E-13,-6.03314009396194E-14,-1.));
#9345=DIRECTION('',(-0.983689392567772,-0.179875453994279,6.0184221386784E-13));
#9346=DIRECTION('',(-0.00980238057432816,0.999951955513402,0.));
#9347=DIRECTION('',(0.,1.,0.));
#9348=DIRECTION('',(1.,0.,0.));
#9349=DIRECTION('',(1.,0.,0.));
#9350=DIRECTION('',(0.,-1.,0.));
#9351=DIRECTION('',(-1.,0.,0.));
#9352=DIRECTION('',(-0.217784431389454,0.975996896226813,0.));
#9353=DIRECTION('',(0.,1.,0.));
#9354=DIRECTION('',(1.,0.,0.));
#9355=DIRECTION('',(0.218357398523756,-0.975868867476537,0.));
#9356=DIRECTION('',(0.,-1.,0.));
#9357=DIRECTION('',(-1.,0.,0.));
#9358=DIRECTION('',(0.,1.,0.));
#9359=DIRECTION('',(0.,1.,0.));
#9360=DIRECTION('',(0.,0.,1.));
#9361=DIRECTION('',(1.,0.,0.));
#9362=DIRECTION('',(0.,0.,1.));
#9363=DIRECTION('',(1.,0.,0.));
#9364=DIRECTION('',(0.,-1.,0.));
#9365=DIRECTION('',(0.,0.,1.));
#9366=DIRECTION('',(1.,0.,0.));
#9367=DIRECTION('',(5.53300689069313E-14,-7.00428372296603E-13,1.));
#9368=DIRECTION('',(-0.00108559342078743,0.999999410743289,7.03633661017775E-13));
#9369=DIRECTION('',(0.,0.,1.));
#9370=DIRECTION('',(1.,0.,0.));
#9371=DIRECTION('',(0.,0.,1.));
#9372=DIRECTION('',(1.,0.,0.));
#9373=DIRECTION('',(0.,0.,1.));
#9374=DIRECTION('',(1.,0.,0.));
#9375=DIRECTION('',(0.,-1.,0.));
#9376=DIRECTION('',(-0.997468436214994,-0.0711106092985708,-5.13684596039396E-14));
#9377=DIRECTION('',(0.,0.,1.));
#9378=DIRECTION('',(1.,0.,0.));
#9379=DIRECTION('',(0.,0.,1.));
#9380=DIRECTION('',(1.,0.,0.));
#9381=DIRECTION('',(0.,0.,1.));
#9382=DIRECTION('',(1.,0.,0.));
#9383=DIRECTION('',(0.,0.,1.));
#9384=DIRECTION('',(1.,0.,0.));
#9385=DIRECTION('',(0.,0.,1.));
#9386=DIRECTION('',(1.,0.,0.));
#9387=DIRECTION('',(0.,0.,1.));
#9388=DIRECTION('',(1.,0.,0.));
#9389=DIRECTION('',(0.,0.,1.));
#9390=DIRECTION('',(1.,0.,0.));
#9391=DIRECTION('',(0.,0.,1.));
#9392=DIRECTION('',(1.,0.,0.));
#9393=DIRECTION('',(1.,0.,0.));
#9394=DIRECTION('',(0.,-1.,0.));
#9395=DIRECTION('',(-1.,0.,0.));
#9396=DIRECTION('',(0.,0.,1.));
#9397=DIRECTION('',(1.,0.,0.));
#9398=DIRECTION('',(0.,0.,1.));
#9399=DIRECTION('',(1.,0.,0.));
#9400=DIRECTION('',(0.,0.,1.));
#9401=DIRECTION('',(1.,0.,0.));
#9402=DIRECTION('',(1.,0.,0.));
#9403=DIRECTION('',(0.,-1.,0.));
#9404=DIRECTION('',(-1.,0.,0.));
#9405=DIRECTION('',(0.,1.,0.));
#9406=DIRECTION('',(1.,0.,0.));
#9407=DIRECTION('',(-0.00198581168735268,-0.999998028274027,0.));
#9408=DIRECTION('',(0.,0.,1.));
#9409=DIRECTION('',(1.,0.,0.));
#9410=DIRECTION('',(0.,0.,1.));
#9411=DIRECTION('',(1.,0.,0.));
#9412=DIRECTION('',(0.,0.,1.));
#9413=DIRECTION('',(1.,0.,0.));
#9414=DIRECTION('',(0.,0.,1.));
#9415=DIRECTION('',(1.,0.,0.));
#9416=DIRECTION('',(0.,0.,1.));
#9417=DIRECTION('',(1.,0.,0.));
#9418=DIRECTION('',(0.,0.,1.));
#9419=DIRECTION('',(1.,0.,0.));
#9420=DIRECTION('',(0.711163518086164,0.703026635728199,0.));
#9421=DIRECTION('',(0.,0.,1.));
#9422=DIRECTION('',(1.,0.,0.));
#9423=DIRECTION('',(0.,0.,1.));
#9424=DIRECTION('',(1.,0.,0.));
#9425=DIRECTION('',(0.,0.,1.));
#9426=DIRECTION('',(1.,0.,0.));
#9427=DIRECTION('',(0.,0.,1.));
#9428=DIRECTION('',(1.,0.,0.));
#9429=DIRECTION('',(0.,0.,1.));
#9430=DIRECTION('',(1.,0.,0.));
#9431=DIRECTION('',(0.,1.,0.));
#9432=DIRECTION('',(0.224459655550566,0.974483382634163,0.));
#9433=DIRECTION('',(0.,0.,1.));
#9434=DIRECTION('',(1.,0.,0.));
#9435=DIRECTION('',(0.,0.,1.));
#9436=DIRECTION('',(1.,0.,0.));
#9437=DIRECTION('',(0.,0.,1.));
#9438=DIRECTION('',(1.,0.,0.));
#9439=DIRECTION('',(0.,0.,1.));
#9440=DIRECTION('',(1.,0.,0.));
#9441=DIRECTION('',(0.,0.,1.));
#9442=DIRECTION('',(1.,0.,0.));
#9443=DIRECTION('',(0.,0.,1.));
#9444=DIRECTION('',(1.,0.,0.));
#9445=DIRECTION('',(0.,0.,1.));
#9446=DIRECTION('',(1.,0.,0.));
#9447=DIRECTION('',(0.,0.,1.));
#9448=DIRECTION('',(1.,0.,0.));
#9449=DIRECTION('',(0.,0.,1.));
#9450=DIRECTION('',(1.,0.,0.));
#9451=DIRECTION('',(0.,0.,1.));
#9452=DIRECTION('',(1.,0.,0.));
#9453=DIRECTION('',(0.,0.,1.));
#9454=DIRECTION('',(1.,0.,0.));
#9455=DIRECTION('',(0.,-1.,0.));
#9456=DIRECTION('',(-1.65980047243481E-13,-2.14448050019818E-13,1.));
#9457=DIRECTION('',(0.749795915345475,0.661669166072624,2.76586023999364E-13));
#9458=DIRECTION('',(0.,0.,1.));
#9459=DIRECTION('',(1.,0.,0.));
#9460=DIRECTION('',(0.,0.,1.));
#9461=DIRECTION('',(1.,0.,0.));
#9462=DIRECTION('',(0.,0.,1.));
#9463=DIRECTION('',(1.,0.,0.));
#9464=DIRECTION('',(0.,0.,1.));
#9465=DIRECTION('',(1.,0.,0.));
#9466=DIRECTION('',(0.,0.,1.));
#9467=DIRECTION('',(1.,0.,0.));
#9468=DIRECTION('',(0.,0.,1.));
#9469=DIRECTION('',(1.,0.,0.));
#9470=DIRECTION('',(0.,0.,1.));
#9471=DIRECTION('',(1.,0.,0.));
#9472=DIRECTION('',(0.,0.,1.));
#9473=DIRECTION('',(1.,0.,0.));
#9474=DIRECTION('',(0.,0.,1.));
#9475=DIRECTION('',(1.,0.,0.));
#9476=DIRECTION('',(0.,0.,1.));
#9477=DIRECTION('',(1.,0.,0.));
#9478=DIRECTION('',(0.,0.,1.));
#9479=DIRECTION('',(1.,0.,0.));
#9480=DIRECTION('',(0.,-1.,0.));
#9481=DIRECTION('',(0.,0.,1.));
#9482=DIRECTION('',(1.,0.,0.));
#9483=DIRECTION('',(0.,-1.,0.));
#9484=DIRECTION('',(0.0414274357970802,-0.999141515283635,0.));
#9485=DIRECTION('',(-5.04415634094756E-13,-6.36921721553365E-14,1.));
#9486=DIRECTION('',(-0.998081925934677,-0.061906939211416,-5.1222644442783E-13));
#9487=DIRECTION('',(0.,0.,1.));
#9488=DIRECTION('',(1.,0.,0.));
#9489=DIRECTION('',(0.,0.,1.));
#9490=DIRECTION('',(1.,0.,0.));
#9491=DIRECTION('',(-0.430769455075278,-0.902462008382707,0.));
#9492=DIRECTION('',(0.,0.,1.));
#9493=DIRECTION('',(1.,0.,0.));
#9494=DIRECTION('',(0.,0.,1.));
#9495=DIRECTION('',(1.,0.,0.));
#9496=DIRECTION('',(0.,0.,1.));
#9497=DIRECTION('',(1.,0.,0.));
#9498=DIRECTION('',(-4.2288337780405E-13,-2.07430599952959E-13,-1.));
#9499=DIRECTION('',(-0.817755024812189,-0.575566433519552,4.65602911265062E-13));
#9500=DIRECTION('',(0.,0.,1.));
#9501=DIRECTION('',(1.,0.,0.));
#9502=DIRECTION('',(0.,0.,1.));
#9503=DIRECTION('',(1.,0.,0.));
#9504=DIRECTION('',(0.,1.,0.));
#9505=DIRECTION('',(0.,0.,1.));
#9506=DIRECTION('',(1.,0.,0.));
#9507=DIRECTION('',(-2.25860004303266E-13,2.20095595840744E-13,1.));
#9508=DIRECTION('',(0.595486730515747,-0.803365143493085,3.0120392871594E-13));
#9509=DIRECTION('',(0.,1.,0.));
#9510=DIRECTION('',(0.,0.,1.));
#9511=DIRECTION('',(1.,0.,0.));
#9512=DIRECTION('',(0.,0.,1.));
#9513=DIRECTION('',(1.,0.,0.));
#9514=DIRECTION('',(0.,0.,1.));
#9515=DIRECTION('',(1.,0.,0.));
#9516=DIRECTION('',(0.,0.,1.));
#9517=DIRECTION('',(1.,0.,0.));
#9518=DIRECTION('',(0.,0.,1.));
#9519=DIRECTION('',(1.,0.,0.));
#9520=DIRECTION('',(0.,0.,1.));
#9521=DIRECTION('',(1.,0.,0.));
#9522=DIRECTION('',(0.,0.,1.));
#9523=DIRECTION('',(1.,0.,0.));
#9524=DIRECTION('',(-0.798710224337571,-0.601715861132667,0.));
#9525=DIRECTION('',(-0.546149200527945,0.837687919670976,0.));
#9526=DIRECTION('',(0.,0.,1.));
#9527=DIRECTION('',(1.,0.,0.));
#9528=DIRECTION('',(0.,0.,1.));
#9529=DIRECTION('',(1.,0.,0.));
#9530=DIRECTION('',(0.,0.,1.));
#9531=DIRECTION('',(1.,0.,0.));
#9532=DIRECTION('',(0.,0.,1.));
#9533=DIRECTION('',(1.,0.,0.));
#9534=DIRECTION('',(0.,0.,1.));
#9535=DIRECTION('',(1.,0.,0.));
#9536=DIRECTION('',(0.,0.,1.));
#9537=DIRECTION('',(1.,0.,0.));
#9538=DIRECTION('',(0.,0.,1.));
#9539=DIRECTION('',(1.,0.,0.));
#9540=DIRECTION('',(0.,0.,1.));
#9541=DIRECTION('',(1.,0.,0.));
#9542=DIRECTION('',(-2.20191169728753E-13,-2.98512345149204E-14,-1.));
#9543=DIRECTION('',(0.980123607041972,0.19838778923874,-2.206032806577E-13));
#9544=DIRECTION('',(9.91766177010045E-13,3.48579948834714E-14,-1.));
#9545=DIRECTION('',(0.997551470881018,0.0699361347453359,9.92630115573374E-13));
#9546=DIRECTION('',(0.,0.,1.));
#9547=DIRECTION('',(1.,0.,0.));
#9548=DIRECTION('',(0.,0.,1.));
#9549=DIRECTION('',(1.,0.,0.));
#9550=DIRECTION('',(0.,0.,1.));
#9551=DIRECTION('',(1.,0.,0.));
#9552=DIRECTION('',(0.,0.,1.));
#9553=DIRECTION('',(1.,0.,0.));
#9554=DIRECTION('',(0.,0.,1.));
#9555=DIRECTION('',(1.,0.,0.));
#9556=DIRECTION('',(0.,0.,1.));
#9557=DIRECTION('',(1.,0.,0.));
#9558=DIRECTION('',(0.,0.,1.));
#9559=DIRECTION('',(1.,0.,0.));
#9560=DIRECTION('',(0.,0.,1.));
#9561=DIRECTION('',(1.,0.,0.));
#9562=DIRECTION('',(0.,0.,1.));
#9563=DIRECTION('',(1.,0.,0.));
#9564=DIRECTION('',(0.,0.,1.));
#9565=DIRECTION('',(1.,0.,0.));
#9566=DIRECTION('',(-0.998096171954697,-0.0616768313824563,-1.63145010300309E-14));
#9567=DIRECTION('',(-1.,0.,0.));
#9568=DIRECTION('',(0.,1.,0.));
#9569=DIRECTION('',(1.,0.,0.));
#9570=DIRECTION('',(0.,0.,1.));
#9571=DIRECTION('',(1.,0.,0.));
#9572=DIRECTION('',(-1.,0.,0.));
#9573=DIRECTION('',(0.,1.,0.));
#9574=DIRECTION('',(1.,0.,0.));
#9575=DIRECTION('',(-2.92382937846339E-14,1.37176328339613E-12,1.));
#9576=DIRECTION('',(0.00042319624284932,-0.999999910452466,1.37212865020597E-12));
#9577=DIRECTION('',(0.,0.,1.));
#9578=DIRECTION('',(1.,0.,0.));
#9579=DIRECTION('',(0.,0.,1.));
#9580=DIRECTION('',(1.,0.,0.));
#9581=DIRECTION('',(0.,0.,1.));
#9582=DIRECTION('',(1.,0.,0.));
#9583=DIRECTION('',(0.,0.,1.));
#9584=DIRECTION('',(1.,0.,0.));
#9585=DIRECTION('',(0.,0.,1.));
#9586=DIRECTION('',(1.,0.,0.));
#9587=DIRECTION('',(0.,0.,1.));
#9588=DIRECTION('',(1.,0.,0.));
#9589=DIRECTION('',(-1.,0.,0.));
#9590=DIRECTION('',(0.,1.,0.));
#9591=DIRECTION('',(1.,0.,0.));
#9592=DIRECTION('',(0.,0.,1.));
#9593=DIRECTION('',(1.,0.,0.));
#9594=DIRECTION('',(0.,0.,1.));
#9595=DIRECTION('',(1.,0.,0.));
#9596=DIRECTION('',(0.,0.,1.));
#9597=DIRECTION('',(1.,0.,0.));
#9598=DIRECTION('',(0.,0.,1.));
#9599=DIRECTION('',(1.,0.,0.));
#9600=DIRECTION('',(0.,0.,1.));
#9601=DIRECTION('',(1.,0.,0.));
#9602=DIRECTION('',(0.,0.,1.));
#9603=DIRECTION('',(1.,0.,0.));
#9604=DIRECTION('',(0.,0.,1.));
#9605=DIRECTION('',(1.,0.,0.));
#9606=DIRECTION('',(0.,1.,0.));
#9607=DIRECTION('',(1.,0.,0.));
#9608=DIRECTION('',(0.,-1.,0.));
#9609=DIRECTION('',(-1.,0.,0.));
#9610=DIRECTION('',(0.,-1.,0.));
#9611=DIRECTION('',(0.,0.,1.));
#9612=DIRECTION('',(1.,0.,0.));
#9613=DIRECTION('',(0.,0.,1.));
#9614=DIRECTION('',(1.,0.,0.));
#9615=DIRECTION('',(0.,0.,1.));
#9616=DIRECTION('',(1.,0.,0.));
#9617=DIRECTION('',(0.,0.,1.));
#9618=DIRECTION('',(1.,0.,0.));
#9619=DIRECTION('',(0.,-1.,0.));
#9620=DIRECTION('',(0.,0.,1.));
#9621=DIRECTION('',(1.,0.,0.));
#9622=DIRECTION('',(0.,0.,1.));
#9623=DIRECTION('',(1.,0.,0.));
#9624=DIRECTION('',(-1.82672563710801E-14,1.12755535404236E-12,-1.));
#9625=DIRECTION('',(0.032299953795464,-0.999478220365412,-1.12672952864162E-12));
#9626=DIRECTION('',(-4.29244706667758E-14,-1.34496674755898E-12,-1.));
#9627=DIRECTION('',(-2.54996268649705E-5,-0.999999999674885,1.34442843696479E-12));
#9628=DIRECTION('',(0.,0.,1.));
#9629=DIRECTION('',(1.,0.,0.));
#9630=DIRECTION('',(0.,0.,1.));
#9631=DIRECTION('',(1.,0.,0.));
#9632=DIRECTION('',(0.,0.,1.));
#9633=DIRECTION('',(1.,0.,0.));
#9634=DIRECTION('',(0.,0.,1.));
#9635=DIRECTION('',(1.,0.,0.));
#9636=DIRECTION('',(0.,0.,1.));
#9637=DIRECTION('',(1.,0.,0.));
#9638=DIRECTION('',(0.,1.,0.));
#9639=DIRECTION('',(1.,0.,0.));
#9640=DIRECTION('',(0.,0.,1.));
#9641=DIRECTION('',(1.,0.,0.));
#9642=DIRECTION('',(0.,0.,1.));
#9643=DIRECTION('',(1.,0.,0.));
#9644=DIRECTION('',(0.,-1.,0.));
#9645=DIRECTION('',(0.,0.,1.));
#9646=DIRECTION('',(1.,0.,0.));
#9647=DIRECTION('',(0.,0.,1.));
#9648=DIRECTION('',(1.,0.,0.));
#9649=DIRECTION('',(0.,0.,1.));
#9650=DIRECTION('',(1.,0.,0.));
#9651=DIRECTION('',(0.,0.,1.));
#9652=DIRECTION('',(1.,0.,0.));
#9653=DIRECTION('',(0.,0.,1.));
#9654=DIRECTION('',(1.,0.,0.));
#9655=DIRECTION('',(0.,0.,1.));
#9656=DIRECTION('',(1.,0.,0.));
#9657=DIRECTION('',(0.,0.,1.));
#9658=DIRECTION('',(1.,0.,0.));
#9659=DIRECTION('',(0.,0.,1.));
#9660=DIRECTION('',(1.,0.,0.));
#9661=DIRECTION('',(0.,0.,1.));
#9662=DIRECTION('',(1.,0.,0.));
#9663=DIRECTION('',(1.,0.,0.));
#9664=DIRECTION('',(0.,-1.,0.));
#9665=DIRECTION('',(-1.,0.,0.));
#9666=DIRECTION('',(0.,0.,1.));
#9667=DIRECTION('',(1.,0.,0.));
#9668=DIRECTION('',(0.,0.,1.));
#9669=DIRECTION('',(1.,0.,0.));
#9670=DIRECTION('',(0.,0.,1.));
#9671=DIRECTION('',(1.,0.,0.));
#9672=DIRECTION('',(0.,1.,0.));
#9673=DIRECTION('',(0.,0.,1.));
#9674=DIRECTION('',(1.,0.,0.));
#9675=DIRECTION('',(0.,0.,-1.));
#9676=DIRECTION('',(0.,0.,-1.));
#9677=DIRECTION('',(1.,0.,0.));
#9678=DIRECTION('',(0.,0.,-1.));
#9679=DIRECTION('',(0.,-1.,0.));
#9680=DIRECTION('',(0.,0.,-1.));
#9681=DIRECTION('',(0.,1.,0.));
#9682=DIRECTION('',(0.,0.,1.));
#9683=DIRECTION('',(1.,0.,0.));
#9684=DIRECTION('',(0.,0.,-1.));
#9685=DIRECTION('',(1.,0.,0.));
#9686=DIRECTION('',(0.,0.,-1.));
#9687=DIRECTION('',(0.,-1.,0.));
#9688=DIRECTION('',(0.,0.,-1.));
#9689=DIRECTION('',(-1.,0.,0.));
#9690=DIRECTION('',(0.,0.,1.));
#9691=DIRECTION('',(1.,0.,0.));
#9692=DIRECTION('',(0.,0.,-1.));
#9693=DIRECTION('',(-1.,0.,0.));
#9694=DIRECTION('',(0.,0.,1.));
#9695=DIRECTION('',(1.,-6.12323399573677E-17,0.));
#9696=DIRECTION('',(0.,0.,-1.));
#9697=DIRECTION('',(-1.,0.,0.));
#9698=DIRECTION('',(0.,0.,1.));
#9699=DIRECTION('',(1.,0.,0.));
#9700=DIRECTION('',(0.,0.,-1.));
#9701=DIRECTION('',(-1.,0.,0.));
#9702=DIRECTION('',(0.,0.,1.));
#9703=DIRECTION('',(1.,-6.12323399573677E-17,0.));
#9704=DIRECTION('',(0.,0.,1.));
#9705=DIRECTION('',(1.,0.,0.));
#9706=DIRECTION('',(0.,1.,0.));
#9707=DIRECTION('',(0.,0.,1.));
#9708=DIRECTION('',(0.,0.,1.));
#9709=DIRECTION('',(-1.,0.,0.));
#9710=DIRECTION('',(0.,0.,1.));
#9711=DIRECTION('',(-0.944496796706159,-0.328520624941272,0.));
#9712=DIRECTION('',(0.328520624941272,-0.944496796706159,0.));
#9713=DIRECTION('',(0.,0.,1.));
#9714=DIRECTION('',(0.328520624941272,-0.944496796706159,0.));
#9715=DIRECTION('',(0.,-1.,0.));
#9716=DIRECTION('',(0.,0.,-1.));
#9717=DIRECTION('',(0.,0.,1.));
#9718=DIRECTION('',(1.,0.,0.));
#9719=DIRECTION('',(0.943730346928175,-0.330715938967004,0.));
#9720=DIRECTION('',(0.330715938967004,0.943730346928175,0.));
#9721=DIRECTION('',(0.,0.,1.));
#9722=DIRECTION('',(0.330715938967004,0.943730346928175,0.));
#9723=DIRECTION('',(0.,1.,0.));
#9724=DIRECTION('',(0.,0.,1.));
#9725=DIRECTION('',(0.,0.,1.));
#9726=DIRECTION('',(-1.,0.,0.));
#9727=DIRECTION('',(-0.943986258892119,0.329984761804028,0.));
#9728=DIRECTION('',(-0.329984761804028,-0.943986258892119,0.));
#9729=DIRECTION('',(0.,0.,1.));
#9730=DIRECTION('',(-0.329984761804028,-0.943986258892119,0.));
#9731=DIRECTION('',(0.945005611242038,0.327054115890723,0.));
#9732=DIRECTION('',(-0.327054115890723,0.945005611242038,0.));
#9733=DIRECTION('',(-0.327054115890723,0.945005611242038,0.));
#9734=DIRECTION('',(0.,0.,1.));
#9735=DIRECTION('',(1.,0.,0.));
#9736=DIRECTION('',(0.,0.,1.));
#9737=DIRECTION('',(0.0849874928412611,-0.996382018133887,0.));
#9738=DIRECTION('',(0.,0.,1.));
#9739=DIRECTION('',(0.,0.,1.));
#9740=DIRECTION('',(1.,0.,0.));
#9741=DIRECTION('',(0.,0.,1.));
#9742=DIRECTION('',(0.,0.,1.));
#9743=DIRECTION('',(-0.207907073635146,-0.978148582134877,0.));
#9744=DIRECTION('',(0.,0.,1.));
#9745=DIRECTION('',(0.,0.,1.));
#9746=DIRECTION('',(1.,0.,0.));
#9747=DIRECTION('',(0.,0.,1.));
#9748=DIRECTION('',(-0.619480203261666,-0.785012278736381,0.));
#9749=DIRECTION('',(0.,0.,1.));
#9750=DIRECTION('',(0.,0.,1.));
#9751=DIRECTION('',(1.,0.,0.));
#9752=DIRECTION('',(0.,0.,1.));
#9753=DIRECTION('',(-0.889648537581741,-0.456645901742991,0.));
#9754=DIRECTION('',(0.,0.,1.));
#9755=DIRECTION('',(0.,0.,1.));
#9756=DIRECTION('',(1.,0.,0.));
#9757=DIRECTION('',(0.,0.,1.));
#9758=DIRECTION('',(-0.991155711748814,-0.132704013005264,0.));
#9759=DIRECTION('',(0.,0.,1.));
#9760=DIRECTION('',(0.,0.,1.));
#9761=DIRECTION('',(1.,0.,0.));
#9762=DIRECTION('',(0.,0.,1.));
#9763=DIRECTION('',(-0.995123669805244,0.098635094126498,0.));
#9764=DIRECTION('',(0.,0.,1.));
#9765=DIRECTION('',(0.,0.,1.));
#9766=DIRECTION('',(1.,0.,0.));
#9767=DIRECTION('',(0.,0.,1.));
#9768=DIRECTION('',(-0.954023820866307,0.299730794580157,0.));
#9769=DIRECTION('',(0.,0.,1.));
#9770=DIRECTION('',(0.,0.,1.));
#9771=DIRECTION('',(1.,0.,0.));
#9772=DIRECTION('',(0.,0.,1.));
#9773=DIRECTION('',(-0.813980166509839,0.580892665239125,0.));
#9774=DIRECTION('',(0.,0.,1.));
#9775=DIRECTION('',(0.,0.,1.));
#9776=DIRECTION('',(1.,0.,0.));
#9777=DIRECTION('',(0.,0.,1.));
#9778=DIRECTION('',(-0.448217074557661,0.893924747434018,0.));
#9779=DIRECTION('',(0.,0.,1.));
#9780=DIRECTION('',(0.,0.,1.));
#9781=DIRECTION('',(1.,0.,0.));
#9782=DIRECTION('',(-1.,0.,0.));
#9783=DIRECTION('',(0.,0.,1.));
#9784=DIRECTION('',(0.,0.,1.));
#9785=DIRECTION('',(0.,-1.,0.));
#9786=DIRECTION('',(0.,0.,1.));
#9787=DIRECTION('',(-0.283495868833399,0.958973457585973,0.));
#9788=DIRECTION('',(0.,0.,1.));
#9789=DIRECTION('',(0.,0.,1.));
#9790=DIRECTION('',(1.,0.,0.));
#9791=DIRECTION('',(0.,0.,1.));
#9792=DIRECTION('',(-0.641712144678929,0.766945580449858,0.));
#9793=DIRECTION('',(0.,0.,1.));
#9794=DIRECTION('',(0.,0.,1.));
#9795=DIRECTION('',(1.,0.,0.));
#9796=DIRECTION('',(0.,0.,1.));
#9797=DIRECTION('',(-0.869875927064186,0.493270586508281,0.));
#9798=DIRECTION('',(0.,0.,1.));
#9799=DIRECTION('',(0.,0.,1.));
#9800=DIRECTION('',(1.,0.,0.));
#9801=DIRECTION('',(0.,0.,1.));
#9802=DIRECTION('',(-0.985432609174595,0.170066377556967,0.));
#9803=DIRECTION('',(0.,0.,1.));
#9804=DIRECTION('',(0.,0.,1.));
#9805=DIRECTION('',(1.,0.,0.));
#9806=DIRECTION('',(0.,0.,1.));
#9807=DIRECTION('',(-0.984015616784266,-0.178082188678936,0.));
#9808=DIRECTION('',(0.,0.,1.));
#9809=DIRECTION('',(0.,0.,1.));
#9810=DIRECTION('',(1.,0.,0.));
#9811=DIRECTION('',(0.,0.,1.));
#9812=DIRECTION('',(-0.858965298757923,-0.512033803112364,0.));
#9813=DIRECTION('',(0.,0.,1.));
#9814=DIRECTION('',(0.,0.,1.));
#9815=DIRECTION('',(1.,0.,0.));
#9816=DIRECTION('',(0.,0.,1.));
#9817=DIRECTION('',(-0.60080395809666,-0.799396399751329,0.));
#9818=DIRECTION('',(0.,0.,1.));
#9819=DIRECTION('',(0.,0.,1.));
#9820=DIRECTION('',(1.,0.,0.));
#9821=DIRECTION('',(0.,0.,1.));
#9822=DIRECTION('',(-0.214558358805787,-0.976711170544582,0.));
#9823=DIRECTION('',(0.,0.,1.));
#9824=DIRECTION('',(0.,0.,1.));
#9825=DIRECTION('',(1.,0.,0.));
#9826=DIRECTION('',(0.,0.,1.));
#9827=DIRECTION('',(0.,0.,1.));
#9828=DIRECTION('',(0.62507699145936,-0.780563101067502,0.));
#9829=DIRECTION('',(0.,0.,1.));
#9830=DIRECTION('',(0.,0.,1.));
#9831=DIRECTION('',(1.,0.,0.));
#9832=DIRECTION('',(-0.83601930852084,-0.548700023492197,0.));
#9833=DIRECTION('',(0.548700023492197,-0.83601930852084,0.));
#9834=DIRECTION('',(0.,0.,1.));
#9835=DIRECTION('',(0.548700023492197,-0.83601930852084,0.));
#9836=DIRECTION('',(0.,0.,1.));
#9837=DIRECTION('',(0.596823820786613,-0.802372311923629,0.));
#9838=DIRECTION('',(0.,0.,1.));
#9839=DIRECTION('',(0.,0.,1.));
#9840=DIRECTION('',(1.,0.,0.));
#9841=DIRECTION('',(0.,0.,1.));
#9842=DIRECTION('',(0.405626403791075,-0.914038960081856,0.));
#9843=DIRECTION('',(0.,0.,1.));
#9844=DIRECTION('',(0.,0.,1.));
#9845=DIRECTION('',(1.,0.,0.));
#9846=DIRECTION('',(0.,0.,1.));
#9847=DIRECTION('',(0.245843635511498,-0.969309500045517,0.));
#9848=DIRECTION('',(0.,0.,1.));
#9849=DIRECTION('',(1.,0.,0.));
#9850=DIRECTION('',(0.,0.,1.));
#9851=DIRECTION('',(1.,0.,0.));
#9852=DIRECTION('',(0.,0.,1.));
#9853=DIRECTION('',(0.935823277776052,-0.352469562902227,0.));
#9854=DIRECTION('',(0.,0.,1.));
#9855=DIRECTION('',(0.,0.,1.));
#9856=DIRECTION('',(1.,0.,0.));
#9857=DIRECTION('',(0.,0.,1.));
#9858=DIRECTION('',(0.,-1.,0.));
#9859=DIRECTION('',(0.,0.,-1.));
#9860=DIRECTION('',(0.,0.,1.));
#9861=DIRECTION('',(1.,0.,0.));
#9862=DIRECTION('',(0.941989539852799,-0.335642230370245,0.));
#9863=DIRECTION('',(0.335642230370245,0.941989539852799,0.));
#9864=DIRECTION('',(0.,0.,1.));
#9865=DIRECTION('',(0.335642230370245,0.941989539852799,0.));
#9866=DIRECTION('',(0.921080112261008,-0.389373120280854,0.));
#9867=DIRECTION('',(0.389373120280854,0.921080112261008,0.));
#9868=DIRECTION('',(0.,0.,1.));
#9869=DIRECTION('',(0.389373120280854,0.921080112261008,0.));
#9870=DIRECTION('',(0.,0.,1.));
#9871=DIRECTION('',(0.898345761124653,-0.43928907733902,0.));
#9872=DIRECTION('',(0.,0.,1.));
#9873=DIRECTION('',(0.,0.,1.));
#9874=DIRECTION('',(1.,0.,0.));
#9875=DIRECTION('',(0.,0.,1.));
#9876=DIRECTION('',(0.749656874728619,-0.66182669194595,0.));
#9877=DIRECTION('',(0.,0.,1.));
#9878=DIRECTION('',(0.,0.,1.));
#9879=DIRECTION('',(1.,0.,0.));
#9880=DIRECTION('',(0.,0.,1.));
#9881=DIRECTION('',(0.370620612429919,-0.928784346143965,0.));
#9882=DIRECTION('',(0.,0.,1.));
#9883=DIRECTION('',(0.,0.,1.));
#9884=DIRECTION('',(1.,0.,0.));
#9885=DIRECTION('',(0.,0.,1.));
#9886=DIRECTION('',(0.055660333798585,-0.998449762001789,0.));
#9887=DIRECTION('',(0.,0.,1.));
#9888=DIRECTION('',(0.,0.,1.));
#9889=DIRECTION('',(1.,0.,0.));
#9890=DIRECTION('',(0.,0.,1.));
#9891=DIRECTION('',(-0.183795188339916,-0.982964561285449,0.));
#9892=DIRECTION('',(0.,0.,1.));
#9893=DIRECTION('',(0.,0.,1.));
#9894=DIRECTION('',(1.,0.,0.));
#9895=DIRECTION('',(0.,0.,1.));
#9896=DIRECTION('',(0.183795188335635,0.982964561286249,0.));
#9897=DIRECTION('',(0.,0.,1.));
#9898=DIRECTION('',(0.,0.,1.));
#9899=DIRECTION('',(1.,0.,0.));
#9900=DIRECTION('',(0.,0.,1.));
#9901=DIRECTION('',(-0.950065693502085,0.312049960792181,0.));
#9902=DIRECTION('',(0.,0.,1.));
#9903=DIRECTION('',(0.,0.,1.));
#9904=DIRECTION('',(1.,0.,0.));
#9905=DIRECTION('',(0.,0.,1.));
#9906=DIRECTION('',(-0.972028863495642,0.234861424102323,0.));
#9907=DIRECTION('',(0.,0.,1.));
#9908=DIRECTION('',(0.,0.,1.));
#9909=DIRECTION('',(1.,0.,0.));
#9910=DIRECTION('',(0.,0.,1.));
#9911=DIRECTION('',(-0.973245185188081,0.229769035137934,0.));
#9912=DIRECTION('',(0.,0.,1.));
#9913=DIRECTION('',(-5.95972291203543E-17,1.40559502642348E-17,-1.));
#9914=DIRECTION('',(-0.976122232427758,0.217221977157585,0.));
#9915=DIRECTION('',(0.352444093760601,0.935832870107301,-1.98912419063826E-26));
#9916=DIRECTION('',(-0.935832870107301,0.352444093760601,-3.21590566662364E-14));
#9917=DIRECTION('',(0.,0.,1.));
#9918=DIRECTION('',(-0.935832870107301,0.352444093760601,-3.21590566662364E-14));
#9919=DIRECTION('',(0.,0.,1.));
#9920=DIRECTION('',(-0.325191470825958,-0.945648194257278,0.));
#9921=DIRECTION('',(0.,0.,1.));
#9922=DIRECTION('',(0.,0.,1.));
#9923=DIRECTION('',(1.,0.,0.));
#9924=DIRECTION('',(0.,0.,1.));
#9925=DIRECTION('',(-0.247313025045381,-0.968935636481032,0.));
#9926=DIRECTION('',(0.,0.,1.));
#9927=DIRECTION('',(-3.11343583793259E-14,-1.22281201251779E-13,-1.));
#9928=DIRECTION('',(-0.201098032937308,-0.979571121026312,1.26842985063382E-13));
#9929=DIRECTION('',(0.,0.,1.));
#9930=DIRECTION('',(-0.112406949837607,-0.993662255310226,0.));
#9931=DIRECTION('',(0.,0.,1.));
#9932=DIRECTION('',(0.,0.,1.));
#9933=DIRECTION('',(1.,0.,0.));
#9934=DIRECTION('',(0.,0.,1.));
#9935=DIRECTION('',(0.0503510988671749,-0.998731578975486,0.));
#9936=DIRECTION('',(0.,0.,1.));
#9937=DIRECTION('',(0.,0.,1.));
#9938=DIRECTION('',(1.,0.,0.));
#9939=DIRECTION('',(0.,0.,1.));
#9940=DIRECTION('',(0.32947938949993,-0.944162767691437,0.));
#9941=DIRECTION('',(0.,0.,1.));
#9942=DIRECTION('',(0.,0.,1.));
#9943=DIRECTION('',(1.,0.,0.));
#9944=DIRECTION('',(0.,0.,1.));
#9945=DIRECTION('',(0.676346414963015,-0.736583686329447,0.));
#9946=DIRECTION('',(0.,0.,1.));
#9947=DIRECTION('',(0.,0.,1.));
#9948=DIRECTION('',(1.,0.,0.));
#9949=DIRECTION('',(0.,0.,1.));
#9950=DIRECTION('',(0.846132281576697,-0.53297294684985,0.));
#9951=DIRECTION('',(0.,0.,1.));
#9952=DIRECTION('',(0.,0.,1.));
#9953=DIRECTION('',(1.,0.,0.));
#9954=DIRECTION('',(0.,0.,1.));
#9955=DIRECTION('',(0.908802249385111,-0.417227122215902,0.));
#9956=DIRECTION('',(0.,0.,1.));
#9957=DIRECTION('',(0.,0.,1.));
#9958=DIRECTION('',(1.,0.,0.));
#9959=DIRECTION('',(0.,0.,1.));
#9960=DIRECTION('',(0.931075025179942,-0.364827764138327,0.));
#9961=DIRECTION('',(0.,0.,1.));
#9962=DIRECTION('',(0.,0.,1.));
#9963=DIRECTION('',(1.,0.,0.));
#9964=DIRECTION('',(0.,0.,1.));
#9965=DIRECTION('',(-0.935699406737298,0.352798271298866,0.));
#9966=DIRECTION('',(0.,0.,1.));
#9967=DIRECTION('',(1.,0.,0.));
#9968=DIRECTION('',(0.,0.,1.));
#9969=DIRECTION('',(1.,0.,0.));
#9970=DIRECTION('',(0.924899834068041,0.380210858525778,0.));
#9971=DIRECTION('',(-0.380210858525778,0.924899834068041,0.));
#9972=DIRECTION('',(0.,0.,1.));
#9973=DIRECTION('',(-0.380210858525778,0.924899834068041,0.));
#9974=DIRECTION('',(0.,0.,1.));
#9975=DIRECTION('',(-0.922764865927742,0.385363467663136,0.));
#9976=DIRECTION('',(-0.385363467663136,-0.922764865927742,0.));
#9977=DIRECTION('',(0.,0.,1.));
#9978=DIRECTION('',(-0.385363467663136,-0.922764865927742,0.));
#9979=DIRECTION('',(-0.925129321869486,0.379652127370972,0.));
#9980=DIRECTION('',(-0.379652127370972,-0.925129321869486,0.));
#9981=DIRECTION('',(0.,0.,1.));
#9982=DIRECTION('',(-0.379652127370972,-0.925129321869486,0.));
#9983=DIRECTION('',(-0.934812403739454,-0.355141900956315,0.));
#9984=DIRECTION('',(0.355141900956315,-0.934812403739454,0.));
#9985=DIRECTION('',(0.,0.,1.));
#9986=DIRECTION('',(0.355141900956315,-0.934812403739454,0.));
#9987=DIRECTION('',(0.,-1.,0.));
#9988=DIRECTION('',(0.,0.,-1.));
#9989=DIRECTION('',(1.,0.,0.));
#9990=DIRECTION('',(0.,0.,1.));
#9991=DIRECTION('',(1.,0.,0.));
#9992=DIRECTION('',(0.,0.,1.));
#9993=DIRECTION('',(0.935823277776055,-0.352469562902218,0.));
#9994=DIRECTION('',(0.,0.,1.));
#9995=DIRECTION('',(0.,0.,1.));
#9996=DIRECTION('',(1.,0.,0.));
#9997=DIRECTION('',(0.,0.,1.));
#9998=DIRECTION('',(0.,-1.,0.));
#9999=DIRECTION('',(0.,0.,-1.));
#10000=DIRECTION('',(0.,0.,1.));
#10001=DIRECTION('',(1.,0.,0.));
#10002=DIRECTION('',(0.941989539852799,-0.335642230370245,0.));
#10003=DIRECTION('',(0.335642230370245,0.941989539852799,0.));
#10004=DIRECTION('',(0.,0.,1.));
#10005=DIRECTION('',(0.335642230370245,0.941989539852799,0.));
#10006=DIRECTION('',(0.921080112261008,-0.389373120280854,0.));
#10007=DIRECTION('',(0.389373120280854,0.921080112261008,0.));
#10008=DIRECTION('',(0.,0.,1.));
#10009=DIRECTION('',(0.389373120280854,0.921080112261008,0.));
#10010=DIRECTION('',(0.,0.,1.));
#10011=DIRECTION('',(0.898345761124666,-0.439289077338994,0.));
#10012=DIRECTION('',(0.,0.,1.));
#10013=DIRECTION('',(0.,0.,1.));
#10014=DIRECTION('',(1.,0.,0.));
#10015=DIRECTION('',(0.,0.,1.));
#10016=DIRECTION('',(0.749656874728573,-0.661826691946003,0.));
#10017=DIRECTION('',(0.,0.,1.));
#10018=DIRECTION('',(0.,0.,1.));
#10019=DIRECTION('',(1.,0.,0.));
#10020=DIRECTION('',(0.,0.,1.));
#10021=DIRECTION('',(0.37062061242994,-0.928784346143956,0.));
#10022=DIRECTION('',(0.,0.,1.));
#10023=DIRECTION('',(0.,0.,1.));
#10024=DIRECTION('',(1.,0.,0.));
#10025=DIRECTION('',(0.,0.,1.));
#10026=DIRECTION('',(0.0556603337985845,-0.99844976200179,0.));
#10027=DIRECTION('',(0.,0.,1.));
#10028=DIRECTION('',(0.,0.,1.));
#10029=DIRECTION('',(1.,0.,0.));
#10030=DIRECTION('',(0.,0.,1.));
#10031=DIRECTION('',(-0.183795188335653,-0.982964561286246,0.));
#10032=DIRECTION('',(0.,0.,1.));
#10033=DIRECTION('',(0.,0.,1.));
#10034=DIRECTION('',(1.,0.,0.));
#10035=DIRECTION('',(0.,0.,1.));
#10036=DIRECTION('',(0.183795188335643,0.982964561286248,0.));
#10037=DIRECTION('',(0.,0.,1.));
#10038=DIRECTION('',(0.,0.,1.));
#10039=DIRECTION('',(1.,0.,0.));
#10040=DIRECTION('',(0.,0.,1.));
#10041=DIRECTION('',(-0.950065693502085,0.312049960792182,0.));
#10042=DIRECTION('',(0.,0.,1.));
#10043=DIRECTION('',(0.,0.,1.));
#10044=DIRECTION('',(1.,0.,0.));
#10045=DIRECTION('',(0.,0.,1.));
#10046=DIRECTION('',(-0.972028863495622,0.234861424102406,0.));
#10047=DIRECTION('',(0.,0.,1.));
#10048=DIRECTION('',(0.,0.,1.));
#10049=DIRECTION('',(1.,0.,0.));
#10050=DIRECTION('',(0.,0.,1.));
#10051=DIRECTION('',(-0.973245185188096,0.22976903513787,0.));
#10052=DIRECTION('',(0.,0.,1.));
#10053=DIRECTION('',(-5.95972291203553E-17,1.40559502642305E-17,-1.));
#10054=DIRECTION('',(-0.97612223242778,0.217221977157484,0.));
#10055=DIRECTION('',(0.352444093760672,0.935832870107274,-2.05550400678085E-26));
#10056=DIRECTION('',(-0.935832870107274,0.352444093760672,-3.2159056666276E-14));
#10057=DIRECTION('',(0.,0.,1.));
#10058=DIRECTION('',(-0.935832870107274,0.352444093760672,-3.2159056666276E-14));
#10059=DIRECTION('',(0.,0.,1.));
#10060=DIRECTION('',(-0.32519147082592,-0.945648194257291,0.));
#10061=DIRECTION('',(0.,0.,1.));
#10062=DIRECTION('',(0.,0.,1.));
#10063=DIRECTION('',(1.,0.,0.));
#10064=DIRECTION('',(0.,0.,1.));
#10065=DIRECTION('',(-0.247313025046626,-0.968935636480714,0.));
#10066=DIRECTION('',(0.,0.,1.));
#10067=DIRECTION('',(-3.11343583793256E-14,-1.22281201251779E-13,-1.));
#10068=DIRECTION('',(-0.201098032937246,-0.979571121026325,1.26842985063546E-13));
#10069=DIRECTION('',(0.,0.,1.));
#10070=DIRECTION('',(-0.112406949837646,-0.993662255310222,0.));
#10071=DIRECTION('',(0.,0.,1.));
#10072=DIRECTION('',(0.,0.,1.));
#10073=DIRECTION('',(1.,0.,0.));
#10074=DIRECTION('',(0.,0.,1.));
#10075=DIRECTION('',(0.0503510988671714,-0.998731578975486,0.));
#10076=DIRECTION('',(0.,0.,1.));
#10077=DIRECTION('',(0.,0.,1.));
#10078=DIRECTION('',(1.,0.,0.));
#10079=DIRECTION('',(0.,0.,1.));
#10080=DIRECTION('',(0.329479389499913,-0.944162767691442,0.));
#10081=DIRECTION('',(0.,0.,1.));
#10082=DIRECTION('',(0.,0.,1.));
#10083=DIRECTION('',(1.,0.,0.));
#10084=DIRECTION('',(0.,0.,1.));
#10085=DIRECTION('',(0.676346414964384,-0.73658368632819,0.));
#10086=DIRECTION('',(0.,0.,1.));
#10087=DIRECTION('',(0.,0.,1.));
#10088=DIRECTION('',(1.,0.,0.));
#10089=DIRECTION('',(0.,0.,1.));
#10090=DIRECTION('',(0.84613228157645,-0.532972946850242,0.));
#10091=DIRECTION('',(0.,0.,1.));
#10092=DIRECTION('',(0.,0.,1.));
#10093=DIRECTION('',(1.,0.,0.));
#10094=DIRECTION('',(0.,0.,1.));
#10095=DIRECTION('',(0.90880224938511,-0.417227122215903,0.));
#10096=DIRECTION('',(0.,0.,1.));
#10097=DIRECTION('',(0.,0.,1.));
#10098=DIRECTION('',(1.,0.,0.));
#10099=DIRECTION('',(0.,0.,1.));
#10100=DIRECTION('',(0.931075025181372,-0.364827764134676,0.));
#10101=DIRECTION('',(0.,0.,1.));
#10102=DIRECTION('',(0.,0.,1.));
#10103=DIRECTION('',(1.,0.,0.));
#10104=DIRECTION('',(0.,0.,1.));
#10105=DIRECTION('',(-0.935699406738174,0.352798271296544,0.));
#10106=DIRECTION('',(0.,0.,1.));
#10107=DIRECTION('',(1.,0.,0.));
#10108=DIRECTION('',(0.,0.,1.));
#10109=DIRECTION('',(1.,0.,0.));
#10110=DIRECTION('',(0.,0.,1.));
#10111=DIRECTION('',(0.287756110039644,0.957703723045312,0.));
#10112=DIRECTION('',(0.,0.,1.));
#10113=DIRECTION('',(0.,0.,1.));
#10114=DIRECTION('',(1.,0.,0.));
#10115=DIRECTION('',(0.,0.,1.));
#10116=DIRECTION('',(1.,0.,0.));
#10117=DIRECTION('',(0.,0.,-1.));
#10118=DIRECTION('',(0.,0.,1.));
#10119=DIRECTION('',(0.,1.,0.));
#10120=DIRECTION('',(0.,0.,1.));
#10121=DIRECTION('',(0.329818936062572,0.944044209459786,0.));
#10122=DIRECTION('',(0.,0.,1.));
#10123=DIRECTION('',(0.,0.,1.));
#10124=DIRECTION('',(1.,0.,0.));
#10125=DIRECTION('',(0.,0.,1.));
#10126=DIRECTION('',(0.667171496583567,0.744904150979468,0.));
#10127=DIRECTION('',(0.,0.,1.));
#10128=DIRECTION('',(0.,0.,1.));
#10129=DIRECTION('',(1.,0.,0.));
#10130=DIRECTION('',(0.,0.,1.));
#10131=DIRECTION('',(0.872531314261938,0.488558190630692,0.));
#10132=DIRECTION('',(0.,0.,1.));
#10133=DIRECTION('',(0.,0.,1.));
#10134=DIRECTION('',(1.,0.,0.));
#10135=DIRECTION('',(0.,0.,1.));
#10136=DIRECTION('',(0.985847242400509,0.167646099421702,0.));
#10137=DIRECTION('',(0.,0.,1.));
#10138=DIRECTION('',(0.,0.,1.));
#10139=DIRECTION('',(1.,0.,0.));
#10140=DIRECTION('',(0.,-1.,0.));
#10141=DIRECTION('',(0.,0.,-1.));
#10142=DIRECTION('',(0.,0.,1.));
#10143=DIRECTION('',(1.,0.,0.));
#10144=DIRECTION('',(1.,0.,0.));
#10145=DIRECTION('',(0.,0.,-1.));
#10146=DIRECTION('',(0.,0.,1.));
#10147=DIRECTION('',(0.,1.,0.));
#10148=DIRECTION('',(0.,1.,0.));
#10149=DIRECTION('',(0.,0.,1.));
#10150=DIRECTION('',(0.,0.,1.));
#10151=DIRECTION('',(-1.,0.,0.));
#10152=DIRECTION('',(0.,0.,1.));
#10153=DIRECTION('',(0.998005713341396,-0.063123657513891,0.));
#10154=DIRECTION('',(0.,0.,1.));
#10155=DIRECTION('',(4.68206830389672E-14,-2.93595042158578E-15,-1.));
#10156=DIRECTION('',(0.999999453342394,0.00104561700130733,4.83369024681217E-14));
#10157=DIRECTION('',(0.,0.,1.));
#10158=DIRECTION('',(0.987094586643379,0.160138305908789,0.));
#10159=DIRECTION('',(0.,0.,1.));
#10160=DIRECTION('',(0.,0.,1.));
#10161=DIRECTION('',(1.,0.,0.));
#10162=DIRECTION('',(0.,0.,1.));
#10163=DIRECTION('',(0.876763070236803,0.48092257034676,0.));
#10164=DIRECTION('',(0.,0.,1.));
#10165=DIRECTION('',(0.,0.,1.));
#10166=DIRECTION('',(1.,0.,0.));
#10167=DIRECTION('',(0.,0.,1.));
#10168=DIRECTION('',(0.64006555617607,0.768320300263515,0.));
#10169=DIRECTION('',(0.,0.,1.));
#10170=DIRECTION('',(1.,0.,0.));
#10171=DIRECTION('',(0.,0.,1.));
#10172=DIRECTION('',(1.,0.,0.));
#10173=DIRECTION('',(0.,0.,1.));
#10174=DIRECTION('',(-0.341744804032423,0.939792790415441,0.));
#10175=DIRECTION('',(0.,0.,1.));
#10176=DIRECTION('',(0.,0.,1.));
#10177=DIRECTION('',(1.,0.,0.));
#10178=DIRECTION('',(0.,0.,1.));
#10179=DIRECTION('',(1.,0.,0.));
#10180=DIRECTION('',(0.,0.,-1.));
#10181=DIRECTION('',(0.,0.,1.));
#10182=DIRECTION('',(0.,1.,0.));
#10183=DIRECTION('',(0.,0.,1.));
#10184=DIRECTION('',(-0.242289357857874,0.970204033731472,0.));
#10185=DIRECTION('',(0.,0.,1.));
#10186=DIRECTION('',(0.,0.,1.));
#10187=DIRECTION('',(1.,0.,0.));
#10188=DIRECTION('',(0.,0.,1.));
#10189=DIRECTION('',(-0.0783622582375238,0.996924950276557,0.));
#10190=DIRECTION('',(0.,0.,1.));
#10191=DIRECTION('',(0.,0.,1.));
#10192=DIRECTION('',(1.,0.,0.));
#10193=DIRECTION('',(0.,0.,1.));
#10194=DIRECTION('',(0.13710349136555,0.990556728640706,0.));
#10195=DIRECTION('',(0.,0.,1.));
#10196=DIRECTION('',(0.,0.,1.));
#10197=DIRECTION('',(1.,0.,0.));
#10198=DIRECTION('',(-1.,0.,0.));
#10199=DIRECTION('',(0.,0.,1.));
#10200=DIRECTION('',(0.,0.,1.));
#10201=DIRECTION('',(0.,-1.,0.));
#10202=DIRECTION('',(0.,0.,1.));
#10203=DIRECTION('',(1.,0.,0.));
#10204=DIRECTION('',(-0.975868867476536,-0.218357398523756,0.));
#10205=DIRECTION('',(0.218357398523756,-0.975868867476536,0.));
#10206=DIRECTION('',(0.,0.,1.));
#10207=DIRECTION('',(0.218357398523756,-0.975868867476536,0.));
#10208=DIRECTION('',(0.,0.,1.));
#10209=DIRECTION('',(0.,-1.,0.));
#10210=DIRECTION('',(0.,0.,-1.));
#10211=DIRECTION('',(0.,0.,1.));
#10212=DIRECTION('',(1.,0.,0.));
#10213=DIRECTION('',(1.,0.,0.));
#10214=DIRECTION('',(0.,0.,-1.));
#10215=DIRECTION('',(0.,0.,1.));
#10216=DIRECTION('',(0.,1.,0.));
#10217=DIRECTION('',(0.,1.,0.));
#10218=DIRECTION('',(0.,0.,1.));
#10219=DIRECTION('',(0.,0.,1.));
#10220=DIRECTION('',(-1.,0.,0.));
#10221=DIRECTION('',(-1.,0.,0.));
#10222=DIRECTION('',(0.,0.,1.));
#10223=DIRECTION('',(0.,-1.,0.));
#10224=DIRECTION('',(0.,0.,1.));
#10225=DIRECTION('',(1.,0.,0.));
#10226=DIRECTION('',(0.,0.,1.));
#10227=DIRECTION('',(-0.999280771640537,-0.0379201718020007,0.));
#10228=DIRECTION('',(0.,0.,1.));
#10229=DIRECTION('',(0.,0.,1.));
#10230=DIRECTION('',(1.,0.,0.));
#10231=DIRECTION('',(0.,0.,1.));
#10232=DIRECTION('',(-1.,0.,0.));
#10233=DIRECTION('',(0.,0.,1.));
#10234=DIRECTION('',(0.,0.,1.));
#10235=DIRECTION('',(0.,-1.,0.));
#10236=DIRECTION('',(0.,0.,1.));
#10237=DIRECTION('',(0.999386145961678,0.0350332878825883,0.));
#10238=DIRECTION('',(0.,0.,1.));
#10239=DIRECTION('',(6.11945536085206E-17,2.15082898170601E-18,-1.));
#10240=DIRECTION('',(0.997551470881006,0.0699361347455054,0.));
#10241=DIRECTION('',(0.,0.,1.));
#10242=DIRECTION('',(0.991025967696345,0.133669485491351,0.));
#10243=DIRECTION('',(0.,0.,1.));
#10244=DIRECTION('',(3.06450995931572E-14,4.15454468865854E-15,-1.));
#10245=DIRECTION('',(0.980123607042195,0.198387789237636,2.99820567995525E-14));
#10246=DIRECTION('',(0.,0.,1.));
#10247=DIRECTION('',(0.918939847318185,0.394397714256601,0.));
#10248=DIRECTION('',(0.,0.,1.));
#10249=DIRECTION('',(0.,0.,1.));
#10250=DIRECTION('',(1.,0.,0.));
#10251=DIRECTION('',(0.,0.,1.));
#10252=DIRECTION('',(0.673681736328105,0.739021595176995,0.));
#10253=DIRECTION('',(0.,0.,1.));
#10254=DIRECTION('',(0.,0.,1.));
#10255=DIRECTION('',(1.,0.,0.));
#10256=DIRECTION('',(0.,0.,1.));
#10257=DIRECTION('',(0.360729591947869,0.932670446349151,0.));
#10258=DIRECTION('',(0.,0.,1.));
#10259=DIRECTION('',(0.,0.,1.));
#10260=DIRECTION('',(1.,0.,0.));
#10261=DIRECTION('',(0.,0.,1.));
#10262=DIRECTION('',(0.102492504142215,0.994733776743636,0.));
#10263=DIRECTION('',(0.,0.,1.));
#10264=DIRECTION('',(0.,0.,1.));
#10265=DIRECTION('',(1.,0.,0.));
#10266=DIRECTION('',(0.,0.,1.));
#10267=DIRECTION('',(-0.0874578014308607,0.996168225235517,0.));
#10268=DIRECTION('',(0.,0.,1.));
#10269=DIRECTION('',(0.,0.,1.));
#10270=DIRECTION('',(1.,0.,0.));
#10271=DIRECTION('',(0.,0.,1.));
#10272=DIRECTION('',(-0.249503215840811,0.96837396974779,0.));
#10273=DIRECTION('',(0.,0.,1.));
#10274=DIRECTION('',(0.,0.,1.));
#10275=DIRECTION('',(1.,0.,0.));
#10276=DIRECTION('',(0.,0.,1.));
#10277=DIRECTION('',(-0.409243043505136,0.912425411385859,0.));
#10278=DIRECTION('',(0.,0.,1.));
#10279=DIRECTION('',(0.,0.,1.));
#10280=DIRECTION('',(1.,0.,0.));
#10281=DIRECTION('',(0.,0.,1.));
#10282=DIRECTION('',(-0.610765521312867,0.791811516697895,0.));
#10283=DIRECTION('',(0.,0.,1.));
#10284=DIRECTION('',(0.,0.,1.));
#10285=DIRECTION('',(1.,0.,0.));
#10286=DIRECTION('',(0.837687919670975,0.546149200527945,0.));
#10287=DIRECTION('',(-0.546149200527945,0.837687919670975,0.));
#10288=DIRECTION('',(0.,0.,1.));
#10289=DIRECTION('',(-0.546149200527945,0.837687919670975,0.));
#10290=DIRECTION('',(0.,0.,1.));
#10291=DIRECTION('',(-0.604344557869308,0.796723073202823,0.));
#10292=DIRECTION('',(0.,0.,1.));
#10293=DIRECTION('',(0.,0.,1.));
#10294=DIRECTION('',(1.,0.,0.));
#10295=DIRECTION('',(0.,0.,1.));
#10296=DIRECTION('',(-0.498701890435775,0.866773571629745,0.));
#10297=DIRECTION('',(0.,0.,1.));
#10298=DIRECTION('',(0.,0.,1.));
#10299=DIRECTION('',(1.,0.,0.));
#10300=DIRECTION('',(0.,0.,1.));
#10301=DIRECTION('',(-0.340083645518121,0.940395190359407,0.));
#10302=DIRECTION('',(0.,0.,1.));
#10303=DIRECTION('',(0.,0.,1.));
#10304=DIRECTION('',(1.,0.,0.));
#10305=DIRECTION('',(0.,0.,1.));
#10306=DIRECTION('',(-0.131937746636843,0.99125800426145,0.));
#10307=DIRECTION('',(0.,0.,1.));
#10308=DIRECTION('',(0.,0.,1.));
#10309=DIRECTION('',(1.,0.,0.));
#10310=DIRECTION('',(0.,0.,1.));
#10311=DIRECTION('',(0.0871760092120372,0.996192924798135,0.));
#10312=DIRECTION('',(0.,0.,1.));
#10313=DIRECTION('',(0.,0.,1.));
#10314=DIRECTION('',(1.,0.,0.));
#10315=DIRECTION('',(0.,0.,1.));
#10316=DIRECTION('',(0.497511448061591,0.867457410509391,0.));
#10317=DIRECTION('',(0.,0.,1.));
#10318=DIRECTION('',(0.,0.,1.));
#10319=DIRECTION('',(1.,0.,0.));
#10320=DIRECTION('',(0.,0.,1.));
#10321=DIRECTION('',(0.,0.,1.));
#10322=DIRECTION('',(0.9974740335648,0.0710320516666158,0.));
#10323=DIRECTION('',(0.,0.,1.));
#10324=DIRECTION('',(0.,0.,1.));
#10325=DIRECTION('',(1.,0.,0.));
#10326=DIRECTION('',(1.,0.,0.));
#10327=DIRECTION('',(0.,0.,-1.));
#10328=DIRECTION('',(0.,0.,1.));
#10329=DIRECTION('',(0.,1.,0.));
#10330=DIRECTION('',(0.,0.,1.));
#10331=DIRECTION('',(0.716066872762395,-0.698031685335475,0.));
#10332=DIRECTION('',(0.,0.,1.));
#10333=DIRECTION('',(0.,0.,1.));
#10334=DIRECTION('',(1.,0.,0.));
#10335=DIRECTION('',(0.,0.,1.));
#10336=DIRECTION('',(0.408137644944784,-0.91292040330958,0.));
#10337=DIRECTION('',(0.,0.,1.));
#10338=DIRECTION('',(0.,0.,1.));
#10339=DIRECTION('',(1.,0.,0.));
#10340=DIRECTION('',(1.,0.,0.));
#10341=DIRECTION('',(0.,0.,-1.));
#10342=DIRECTION('',(0.,0.,1.));
#10343=DIRECTION('',(0.,1.,0.));
#10344=DIRECTION('',(0.,0.,1.));
#10345=DIRECTION('',(0.399897523404765,-0.91655985662407,0.));
#10346=DIRECTION('',(0.,0.,1.));
#10347=DIRECTION('',(0.,0.,1.));
#10348=DIRECTION('',(1.,0.,0.));
#10349=DIRECTION('',(0.,0.,1.));
#10350=DIRECTION('',(0.,0.,1.));
#10351=DIRECTION('',(-0.897655925874105,-0.440696991983271,0.));
#10352=DIRECTION('',(0.,0.,1.));
#10353=DIRECTION('',(0.,0.,1.));
#10354=DIRECTION('',(1.,0.,0.));
#10355=DIRECTION('',(0.,0.,1.));
#10356=DIRECTION('',(-0.730138265398669,-0.683299431728596,0.));
#10357=DIRECTION('',(0.,0.,1.));
#10358=DIRECTION('',(0.,0.,1.));
#10359=DIRECTION('',(1.,0.,0.));
#10360=DIRECTION('',(0.,0.,1.));
#10361=DIRECTION('',(-0.51604497335833,-0.856561489603403,0.));
#10362=DIRECTION('',(0.,0.,1.));
#10363=DIRECTION('',(0.,0.,1.));
#10364=DIRECTION('',(1.,0.,0.));
#10365=DIRECTION('',(0.,0.,1.));
#10366=DIRECTION('',(-0.206702163639832,-0.9784039122707,0.));
#10367=DIRECTION('',(0.,0.,1.));
#10368=DIRECTION('',(0.,0.,1.));
#10369=DIRECTION('',(1.,0.,0.));
#10370=DIRECTION('',(-0.902462008382706,0.430769455075278,0.));
#10371=DIRECTION('',(-0.430769455075278,-0.902462008382706,0.));
#10372=DIRECTION('',(0.,0.,1.));
#10373=DIRECTION('',(-0.430769455075278,-0.902462008382706,0.));
#10374=DIRECTION('',(0.,0.,1.));
#10375=DIRECTION('',(-0.68454706498306,-0.728968665871914,0.));
#10376=DIRECTION('',(0.,0.,1.));
#10377=DIRECTION('',(0.,0.,1.));
#10378=DIRECTION('',(1.,0.,0.));
#10379=DIRECTION('',(0.,0.,1.));
#10380=DIRECTION('',(-0.949138890881676,-0.314857691371677,0.));
#10381=DIRECTION('',(0.,0.,1.));
#10382=DIRECTION('',(0.,0.,1.));
#10383=DIRECTION('',(1.,0.,0.));
#10384=DIRECTION('',(0.,0.,1.));
#10385=DIRECTION('',(-0.9921044590569,-0.125414282756854,0.));
#10386=DIRECTION('',(0.,0.,1.));
#10387=DIRECTION('',(1.,0.,0.));
#10388=DIRECTION('',(0.,0.,1.));
#10389=DIRECTION('',(1.,0.,0.));
#10390=DIRECTION('',(0.924899834068041,0.380210858525779,0.));
#10391=DIRECTION('',(-0.380210858525779,0.924899834068041,0.));
#10392=DIRECTION('',(0.,0.,1.));
#10393=DIRECTION('',(-0.380210858525779,0.924899834068041,0.));
#10394=DIRECTION('',(0.,0.,1.));
#10395=DIRECTION('',(-0.922764865927742,0.385363467663136,0.));
#10396=DIRECTION('',(-0.385363467663136,-0.922764865927742,0.));
#10397=DIRECTION('',(0.,0.,1.));
#10398=DIRECTION('',(-0.385363467663136,-0.922764865927742,0.));
#10399=DIRECTION('',(-0.92512932186949,0.379652127370961,0.));
#10400=DIRECTION('',(-0.379652127370961,-0.92512932186949,0.));
#10401=DIRECTION('',(0.,0.,1.));
#10402=DIRECTION('',(-0.379652127370961,-0.92512932186949,0.));
#10403=DIRECTION('',(-0.934812403739454,-0.355141900956315,0.));
#10404=DIRECTION('',(0.355141900956315,-0.934812403739454,0.));
#10405=DIRECTION('',(0.,0.,1.));
#10406=DIRECTION('',(0.355141900956315,-0.934812403739454,0.));
#10407=DIRECTION('',(0.,-1.,0.));
#10408=DIRECTION('',(0.,0.,-1.));
#10409=DIRECTION('',(1.,0.,0.));
#10410=DIRECTION('',(0.,0.,1.));
#10411=DIRECTION('',(1.,0.,0.));
#10412=DIRECTION('',(-0.941783930532432,-0.336218720762072,0.));
#10413=DIRECTION('',(0.336218720762072,-0.941783930532432,0.));
#10414=DIRECTION('',(0.,0.,1.));
#10415=DIRECTION('',(0.336218720762072,-0.941783930532432,0.));
#10416=DIRECTION('',(0.,0.,1.));
#10417=DIRECTION('',(0.,-1.,0.));
#10418=DIRECTION('',(0.,0.,-1.));
#10419=DIRECTION('',(0.,0.,1.));
#10420=DIRECTION('',(1.,0.,0.));
#10421=DIRECTION('',(0.945273870729851,-0.326277963269673,0.));
#10422=DIRECTION('',(0.326277963269673,0.945273870729851,0.));
#10423=DIRECTION('',(0.,0.,1.));
#10424=DIRECTION('',(0.326277963269673,0.945273870729851,0.));
#10425=DIRECTION('',(0.,1.,0.));
#10426=DIRECTION('',(0.,0.,1.));
#10427=DIRECTION('',(-1.,0.,0.));
#10428=DIRECTION('',(0.,0.,1.));
#10429=DIRECTION('',(1.,0.,0.));
#10430=DIRECTION('',(-0.975079015927063,-0.221857865983405,0.));
#10431=DIRECTION('',(0.221857865983405,-0.975079015927063,0.));
#10432=DIRECTION('',(0.,0.,1.));
#10433=DIRECTION('',(0.221857865983405,-0.975079015927063,0.));
#10434=DIRECTION('',(0.,0.,1.));
#10435=DIRECTION('',(0.,-1.,0.));
#10436=DIRECTION('',(0.,0.,-1.));
#10437=DIRECTION('',(0.,0.,1.));
#10438=DIRECTION('',(1.,0.,0.));
#10439=DIRECTION('',(1.,0.,0.));
#10440=DIRECTION('',(0.,0.,-1.));
#10441=DIRECTION('',(0.,0.,1.));
#10442=DIRECTION('',(0.,1.,0.));
#10443=DIRECTION('',(0.,1.,0.));
#10444=DIRECTION('',(0.,0.,1.));
#10445=DIRECTION('',(0.,0.,1.));
#10446=DIRECTION('',(-1.,0.,0.));
#10447=DIRECTION('',(-1.,0.,0.));
#10448=DIRECTION('',(0.,0.,1.));
#10449=DIRECTION('',(0.,-1.,0.));
#10450=DIRECTION('',(0.,0.,1.));
#10451=DIRECTION('',(1.,0.,0.));
#10452=DIRECTION('',(0.,0.,1.));
#10453=DIRECTION('',(0.831038991717284,0.55621416221229,0.));
#10454=DIRECTION('',(0.,0.,1.));
#10455=DIRECTION('',(0.,0.,1.));
#10456=DIRECTION('',(1.,0.,0.));
#10457=DIRECTION('',(0.,0.,1.));
#10458=DIRECTION('',(0.,0.,1.));
#10459=DIRECTION('',(0.61994925872884,0.784641903419364,0.));
#10460=DIRECTION('',(0.,0.,1.));
#10461=DIRECTION('',(0.,0.,1.));
#10462=DIRECTION('',(1.,0.,0.));
#10463=DIRECTION('',(0.,0.,1.));
#10464=DIRECTION('',(0.247222851464419,0.968958648092787,0.));
#10465=DIRECTION('',(0.,0.,1.));
#10466=DIRECTION('',(0.,0.,1.));
#10467=DIRECTION('',(1.,0.,0.));
#10468=DIRECTION('',(0.,0.,1.));
#10469=DIRECTION('',(-0.158084053867216,0.987425658929778,0.));
#10470=DIRECTION('',(0.,0.,1.));
#10471=DIRECTION('',(0.,0.,1.));
#10472=DIRECTION('',(1.,0.,0.));
#10473=DIRECTION('',(0.,0.,1.));
#10474=DIRECTION('',(-0.38138453610593,0.924416483853066,0.));
#10475=DIRECTION('',(0.,0.,1.));
#10476=DIRECTION('',(0.,0.,1.));
#10477=DIRECTION('',(1.,0.,0.));
#10478=DIRECTION('',(1.,0.,0.));
#10479=DIRECTION('',(0.,0.,-1.));
#10480=DIRECTION('',(0.,0.,1.));
#10481=DIRECTION('',(0.,1.,0.));
#10482=DIRECTION('',(0.,0.,1.));
#10483=DIRECTION('',(-0.30288480884171,0.953027173050654,0.));
#10484=DIRECTION('',(0.,0.,1.));
#10485=DIRECTION('',(1.47062169155856E-14,-4.64149327774958E-14,1.));
#10486=DIRECTION('',(-0.189173561117652,0.981943666293574,5.04748210476289E-14));
#10487=DIRECTION('',(0.,0.,1.));
#10488=DIRECTION('',(-0.113106618862702,0.993582856519499,0.));
#10489=DIRECTION('',(0.,0.,1.));
#10490=DIRECTION('',(0.,0.,1.));
#10491=DIRECTION('',(1.,0.,0.));
#10492=DIRECTION('',(0.,0.,1.));
#10493=DIRECTION('',(0.26660480034282,0.963805935048216,0.));
#10494=DIRECTION('',(0.,0.,1.));
#10495=DIRECTION('',(0.,0.,1.));
#10496=DIRECTION('',(1.,0.,0.));
#10497=DIRECTION('',(0.,0.,1.));
#10498=DIRECTION('',(0.777473133082241,0.628916152865613,0.));
#10499=DIRECTION('',(0.,0.,1.));
#10500=DIRECTION('',(0.,0.,1.));
#10501=DIRECTION('',(1.,0.,0.));
#10502=DIRECTION('',(0.,0.,1.));
#10503=DIRECTION('',(0.967981289221258,0.251022357007399,0.));
#10504=DIRECTION('',(0.,0.,1.));
#10505=DIRECTION('',(0.,0.,1.));
#10506=DIRECTION('',(1.,0.,0.));
#10507=DIRECTION('',(0.,0.,1.));
#10508=DIRECTION('',(0.998874889029403,0.0474231596005438,0.));
#10509=DIRECTION('',(0.,0.,1.));
#10510=DIRECTION('',(0.,0.,1.));
#10511=DIRECTION('',(1.,0.,0.));
#10512=DIRECTION('',(1.,0.,0.));
#10513=DIRECTION('',(0.,0.,-1.));
#10514=DIRECTION('',(0.,0.,1.));
#10515=DIRECTION('',(0.,1.,0.));
#10516=DIRECTION('',(0.,1.,0.));
#10517=DIRECTION('',(0.,0.,1.));
#10518=DIRECTION('',(0.,0.,1.));
#10519=DIRECTION('',(-1.,0.,0.));
#10520=DIRECTION('',(-1.,0.,0.));
#10521=DIRECTION('',(0.,0.,1.));
#10522=DIRECTION('',(0.,0.,1.));
#10523=DIRECTION('',(0.,-1.,0.));
#10524=DIRECTION('',(0.,0.,1.));
#10525=DIRECTION('',(0.999811111798709,0.0194355530878346,0.));
#10526=DIRECTION('',(0.,0.,1.));
#10527=DIRECTION('',(6.12206107786263E-17,1.19844588805082E-18,-1.));
#10528=DIRECTION('',(0.999250221829696,0.038716846117729,0.));
#10529=DIRECTION('',(0.,0.,1.));
#10530=DIRECTION('',(0.99401114304473,0.10927876052971,0.));
#10531=DIRECTION('',(0.,0.,1.));
#10532=DIRECTION('',(6.08661738410213E-17,6.6864294364944E-18,-1.));
#10533=DIRECTION('',(0.983693892701124,0.179850842262441,0.));
#10534=DIRECTION('',(0.,0.,1.));
#10535=DIRECTION('',(0.958218121151777,0.286038515407207,0.));
#10536=DIRECTION('',(0.,0.,1.));
#10537=DIRECTION('',(1.,0.,0.));
#10538=DIRECTION('',(0.,0.,1.));
#10539=DIRECTION('',(1.,0.,0.));
#10540=DIRECTION('',(0.,0.,1.));
#10541=DIRECTION('',(-0.998873970860754,-0.0474424950531727,0.));
#10542=DIRECTION('',(0.,0.,1.));
#10543=DIRECTION('',(0.,0.,1.));
#10544=DIRECTION('',(1.,0.,0.));
#10545=DIRECTION('',(0.,0.,1.));
#10546=DIRECTION('',(-1.,0.,0.));
#10547=DIRECTION('',(0.,0.,1.));
#10548=DIRECTION('',(0.,0.,1.));
#10549=DIRECTION('',(0.,-1.,0.));
#10550=DIRECTION('',(0.,-1.,0.));
#10551=DIRECTION('',(0.,0.,-1.));
#10552=DIRECTION('',(0.,0.,1.));
#10553=DIRECTION('',(1.,0.,0.));
#10554=DIRECTION('',(1.,0.,0.));
#10555=DIRECTION('',(0.,0.,-1.));
#10556=DIRECTION('',(0.,0.,1.));
#10557=DIRECTION('',(0.,1.,0.));
#10558=DIRECTION('',(0.999951955513402,0.00980238057432816,-7.43170222272011E-28));
#10559=DIRECTION('',(0.00980238057432816,-0.999951955513402,1.48429590540155E-14));
#10560=DIRECTION('',(0.,0.,1.));
#10561=DIRECTION('',(0.00980238057432816,-0.999951955513402,1.48429590540155E-14));
#10562=DIRECTION('',(0.,0.,1.));
#10563=DIRECTION('',(-0.995012761998534,-0.0997476990213288,0.));
#10564=DIRECTION('',(0.,0.,1.));
#10565=DIRECTION('',(-6.09274801783515E-17,-6.10259090642907E-18,-1.));
#10566=DIRECTION('',(-0.983689392567772,-0.179875453994279,0.));
#10567=DIRECTION('',(0.,0.,1.));
#10568=DIRECTION('',(-0.955535724540555,-0.29487536202056,0.));
#10569=DIRECTION('',(0.,0.,1.));
#10570=DIRECTION('',(-4.37529464550409E-14,-1.35477467424221E-14,-1.));
#10571=DIRECTION('',(-0.912851304833223,-0.408292168997009,5.06502684992302E-14));
#10572=DIRECTION('',(0.,0.,1.));
#10573=DIRECTION('',(-0.825101363161698,-0.564984725907442,0.));
#10574=DIRECTION('',(0.,0.,1.));
#10575=DIRECTION('',(0.,0.,1.));
#10576=DIRECTION('',(1.,0.,0.));
#10577=DIRECTION('',(0.,0.,1.));
#10578=DIRECTION('',(-0.667837907649081,-0.74430674396172,0.));
#10579=DIRECTION('',(0.,0.,1.));
#10580=DIRECTION('',(0.,0.,1.));
#10581=DIRECTION('',(1.,0.,0.));
#10582=DIRECTION('',(0.,0.,1.));
#10583=DIRECTION('',(-0.56374512980962,-0.825948805081728,0.));
#10584=DIRECTION('',(0.,0.,1.));
#10585=DIRECTION('',(-3.45262864554335E-17,-5.05700998639709E-17,-1.));
#10586=DIRECTION('',(-0.500485139974945,-0.865745126849848,0.));
#10587=DIRECTION('',(0.,0.,1.));
#10588=DIRECTION('',(-0.367941751265856,-0.92984884130455,0.));
#10589=DIRECTION('',(0.,0.,1.));
#10590=DIRECTION('',(0.,0.,1.));
#10591=DIRECTION('',(1.,0.,0.));
#10592=DIRECTION('',(0.,0.,1.));
#10593=DIRECTION('',(-0.107686008368687,-0.99418495442328,0.));
#10594=DIRECTION('',(0.,0.,1.));
#10595=DIRECTION('',(0.,0.,1.));
#10596=DIRECTION('',(1.,0.,0.));
#10597=DIRECTION('',(0.,0.,1.));
#10598=DIRECTION('',(0.168601079607698,-0.985684369336918,0.));
#10599=DIRECTION('',(0.,0.,1.));
#10600=DIRECTION('',(0.,0.,1.));
#10601=DIRECTION('',(1.,0.,0.));
#10602=DIRECTION('',(0.,0.,1.));
#10603=DIRECTION('',(0.399345292990561,-0.916800598258031,0.));
#10604=DIRECTION('',(0.,0.,1.));
#10605=DIRECTION('',(0.,0.,1.));
#10606=DIRECTION('',(1.,0.,0.));
#10607=DIRECTION('',(-1.,0.,0.));
#10608=DIRECTION('',(0.,0.,1.));
#10609=DIRECTION('',(0.,0.,1.));
#10610=DIRECTION('',(0.,-1.,0.));
#10611=DIRECTION('',(0.,0.,1.));
#10612=DIRECTION('',(0.271115994844234,-0.962546683200156,0.));
#10613=DIRECTION('',(0.,0.,1.));
#10614=DIRECTION('',(0.,0.,1.));
#10615=DIRECTION('',(1.,0.,0.));
#10616=DIRECTION('',(0.,0.,1.));
#10617=DIRECTION('',(0.100215315351204,-0.994965773566638,0.));
#10618=DIRECTION('',(0.,0.,1.));
#10619=DIRECTION('',(0.,0.,1.));
#10620=DIRECTION('',(1.,0.,0.));
#10621=DIRECTION('',(0.,0.,1.));
#10622=DIRECTION('',(-0.27114867602518,-0.962537477446874,0.));
#10623=DIRECTION('',(0.,0.,1.));
#10624=DIRECTION('',(0.,0.,1.));
#10625=DIRECTION('',(1.,0.,0.));
#10626=DIRECTION('',(0.,0.,1.));
#10627=DIRECTION('',(-0.775629755599218,-0.63118815121095,0.));
#10628=DIRECTION('',(0.,0.,1.));
#10629=DIRECTION('',(0.,0.,1.));
#10630=DIRECTION('',(1.,0.,0.));
#10631=DIRECTION('',(0.,0.,1.));
#10632=DIRECTION('',(-0.97030803866049,-0.241872507968212,0.));
#10633=DIRECTION('',(0.,0.,1.));
#10634=DIRECTION('',(1.,0.,0.));
#10635=DIRECTION('',(0.,0.,1.));
#10636=DIRECTION('',(1.,0.,0.));
#10637=DIRECTION('',(-1.,0.,0.));
#10638=DIRECTION('',(0.,0.,1.));
#10639=DIRECTION('',(0.,0.,1.));
#10640=DIRECTION('',(0.,-1.,0.));
#10641=DIRECTION('',(0.,0.,1.));
#10642=DIRECTION('',(0.,-1.,0.));
#10643=DIRECTION('',(0.,0.,-1.));
#10644=DIRECTION('',(0.,0.,1.));
#10645=DIRECTION('',(1.,0.,0.));
#10646=DIRECTION('',(1.,0.,0.));
#10647=DIRECTION('',(0.,0.,-1.));
#10648=DIRECTION('',(0.,0.,1.));
#10649=DIRECTION('',(0.,1.,0.));
#10650=DIRECTION('',(0.975996896226813,0.217784431389454,0.));
#10651=DIRECTION('',(-0.217784431389454,0.975996896226813,0.));
#10652=DIRECTION('',(0.,0.,1.));
#10653=DIRECTION('',(-0.217784431389454,0.975996896226813,0.));
#10654=DIRECTION('',(0.,1.,0.));
#10655=DIRECTION('',(0.,0.,1.));
#10656=DIRECTION('',(-1.,0.,0.));
#10657=DIRECTION('',(0.,0.,1.));
#10658=DIRECTION('',(1.,0.,0.));
#10659=DIRECTION('',(-0.975868867476537,-0.218357398523756,0.));
#10660=DIRECTION('',(0.218357398523756,-0.975868867476537,0.));
#10661=DIRECTION('',(0.,0.,1.));
#10662=DIRECTION('',(0.218357398523756,-0.975868867476537,0.));
#10663=DIRECTION('',(0.,0.,1.));
#10664=DIRECTION('',(0.,-1.,0.));
#10665=DIRECTION('',(0.,0.,-1.));
#10666=DIRECTION('',(0.,0.,1.));
#10667=DIRECTION('',(1.,0.,0.));
#10668=DIRECTION('',(1.,0.,0.));
#10669=DIRECTION('',(0.,0.,-1.));
#10670=DIRECTION('',(0.,0.,1.));
#10671=DIRECTION('',(0.,1.,0.));
#10672=DIRECTION('',(0.,1.,0.));
#10673=DIRECTION('',(0.,0.,1.));
#10674=DIRECTION('',(0.,0.,1.));
#10675=DIRECTION('',(-1.,0.,0.));
#10676=DIRECTION('',(-1.,0.,0.));
#10677=DIRECTION('',(0.,0.,1.));
#10678=DIRECTION('',(0.,-1.,0.));
#10679=DIRECTION('',(0.,0.,1.));
#10680=DIRECTION('',(1.,0.,0.));
#10681=DIRECTION('',(0.,0.,1.));
#10682=DIRECTION('',(-0.341744804032313,0.939792790415481,0.));
#10683=DIRECTION('',(0.,0.,1.));
#10684=DIRECTION('',(0.,0.,1.));
#10685=DIRECTION('',(1.,0.,0.));
#10686=DIRECTION('',(0.,0.,1.));
#10687=DIRECTION('',(1.,0.,0.));
#10688=DIRECTION('',(0.,0.,-1.));
#10689=DIRECTION('',(0.,0.,1.));
#10690=DIRECTION('',(0.,1.,0.));
#10691=DIRECTION('',(0.,0.,1.));
#10692=DIRECTION('',(-0.242289357857829,0.970204033731483,0.));
#10693=DIRECTION('',(0.,0.,1.));
#10694=DIRECTION('',(0.,0.,1.));
#10695=DIRECTION('',(1.,0.,0.));
#10696=DIRECTION('',(0.,0.,1.));
#10697=DIRECTION('',(-0.078362258238039,0.996924950276517,0.));
#10698=DIRECTION('',(0.,0.,1.));
#10699=DIRECTION('',(4.82200344722138E-18,-6.1042180002107E-17,1.));
#10700=DIRECTION('',(-0.00108559342078743,0.999999410743289,0.));
#10701=DIRECTION('',(0.,0.,1.));
#10702=DIRECTION('',(0.137103491364863,0.990556728640801,0.));
#10703=DIRECTION('',(0.,0.,1.));
#10704=DIRECTION('',(0.,0.,1.));
#10705=DIRECTION('',(1.,0.,0.));
#10706=DIRECTION('',(-1.,0.,0.));
#10707=DIRECTION('',(0.,0.,1.));
#10708=DIRECTION('',(0.,0.,1.));
#10709=DIRECTION('',(0.,-1.,0.));
#10710=DIRECTION('',(0.,0.,1.));
#10711=DIRECTION('',(-0.0870578103492067,0.996203261215903,0.));
#10712=DIRECTION('',(0.,0.,1.));
#10713=DIRECTION('',(1.,0.,0.));
#10714=DIRECTION('',(0.,0.,1.));
#10715=DIRECTION('',(1.,0.,0.));
#10716=DIRECTION('',(0.,0.,1.));
#10717=DIRECTION('',(0.,0.,1.));
#10718=DIRECTION('',(0.,0.,1.));
#10719=DIRECTION('',(-0.969616097668367,0.244631606997886,0.));
#10720=DIRECTION('',(0.,0.,1.));
#10721=DIRECTION('',(0.,0.,1.));
#10722=DIRECTION('',(1.,0.,0.));
#10723=DIRECTION('',(0.,0.,1.));
#10724=DIRECTION('',(-0.703455455049349,0.71073934938296,0.));
#10725=DIRECTION('',(0.,0.,1.));
#10726=DIRECTION('',(0.,0.,1.));
#10727=DIRECTION('',(1.,0.,0.));
#10728=DIRECTION('',(0.,0.,1.));
#10729=DIRECTION('',(-0.342963081560948,0.939348883368804,0.));
#10730=DIRECTION('',(0.,0.,1.));
#10731=DIRECTION('',(0.,0.,1.));
#10732=DIRECTION('',(1.,0.,0.));
#10733=DIRECTION('',(0.,0.,1.));
#10734=DIRECTION('',(-0.0931520642691724,0.995651893445893,0.));
#10735=DIRECTION('',(0.,0.,1.));
#10736=DIRECTION('',(0.,0.,1.));
#10737=DIRECTION('',(1.,0.,0.));
#10738=DIRECTION('',(0.,1.,0.));
#10739=DIRECTION('',(0.,0.,1.));
#10740=DIRECTION('',(0.,0.,1.));
#10741=DIRECTION('',(-1.,0.,0.));
#10742=DIRECTION('',(-1.,0.,0.));
#10743=DIRECTION('',(0.,0.,1.));
#10744=DIRECTION('',(0.,0.,1.));
#10745=DIRECTION('',(0.,-1.,0.));
#10746=DIRECTION('',(0.,-1.,0.));
#10747=DIRECTION('',(0.,0.,-1.));
#10748=DIRECTION('',(0.,0.,1.));
#10749=DIRECTION('',(1.,0.,0.));
#10750=DIRECTION('',(0.,0.,1.));
#10751=DIRECTION('',(-0.131383288424887,0.991331645577131,0.));
#10752=DIRECTION('',(0.,0.,1.));
#10753=DIRECTION('',(0.,0.,1.));
#10754=DIRECTION('',(1.,0.,0.));
#10755=DIRECTION('',(0.,0.,1.));
#10756=DIRECTION('',(-0.420656938311445,0.907219786077465,0.));
#10757=DIRECTION('',(0.,0.,1.));
#10758=DIRECTION('',(0.,0.,1.));
#10759=DIRECTION('',(1.,0.,0.));
#10760=DIRECTION('',(0.,0.,1.));
#10761=DIRECTION('',(-0.739209970403284,0.673475032689688,0.));
#10762=DIRECTION('',(0.,0.,1.));
#10763=DIRECTION('',(0.,0.,1.));
#10764=DIRECTION('',(1.,0.,0.));
#10765=DIRECTION('',(0.,0.,1.));
#10766=DIRECTION('',(-0.969211085026155,0.2462313397243,0.));
#10767=DIRECTION('',(0.,0.,1.));
#10768=DIRECTION('',(0.,0.,1.));
#10769=DIRECTION('',(1.,0.,0.));
#10770=DIRECTION('',(0.,0.,1.));
#10771=DIRECTION('',(-0.984750256627889,-0.173973940782252,0.));
#10772=DIRECTION('',(0.,0.,1.));
#10773=DIRECTION('',(0.,0.,1.));
#10774=DIRECTION('',(1.,0.,0.));
#10775=DIRECTION('',(0.,0.,1.));
#10776=DIRECTION('',(-0.81308458354017,-0.582145565996433,0.));
#10777=DIRECTION('',(0.,0.,1.));
#10778=DIRECTION('',(0.,0.,1.));
#10779=DIRECTION('',(1.,0.,0.));
#10780=DIRECTION('',(0.,0.,1.));
#10781=DIRECTION('',(-0.46445584180423,-0.885596279923264,0.));
#10782=DIRECTION('',(0.,0.,1.));
#10783=DIRECTION('',(0.,0.,1.));
#10784=DIRECTION('',(1.,0.,0.));
#10785=DIRECTION('',(0.,0.,1.));
#10786=DIRECTION('',(-0.136455654800852,-0.99064618016367,0.));
#10787=DIRECTION('',(0.,0.,1.));
#10788=DIRECTION('',(0.,0.,1.));
#10789=DIRECTION('',(1.,0.,0.));
#10790=DIRECTION('',(-0.0711106092985708,0.997468436214994,3.32114819840186E-28));
#10791=DIRECTION('',(-0.997468436214994,-0.0711106092985708,-5.13684596039396E-14));
#10792=DIRECTION('',(0.,-3.32957723555076E-28,1.));
#10793=DIRECTION('',(-0.997468436214994,-0.0711106092985708,-5.13684596039396E-14));
#10794=DIRECTION('',(-1.,0.,0.));
#10795=DIRECTION('',(0.,0.,1.));
#10796=DIRECTION('',(0.,0.,1.));
#10797=DIRECTION('',(0.,-1.,0.));
#10798=DIRECTION('',(0.,0.,1.));
#10799=DIRECTION('',(-0.450214462361986,-0.892920454396755,0.));
#10800=DIRECTION('',(0.,0.,1.));
#10801=DIRECTION('',(1.,0.,0.));
#10802=DIRECTION('',(0.,0.,1.));
#10803=DIRECTION('',(1.,0.,0.));
#10804=DIRECTION('',(-1.,0.,0.));
#10805=DIRECTION('',(0.,0.,1.));
#10806=DIRECTION('',(0.,0.,1.));
#10807=DIRECTION('',(0.,-1.,0.));
#10808=DIRECTION('',(0.,0.,1.));
#10809=DIRECTION('',(0.,-1.,0.));
#10810=DIRECTION('',(0.,0.,-1.));
#10811=DIRECTION('',(0.,0.,1.));
#10812=DIRECTION('',(1.,0.,0.));
#10813=DIRECTION('',(1.,0.,0.));
#10814=DIRECTION('',(0.,0.,-1.));
#10815=DIRECTION('',(0.,0.,1.));
#10816=DIRECTION('',(0.,1.,0.));
#10817=DIRECTION('',(0.,1.,0.));
#10818=DIRECTION('',(0.,0.,1.));
#10819=DIRECTION('',(-1.,0.,0.));
#10820=DIRECTION('',(0.,0.,1.));
#10821=DIRECTION('',(1.,0.,0.));
#10822=DIRECTION('',(-0.999998028274027,0.00198581168735268,0.));
#10823=DIRECTION('',(-0.00198581168735268,-0.999998028274027,0.));
#10824=DIRECTION('',(0.,0.,1.));
#10825=DIRECTION('',(-0.00198581168735268,-0.999998028274027,0.));
#10826=DIRECTION('',(0.,0.,1.));
#10827=DIRECTION('',(0.,-1.,0.));
#10828=DIRECTION('',(0.,0.,-1.));
#10829=DIRECTION('',(0.,0.,1.));
#10830=DIRECTION('',(1.,0.,0.));
#10831=DIRECTION('',(0.974483382634163,-0.224459655550566,0.));
#10832=DIRECTION('',(0.224459655550566,0.974483382634163,0.));
#10833=DIRECTION('',(0.,0.,1.));
#10834=DIRECTION('',(0.224459655550566,0.974483382634163,0.));
#10835=DIRECTION('',(1.,0.,0.));
#10836=DIRECTION('',(0.,0.,-1.));
#10837=DIRECTION('',(0.,0.,1.));
#10838=DIRECTION('',(0.,1.,0.));
#10839=DIRECTION('',(0.,0.,1.));
#10840=DIRECTION('',(0.,0.,1.));
#10841=DIRECTION('',(0.363197411832457,-0.931712208806026,0.));
#10842=DIRECTION('',(0.,0.,1.));
#10843=DIRECTION('',(0.,0.,1.));
#10844=DIRECTION('',(1.,0.,0.));
#10845=DIRECTION('',(0.,0.,1.));
#10846=DIRECTION('',(-0.0809069735441723,-0.996721657049711,0.));
#10847=DIRECTION('',(0.,0.,1.));
#10848=DIRECTION('',(0.,0.,1.));
#10849=DIRECTION('',(1.,0.,0.));
#10850=DIRECTION('',(0.,0.,1.));
#10851=DIRECTION('',(-0.24834285825231,-0.968672196749279,0.));
#10852=DIRECTION('',(0.,0.,1.));
#10853=DIRECTION('',(0.,0.,1.));
#10854=DIRECTION('',(1.,0.,0.));
#10855=DIRECTION('',(0.,0.,1.));
#10856=DIRECTION('',(-0.466713992940707,-0.884408304344403,0.));
#10857=DIRECTION('',(0.,0.,1.));
#10858=DIRECTION('',(0.,0.,1.));
#10859=DIRECTION('',(1.,0.,0.));
#10860=DIRECTION('',(0.,0.,1.));
#10861=DIRECTION('',(-0.737880213301631,-0.67493169344604,0.));
#10862=DIRECTION('',(0.,0.,1.));
#10863=DIRECTION('',(0.,0.,1.));
#10864=DIRECTION('',(1.,0.,0.));
#10865=DIRECTION('',(0.703026635728199,-0.711163518086164,0.));
#10866=DIRECTION('',(0.711163518086164,0.703026635728199,0.));
#10867=DIRECTION('',(0.,0.,1.));
#10868=DIRECTION('',(0.711163518086164,0.703026635728199,0.));
#10869=DIRECTION('',(0.,0.,1.));
#10870=DIRECTION('',(-0.585702120216903,-0.810526388449768,0.));
#10871=DIRECTION('',(0.,0.,1.));
#10872=DIRECTION('',(0.,0.,1.));
#10873=DIRECTION('',(1.,0.,0.));
#10874=DIRECTION('',(0.,0.,1.));
#10875=DIRECTION('',(-0.173038467328301,-0.984915066807627,0.));
#10876=DIRECTION('',(0.,0.,1.));
#10877=DIRECTION('',(0.,0.,1.));
#10878=DIRECTION('',(1.,0.,0.));
#10879=DIRECTION('',(0.,0.,1.));
#10880=DIRECTION('',(0.134350893552039,-0.99093382089914,0.));
#10881=DIRECTION('',(0.,0.,1.));
#10882=DIRECTION('',(0.,0.,1.));
#10883=DIRECTION('',(1.,0.,0.));
#10884=DIRECTION('',(0.,0.,1.));
#10885=DIRECTION('',(0.476425708467107,-0.879214731627954,0.));
#10886=DIRECTION('',(0.,0.,1.));
#10887=DIRECTION('',(0.,0.,1.));
#10888=DIRECTION('',(1.,0.,0.));
#10889=DIRECTION('',(0.,0.,1.));
#10890=DIRECTION('',(0.801939660868886,-0.597405038751345,0.));
#10891=DIRECTION('',(0.,0.,1.));
#10892=DIRECTION('',(0.,0.,1.));
#10893=DIRECTION('',(1.,0.,0.));
#10894=DIRECTION('',(0.,0.,1.));
#10895=DIRECTION('',(0.971563054747579,-0.236780976114115,0.));
#10896=DIRECTION('',(0.,0.,1.));
#10897=DIRECTION('',(1.,0.,0.));
#10898=DIRECTION('',(0.,0.,1.));
#10899=DIRECTION('',(1.,0.,0.));
#10900=DIRECTION('',(0.,0.,1.));
#10901=DIRECTION('',(-0.248750922552977,-0.968567487854637,0.));
#10902=DIRECTION('',(0.,0.,1.));
#10903=DIRECTION('',(0.,0.,1.));
#10904=DIRECTION('',(1.,0.,0.));
#10905=DIRECTION('',(0.,0.,1.));
#10906=DIRECTION('',(0.,0.,1.));
#10907=DIRECTION('',(0.129388687829076,-0.991593952917155,0.));
#10908=DIRECTION('',(0.,0.,1.));
#10909=DIRECTION('',(0.,0.,1.));
#10910=DIRECTION('',(1.,0.,0.));
#10911=DIRECTION('',(0.,0.,1.));
#10912=DIRECTION('',(0.35189599716807,-0.936039105581113,0.));
#10913=DIRECTION('',(0.,0.,1.));
#10914=DIRECTION('',(0.,0.,1.));
#10915=DIRECTION('',(1.,0.,0.));
#10916=DIRECTION('',(-1.,0.,0.));
#10917=DIRECTION('',(0.,0.,1.));
#10918=DIRECTION('',(0.,0.,1.));
#10919=DIRECTION('',(0.,-1.,0.));
#10920=DIRECTION('',(0.,0.,1.));
#10921=DIRECTION('',(0.594857360265606,-0.803831276411807,0.));
#10922=DIRECTION('',(0.,0.,1.));
#10923=DIRECTION('',(0.,0.,1.));
#10924=DIRECTION('',(1.,0.,0.));
#10925=DIRECTION('',(0.,0.,1.));
#10926=DIRECTION('',(0.231142137596555,-0.972919992716408,0.));
#10927=DIRECTION('',(0.,0.,1.));
#10928=DIRECTION('',(0.,0.,1.));
#10929=DIRECTION('',(1.,0.,0.));
#10930=DIRECTION('',(0.,0.,1.));
#10931=DIRECTION('',(-0.274178422671218,-0.96167884064355,0.));
#10932=DIRECTION('',(0.,0.,1.));
#10933=DIRECTION('',(0.,0.,1.));
#10934=DIRECTION('',(1.,0.,0.));
#10935=DIRECTION('',(0.,0.,1.));
#10936=DIRECTION('',(-0.70030037110471,-0.713848296370178,0.));
#10937=DIRECTION('',(0.,0.,1.));
#10938=DIRECTION('',(0.,0.,1.));
#10939=DIRECTION('',(1.,0.,0.));
#10940=DIRECTION('',(0.,0.,1.));
#10941=DIRECTION('',(-0.913673107357799,-0.406449815956588,0.));
#10942=DIRECTION('',(0.,0.,1.));
#10943=DIRECTION('',(0.,0.,1.));
#10944=DIRECTION('',(1.,0.,0.));
#10945=DIRECTION('',(0.,0.,1.));
#10946=DIRECTION('',(-0.991915058548992,-0.126903572147319,0.));
#10947=DIRECTION('',(0.,0.,1.));
#10948=DIRECTION('',(0.,0.,1.));
#10949=DIRECTION('',(1.,0.,0.));
#10950=DIRECTION('',(0.,0.,1.));
#10951=DIRECTION('',(-0.992418529918902,0.12290427768636,0.));
#10952=DIRECTION('',(0.,0.,1.));
#10953=DIRECTION('',(0.,0.,1.));
#10954=DIRECTION('',(1.,0.,0.));
#10955=DIRECTION('',(0.,0.,1.));
#10956=DIRECTION('',(-0.918198141030742,0.396121412962856,0.));
#10957=DIRECTION('',(0.,0.,1.));
#10958=DIRECTION('',(0.,0.,1.));
#10959=DIRECTION('',(1.,0.,0.));
#10960=DIRECTION('',(0.,0.,1.));
#10961=DIRECTION('',(-0.70536006963969,0.708849188585197,0.));
#10962=DIRECTION('',(0.,0.,1.));
#10963=DIRECTION('',(0.,0.,1.));
#10964=DIRECTION('',(1.,0.,0.));
#10965=DIRECTION('',(0.,0.,1.));
#10966=DIRECTION('',(-0.275412095787243,0.961326259650738,0.));
#10967=DIRECTION('',(0.,0.,1.));
#10968=DIRECTION('',(0.,0.,1.));
#10969=DIRECTION('',(1.,0.,0.));
#10970=DIRECTION('',(0.,0.,1.));
#10971=DIRECTION('',(0.230833560108712,0.972993251532372,0.));
#10972=DIRECTION('',(0.,0.,1.));
#10973=DIRECTION('',(0.,0.,1.));
#10974=DIRECTION('',(1.,0.,0.));
#10975=DIRECTION('',(0.,0.,1.));
#10976=DIRECTION('',(0.612078717834295,0.790796840645134,0.));
#10977=DIRECTION('',(0.,0.,1.));
#10978=DIRECTION('',(-3.74785495565869E-17,-4.8422699013883E-17,1.));
#10979=DIRECTION('',(0.749795915345475,0.661669166072624,0.));
#10980=DIRECTION('',(-1.,0.,0.));
#10981=DIRECTION('',(0.,0.,1.));
#10982=DIRECTION('',(0.,0.,1.));
#10983=DIRECTION('',(0.,-1.,0.));
#10984=DIRECTION('',(0.,0.,1.));
#10985=DIRECTION('',(0.365413146044248,0.930845439747139,0.));
#10986=DIRECTION('',(0.,0.,1.));
#10987=DIRECTION('',(0.,0.,1.));
#10988=DIRECTION('',(1.,0.,0.));
#10989=DIRECTION('',(0.,0.,1.));
#10990=DIRECTION('',(0.118766735131511,0.992922183570395,0.));
#10991=DIRECTION('',(0.,0.,1.));
#10992=DIRECTION('',(0.,0.,1.));
#10993=DIRECTION('',(1.,0.,0.));
#10994=DIRECTION('',(0.,0.,1.));
#10995=DIRECTION('',(-0.166782254800678,0.985993752253837,0.));
#10996=DIRECTION('',(0.,0.,1.));
#10997=DIRECTION('',(0.,0.,1.));
#10998=DIRECTION('',(1.,0.,0.));
#10999=DIRECTION('',(0.,0.,1.));
#11000=DIRECTION('',(-0.531736992514308,0.846909541091514,0.));
#11001=DIRECTION('',(0.,0.,1.));
#11002=DIRECTION('',(0.,0.,1.));
#11003=DIRECTION('',(1.,0.,0.));
#11004=DIRECTION('',(0.,0.,1.));
#11005=DIRECTION('',(-0.840134432509201,0.542378221642833,0.));
#11006=DIRECTION('',(0.,0.,1.));
#11007=DIRECTION('',(0.,0.,1.));
#11008=DIRECTION('',(1.,0.,0.));
#11009=DIRECTION('',(0.,0.,1.));
#11010=DIRECTION('',(-0.985122458341297,0.171853839269303,0.));
#11011=DIRECTION('',(0.,0.,1.));
#11012=DIRECTION('',(0.,0.,1.));
#11013=DIRECTION('',(1.,0.,0.));
#11014=DIRECTION('',(0.,0.,1.));
#11015=DIRECTION('',(-0.993025852064149,-0.117896807133491,0.));
#11016=DIRECTION('',(0.,0.,1.));
#11017=DIRECTION('',(0.,0.,1.));
#11018=DIRECTION('',(1.,0.,0.));
#11019=DIRECTION('',(0.,0.,1.));
#11020=DIRECTION('',(-0.915319967159025,-0.40272739876994,0.));
#11021=DIRECTION('',(0.,0.,1.));
#11022=DIRECTION('',(0.,0.,1.));
#11023=DIRECTION('',(1.,0.,0.));
#11024=DIRECTION('',(0.,0.,1.));
#11025=DIRECTION('',(-0.682742695001999,-0.730658889237247,0.));
#11026=DIRECTION('',(0.,0.,1.));
#11027=DIRECTION('',(1.,0.,0.));
#11028=DIRECTION('',(0.,0.,1.));
#11029=DIRECTION('',(1.,0.,0.));
#11030=DIRECTION('',(-0.999141515283635,-0.0414274357970802,-4.41208404496673E-28));
#11031=DIRECTION('',(0.0414274357970802,-0.999141515283635,-2.8867280872431E-14));
#11032=DIRECTION('',(0.,0.,1.));
#11033=DIRECTION('',(0.0414274357970802,-0.999141515283635,-2.8867280872431E-14));
#11034=DIRECTION('',(0.,0.,1.));
#11035=DIRECTION('',(-1.,0.,0.));
#11036=DIRECTION('',(0.,0.,1.));
#11037=DIRECTION('',(0.,0.,1.));
#11038=DIRECTION('',(0.,-1.,0.));
#11039=DIRECTION('',(0.,0.,1.));
#11040=DIRECTION('',(0.999386145961698,0.0350332878820081,0.));
#11041=DIRECTION('',(0.,0.,1.));
#11042=DIRECTION('',(6.11945536085208E-17,2.15082898169911E-18,-1.));
#11043=DIRECTION('',(0.997551470881018,0.0699361347453359,0.));
#11044=DIRECTION('',(0.,0.,1.));
#11045=DIRECTION('',(0.991025967696306,0.133669485491641,0.));
#11046=DIRECTION('',(0.,0.,1.));
#11047=DIRECTION('',(5.8149076492488E-14,7.8832485487116E-15,-1.));
#11048=DIRECTION('',(0.980123607041972,0.19838778923874,5.67265578834086E-14));
#11049=DIRECTION('',(0.,0.,1.));
#11050=DIRECTION('',(0.918939847318342,0.394397714256235,0.));
#11051=DIRECTION('',(0.,0.,1.));
#11052=DIRECTION('',(0.,0.,1.));
#11053=DIRECTION('',(1.,0.,0.));
#11054=DIRECTION('',(0.,0.,1.));
#11055=DIRECTION('',(0.67368173632791,0.739021595177173,0.));
#11056=DIRECTION('',(0.,0.,1.));
#11057=DIRECTION('',(0.,0.,1.));
#11058=DIRECTION('',(1.,0.,0.));
#11059=DIRECTION('',(0.,0.,1.));
#11060=DIRECTION('',(0.360729591948361,0.93267044634896,0.));
#11061=DIRECTION('',(0.,0.,1.));
#11062=DIRECTION('',(0.,0.,1.));
#11063=DIRECTION('',(1.,0.,0.));
#11064=DIRECTION('',(0.,0.,1.));
#11065=DIRECTION('',(0.10249250414223,0.994733776743635,0.));
#11066=DIRECTION('',(0.,0.,1.));
#11067=DIRECTION('',(0.,0.,1.));
#11068=DIRECTION('',(1.,0.,0.));
#11069=DIRECTION('',(0.,0.,1.));
#11070=DIRECTION('',(-0.0874578014312277,0.996168225235485,0.));
#11071=DIRECTION('',(0.,0.,1.));
#11072=DIRECTION('',(0.,0.,1.));
#11073=DIRECTION('',(1.,0.,0.));
#11074=DIRECTION('',(0.,0.,1.));
#11075=DIRECTION('',(-0.249503215840938,0.968373969747757,0.));
#11076=DIRECTION('',(0.,0.,1.));
#11077=DIRECTION('',(0.,0.,1.));
#11078=DIRECTION('',(1.,0.,0.));
#11079=DIRECTION('',(0.,0.,1.));
#11080=DIRECTION('',(-0.409243043505076,0.912425411385886,0.));
#11081=DIRECTION('',(0.,0.,1.));
#11082=DIRECTION('',(0.,0.,1.));
#11083=DIRECTION('',(1.,0.,0.));
#11084=DIRECTION('',(0.,0.,1.));
#11085=DIRECTION('',(-0.61076552131318,0.791811516697654,0.));
#11086=DIRECTION('',(0.,0.,1.));
#11087=DIRECTION('',(0.,0.,1.));
#11088=DIRECTION('',(1.,0.,0.));
#11089=DIRECTION('',(0.837687919670976,0.546149200527945,0.));
#11090=DIRECTION('',(-0.546149200527945,0.837687919670976,0.));
#11091=DIRECTION('',(7.03822589680943E-27,-1.07952859840742E-26,1.));
#11092=DIRECTION('',(-0.546149200527945,0.837687919670976,0.));
#11093=DIRECTION('',(-0.601715861132667,0.798710224337571,1.28573174464731E-26));
#11094=DIRECTION('',(-0.798710224337571,-0.601715861132667,-3.26852986448005E-14));
#11095=DIRECTION('',(0.,0.,1.));
#11096=DIRECTION('',(-0.798710224337571,-0.601715861132667,-3.26852986448005E-14));
#11097=DIRECTION('',(0.,0.,1.));
#11098=DIRECTION('',(-0.498701890435928,0.866773571629657,0.));
#11099=DIRECTION('',(0.,0.,1.));
#11100=DIRECTION('',(0.,0.,1.));
#11101=DIRECTION('',(1.,0.,0.));
#11102=DIRECTION('',(0.,0.,1.));
#11103=DIRECTION('',(-0.34008364551824,0.940395190359364,0.));
#11104=DIRECTION('',(0.,0.,1.));
#11105=DIRECTION('',(0.,0.,1.));
#11106=DIRECTION('',(1.,0.,0.));
#11107=DIRECTION('',(0.,0.,1.));
#11108=DIRECTION('',(-0.131937746636845,0.991258004261449,0.));
#11109=DIRECTION('',(0.,0.,1.));
#11110=DIRECTION('',(0.,0.,1.));
#11111=DIRECTION('',(1.,0.,0.));
#11112=DIRECTION('',(0.,0.,1.));
#11113=DIRECTION('',(0.0871760092116486,0.996192924798169,0.));
#11114=DIRECTION('',(0.,0.,1.));
#11115=DIRECTION('',(0.,0.,1.));
#11116=DIRECTION('',(1.,0.,0.));
#11117=DIRECTION('',(0.,0.,1.));
#11118=DIRECTION('',(0.497511448061036,0.867457410509709,0.));
#11119=DIRECTION('',(0.,0.,1.));
#11120=DIRECTION('',(0.,0.,1.));
#11121=DIRECTION('',(1.,0.,0.));
#11122=DIRECTION('',(0.,0.,1.));
#11123=DIRECTION('',(0.919949476894117,0.392036936987117,0.));
#11124=DIRECTION('',(0.,0.,1.));
#11125=DIRECTION('',(0.,0.,1.));
#11126=DIRECTION('',(1.,0.,0.));
#11127=DIRECTION('',(0.,0.,1.));
#11128=DIRECTION('',(0.997474033564784,0.0710320516668439,0.));
#11129=DIRECTION('',(0.,0.,1.));
#11130=DIRECTION('',(0.,0.,1.));
#11131=DIRECTION('',(1.,0.,0.));
#11132=DIRECTION('',(1.,0.,0.));
#11133=DIRECTION('',(0.,0.,-1.));
#11134=DIRECTION('',(0.,0.,1.));
#11135=DIRECTION('',(0.,1.,0.));
#11136=DIRECTION('',(0.,0.,1.));
#11137=DIRECTION('',(0.716066872762463,-0.698031685335406,0.));
#11138=DIRECTION('',(0.,0.,1.));
#11139=DIRECTION('',(-4.38538054791347E-17,4.27345668242099E-17,1.));
#11140=DIRECTION('',(0.595486730515747,-0.803365143493085,0.));
#11141=DIRECTION('',(0.,0.,1.));
#11142=DIRECTION('',(0.408137644945051,-0.91292040330946,0.));
#11143=DIRECTION('',(0.,0.,1.));
#11144=DIRECTION('',(0.,0.,1.));
#11145=DIRECTION('',(1.,0.,0.));
#11146=DIRECTION('',(1.,0.,0.));
#11147=DIRECTION('',(0.,0.,-1.));
#11148=DIRECTION('',(0.,0.,1.));
#11149=DIRECTION('',(0.,1.,0.));
#11150=DIRECTION('',(0.,0.,1.));
#11151=DIRECTION('',(0.399897523404292,-0.916559856624276,0.));
#11152=DIRECTION('',(0.,0.,1.));
#11153=DIRECTION('',(0.,0.,1.));
#11154=DIRECTION('',(1.,0.,0.));
#11155=DIRECTION('',(0.,0.,1.));
#11156=DIRECTION('',(0.756508361430988,-0.653984020511971,0.));
#11157=DIRECTION('',(0.,0.,1.));
#11158=DIRECTION('',(0.,0.,1.));
#11159=DIRECTION('',(1.,0.,0.));
#11160=DIRECTION('',(0.,0.,1.));
#11161=DIRECTION('',(-0.897655925894268,-0.440696991942201,0.));
#11162=DIRECTION('',(0.,0.,1.));
#11163=DIRECTION('',(-5.49748578223171E-17,-2.69659871703348E-17,-1.));
#11164=DIRECTION('',(-0.817755024812189,-0.575566433519552,0.));
#11165=DIRECTION('',(0.,0.,1.));
#11166=DIRECTION('',(-0.730138265399408,-0.683299431727807,0.));
#11167=DIRECTION('',(0.,0.,1.));
#11168=DIRECTION('',(0.,0.,1.));
#11169=DIRECTION('',(1.,0.,0.));
#11170=DIRECTION('',(0.,0.,1.));
#11171=DIRECTION('',(-0.516044973357939,-0.856561489603638,0.));
#11172=DIRECTION('',(0.,0.,1.));
#11173=DIRECTION('',(0.,0.,1.));
#11174=DIRECTION('',(1.,0.,0.));
#11175=DIRECTION('',(0.,0.,1.));
#11176=DIRECTION('',(-0.206702163640402,-0.97840391227058,0.));
#11177=DIRECTION('',(0.,0.,1.));
#11178=DIRECTION('',(0.,0.,1.));
#11179=DIRECTION('',(1.,0.,0.));
#11180=DIRECTION('',(-0.902462008382707,0.430769455075278,0.));
#11181=DIRECTION('',(-0.430769455075278,-0.902462008382707,0.));
#11182=DIRECTION('',(0.,0.,1.));
#11183=DIRECTION('',(-0.430769455075278,-0.902462008382707,0.));
#11184=DIRECTION('',(0.,0.,1.));
#11185=DIRECTION('',(-0.684547065072246,-0.728968665788163,0.));
#11186=DIRECTION('',(0.,0.,1.));
#11187=DIRECTION('',(0.,0.,1.));
#11188=DIRECTION('',(1.,0.,0.));
#11189=DIRECTION('',(0.,0.,1.));
#11190=DIRECTION('',(-0.949138890882021,-0.314857691370636,0.));
#11191=DIRECTION('',(0.,0.,1.));
#11192=DIRECTION('',(0.,0.,1.));
#11193=DIRECTION('',(1.,0.,0.));
#11194=DIRECTION('',(0.,0.,1.));
#11195=DIRECTION('',(-0.992104459056749,-0.125414282758046,0.));
#11196=DIRECTION('',(1.33339445309374E-13,1.68366686749966E-14,1.));
#11197=DIRECTION('',(-0.998081925934677,-0.061906939211416,1.38439579575089E-13));
#11198=DIRECTION('',(0.,0.,1.));
#11199=DIRECTION('',(1.,0.,0.));
#11200=DIRECTION('',(0.,0.,1.));
#11201=DIRECTION('',(0.28820059999097,0.957570057053187,0.));
#11202=DIRECTION('',(0.,0.,1.));
#11203=DIRECTION('',(0.,0.,1.));
#11204=DIRECTION('',(1.,0.,0.));
#11205=DIRECTION('',(0.,0.,1.));
#11206=DIRECTION('',(0.,0.,1.));
#11207=DIRECTION('',(0.396149941097546,-0.918185833134236,0.));
#11208=DIRECTION('',(0.,0.,1.));
#11209=DIRECTION('',(0.,0.,1.));
#11210=DIRECTION('',(1.,0.,0.));
#11211=DIRECTION('',(0.,0.,1.));
#11212=DIRECTION('',(0.673693284645157,-0.739011067727689,0.));
#11213=DIRECTION('',(0.,0.,1.));
#11214=DIRECTION('',(0.,0.,1.));
#11215=DIRECTION('',(1.,0.,0.));
#11216=DIRECTION('',(0.,0.,1.));
#11217=DIRECTION('',(0.870298074578487,-0.492525391614461,0.));
#11218=DIRECTION('',(0.,0.,1.));
#11219=DIRECTION('',(0.,0.,1.));
#11220=DIRECTION('',(1.,0.,0.));
#11221=DIRECTION('',(0.,0.,1.));
#11222=DIRECTION('',(0.983972021786551,-0.178322910309603,0.));
#11223=DIRECTION('',(0.,0.,1.));
#11224=DIRECTION('',(0.,0.,1.));
#11225=DIRECTION('',(1.,0.,0.));
#11226=DIRECTION('',(0.,0.,1.));
#11227=DIRECTION('',(0.975154410757538,0.221526240387273,0.));
#11228=DIRECTION('',(0.,0.,1.));
#11229=DIRECTION('',(0.,0.,1.));
#11230=DIRECTION('',(1.,0.,0.));
#11231=DIRECTION('',(0.,0.,1.));
#11232=DIRECTION('',(0.755453409348587,0.655202370496014,0.));
#11233=DIRECTION('',(0.,0.,1.));
#11234=DIRECTION('',(0.,0.,1.));
#11235=DIRECTION('',(1.,0.,0.));
#11236=DIRECTION('',(0.,0.,1.));
#11237=DIRECTION('',(0.411481600957629,0.911418066571728,0.));
#11238=DIRECTION('',(0.,0.,1.));
#11239=DIRECTION('',(0.,0.,1.));
#11240=DIRECTION('',(1.,0.,0.));
#11241=DIRECTION('',(0.,0.,1.));
#11242=DIRECTION('',(0.120270432306112,0.992741166222546,0.));
#11243=DIRECTION('',(0.,0.,1.));
#11244=DIRECTION('',(0.,0.,1.));
#11245=DIRECTION('',(1.,0.,0.));
#11246=DIRECTION('',(0.,-1.,0.));
#11247=DIRECTION('',(0.,0.,-1.));
#11248=DIRECTION('',(0.,0.,1.));
#11249=DIRECTION('',(1.,0.,0.));
#11250=DIRECTION('',(1.,0.,0.));
#11251=DIRECTION('',(0.,0.,-1.));
#11252=DIRECTION('',(0.,0.,1.));
#11253=DIRECTION('',(0.,1.,0.));
#11254=DIRECTION('',(0.,1.,0.));
#11255=DIRECTION('',(0.,0.,1.));
#11256=DIRECTION('',(0.,0.,1.));
#11257=DIRECTION('',(-1.,0.,0.));
#11258=DIRECTION('',(0.,0.,1.));
#11259=DIRECTION('',(0.145530072196628,0.989353828560058,0.));
#11260=DIRECTION('',(0.,0.,1.));
#11261=DIRECTION('',(0.,0.,1.));
#11262=DIRECTION('',(1.,0.,0.));
#11263=DIRECTION('',(0.,0.,1.));
#11264=DIRECTION('',(0.528255583013213,0.84908541326263,0.));
#11265=DIRECTION('',(0.,0.,1.));
#11266=DIRECTION('',(0.,0.,1.));
#11267=DIRECTION('',(1.,0.,0.));
#11268=DIRECTION('',(0.,0.,1.));
#11269=DIRECTION('',(0.873153189239588,0.487445902763307,0.));
#11270=DIRECTION('',(0.,0.,1.));
#11271=DIRECTION('',(0.,0.,1.));
#11272=DIRECTION('',(1.,0.,0.));
#11273=DIRECTION('',(0.,0.,1.));
#11274=DIRECTION('',(0.991438866641546,0.130571718655024,0.));
#11275=DIRECTION('',(0.,0.,1.));
#11276=DIRECTION('',(0.,0.,1.));
#11277=DIRECTION('',(1.,0.,0.));
#11278=DIRECTION('',(0.,0.,1.));
#11279=DIRECTION('',(0.,0.,1.));
#11280=DIRECTION('',(0.714683479877634,-0.699448013500643,0.));
#11281=DIRECTION('',(0.,0.,1.));
#11282=DIRECTION('',(0.,0.,1.));
#11283=DIRECTION('',(1.,0.,0.));
#11284=DIRECTION('',(0.,0.,1.));
#11285=DIRECTION('',(0.248171741752734,-0.968716050551148,0.));
#11286=DIRECTION('',(0.,0.,1.));
#11287=DIRECTION('',(0.,0.,1.));
#11288=DIRECTION('',(1.,0.,0.));
#11289=DIRECTION('',(0.,0.,1.));
#11290=DIRECTION('',(0.0211716599577664,-0.99977585528689,0.));
#11291=DIRECTION('',(0.,0.,1.));
#11292=DIRECTION('',(-1.30483344242433E-18,6.12184356737591E-17,1.));
#11293=DIRECTION('',(0.00042319624284932,-0.999999910452466,0.));
#11294=DIRECTION('',(0.,-1.,0.));
#11295=DIRECTION('',(0.,0.,-1.));
#11296=DIRECTION('',(0.,0.,1.));
#11297=DIRECTION('',(1.,0.,0.));
#11298=DIRECTION('',(1.,0.,0.));
#11299=DIRECTION('',(0.,0.,-1.));
#11300=DIRECTION('',(0.,0.,1.));
#11301=DIRECTION('',(0.,1.,0.));
#11302=DIRECTION('',(0.,1.,0.));
#11303=DIRECTION('',(0.,0.,1.));
#11304=DIRECTION('',(0.,0.,1.));
#11305=DIRECTION('',(-1.,0.,0.));
#11306=DIRECTION('',(0.,0.,1.));
#11307=DIRECTION('',(0.,0.,1.));
#11308=DIRECTION('',(0.944060420954651,0.329772530067208,0.));
#11309=DIRECTION('',(0.,0.,1.));
#11310=DIRECTION('',(0.,0.,1.));
#11311=DIRECTION('',(1.,0.,0.));
#11312=DIRECTION('',(0.,0.,1.));
#11313=DIRECTION('',(0.,0.,1.));
#11314=DIRECTION('',(0.,-1.,0.));
#11315=DIRECTION('',(0.,0.,-1.));
#11316=DIRECTION('',(0.,0.,1.));
#11317=DIRECTION('',(1.,0.,0.));
#11318=DIRECTION('',(1.,0.,0.));
#11319=DIRECTION('',(0.,0.,-1.));
#11320=DIRECTION('',(0.,0.,1.));
#11321=DIRECTION('',(0.,1.,0.));
#11322=DIRECTION('',(0.,1.,0.));
#11323=DIRECTION('',(0.,0.,1.));
#11324=DIRECTION('',(0.,0.,1.));
#11325=DIRECTION('',(-1.,0.,0.));
#11326=DIRECTION('',(-0.0616768313824563,0.998096171954697,1.88778593102033E-27));
#11327=DIRECTION('',(-0.998096171954697,-0.0616768313824563,-1.63145010300309E-14));
#11328=DIRECTION('',(0.,0.,1.));
#11329=DIRECTION('',(-0.998096171954697,-0.0616768313824563,-1.63145010300309E-14));
#11330=DIRECTION('',(0.,0.,1.));
#11331=DIRECTION('',(0.18668411884872,-0.982419991536042,0.));
#11332=DIRECTION('',(0.,0.,1.));
#11333=DIRECTION('',(0.,0.,1.));
#11334=DIRECTION('',(1.,0.,0.));
#11335=DIRECTION('',(0.,0.,1.));
#11336=DIRECTION('',(0.370099015424106,-0.928992313629185,0.));
#11337=DIRECTION('',(0.,0.,1.));
#11338=DIRECTION('',(0.,0.,1.));
#11339=DIRECTION('',(1.,0.,0.));
#11340=DIRECTION('',(0.,0.,1.));
#11341=DIRECTION('',(0.601278202091049,-0.799039751007518,0.));
#11342=DIRECTION('',(0.,0.,1.));
#11343=DIRECTION('',(0.,0.,1.));
#11344=DIRECTION('',(1.,0.,0.));
#11345=DIRECTION('',(0.,0.,1.));
#11346=DIRECTION('',(0.842927000871708,-0.538027946487381,0.));
#11347=DIRECTION('',(0.,0.,1.));
#11348=DIRECTION('',(0.,0.,1.));
#11349=DIRECTION('',(1.,0.,0.));
#11350=DIRECTION('',(0.,0.,1.));
#11351=DIRECTION('',(0.983574580928326,-0.180502198744693,0.));
#11352=DIRECTION('',(0.,0.,1.));
#11353=DIRECTION('',(0.,0.,1.));
#11354=DIRECTION('',(1.,0.,0.));
#11355=DIRECTION('',(0.,0.,1.));
#11356=DIRECTION('',(0.977874257785485,0.209193537090624,0.));
#11357=DIRECTION('',(0.,0.,1.));
#11358=DIRECTION('',(0.,0.,1.));
#11359=DIRECTION('',(1.,0.,0.));
#11360=DIRECTION('',(0.,0.,1.));
#11361=DIRECTION('',(0.816665952491304,0.577110667066093,0.));
#11362=DIRECTION('',(0.,0.,1.));
#11363=DIRECTION('',(0.,0.,1.));
#11364=DIRECTION('',(1.,0.,0.));
#11365=DIRECTION('',(0.,0.,1.));
#11366=DIRECTION('',(0.571949380336946,0.82028891637775,0.));
#11367=DIRECTION('',(0.,0.,1.));
#11368=DIRECTION('',(1.,0.,0.));
#11369=DIRECTION('',(0.,0.,1.));
#11370=DIRECTION('',(1.,0.,0.));
#11371=DIRECTION('',(0.,-1.,0.));
#11372=DIRECTION('',(0.,0.,-1.));
#11373=DIRECTION('',(0.,0.,1.));
#11374=DIRECTION('',(1.,0.,0.));
#11375=DIRECTION('',(0.,0.,1.));
#11376=DIRECTION('',(1.,0.,0.));
#11377=DIRECTION('',(0.,0.,-1.));
#11378=DIRECTION('',(0.,0.,1.));
#11379=DIRECTION('',(0.,1.,0.));
#11380=DIRECTION('',(0.,1.,0.));
#11381=DIRECTION('',(0.,0.,1.));
#11382=DIRECTION('',(0.,0.,1.));
#11383=DIRECTION('',(-1.,0.,0.));
#11384=DIRECTION('',(-1.,0.,0.));
#11385=DIRECTION('',(0.,0.,1.));
#11386=DIRECTION('',(0.,-1.,0.));
#11387=DIRECTION('',(0.,0.,1.));
#11388=DIRECTION('',(1.,0.,0.));
#11389=DIRECTION('',(0.,0.,1.));
#11390=DIRECTION('',(-0.983517544962803,-0.180812717335759,0.));
#11391=DIRECTION('',(0.,0.,1.));
#11392=DIRECTION('',(0.,0.,1.));
#11393=DIRECTION('',(1.,0.,0.));
#11394=DIRECTION('',(0.,0.,1.));
#11395=DIRECTION('',(-1.,0.,0.));
#11396=DIRECTION('',(0.,0.,1.));
#11397=DIRECTION('',(0.,0.,1.));
#11398=DIRECTION('',(0.,-1.,0.));
#11399=DIRECTION('',(0.,-1.,0.));
#11400=DIRECTION('',(0.,0.,-1.));
#11401=DIRECTION('',(0.,0.,1.));
#11402=DIRECTION('',(1.,0.,0.));
#11403=DIRECTION('',(1.,0.,0.));
#11404=DIRECTION('',(0.,0.,-1.));
#11405=DIRECTION('',(0.,0.,1.));
#11406=DIRECTION('',(0.,1.,0.));
#11407=DIRECTION('',(0.,0.,1.));
#11408=DIRECTION('',(-0.99849013223627,-0.0549313737930937,0.));
#11409=DIRECTION('',(0.,0.,1.));
#11410=DIRECTION('',(0.,0.,1.));
#11411=DIRECTION('',(1.,0.,0.));
#11412=DIRECTION('',(0.,0.,1.));
#11413=DIRECTION('',(-0.976130475373149,-0.21718493282866,0.));
#11414=DIRECTION('',(0.,0.,1.));
#11415=DIRECTION('',(0.,0.,1.));
#11416=DIRECTION('',(1.,0.,0.));
#11417=DIRECTION('',(0.,0.,1.));
#11418=DIRECTION('',(-0.870637463507811,-0.491925204819477,0.));
#11419=DIRECTION('',(0.,0.,1.));
#11420=DIRECTION('',(0.,0.,1.));
#11421=DIRECTION('',(1.,0.,0.));
#11422=DIRECTION('',(0.,0.,1.));
#11423=DIRECTION('',(-0.500998349644073,-0.865448238575777,0.));
#11424=DIRECTION('',(0.,0.,1.));
#11425=DIRECTION('',(0.,0.,1.));
#11426=DIRECTION('',(1.,0.,0.));
#11427=DIRECTION('',(0.,0.,1.));
#11428=DIRECTION('',(-0.113581390770176,-0.993528694940771,0.));
#11429=DIRECTION('',(0.,0.,1.));
#11430=DIRECTION('',(0.,0.,1.));
#11431=DIRECTION('',(1.,0.,0.));
#11432=DIRECTION('',(0.,0.,1.));
#11433=DIRECTION('',(-0.031887939564231,-0.999491450343798,0.));
#11434=DIRECTION('',(0.,0.,1.));
#11435=DIRECTION('',(-1.95322912787803E-18,-6.12011793401782E-17,-1.));
#11436=DIRECTION('',(-2.54996268649705E-5,-0.999999999674885,0.));
#11437=DIRECTION('',(0.,0.,1.));
#11438=DIRECTION('',(0.0160111808918154,-0.999871812827249,0.));
#11439=DIRECTION('',(0.,0.,1.));
#11440=DIRECTION('',(4.82432736089607E-15,-2.97783971217665E-13,-1.));
#11441=DIRECTION('',(0.032299953795464,-0.999478220365412,2.96921743149886E-13));
#11442=DIRECTION('',(0.,0.,1.));
#11443=DIRECTION('',(0.0564657106107704,-0.998404539014733,0.));
#11444=DIRECTION('',(0.,0.,1.));
#11445=DIRECTION('',(0.,0.,1.));
#11446=DIRECTION('',(1.,0.,0.));
#11447=DIRECTION('',(0.,0.,1.));
#11448=DIRECTION('',(0.112832119473989,-0.993614066333105,0.));
#11449=DIRECTION('',(0.,0.,1.));
#11450=DIRECTION('',(0.,0.,1.));
#11451=DIRECTION('',(1.,0.,0.));
#11452=DIRECTION('',(-1.,0.,0.));
#11453=DIRECTION('',(0.,0.,1.));
#11454=DIRECTION('',(0.,0.,1.));
#11455=DIRECTION('',(0.,-1.,0.));
#11456=DIRECTION('',(0.,0.,1.));
#11457=DIRECTION('',(-0.0681488413853081,-0.997675165280684,0.));
#11458=DIRECTION('',(0.,0.,1.));
#11459=DIRECTION('',(0.,0.,1.));
#11460=DIRECTION('',(1.,0.,0.));
#11461=DIRECTION('',(0.,0.,1.));
#11462=DIRECTION('',(-0.32705888644556,-0.94500396020175,0.));
#11463=DIRECTION('',(0.,0.,1.));
#11464=DIRECTION('',(0.,0.,1.));
#11465=DIRECTION('',(1.,0.,0.));
#11466=DIRECTION('',(0.,0.,1.));
#11467=DIRECTION('',(-0.753253998296879,-0.657729742409271,0.));
#11468=DIRECTION('',(0.,0.,1.));
#11469=DIRECTION('',(1.,0.,0.));
#11470=DIRECTION('',(0.,0.,1.));
#11471=DIRECTION('',(1.,0.,0.));
#11472=DIRECTION('',(0.,0.,1.));
#11473=DIRECTION('',(0.,0.,1.));
#11474=DIRECTION('',(0.,0.,1.));
#11475=DIRECTION('',(-0.96961609766829,0.244631606998191,0.));
#11476=DIRECTION('',(0.,0.,1.));
#11477=DIRECTION('',(0.,0.,1.));
#11478=DIRECTION('',(1.,0.,0.));
#11479=DIRECTION('',(0.,0.,1.));
#11480=DIRECTION('',(-0.703455455049906,0.710739349382409,0.));
#11481=DIRECTION('',(0.,0.,1.));
#11482=DIRECTION('',(0.,0.,1.));
#11483=DIRECTION('',(1.,0.,0.));
#11484=DIRECTION('',(0.,0.,1.));
#11485=DIRECTION('',(-0.34296308156155,0.939348883368584,0.));
#11486=DIRECTION('',(0.,0.,1.));
#11487=DIRECTION('',(0.,0.,1.));
#11488=DIRECTION('',(1.,0.,0.));
#11489=DIRECTION('',(0.,0.,1.));
#11490=DIRECTION('',(-0.0931520642695331,0.995651893445859,0.));
#11491=DIRECTION('',(0.,0.,1.));
#11492=DIRECTION('',(0.,0.,1.));
#11493=DIRECTION('',(1.,0.,0.));
#11494=DIRECTION('',(0.,1.,0.));
#11495=DIRECTION('',(0.,0.,1.));
#11496=DIRECTION('',(0.,0.,1.));
#11497=DIRECTION('',(-1.,0.,0.));
#11498=DIRECTION('',(-1.,0.,0.));
#11499=DIRECTION('',(0.,0.,1.));
#11500=DIRECTION('',(0.,0.,1.));
#11501=DIRECTION('',(0.,-1.,0.));
#11502=DIRECTION('',(0.,-1.,0.));
#11503=DIRECTION('',(0.,0.,-1.));
#11504=DIRECTION('',(0.,0.,1.));
#11505=DIRECTION('',(1.,0.,0.));
#11506=DIRECTION('',(0.,0.,1.));
#11507=DIRECTION('',(-0.131383288424694,0.991331645577157,0.));
#11508=DIRECTION('',(0.,0.,1.));
#11509=DIRECTION('',(0.,0.,1.));
#11510=DIRECTION('',(1.,0.,0.));
#11511=DIRECTION('',(0.,0.,1.));
#11512=DIRECTION('',(-0.42065693831154,0.907219786077421,0.));
#11513=DIRECTION('',(0.,0.,1.));
#11514=DIRECTION('',(0.,0.,1.));
#11515=DIRECTION('',(1.,0.,0.));
#11516=DIRECTION('',(0.,0.,1.));
#11517=DIRECTION('',(-0.739209970403529,0.673475032689419,0.));
#11518=DIRECTION('',(0.,0.,1.));
#11519=DIRECTION('',(0.,0.,1.));
#11520=DIRECTION('',(1.,0.,0.));
#11521=DIRECTION('',(0.,0.,1.));
#11522=DIRECTION('',(-0.969211085028111,0.246231339716598,0.));
#11523=DIRECTION('',(0.,0.,1.));
#11524=DIRECTION('',(0.,0.,1.));
#11525=DIRECTION('',(1.,0.,0.));
#11526=DIRECTION('',(0.,0.,1.));
#11527=DIRECTION('',(-0.984750256629054,-0.173973940775659,0.));
#11528=DIRECTION('',(0.,0.,1.));
#11529=DIRECTION('',(0.,0.,1.));
#11530=DIRECTION('',(1.,0.,0.));
#11531=DIRECTION('',(0.,0.,1.));
#11532=DIRECTION('',(-0.813084583540367,-0.582145565996158,0.));
#11533=DIRECTION('',(0.,0.,1.));
#11534=DIRECTION('',(0.,0.,1.));
#11535=DIRECTION('',(1.,0.,0.));
#11536=DIRECTION('',(0.,0.,1.));
#11537=DIRECTION('',(-0.464455841804013,-0.885596279923378,0.));
#11538=DIRECTION('',(0.,0.,1.));
#11539=DIRECTION('',(0.,0.,1.));
#11540=DIRECTION('',(1.,0.,0.));
#11541=DIRECTION('',(0.,0.,1.));
#11542=DIRECTION('',(-0.136455654800686,-0.990646180163693,0.));
#11543=DIRECTION('',(0.,0.,1.));
#11544=DIRECTION('',(0.,0.,1.));
#11545=DIRECTION('',(1.,0.,0.));
#11546=DIRECTION('',(0.,0.,1.));
#11547=DIRECTION('',(0.085998614865227,-0.996295256558648,0.));
#11548=DIRECTION('',(0.,0.,1.));
#11549=DIRECTION('',(0.,0.,1.));
#11550=DIRECTION('',(1.,0.,0.));
#11551=DIRECTION('',(-1.,0.,0.));
#11552=DIRECTION('',(0.,0.,1.));
#11553=DIRECTION('',(0.,0.,1.));
#11554=DIRECTION('',(0.,-1.,0.));
#11555=DIRECTION('',(0.,0.,1.));
#11556=DIRECTION('',(-0.450214462442129,-0.892920454356347,0.));
#11557=DIRECTION('',(0.,0.,1.));
#11558=DIRECTION('',(1.,0.,0.));
#11559=DIRECTION('',(0.,0.,1.));
#11560=DIRECTION('',(1.,0.,0.));
#11561=CARTESIAN_POINT('',(0.,0.,0.));
#11562=CARTESIAN_POINT('',(-0.0137196881324053,-0.0311853888835758,0.036));
#11563=CARTESIAN_POINT('',(-0.0667463371317921,1.16341445918999E-19,0.036));
#11564=CARTESIAN_POINT('',(-0.0648463371317921,-2.40741243048404E-35,0.036));
#11565=CARTESIAN_POINT('',(-0.0657639726996422,-0.0637705996632576,0.036));
#11566=CARTESIAN_POINT('',(-0.0638639726996422,-0.0637705996632576,0.036));
#11567=CARTESIAN_POINT('',(0.0378245206359487,1.16341445918998E-19,0.036));
#11568=CARTESIAN_POINT('',(0.0397245206359487,-2.16667118743564E-34,0.036));
#11569=CARTESIAN_POINT('',(0.0386476367712021,-0.0638323724269867,0.036));
#11570=CARTESIAN_POINT('',(0.0405476367712021,-0.0638323724269867,0.036));
#11571=CARTESIAN_POINT('',(-0.0137196881324053,0.00458746208623051,0.036));
#11572=CARTESIAN_POINT('',(-0.0690931079089641,0.00458746208623051,0.036));
#11573=CARTESIAN_POINT('',(0.0416537316441536,0.00458746208623051,0.036));
#11574=CARTESIAN_POINT('',(-0.0690931079089641,-0.0311853888835758,0.036));
#11575=CARTESIAN_POINT('',(-0.0690931079089641,-0.0669582398533821,0.036));
#11576=CARTESIAN_POINT('',(-0.0137196881324053,-0.0669582398533821,0.036));
#11577=CARTESIAN_POINT('',(0.0416537316441536,-0.0669582398533821,0.036));
#11578=CARTESIAN_POINT('',(0.0416537316441536,-0.0311853888835758,0.036));
#11579=CARTESIAN_POINT('',(-0.0592829647812323,-0.0649454562553729,0.036));
#11580=CARTESIAN_POINT('',(-0.0595373853739147,-0.0642139970514108,0.036));
#11581=CARTESIAN_POINT('',(-0.0590285441885499,-0.0656769154593349,0.036));
#11582=CARTESIAN_POINT('',(-0.0591517791631304,-0.0656769154593349,0.036));
#11583=CARTESIAN_POINT('',(-0.059275014137711,-0.0656769154593349,0.036));
#11584=CARTESIAN_POINT('',(-0.0594648755050002,-0.0651283210563634,0.036));
#11585=CARTESIAN_POINT('',(-0.0596547368722895,-0.0645797266533918,0.036));
#11586=CARTESIAN_POINT('',(-0.0598465063940239,-0.0651283210563634,0.036));
#11587=CARTESIAN_POINT('',(-0.0600382759157583,-0.0656769154593349,0.036));
#11588=CARTESIAN_POINT('',(-0.0601624649675614,-0.0656769154593349,0.036));
#11589=CARTESIAN_POINT('',(-0.0602866540193645,-0.0656769154593349,0.036));
#11590=CARTESIAN_POINT('',(-0.060030325272237,-0.0649454562553729,0.036));
#11591=CARTESIAN_POINT('',(-0.0597739965251094,-0.0642139970514108,0.036));
#11592=CARTESIAN_POINT('',(-0.0596556909495121,-0.0642139970514108,0.036));
#11593=CARTESIAN_POINT('',(0.00136004371538555,0.000963101683159454,0.036));
#11594=CARTESIAN_POINT('',(0.00111064859674647,0.000408005214459861,0.036));
#11595=CARTESIAN_POINT('',(0.00137941121561986,0.000354069443262826,0.036));
#11596=CARTESIAN_POINT('',(0.00136393676511388,0.00108437811494095,0.036));
#11597=CARTESIAN_POINT('',(0.00148291172656613,0.000363146531740469,0.036));
#11598=CARTESIAN_POINT('',(0.00136796024288341,0.00108123208202778,0.036));
#11599=CARTESIAN_POINT('',(0.00161437983906496,0.000396850399867009,0.036));
#11600=CARTESIAN_POINT('',(0.00128952497160215,0.00131332868450502,0.036));
#11601=CARTESIAN_POINT('',(0.00175366856183145,0.000458832998805384,0.036));
#11602=CARTESIAN_POINT('',(0.00151377014152266,0.000910760245333697,0.036));
#11603=CARTESIAN_POINT('',(0.00187586316431045,0.000549312524513981,0.036));
#11604=CARTESIAN_POINT('',(0.00195856628882514,0.000423303036617047,0.036));
#11605=CARTESIAN_POINT('',(0.00204111716063207,0.000297525537034288,0.036));
#11606=CARTESIAN_POINT('',(0.00138902326379225,0.0008087192884276,0.036));
#11607=CARTESIAN_POINT('',(0.00175187887862194,6.40821228140946E-5,0.036));
#11608=CARTESIAN_POINT('',(0.00175187887862194,6.40821228140946E-5,0.036));
#11609=CARTESIAN_POINT('',(0.0015864086084447,-1.50427518342945E-5,0.036));
#11610=CARTESIAN_POINT('',(0.00133068182726169,-1.50427518342945E-5,0.036));
#11611=CARTESIAN_POINT('',(0.00133068182726169,-1.50427518342945E-5,0.036));
#11612=CARTESIAN_POINT('',(0.00132379484557333,0.000886861973087938,0.036));
#11613=CARTESIAN_POINT('',(0.000943183784123579,6.95051415291212E-5,0.036));
#11614=CARTESIAN_POINT('',(0.00132999410492065,0.000906947125390161,0.036));
#11615=CARTESIAN_POINT('',(0.000634726440976816,0.000300788457651001,0.036));
#11616=CARTESIAN_POINT('',(0.00149761677340489,0.00104255801946112,0.036));
#11617=CARTESIAN_POINT('',(0.000431731816962973,0.000643229508742407,0.036));
#11618=CARTESIAN_POINT('',(0.00152014264059024,0.00105349005664045,0.036));
#11619=CARTESIAN_POINT('',(0.000356652877815018,0.00106442505361411,0.036));
#11620=CARTESIAN_POINT('',(0.00154018188430866,0.00107178852504653,0.036));
#11621=CARTESIAN_POINT('',(0.000426069756187844,0.00147055944502928,0.036));
#11622=CARTESIAN_POINT('',(0.00147808998468248,0.00110074294333678,0.036));
#11623=CARTESIAN_POINT('',(0.000615800616348513,0.00180727660166726,0.036));
#11624=CARTESIAN_POINT('',(0.00138978566871768,0.00116905402962306,0.036));
#11625=CARTESIAN_POINT('',(0.000896242676789305,0.00204221197933754,0.036));
#11626=CARTESIAN_POINT('',(0.00128659585527616,0.00135409997494801,0.036));
#11627=CARTESIAN_POINT('',(0.00124042531625592,0.00214383491989861,0.036));
#11628=CARTESIAN_POINT('',(0.00124042531625592,0.00196337996941212,0.036));
#11629=CARTESIAN_POINT('',(0.00124042531625592,0.00178238679756022,0.036));
#11630=CARTESIAN_POINT('',(0.0013116696350489,0.00134634835395818,0.036));
#11631=CARTESIAN_POINT('',(0.00101107396493535,0.00166985376633377,0.036));
#11632=CARTESIAN_POINT('',(0.00145530536246247,0.00120275039183661,0.036));
#11633=CARTESIAN_POINT('',(0.000870074374900402,0.00147238376403051,0.036));
#11634=CARTESIAN_POINT('',(0.00171934429031414,0.00107973435941305,0.036));
#11635=CARTESIAN_POINT('',(0.000798573695789213,0.00124491685318452,0.036));
#11636=CARTESIAN_POINT('',(0.00195925369047181,0.00102018242908448,0.036));
#11637=CARTESIAN_POINT('',(0.00077766567967035,0.00104577481514992,0.036));
#11638=CARTESIAN_POINT('',(0.0017743864082707,0.00103638937419573,0.036));
#11639=CARTESIAN_POINT('',(0.000813536044121504,0.000772902381652003,0.036));
#11640=CARTESIAN_POINT('',(0.00139185531942411,0.000928760113228121,0.036));
#11641=CARTESIAN_POINT('',(0.000924450589485207,0.000554714523188808,0.036));
#11642=CARTESIAN_POINT('',(0.00134891632351827,0.000903253203849733,0.036));
#11643=CARTESIAN_POINT('',(0.0047228223658951,0.00212102800863553,0.036));
#11644=CARTESIAN_POINT('',(0.00449326997290376,0.00212102800863553,0.036));
#11645=CARTESIAN_POINT('',(0.00495234954452105,0.00212102800863552,0.036));
#11646=CARTESIAN_POINT('',(-0.219467989373567,0.086051881015979,0.036));
#11647=CARTESIAN_POINT('',(0.00458353871452493,0.00114143937255411,0.036));
#11648=CARTESIAN_POINT('',(0.171871563228249,-0.0623907021893558,0.036));
#11649=CARTESIAN_POINT('',(0.00430125999884208,0.000393241364587157,0.036));
#11650=CARTESIAN_POINT('',(-0.0119273128022117,0.00641106311351072,0.036));
#11651=CARTESIAN_POINT('',(0.00408888438431251,-0.000150413180677612,0.036));
#11652=CARTESIAN_POINT('',(-0.00052218541559828,0.00172229366013839,0.036));
#11653=CARTESIAN_POINT('',(0.00391976687575652,-0.000521047148676561,0.036));
#11654=CARTESIAN_POINT('',(0.00260035027644514,0.000130409961583136,0.036));
#11655=CARTESIAN_POINT('',(0.00377520314859331,-0.000754297889334193,0.036));
#11656=CARTESIAN_POINT('',(0.0033141722133878,-0.000401706089586272,0.036));
#11657=CARTESIAN_POINT('',(0.00363592488401398,-0.000884049283633495,0.036));
#11658=CARTESIAN_POINT('',(0.00344117067294141,-0.000576717687045479,0.036));
#11659=CARTESIAN_POINT('',(0.00347969348242367,-0.000938409727260702,0.036));
#11660=CARTESIAN_POINT('',(0.0032987146756867,0.000846605249443181,0.036));
#11661=CARTESIAN_POINT('',(0.00328623836663687,-0.000947696431180401,0.036));
#11662=CARTESIAN_POINT('',(0.00329470870022122,-0.000547364309970084,0.036));
#11663=CARTESIAN_POINT('',(0.00320742650650321,-0.000938317706528486,0.036));
#11664=CARTESIAN_POINT('',(0.00340633586091497,2.60133256038671E-5,0.0360000000000005));
#11665=CARTESIAN_POINT('',(0.00311896773799959,-0.000915790764485677,0.036));
#11666=CARTESIAN_POINT('',(0.00343831164929561,0.000145291118968119,0.036));
#11667=CARTESIAN_POINT('',(0.00304165976923598,-0.000889285999514087,0.036));
#11668=CARTESIAN_POINT('',(-0.00164509446264088,0.000875870900310636,0.036));
#11669=CARTESIAN_POINT('',(0.00299685336616646,-0.000872333451129978,0.036));
#11670=CARTESIAN_POINT('',(0.00805404945688671,-0.00199789401894761,0.0359999999999848));
#11671=CARTESIAN_POINT('',(0.00302690674940057,-0.000744917387578789,0.036));
#11672=CARTESIAN_POINT('',(0.00440774252896662,-0.00102434683543964,0.036));
#11673=CARTESIAN_POINT('',(0.00305101195843829,-0.000645043529540582,0.036));
#11674=CARTESIAN_POINT('',(0.00373043624258021,-0.000824437684623623,0.036));
#11675=CARTESIAN_POINT('',(0.00307203077959962,-0.000579446800657024,0.036));
#11676=CARTESIAN_POINT('',(0.00304019806150548,-0.000957897088359886,0.036));
#11677=CARTESIAN_POINT('',(0.00316409242082572,-0.000598099812930958,0.036));
#11678=CARTESIAN_POINT('',(0.00328798678012309,-0.000238302537632246,0.036));
#11679=CARTESIAN_POINT('',(0.00325613528770839,-0.000616933364304641,0.036));
#11680=CARTESIAN_POINT('',(0.00326292246091083,0.000283261337563808,0.036));
#11681=CARTESIAN_POINT('',(0.00336326072997588,-0.000611057461921474,0.036));
#11682=CARTESIAN_POINT('',(0.00334321273607937,-0.000437746349396782,0.036));
#11683=CARTESIAN_POINT('',(0.00344788911050378,-0.000577448611496106,0.036));
#11684=CARTESIAN_POINT('',(0.00326006652728685,-0.000344525860810864,0.036));
#11685=CARTESIAN_POINT('',(0.00351943044156252,-0.000494621722713943,0.036));
#11686=CARTESIAN_POINT('',(0.00257095882753294,5.29897587824204E-5,0.036));
#11687=CARTESIAN_POINT('',(0.00359418828827116,-0.000338714217409437,0.036));
#11688=CARTESIAN_POINT('',(0.00366591862201757,-0.000169381385654156,0.036));
#11689=CARTESIAN_POINT('',(0.00373752212074881,6.50521303491303E-19,0.036));
#11690=CARTESIAN_POINT('',(0.00411539604682629,0.00106051400431776,0.036));
#11691=CARTESIAN_POINT('',(0.0037357169905287,0.00038359017177451,0.036));
#11692=CARTESIAN_POINT('',(0.00381273587992028,0.00056801430926296,0.036));
#11693=CARTESIAN_POINT('',(0.00365869810113711,0.000199166034286059,0.036));
#11694=CARTESIAN_POINT('',(0.00326367543796854,0.00116009702146079,0.036));
#11695=CARTESIAN_POINT('',(0.00286865277479996,0.00212102800863553,0.036));
#11696=CARTESIAN_POINT('',(0.0030960991825345,0.00212102800863553,0.036));
#11697=CARTESIAN_POINT('',(0.00332354559026902,0.00212102800863553,0.036));
#11698=CARTESIAN_POINT('',(0.00359431512328632,0.00140830242672665,0.036));
#11699=CARTESIAN_POINT('',(0.00386508465630363,0.000695576844817777,0.036));
#11700=CARTESIAN_POINT('',(0.00383891026811196,0.000631795577040368,0.036));
#11701=CARTESIAN_POINT('',(0.00725000467405658,0.00212102800863553,0.036));
#11702=CARTESIAN_POINT('',(0.00702045228106524,0.00212102800863553,0.036));
#11703=CARTESIAN_POINT('',(0.00747953185268252,0.00212102800863552,0.036));
#11704=CARTESIAN_POINT('',(-0.216940807063689,0.08605188101533,0.036));
#11705=CARTESIAN_POINT('',(0.00711072102268642,0.00114143937255409,0.036));
#11706=CARTESIAN_POINT('',(0.174398745543122,-0.0623907021914119,0.036));
#11707=CARTESIAN_POINT('',(0.00682844230700606,0.000393241364586279,0.036));
#11708=CARTESIAN_POINT('',(-0.00940013054653571,0.00641106313400349,0.036));
#11709=CARTESIAN_POINT('',(0.0066160666924762,-0.000150413180678513,0.036));
#11710=CARTESIAN_POINT('',(0.00200499689255966,0.00172229366014002,0.036));
#11711=CARTESIAN_POINT('',(0.00644694918391806,-0.000521047148676592,0.036));
#11712=CARTESIAN_POINT('',(0.00512753258458868,0.000130409961595245,0.036));
#11713=CARTESIAN_POINT('',(0.00630238545675465,-0.000754297889334096,0.036));
#11714=CARTESIAN_POINT('',(0.00584135452155652,-0.000401706089595749,0.036));
#11715=CARTESIAN_POINT('',(0.00616310719217548,-0.00088404928363353,0.036));
#11716=CARTESIAN_POINT('',(0.00596835298110287,-0.000576717687045416,0.036));
#11717=CARTESIAN_POINT('',(0.00600687579058515,-0.000938409727260702,0.036));
#11718=CARTESIAN_POINT('',(0.00582589698384815,0.000846605249443752,0.036));
#11719=CARTESIAN_POINT('',(0.00581342067479835,-0.000947696431180404,0.036));
#11720=CARTESIAN_POINT('',(0.00582189100838293,-0.000547364309968158,0.036));
#11721=CARTESIAN_POINT('',(0.00573460881466468,-0.000938317706528505,0.036));
#11722=CARTESIAN_POINT('',(0.00593351816907613,2.6013325602633E-5,0.0360000000000005));
#11723=CARTESIAN_POINT('',(0.00564615004616107,-0.000915790764485665,0.036));
#11724=CARTESIAN_POINT('',(0.00596549395745721,0.000145291118968606,0.036));
#11725=CARTESIAN_POINT('',(0.00556884207739745,-0.000889285999514087,0.036));
#11726=CARTESIAN_POINT('',(-0.00133117586416863,0.00170940832705839,0.036));
#11727=CARTESIAN_POINT('',(0.00552403567432794,-0.000872333451129975,0.036));
#11728=CARTESIAN_POINT('',(0.010581231765035,-0.00199789401894411,0.0359999999999848));
#11729=CARTESIAN_POINT('',(0.00555408905756204,-0.000744917387578789,0.036));
#11730=CARTESIAN_POINT('',(0.00693492483713169,-0.00102434683544063,0.036));
#11731=CARTESIAN_POINT('',(0.00557819426659977,-0.000645043529540583,0.036));
#11732=CARTESIAN_POINT('',(0.0062576185507415,-0.000824437684623561,0.036));
#11733=CARTESIAN_POINT('',(0.0055992130877611,-0.000579446800657024,0.036));
#11734=CARTESIAN_POINT('',(0.00556738036966694,-0.000957897088359925,0.036));
#11735=CARTESIAN_POINT('',(0.00569127472898698,-0.000598099812931549,0.036));
#11736=CARTESIAN_POINT('',(0.00581516908830701,-0.00023830253750319,0.036));
#11737=CARTESIAN_POINT('',(0.00578331759586985,-0.000616933364304695,0.036));
#11738=CARTESIAN_POINT('',(0.0057901047690723,0.000283261337563816,0.036));
#11739=CARTESIAN_POINT('',(0.00589044303813735,-0.000611057461921474,0.036));
#11740=CARTESIAN_POINT('',(0.00587039504424085,-0.000437746349396817,0.036));
#11741=CARTESIAN_POINT('',(0.00597507141866525,-0.000577448611496106,0.036));
#11742=CARTESIAN_POINT('',(0.00578724883544831,-0.000344525860810829,0.036));
#11743=CARTESIAN_POINT('',(0.006046612749724,-0.000494621722713943,0.036));
#11744=CARTESIAN_POINT('',(0.00509814113569407,5.29897587825554E-5,0.036));
#11745=CARTESIAN_POINT('',(0.00612137059643263,-0.000338714217409437,0.036));
#11746=CARTESIAN_POINT('',(0.00619310093017904,-0.000169381385654156,0.036));
#11747=CARTESIAN_POINT('',(0.00626470442891029,6.50521303491303E-19,0.036));
#11748=CARTESIAN_POINT('',(0.00664257835498776,0.00106051400431776,0.036));
#11749=CARTESIAN_POINT('',(0.0013944630950391,0.00196307911437543,0.036));
#11750=CARTESIAN_POINT('',(0.0013944630950391,0.00178636842105874,0.036));
#11751=CARTESIAN_POINT('',(0.0013944630950391,0.00213933505083294,0.036));
#11752=CARTESIAN_POINT('',(0.00132190439872102,0.00121805371596376,0.036));
#11753=CARTESIAN_POINT('',(0.00176125827918995,0.00203087065724002,0.036));
#11754=CARTESIAN_POINT('',(0.00130296841914377,0.00119519057608148,0.036));
#11755=CARTESIAN_POINT('',(0.00204135223134902,0.00179764988168717,0.036));
#11756=CARTESIAN_POINT('',(0.00123943112552429,0.00114803494974884,0.036));
#11757=CARTESIAN_POINT('',(0.00221995564604302,0.00147056201805493,0.036));
#11758=CARTESIAN_POINT('',(0.00108704524300638,0.00109120113695614,0.036));
#11759=CARTESIAN_POINT('',(0.00228193949283667,0.00108668856910036,0.036));
#11760=CARTESIAN_POINT('',(0.00084645902181927,0.00108699251106647,0.0360000000000002));
#11761=CARTESIAN_POINT('',(0.00227055296186841,0.000906175370497901,0.036));
#11762=CARTESIAN_POINT('',(0.00162582061825055,0.000906175370497901,0.036));
#11763=CARTESIAN_POINT('',(0.000981088274632687,0.000906175370497901,0.036));
#11764=CARTESIAN_POINT('',(0.000981088274632687,0.00107164564067514,0.036));
#11765=CARTESIAN_POINT('',(0.000981088274632687,0.00123711591085238,0.036));
#11766=CARTESIAN_POINT('',(0.00141522209257043,0.00123711591085238,0.036));
#11767=CARTESIAN_POINT('',(0.00184931188227884,0.00123711591085238,0.036));
#11768=CARTESIAN_POINT('',(0.00128838496220057,0.00123920017880893,0.036));
#11769=CARTESIAN_POINT('',(0.00181748238999807,0.00142545724203749,0.036));
#11770=CARTESIAN_POINT('',(0.00128404010511813,0.0012357844992542,0.036));
#11771=CARTESIAN_POINT('',(0.00172357712748688,0.00159270929459881,0.036));
#11772=CARTESIAN_POINT('',(0.00126037026491812,0.00122144526221562,0.036));
#11773=CARTESIAN_POINT('',(0.00157890356856426,0.00172242097175053,0.036));
#11774=CARTESIAN_POINT('',(0.00135043720008333,0.00136122211166488,0.036));
#11775=CARTESIAN_POINT('',(-0.000659173385378785,0.00183521572378393,0.036));
#11776=CARTESIAN_POINT('',(-0.000659173385378785,0.00164331763349495,0.036));
#11777=CARTESIAN_POINT('',(-0.000659173385378785,0.00202755914661287,0.036));
#11778=CARTESIAN_POINT('',(-0.000276764764932517,0.00130606882210176,0.036));
#11779=CARTESIAN_POINT('',(-0.000433532107864368,0.00210779038702135,0.036));
#11780=CARTESIAN_POINT('',(-0.000433532107864368,0.00210779038702135,0.036));
#11781=CARTESIAN_POINT('',(-0.000301757601795948,0.00213607076046982,0.036));
#11782=CARTESIAN_POINT('',(-7.61163242815307E-5,0.00213607076046982,0.036));
#11783=CARTESIAN_POINT('',(-7.61163242815307E-5,0.00213607076046982,0.036));
#11784=CARTESIAN_POINT('',(-7.61163242815307E-5,0.00189929784659803,0.036));
#11785=CARTESIAN_POINT('',(-7.61163242815307E-5,0.00166299599097933,0.036));
#11786=CARTESIAN_POINT('',(-0.000335769362762356,0.000652315200899555,0.036));
#11787=CARTESIAN_POINT('',(-0.000331843909381731,0.001696023021128,0.036));
#11788=CARTESIAN_POINT('',(-0.000330474729561976,0.000614334273973964,0.036));
#11789=CARTESIAN_POINT('',(-0.000499415894327176,0.00168296029177854,0.036));
#11790=CARTESIAN_POINT('',(-0.000363693212382597,0.000793755499668335,0.036));
#11791=CARTESIAN_POINT('',(-0.00106502682986805,0.00212102800863553,0.036));
#11792=CARTESIAN_POINT('',(-0.00126810397963103,0.00212102800863553,0.036));
#11793=CARTESIAN_POINT('',(-0.000861949680105075,0.00212102800863553,0.036));
#11794=CARTESIAN_POINT('',(-0.000837580422133518,0.00201211848535523,0.036));
#11795=CARTESIAN_POINT('',(-0.000813211164161961,0.00190320896207494,0.036));
#11796=CARTESIAN_POINT('',(-0.000813211164161961,0.000372458535417132,0.036));
#11797=CARTESIAN_POINT('',(-0.000813211164161961,0.,0.036));
#11798=CARTESIAN_POINT('',(-0.00104065757189649,0.,0.036));
#11799=CARTESIAN_POINT('',(-0.00126810397963103,0.,0.036));
#11800=CARTESIAN_POINT('',(-0.00126810397963103,0.00106051400431776,0.036));
#11801=CARTESIAN_POINT('',(-0.00198654580723693,0.000643228068434433,0.036));
#11802=CARTESIAN_POINT('',(-0.00198654580723693,0.00114685939984661,0.036));
#11803=CARTESIAN_POINT('',(-0.0019865831801577,0.000628184752277045,0.036));
#11804=CARTESIAN_POINT('',(-0.00035881604796515,0.000652763687084389,0.036));
#11805=CARTESIAN_POINT('',(-0.0019829140299415,0.000539735564786381,0.036));
#11806=CARTESIAN_POINT('',(-0.00103620038116172,0.000599892230376491,0.036));
#11807=CARTESIAN_POINT('',(-0.00196785300220574,0.000421204092869999,0.036));
#11808=CARTESIAN_POINT('',(-0.00155793349945088,0.000495014521528046,0.036));
#11809=CARTESIAN_POINT('',(-0.00193194189756095,0.00031234417559837,0.036));
#11810=CARTESIAN_POINT('',(-0.0018206752023264,0.000360102773946801,0.036));
#11811=CARTESIAN_POINT('',(-0.0018663416802452,0.000248217385607458,0.036));
#11812=CARTESIAN_POINT('',(-0.00192637479989976,0.000122447999931157,0.036));
#11813=CARTESIAN_POINT('',(-0.00198662834668641,-3.78319209589023E-6,0.036));
#11814=CARTESIAN_POINT('',(-0.00198033568555725,0.000269244959177467,0.036));
#11815=CARTESIAN_POINT('',(-0.00209001831046927,1.90012706173123E-5,0.036));
#11816=CARTESIAN_POINT('',(-0.00192693022563105,0.000406058989460703,0.036));
#11817=CARTESIAN_POINT('',(-0.00219531454380031,8.27652372197211E-5,0.036));
#11818=CARTESIAN_POINT('',(-0.00190524620687645,0.000441694651673383,0.036));
#11819=CARTESIAN_POINT('',(-0.00228169787126921,0.000174787376318025,0.036));
#11820=CARTESIAN_POINT('',(-0.00195928168995105,0.000401725854848378,0.036));
#11821=CARTESIAN_POINT('',(-0.00233613935986593,0.000285812284851595,0.036));
#11822=CARTESIAN_POINT('',(-0.00233613935986593,0.000285812284851595,0.036));
#11823=CARTESIAN_POINT('',(-0.00237404709448836,0.000191945513405598,0.036));
#11824=CARTESIAN_POINT('',(-0.00248506260302545,0.000118536884454241,0.036));
#11825=CARTESIAN_POINT('',(-0.00248506260302545,0.000118536884454241,0.036));
#11826=CARTESIAN_POINT('',(-0.00291721454206664,0.000777133436189276,0.036));
#11827=CARTESIAN_POINT('',(-0.0027314628780712,1.15426630991246E-5,0.036));
#11828=CARTESIAN_POINT('',(-0.0027314628780712,0.000154338633819861,0.036));
#11829=CARTESIAN_POINT('',(-0.0027314628780712,0.000297279246691694,0.036));
#11830=CARTESIAN_POINT('',(-0.002813062810278,0.000699834609804844,0.036));
#11831=CARTESIAN_POINT('',(-0.00256779908783415,0.000370354362674379,0.036));
#11832=CARTESIAN_POINT('',(-0.0029047233335238,0.000825010701696125,0.036));
#11833=CARTESIAN_POINT('',(-0.002441438622706,0.000500048268359221,0.036));
#11834=CARTESIAN_POINT('',(-0.002441438622706,0.000896848864360638,0.036));
#11835=CARTESIAN_POINT('',(-0.00244166481644016,0.00129368088597228,0.036));
#11836=CARTESIAN_POINT('',(-0.0042848595035251,0.00132813558968266,0.036));
#11837=CARTESIAN_POINT('',(-0.00246039249001721,0.00158701031851807,0.036));
#11838=CARTESIAN_POINT('',(-0.00246039249001721,0.00158701031851807,0.036));
#11839=CARTESIAN_POINT('',(-0.00247934635732842,0.00169622069683505,0.036));
#11840=CARTESIAN_POINT('',(-0.0025244746128313,0.00174706519803497,0.036));
#11841=CARTESIAN_POINT('',(-0.0025244746128313,0.00174706519803497,0.036));
#11842=CARTESIAN_POINT('',(-0.00267169214251913,0.00161947944562667,0.036));
#11843=CARTESIAN_POINT('',(-0.0026354758331396,0.00181093147582495,0.036));
#11844=CARTESIAN_POINT('',(-0.00277970100399599,0.000995134735796571,0.036));
#11845=CARTESIAN_POINT('',(-0.00279163344725135,0.00182369474306654,0.036));
#11846=CARTESIAN_POINT('',(-0.00279550730554993,0.0012453877676039,0.036));
#11847=CARTESIAN_POINT('',(-0.0029474789221649,0.00180333303849008,0.036));
#11848=CARTESIAN_POINT('',(-0.00270395777568105,0.000912450131721087,0.036));
#11849=CARTESIAN_POINT('',(-0.00308285560988143,0.00175457279437136,0.036));
#11850=CARTESIAN_POINT('',(-0.00282420714199658,0.00117413844538592,0.036));
#11851=CARTESIAN_POINT('',(-0.00319178072296809,0.00169232335726758,0.036));
#11852=CARTESIAN_POINT('',(-0.00218292512411118,0.000278220124702328,0.036));
#11853=CARTESIAN_POINT('',(-0.00326160755030734,0.00163971838432851,0.036));
#11854=CARTESIAN_POINT('',(-0.00334610971802047,0.00176932847074972,0.036));
#11855=CARTESIAN_POINT('',(-0.00343089027216899,0.00189936551136899,0.036));
#11856=CARTESIAN_POINT('',(-0.00309611690233774,0.00156791989834907,0.036));
#11857=CARTESIAN_POINT('',(-0.00331807738686709,0.00198373440274777,0.036));
#11858=CARTESIAN_POINT('',(-0.00282758021577314,0.00111132089888391,0.036));
#11859=CARTESIAN_POINT('',(-0.00314513193299236,0.0020608364852917,0.036));
#11860=CARTESIAN_POINT('',(-0.00268405087230454,0.000697877014635339,0.036));
#11861=CARTESIAN_POINT('',(-0.00293243134722882,0.00211529587030925,0.036));
#11862=CARTESIAN_POINT('',(-0.00269786944278427,0.000793872975440769,0.036));
#11863=CARTESIAN_POINT('',(-0.00269355516480078,0.00213604296966802,0.036));
#11864=CARTESIAN_POINT('',(-0.00269164480347845,0.00106932725766303,0.036));
#11865=CARTESIAN_POINT('',(-0.00247363852943116,0.00211346380059499,0.036));
#11866=CARTESIAN_POINT('',(-0.00259884454989167,0.00149442612052997,0.036));
#11867=CARTESIAN_POINT('',(-0.00227804466027771,0.00203834205089236,0.036));
#11868=CARTESIAN_POINT('',(-0.00255357554291892,0.0015838764225884,0.036));
#11869=CARTESIAN_POINT('',(-0.00212391425063157,0.00189727498902745,0.036));
#11870=CARTESIAN_POINT('',(-0.00256774343061288,0.00158357736502704,0.036));
#11871=CARTESIAN_POINT('',(-0.0020318997957303,0.0016775280842969,0.036));
#11872=CARTESIAN_POINT('',(-0.00407371672685967,0.00126697847582331,0.0360000000000002));
#11873=CARTESIAN_POINT('',(-0.0019958723133742,0.00141221354220357,0.036));
#11874=CARTESIAN_POINT('',(-0.00579562744526615,0.0011458210856126,0.035999999999998));
#11875=CARTESIAN_POINT('',(0.00626289929869017,0.00038359017177451,0.036));
#11876=CARTESIAN_POINT('',(0.00633991818808176,0.00056801430926296,0.036));
#11877=CARTESIAN_POINT('',(0.00618588040929858,0.000199166034286059,0.036));
#11878=CARTESIAN_POINT('',(0.00579085774613001,0.00116009702146079,0.036));
#11879=CARTESIAN_POINT('',(0.00539583508296144,0.00212102800863553,0.036));
#11880=CARTESIAN_POINT('',(0.00562328149069597,0.00212102800863553,0.036));
#11881=CARTESIAN_POINT('',(0.0058507278984305,0.00212102800863553,0.036));
#11882=CARTESIAN_POINT('',(0.0061214974314478,0.00140830242672665,0.036));
#11883=CARTESIAN_POINT('',(0.0063922669644651,0.000695576844817778,0.036));
#11884=CARTESIAN_POINT('',(0.00636609257627343,0.000631795577040369,0.036));
#11885=CARTESIAN_POINT('',(-0.0596566450267346,-0.0652116438004669,0.036));
#11886=CARTESIAN_POINT('',(-0.0597898978121521,-0.0652116438004669,0.036));
#11887=CARTESIAN_POINT('',(-0.0595233922413172,-0.0652116438004669,0.036));
#11888=CARTESIAN_POINT('',(-0.05949461091177,-0.0652922633257731,0.036));
#11889=CARTESIAN_POINT('',(-0.0594658295822228,-0.0653728828510793,0.036));
#11890=CARTESIAN_POINT('',(-0.0596556909495121,-0.0653728828510793,0.036));
#11891=CARTESIAN_POINT('',(-0.0598455523168013,-0.0653728828510793,0.036));
#11892=CARTESIAN_POINT('',(-0.0598177250644767,-0.0652922633257731,0.036));
#11893=CARTESIAN_POINT('',(-0.0586248105105369,-0.0645558747228279,0.036));
#11894=CARTESIAN_POINT('',(-0.0587321441980748,-0.0645558747228279,0.036));
#11895=CARTESIAN_POINT('',(-0.058517476822999,-0.0645558747228279,0.036));
#11896=CARTESIAN_POINT('',(-0.0585045967804945,-0.0646124833046997,0.036));
#11897=CARTESIAN_POINT('',(-0.0584917167379899,-0.0646690918865716,0.036));
#11898=CARTESIAN_POINT('',(-0.0584917167379899,-0.0651730036729532,0.036));
#11899=CARTESIAN_POINT('',(-0.0584917167379899,-0.0656769154593349,0.036));
#11900=CARTESIAN_POINT('',(-0.0586119304680324,-0.0656769154593349,0.036));
#11901=CARTESIAN_POINT('',(-0.0587321441980748,-0.0656769154593349,0.036));
#11902=CARTESIAN_POINT('',(-0.0587321441980748,-0.0651163950910814,0.036));
#11903=CARTESIAN_POINT('',(-0.0583637608321842,-0.0651359514016486,0.036));
#11904=CARTESIAN_POINT('',(-0.0580206205501671,-0.064580508291945,0.036));
#11905=CARTESIAN_POINT('',(-0.057897380125123,-0.0646790030812701,0.036));
#11906=CARTESIAN_POINT('',(-0.0580736179891274,-0.0648537228093929,0.036));
#11907=CARTESIAN_POINT('',(-0.0578446977629023,-0.0647576638786979,0.036));
#11908=CARTESIAN_POINT('',(-0.0582528530232736,-0.0649300795669163,0.036));
#11909=CARTESIAN_POINT('',(-0.0578168706744615,-0.0648510034365453,0.036));
#11910=CARTESIAN_POINT('',(-0.0584993832340573,-0.0649757886636737,0.0359999999999995));
#11911=CARTESIAN_POINT('',(-0.0578060532407108,-0.0649494315771335,0.036));
#11912=CARTESIAN_POINT('',(-0.0603494031967137,-0.065047975952425,0.0359999999999934));
#11913=CARTESIAN_POINT('',(-0.0578041450862656,-0.065046906466705,0.036));
#11914=CARTESIAN_POINT('',(-0.0578041450862656,-0.0656570388505315,0.036));
#11915=CARTESIAN_POINT('',(-0.0578041450862656,-0.0656769154593349,0.036));
#11916=CARTESIAN_POINT('',(-0.0579253128935306,-0.0656769154593349,0.036));
#11917=CARTESIAN_POINT('',(-0.0580464807007957,-0.0656769154593349,0.036));
#11918=CARTESIAN_POINT('',(-0.0580464807007957,-0.0653717697609864,0.036));
#11919=CARTESIAN_POINT('',(-0.0580464918163509,-0.0650666240367888,0.036));
#11920=CARTESIAN_POINT('',(-0.0593729732072599,-0.0650635393245571,0.036));
#11921=CARTESIAN_POINT('',(-0.0580525795629827,-0.0649375095999045,0.036));
#11922=CARTESIAN_POINT('',(-0.0583947726361321,-0.0649654733882432,0.036));
#11923=CARTESIAN_POINT('',(-0.0580803596767921,-0.0648281079930449,0.036));
#11924=CARTESIAN_POINT('',(-0.0582472989253987,-0.0648997869987627,0.036));
#11925=CARTESIAN_POINT('',(-0.0581398454870733,-0.0647532751279563,0.036));
#11926=CARTESIAN_POINT('',(-0.0582337805486066,-0.0649089266705479,0.036));
#11927=CARTESIAN_POINT('',(-0.0582452314778767,-0.0647268460829208,0.036));
#11928=CARTESIAN_POINT('',(-0.0582299340048626,-0.0651501378485162,0.036));
#11929=CARTESIAN_POINT('',(-0.0583198101626113,-0.0647357810248261,0.036));
#11930=CARTESIAN_POINT('',(-0.0582408735891996,-0.0651405074103631,0.0360000000000001));
#11931=CARTESIAN_POINT('',(-0.0584103021483315,-0.0647644996088275,0.036));
#11932=CARTESIAN_POINT('',(-0.0584103021483315,-0.0646880144181523,0.036));
#11933=CARTESIAN_POINT('',(-0.0584103021483315,-0.0646114870532917,0.036));
#11934=CARTESIAN_POINT('',(-0.0580763192670689,-0.0652594239983761,0.036));
#11935=CARTESIAN_POINT('',(-0.0582938914079727,-0.0645637069121984,0.036));
#11936=CARTESIAN_POINT('',(-0.0581683359334506,-0.0649467221276884,0.036));
#11937=CARTESIAN_POINT('',(-0.0581717725494905,-0.0645439620780483,0.036));
#11938=CARTESIAN_POINT('',(-0.0581612297881772,-0.0648347963016204,0.036));
#11939=CARTESIAN_POINT('',(-0.0572374232160655,-0.0648610204211764,0.036));
#11940=CARTESIAN_POINT('',(-0.0572374232160655,-0.0645558747228279,0.036));
#11941=CARTESIAN_POINT('',(-0.0572374062142916,-0.0651661661787132,0.036));
#11942=CARTESIAN_POINT('',(-0.0559181161516748,-0.0651707590278967,0.036));
#11943=CARTESIAN_POINT('',(-0.0572313249538755,-0.0652962344641354,0.036));
#11944=CARTESIAN_POINT('',(-0.0568774762718211,-0.0652673542068269,0.036));
#11945=CARTESIAN_POINT('',(-0.0572055079177711,-0.065402636936513,0.036));
#11946=CARTESIAN_POINT('',(-0.0570479304863913,-0.0653358265367707,0.036));
#11947=CARTESIAN_POINT('',(-0.057145945626687,-0.0654762768104345,0.036));
#11948=CARTESIAN_POINT('',(-0.0570503468583007,-0.0653219744187175,0.036));
#11949=CARTESIAN_POINT('',(-0.0570405751161961,-0.0655037617527518,0.036));
#11950=CARTESIAN_POINT('',(-0.0570596099066759,-0.0650026220773581,0.036));
#11951=CARTESIAN_POINT('',(-0.0569671127820989,-0.0654958968979918,0.036));
#11952=CARTESIAN_POINT('',(-0.0570372956605011,-0.0650703552644347,0.036));
#11953=CARTESIAN_POINT('',(-0.0568755099229747,-0.0654701987277804,0.036));
#11954=CARTESIAN_POINT('',(-0.0568755099229747,-0.0655436626739174,0.036));
#11955=CARTESIAN_POINT('',(-0.0568755099229747,-0.0656171672051621,0.036));
#11956=CARTESIAN_POINT('',(-0.0572286471958274,-0.0649566333961403,0.036));
#11957=CARTESIAN_POINT('',(-0.0569879429551315,-0.065665912520946,0.036));
#11958=CARTESIAN_POINT('',(-0.0571104348534495,-0.0653184109065852,0.036));
#11959=CARTESIAN_POINT('',(-0.0571083053183046,-0.0656867594549081,0.036));
#11960=CARTESIAN_POINT('',(-0.0571131936145373,-0.0653123906164672,0.036));
#11961=CARTESIAN_POINT('',(-0.0571937028071758,-0.0656779070374861,0.036));
#11962=CARTESIAN_POINT('',(-0.057134829379579,-0.0654255737031161,0.036));
#11963=CARTESIAN_POINT('',(-0.0572641373782972,-0.0656500422842328,0.036));
#11964=CARTESIAN_POINT('',(-0.0570104135789402,-0.0652111478489851,0.0359999999999996));
#11965=CARTESIAN_POINT('',(-0.0573267940620826,-0.0656072747828813,0.036));
#11966=CARTESIAN_POINT('',(-0.0568758292113714,-0.0650459928628955,0.036));
#11967=CARTESIAN_POINT('',(-0.0573865753638755,-0.0655535195880275,0.036));
#11968=CARTESIAN_POINT('',(-0.057203900568341,-0.0653712655800108,0.036));
#11969=CARTESIAN_POINT('',(-0.0574401547860254,-0.065475123809998,0.036));
#11970=CARTESIAN_POINT('',(-0.0570645956360407,-0.0653082183620705,0.0360000000000001));
#11971=CARTESIAN_POINT('',(-0.0574689459554065,-0.0653817875718232,0.036));
#11972=CARTESIAN_POINT('',(-0.056867853248508,-0.065271872974428,0.0359999999999996));
#11973=CARTESIAN_POINT('',(-0.0574788774366897,-0.0652833589842713,0.036));
#11974=CARTESIAN_POINT('',(-0.0578089720061174,-0.0316175895882165,0.036));
#11975=CARTESIAN_POINT('',(-0.0574798329092251,-0.0651858844416396,0.036));
#11976=CARTESIAN_POINT('',(-0.0574797588305955,-0.0648708792191428,0.036));
#11977=CARTESIAN_POINT('',(-0.0574797588305955,-0.0645558747228279,0.036));
#11978=CARTESIAN_POINT('',(-0.0573585910233305,-0.0645558747228279,0.036));
#11979=CARTESIAN_POINT('',(-0.0566729275260514,-0.0645558747228279,0.036));
#11980=CARTESIAN_POINT('',(-0.0567940953333164,-0.0645558747228279,0.036));
#11981=CARTESIAN_POINT('',(-0.0565517597187863,-0.0645558747228279,0.036));
#11982=CARTESIAN_POINT('',(-0.0565517597187863,-0.0651163950910814,0.036));
#11983=CARTESIAN_POINT('',(-0.0565517597187863,-0.0656769154593349,0.036));
#11984=CARTESIAN_POINT('',(-0.0566600474835468,-0.0656769154593349,0.036));
#11985=CARTESIAN_POINT('',(-0.0567683352483073,-0.0656769154593349,0.036));
#11986=CARTESIAN_POINT('',(-0.0567812152908118,-0.06561919378737,0.036));
#11987=CARTESIAN_POINT('',(-0.0567940953333164,-0.0655614721154052,0.036));
#11988=CARTESIAN_POINT('',(-0.0567940953333164,-0.0650586734191165,0.036));
#11989=CARTESIAN_POINT('',(-0.0561063646687217,-0.0645558747228279,0.036));
#11990=CARTESIAN_POINT('',(-0.0562136983562596,-0.0645558747228279,0.036));
#11991=CARTESIAN_POINT('',(-0.0559990309811838,-0.0645558747228279,0.036));
#11992=CARTESIAN_POINT('',(-0.0559861509386792,-0.0646134373819223,0.036));
#11993=CARTESIAN_POINT('',(-0.0559732708961747,-0.0646710000410167,0.036));
#11994=CARTESIAN_POINT('',(-0.0559732708961747,-0.0654800575257468,0.036));
#11995=CARTESIAN_POINT('',(-0.0559732708961747,-0.0656769154593349,0.036));
#11996=CARTESIAN_POINT('',(-0.0560934846262171,-0.0656769154593349,0.036));
#11997=CARTESIAN_POINT('',(-0.0562136983562596,-0.0656769154593349,0.036));
#11998=CARTESIAN_POINT('',(-0.0562136983562596,-0.0651163950910814,0.036));
#11999=CARTESIAN_POINT('',(-0.0558918563065163,-0.0647069369497331,0.036));
#12000=CARTESIAN_POINT('',(-0.0558918563065163,-0.0648083620962168,0.036));
#12001=CARTESIAN_POINT('',(-0.0558918563065163,-0.0646052764287439,0.036));
#12002=CARTESIAN_POINT('',(-0.0556897393897348,-0.0649866104052319,0.036));
#12003=CARTESIAN_POINT('',(-0.0557726167737463,-0.06456274022922,0.036));
#12004=CARTESIAN_POINT('',(-0.0556062721759163,-0.0655160071082423,0.036));
#12005=CARTESIAN_POINT('',(-0.0555836893636297,-0.0645482888876572,0.036));
#12006=CARTESIAN_POINT('',(-0.0555836893636297,-0.0646730672083322,0.036));
#12007=CARTESIAN_POINT('',(-0.0555836893636297,-0.0647979613658738,0.036));
#12008=CARTESIAN_POINT('',(-0.0557209254738121,-0.065332143061101,0.036));
#12009=CARTESIAN_POINT('',(-0.0557188507177476,-0.0647805053747377,0.036));
#12010=CARTESIAN_POINT('',(-0.0557182293789355,-0.0653523684289393,0.0359999999999996));
#12011=CARTESIAN_POINT('',(-0.0558074186444666,-0.0647874095044317,0.036));
#12012=CARTESIAN_POINT('',(-0.0557356842477723,-0.0652573866995455,0.036));
#12013=CARTESIAN_POINT('',(-0.0549326732733358,-0.065329802054558,0.036));
#12014=CARTESIAN_POINT('',(-0.0551077286387795,-0.0652344794847504,0.036));
#12015=CARTESIAN_POINT('',(-0.0551324108373592,-0.0653388540968081,0.036));
#12016=CARTESIAN_POINT('',(-0.0551324108373592,-0.0653388540968081,0.036));
#12017=CARTESIAN_POINT('',(-0.0551324108373592,-0.0654285373557286,0.036));
#12018=CARTESIAN_POINT('',(-0.0550956788642907,-0.0654722658950959,0.036));
#12019=CARTESIAN_POINT('',(-0.0550956788642907,-0.0654722658950959,0.036));
#12020=CARTESIAN_POINT('',(-0.0549804687108021,-0.0653677230167644,0.036));
#12021=CARTESIAN_POINT('',(-0.0549892992539753,-0.0655234439063892,0.036));
#12022=CARTESIAN_POINT('',(-0.0549892992539753,-0.0656044055904204,0.036));
#12023=CARTESIAN_POINT('',(-0.0549892992539753,-0.0656853142108246,0.036));
#12024=CARTESIAN_POINT('',(-0.0550006226441694,-0.0656861214676227,0.036));
#12025=CARTESIAN_POINT('',(-0.0550150454570373,-0.0656869433805116,0.036));
#12026=CARTESIAN_POINT('',(-0.0550169692852325,-0.0652139338795372,0.036));
#12027=CARTESIAN_POINT('',(-0.0551452864793375,-0.065668948303231,0.036));
#12028=CARTESIAN_POINT('',(-0.0550661398615239,-0.06538264229724,0.036));
#12029=CARTESIAN_POINT('',(-0.0552555440509893,-0.0656114679700271,0.036));
#12030=CARTESIAN_POINT('',(-0.0550827048503915,-0.065411036106159,0.036));
#12031=CARTESIAN_POINT('',(-0.0553301639451313,-0.0655060100607427,0.036));
#12032=CARTESIAN_POINT('',(-0.0549266372752285,-0.0653580371348962,0.036));
#12033=CARTESIAN_POINT('',(-0.0553565681272776,-0.0653455988184287,0.036));
#12034=CARTESIAN_POINT('',(-0.0550477259477439,-0.0653358767955815,0.036));
#12035=CARTESIAN_POINT('',(-0.055318242590667,-0.0651869401386683,0.036));
#12036=CARTESIAN_POINT('',(-0.0550200378731627,-0.0653576137976663,0.036));
#12037=CARTESIAN_POINT('',(-0.0552187789029475,-0.065077561324862,0.036));
#12038=CARTESIAN_POINT('',(-0.054972546390158,-0.0654315511122242,0.036));
#12039=CARTESIAN_POINT('',(-0.0550807192079485,-0.0650140385203573,0.036));
#12040=CARTESIAN_POINT('',(-0.0549237481157916,-0.065594657024598,0.036));
#12041=CARTESIAN_POINT('',(-0.0549237859514861,-0.0649931581054407,0.036));
#12042=CARTESIAN_POINT('',(-0.0548800574119923,-0.0649931601165008,0.036));
#12043=CARTESIAN_POINT('',(-0.054836328872625,-0.0649931601165008,0.036));
#12044=CARTESIAN_POINT('',(-0.054836328872625,-0.0650637618309702,0.036));
#12045=CARTESIAN_POINT('',(-0.054836328872625,-0.0651343635454396,0.036));
#12046=CARTESIAN_POINT('',(-0.0548581136358735,-0.0651343635454396,0.036));
#12047=CARTESIAN_POINT('',(-0.0548798985074093,-0.0651343455454816,0.036));
#12048=CARTESIAN_POINT('',(-0.0548770854665879,-0.0656019402137555,0.036));
#12049=CARTESIAN_POINT('',(-0.0549633769396435,-0.0651423317174964,0.036));
#12050=CARTESIAN_POINT('',(-0.0549189228716651,-0.0653912287975231,0.036));
#12051=CARTESIAN_POINT('',(-0.0550449728834048,-0.065172017365404,0.036));
#12052=CARTESIAN_POINT('',(-0.0549557858885167,-0.0653235995573045,0.036));
#12053=CARTESIAN_POINT('',(-0.0524608356013232,-0.0649950682709459,0.036));
#12054=CARTESIAN_POINT('',(-0.0527767941748607,-0.0649950682709459,0.036));
#12055=CARTESIAN_POINT('',(-0.0521448770277857,-0.0649950682709459,0.036));
#12056=CARTESIAN_POINT('',(-0.0521448770277857,-0.0650954053921851,0.036));
#12057=CARTESIAN_POINT('',(-0.0521448770277857,-0.0651957425134242,0.036));
#12058=CARTESIAN_POINT('',(-0.0524608356013232,-0.0651957425134242,0.036));
#12059=CARTESIAN_POINT('',(-0.0527767941748607,-0.0651957425134242,0.036));
#12060=CARTESIAN_POINT('',(-0.0527767941748607,-0.0650954053921851,0.036));
#12061=CARTESIAN_POINT('',(-0.0532718012404985,-0.0645558747228279,0.036));
#12062=CARTESIAN_POINT('',(-0.0533791349280364,-0.0645558747228279,0.036));
#12063=CARTESIAN_POINT('',(-0.0531644675529606,-0.0645558747228279,0.036));
#12064=CARTESIAN_POINT('',(-0.0531655806430535,-0.0651163950910814,0.036));
#12065=CARTESIAN_POINT('',(-0.0531669050702098,-0.0656769070808357,0.036));
#12066=CARTESIAN_POINT('',(-0.0537360998761486,-0.0656543412415721,0.036));
#12067=CARTESIAN_POINT('',(-0.0532152384400394,-0.0658836798297261,0.036));
#12068=CARTESIAN_POINT('',(-0.0536069690859093,-0.0657045614176018,0.036));
#12069=CARTESIAN_POINT('',(-0.0533196077658756,-0.0660248987624845,0.036));
#12070=CARTESIAN_POINT('',(-0.0535682646386238,-0.0657403120104561,0.036));
#12071=CARTESIAN_POINT('',(-0.0534667462261176,-0.0661043595291607,0.036));
#12072=CARTESIAN_POINT('',(-0.0536404061537152,-0.06547912855502,0.036));
#12073=CARTESIAN_POINT('',(-0.0536456400532373,-0.0661281632388434,0.036));
#12074=CARTESIAN_POINT('',(-0.0536443215946678,-0.0654817282065895,0.036));
#12075=CARTESIAN_POINT('',(-0.0538652260219018,-0.0660893634847936,0.036));
#12076=CARTESIAN_POINT('',(-0.0537346732621481,-0.06571964901468,0.036));
#12077=CARTESIAN_POINT('',(-0.0540450258678626,-0.0659592679845426,0.036));
#12078=CARTESIAN_POINT('',(-0.0539755922050063,-0.0658906287571881,0.036));
#12079=CARTESIAN_POINT('',(-0.0539060730898362,-0.0658219099127486,0.036));
#12080=CARTESIAN_POINT('',(-0.053752349244009,-0.0657330643822012,0.036));
#12081=CARTESIAN_POINT('',(-0.0538552165875533,-0.0658777448230988,0.036));
#12082=CARTESIAN_POINT('',(-0.0536974242278238,-0.0656574126859415,0.036));
#12083=CARTESIAN_POINT('',(-0.0537916172102721,-0.065911467165746,0.036));
#12084=CARTESIAN_POINT('',(-0.053674790826642,-0.0655937298908383,0.036));
#12085=CARTESIAN_POINT('',(-0.0537260985366622,-0.065928300157609,0.036));
#12086=CARTESIAN_POINT('',(-0.0536627013601821,-0.0655329615965343,0.036));
#12087=CARTESIAN_POINT('',(-0.0536675534342471,-0.065932781198678,0.036));
#12088=CARTESIAN_POINT('',(-0.053651116187021,-0.0656756286197361,0.036));
#12089=CARTESIAN_POINT('',(-0.0534747016631627,-0.0658616884147705,0.036));
#12090=CARTESIAN_POINT('',(-0.0534747016631627,-0.0658616884147705,0.036));
#12091=CARTESIAN_POINT('',(-0.0534052130387863,-0.0657901326230785,0.036));
#12092=CARTESIAN_POINT('',(-0.0534052130387863,-0.0656171266200545,0.036));
#12093=CARTESIAN_POINT('',(-0.0534052130387863,-0.0656171266200545,0.036));
#12094=CARTESIAN_POINT('',(-0.0534052130387863,-0.065143109253313,0.036));
#12095=CARTESIAN_POINT('',(-0.0534052130387863,-0.0646690918865716,0.036));
#12096=CARTESIAN_POINT('',(-0.0533921739834113,-0.0646124833046997,0.036));
#12097=CARTESIAN_POINT('',(-0.0537234830483502,-0.0651917154127539,0.036));
#12098=CARTESIAN_POINT('',(-0.0535958718951065,-0.06566990911685,0.036));
#12099=CARTESIAN_POINT('',(-0.0537270614256332,-0.0656865895281049,0.036));
#12100=CARTESIAN_POINT('',(-0.0537368046569317,-0.065306253231049,0.036));
#12101=CARTESIAN_POINT('',(-0.0539219206659918,-0.0656382529985025,0.036));
#12102=CARTESIAN_POINT('',(-0.0537068922033366,-0.0652692943412949,0.036));
#12103=CARTESIAN_POINT('',(-0.0540610140014512,-0.06550790588146,0.036));
#12104=CARTESIAN_POINT('',(-0.0535871703273272,-0.0651907013064682,0.036));
#12105=CARTESIAN_POINT('',(-0.0541425125251499,-0.0653210348801019,0.036));
#12106=CARTESIAN_POINT('',(-0.053248144414561,-0.0651047371856161,0.036));
#12107=CARTESIAN_POINT('',(-0.0541681520133648,-0.0651003207333076,0.036));
#12108=CARTESIAN_POINT('',(-0.0534664319430461,-0.0650784248412538,0.036));
#12109=CARTESIAN_POINT('',(-0.0541258656173202,-0.0648399738845315,0.036));
#12110=CARTESIAN_POINT('',(-0.0536472320080669,-0.06502177256917,0.036));
#12111=CARTESIAN_POINT('',(-0.0540163632411309,-0.0646680782601563,0.036));
#12112=CARTESIAN_POINT('',(-0.0537419193343553,-0.0649358930117842,0.036));
#12113=CARTESIAN_POINT('',(-0.0538671467844757,-0.0645738388208488,0.036));
#12114=CARTESIAN_POINT('',(-0.0537010650236291,-0.0650513902464583,0.036));
#12115=CARTESIAN_POINT('',(-0.05370511163348,-0.0645459873777622,0.036));
#12116=CARTESIAN_POINT('',(-0.0537026081220099,-0.0650297274390663,0.036));
#12117=CARTESIAN_POINT('',(-0.0535880796959047,-0.06455985814678,0.036));
#12118=CARTESIAN_POINT('',(-0.0536830360984234,-0.0649540547865211,0.036));
#12119=CARTESIAN_POINT('',(-0.0534866276284447,-0.0645993831320468,0.036));
#12120=CARTESIAN_POINT('',(-0.0534866276284447,-0.0647048697824175,0.036));
#12121=CARTESIAN_POINT('',(-0.0534866276284447,-0.0648102953155103,0.036));
#12122=CARTESIAN_POINT('',(-0.0536747338180104,-0.0649762925729449,0.0359999999999999));
#12123=CARTESIAN_POINT('',(-0.0535612015874007,-0.0647525676010035,0.036));
#12124=CARTESIAN_POINT('',(-0.0536519730484793,-0.0649313303533234,0.036));
#12125=CARTESIAN_POINT('',(-0.0536535914628708,-0.0647308239231985,0.036));
#12126=CARTESIAN_POINT('',(-0.0536557664156489,-0.0649291943285715,0.036));
#12127=CARTESIAN_POINT('',(-0.0537618958605482,-0.0647616109642998,0.036));
#12128=CARTESIAN_POINT('',(-0.0536157184732515,-0.0649898401648883,0.036));
#12129=CARTESIAN_POINT('',(-0.0538444293818948,-0.0648441509845923,0.036));
#12130=CARTESIAN_POINT('',(-0.0535003630647313,-0.065061566350079,0.036));
#12131=CARTESIAN_POINT('',(-0.0538960464711488,-0.0649653419987113,0.036));
#12132=CARTESIAN_POINT('',(-0.0533282491357865,-0.0651088405564947,0.036));
#12133=CARTESIAN_POINT('',(-0.0539140171757432,-0.0651124199246634,0.036));
#12134=CARTESIAN_POINT('',(-0.0533359742563125,-0.0651163468898578,0.036));
#12135=CARTESIAN_POINT('',(-0.053895090582179,-0.0652625182845407,0.036));
#12136=CARTESIAN_POINT('',(-0.0535017908050274,-0.065163606470447,0.036));
#12137=CARTESIAN_POINT('',(-0.053841408749185,-0.0653848237387272,0.036));
#12138=CARTESIAN_POINT('',(-0.0536057014176614,-0.0652300200916451,0.036));
#12139=CARTESIAN_POINT('',(-0.0537579242005411,-0.0654672098601317,0.036));
#12140=CARTESIAN_POINT('',(-0.0536519277419191,-0.0652989128459799,0.036));
#12141=CARTESIAN_POINT('',(-0.053649456067624,-0.0654978111247413,0.036));
#12142=CARTESIAN_POINT('',(-0.0536461450464141,-0.0653081473411531,0.036));
#12143=CARTESIAN_POINT('',(-0.0535600712405339,-0.0654770755448583,0.036));
#12144=CARTESIAN_POINT('',(-0.0537014319981848,-0.0652103148924222,0.036));
#12145=CARTESIAN_POINT('',(-0.0534866276284447,-0.0654224948666524,0.036));
#12146=CARTESIAN_POINT('',(-0.0534866276284447,-0.0655258532324297,0.036));
#12147=CARTESIAN_POINT('',(-0.0534866276284447,-0.0656293104175512,0.036));
#12148=CARTESIAN_POINT('',(-0.0537485783920401,-0.0650906198601683,0.036));
#12149=CARTESIAN_POINT('',(-0.0545141687971409,-0.065336945942363,0.036));
#12150=CARTESIAN_POINT('',(-0.0545141687971409,-0.065070758397269,0.036));
#12151=CARTESIAN_POINT('',(-0.0545142778835443,-0.0653449011089372,0.036));
#12152=CARTESIAN_POINT('',(-0.0558583000944301,-0.0329325834650554,0.036));
#12153=CARTESIAN_POINT('',(-0.0545123546589475,-0.0653916497713735,0.036));
#12154=CARTESIAN_POINT('',(-0.0540120383591173,-0.0653600002906611,0.0360000000000003));
#12155=CARTESIAN_POINT('',(-0.0545042889716043,-0.0654542937046266,0.036));
#12156=CARTESIAN_POINT('',(-0.0542876315448076,-0.0654152822128448,0.036));
#12157=CARTESIAN_POINT('',(-0.0544853086374088,-0.0655118301595495,0.036));
#12158=CARTESIAN_POINT('',(-0.0544265001269175,-0.0654865879968114,0.036));
#12159=CARTESIAN_POINT('',(-0.0544506365276448,-0.0655457235091856,0.036));
#12160=CARTESIAN_POINT('',(-0.0544823662230556,-0.0656121972210713,0.036));
#12161=CARTESIAN_POINT('',(-0.0545142124238878,-0.0656789150118147,0.036));
#12162=CARTESIAN_POINT('',(-0.0545108865211157,-0.0655346096688846,0.036));
#12163=CARTESIAN_POINT('',(-0.0545688577926466,-0.0656668725941201,0.036));
#12164=CARTESIAN_POINT('',(-0.0544826597858311,-0.0654622984591066,0.036));
#12165=CARTESIAN_POINT('',(-0.0546245106960898,-0.0656331710098924,0.036));
#12166=CARTESIAN_POINT('',(-0.054471198990286,-0.0654434637106519,0.036));
#12167=CARTESIAN_POINT('',(-0.0546701680877699,-0.0655845344126283,0.036));
#12168=CARTESIAN_POINT('',(-0.0544995420418513,-0.0654644414123965,0.0359999999999999));
#12169=CARTESIAN_POINT('',(-0.0546989417525765,-0.0655258532324297,0.036));
#12170=CARTESIAN_POINT('',(-0.054879440016591,-0.0654423966525328,0.036));
#12171=CARTESIAN_POINT('',(-0.0547777561960904,-0.0656140874409986,0.036));
#12172=CARTESIAN_POINT('',(-0.0550060612001117,-0.0652661720669228,0.036));
#12173=CARTESIAN_POINT('',(-0.054907884664317,-0.0656708147404903,0.036));
#12174=CARTESIAN_POINT('',(-0.054907884664317,-0.065595341856806,0.036));
#12175=CARTESIAN_POINT('',(-0.054907884664317,-0.0655197925244643,0.036));
#12176=CARTESIAN_POINT('',(-0.0549510132075178,-0.0653070273186712,0.036));
#12177=CARTESIAN_POINT('',(-0.0548213824338416,-0.0654811695800512,0.036));
#12178=CARTESIAN_POINT('',(-0.0549997201406728,-0.0652405759736408,0.0359999999999999));
#12179=CARTESIAN_POINT('',(-0.0547545962572258,-0.065412636068686,0.036));
#12180=CARTESIAN_POINT('',(-0.0547545962572258,-0.0652028980925934,0.036));
#12181=CARTESIAN_POINT('',(-0.0547547158088721,-0.0649931578817306,0.036));
#12182=CARTESIAN_POINT('',(-0.0557289114918702,-0.0649749473129563,0.036));
#12183=CARTESIAN_POINT('',(-0.0547647126204958,-0.0648381241752459,0.036));
#12184=CARTESIAN_POINT('',(-0.0549397173447357,-0.064856990420941,0.036));
#12185=CARTESIAN_POINT('',(-0.0547982739596443,-0.0647533769309123,0.036));
#12186=CARTESIAN_POINT('',(-0.0548762936484833,-0.064820961448784,0.036));
#12187=CARTESIAN_POINT('',(-0.0548571520068004,-0.0647197720613424,0.036));
#12188=CARTESIAN_POINT('',(-0.0549333802749335,-0.0651509504213485,0.036));
#12189=CARTESIAN_POINT('',(-0.0549396870068203,-0.0647130262086472,0.036));
#12190=CARTESIAN_POINT('',(-0.0549417344823569,-0.0650186825578611,0.036));
#12191=CARTESIAN_POINT('',(-0.0550220570298785,-0.0647237881128757,0.036));
#12192=CARTESIAN_POINT('',(-0.0548933472135563,-0.0651946522532214,0.036));
#12193=CARTESIAN_POINT('',(-0.0550936085516338,-0.0647495596820189,0.036));
#12194=CARTESIAN_POINT('',(-0.0549569033936861,-0.0650563404258034,0.036));
#12195=CARTESIAN_POINT('',(-0.0551512264508848,-0.0647823996614788,0.036));
#12196=CARTESIAN_POINT('',(-0.0125739150040643,-0.0327062740247029,0.036));
#12197=CARTESIAN_POINT('',(-0.0551881747585031,-0.0648101274916342,0.036));
#12198=CARTESIAN_POINT('',(-0.0552327479585983,-0.0647417607683565,0.036));
#12199=CARTESIAN_POINT('',(-0.0552775575629219,-0.0646730314464225,0.036));
#12200=CARTESIAN_POINT('',(-0.0551006176288504,-0.0648482125518247,0.036));
#12201=CARTESIAN_POINT('',(-0.0552179318481867,-0.0646284394058192,0.036));
#12202=CARTESIAN_POINT('',(-0.0549586861863217,-0.065089541792453,0.036));
#12203=CARTESIAN_POINT('',(-0.0551265238619659,-0.0645876881403717,0.036));
#12204=CARTESIAN_POINT('',(-0.0548828256883654,-0.0653080619791804,0.036));
#12205=CARTESIAN_POINT('',(-0.0550141038371718,-0.0645589043672008,0.036));
#12206=CARTESIAN_POINT('',(-0.0548901293073472,-0.0652573246093028,0.036));
#12207=CARTESIAN_POINT('',(-0.0548878490539285,-0.0645479387677598,0.036));
#12208=CARTESIAN_POINT('',(-0.0548868393582268,-0.0651117369649376,0.036));
#12209=CARTESIAN_POINT('',(-0.0547716150834759,-0.0645598726829294,0.036));
#12210=CARTESIAN_POINT('',(-0.0548377910362785,-0.0648870566965115,0.036));
#12211=CARTESIAN_POINT('',(-0.0546682365829378,-0.0645995772701728,0.036));
#12212=CARTESIAN_POINT('',(-0.0548138647134234,-0.0648397789462447,0.036));
#12213=CARTESIAN_POINT('',(-0.0545867730344866,-0.0646741363624082,0.036));
#12214=CARTESIAN_POINT('',(-0.0548213529593078,-0.0648399370090842,0.036));
#12215=CARTESIAN_POINT('',(-0.0545381400358314,-0.0647902806240216,0.036));
#12216=CARTESIAN_POINT('',(-0.0556173148260455,-0.0650072710803377,0.0360000000000002));
#12217=CARTESIAN_POINT('',(-0.0545190981961241,-0.0649305090455528,0.036));
#12218=CARTESIAN_POINT('',(-0.0565274075038121,-0.0650713071842481,0.035999999999998));
#12219=CARTESIAN_POINT('',(-0.00617306816921605,0.00188776462588199,0.036));
#12220=CARTESIAN_POINT('',(-0.00592630015751436,0.00152120573074365,0.036));
#12221=CARTESIAN_POINT('',(-0.00606600435022452,0.00145920906466714,0.036));
#12222=CARTESIAN_POINT('',(-0.00616449116546922,0.000819373821861002,0.036));
#12223=CARTESIAN_POINT('',(-0.00588294389961345,0.00140253818599025,0.036));
#12224=CARTESIAN_POINT('',(-0.00616057921546489,0.000814350359706125,0.036));
#12225=CARTESIAN_POINT('',(-0.00570059482934472,0.00127472932321599,0.036));
#12226=CARTESIAN_POINT('',(-0.00619615604846438,0.000778121581887763,0.036));
#12227=CARTESIAN_POINT('',(-0.00555939142243486,0.00107379875275597,0.036));
#12228=CARTESIAN_POINT('',(-0.00613001045554328,0.00081529239203254,0.036));
#12229=CARTESIAN_POINT('',(-0.0055032810916279,0.000800865474755344,0.036));
#12230=CARTESIAN_POINT('',(-0.00634436029308992,0.000778049433395219,0.036));
#12231=CARTESIAN_POINT('',(-0.00555935202966921,0.000477703340975775,0.036));
#12232=CARTESIAN_POINT('',(-0.00623477777835113,0.000744559516950009,0.036));
#12233=CARTESIAN_POINT('',(-0.00570051941316391,0.000253848147941439,0.036));
#12234=CARTESIAN_POINT('',(-0.00620202716043824,0.00072387455436285,0.036));
#12235=CARTESIAN_POINT('',(-0.00588472116631693,0.000114619286534395,0.036));
#12236=CARTESIAN_POINT('',(-0.00637552575461516,0.00105648390182104,0.036));
#12237=CARTESIAN_POINT('',(-0.00607667870339524,3.76337443954055E-5,0.036));
#12238=CARTESIAN_POINT('',(-0.00632643218457747,0.000872565075344881,0.036));
#12239=CARTESIAN_POINT('',(-0.00624032324524201,5.52740649031009E-6,0.036));
#12240=CARTESIAN_POINT('',(-0.00629506703590215,1.95555773845728E-6,0.036));
#12241=CARTESIAN_POINT('',(-0.00633448798147092,-2.39761724651606E-7,0.036));
#12242=CARTESIAN_POINT('',(-0.00655262269901868,0.,0.036));
#12243=CARTESIAN_POINT('',(-0.00677074260061595,0.,0.036));
#12244=CARTESIAN_POINT('',(-0.00677074260061595,0.00016547027017724,0.036));
#12245=CARTESIAN_POINT('',(-0.00677074260061595,0.000330940540354479,0.036));
#12246=CARTESIAN_POINT('',(-0.00656555946559618,0.000330940540354479,0.036));
#12247=CARTESIAN_POINT('',(-0.0063603763305764,0.000330940540354479,0.036));
#12248=CARTESIAN_POINT('',(-0.0063603763305764,0.000330940540354479,0.036));
#12249=CARTESIAN_POINT('',(-0.00616121029629034,0.000330940540354479,0.036));
#12250=CARTESIAN_POINT('',(-0.00604838965753313,0.000458803930945982,0.036));
#12251=CARTESIAN_POINT('',(-0.00604838965753313,0.000458803930945982,0.036));
#12252=CARTESIAN_POINT('',(-0.00604838965753313,0.000458803930945982,0.036));
#12253=CARTESIAN_POINT('',(-0.00593556901877592,0.000586667321537486,0.036));
#12254=CARTESIAN_POINT('',(-0.00593556901877592,0.000800876107657839,0.036));
#12255=CARTESIAN_POINT('',(-0.00593556901877592,0.000800876107657839,0.036));
#12256=CARTESIAN_POINT('',(-0.0064502028612733,0.000818584080944998,0.036));
#12257=CARTESIAN_POINT('',(-0.00605230077301005,0.00114324913940638,0.036));
#12258=CARTESIAN_POINT('',(-0.00605230077301005,0.00114324913940638,0.036));
#12259=CARTESIAN_POINT('',(-0.00616903252724417,0.00128224416635526,0.036));
#12260=CARTESIAN_POINT('',(-0.00639467380475859,0.00128224416635526,0.036));
#12261=CARTESIAN_POINT('',(-0.00639467380475859,0.00128224416635526,0.036));
#12262=CARTESIAN_POINT('',(-0.00658270820268727,0.00128224416635526,0.036));
#12263=CARTESIAN_POINT('',(-0.00677074260061595,0.00128224416635526,0.036));
#12264=CARTESIAN_POINT('',(-0.00677074260061595,0.00143477766995501,0.036));
#12265=CARTESIAN_POINT('',(-0.00677074260061595,0.00158731117355476,0.036));
#12266=CARTESIAN_POINT('',(-0.00668048608961019,0.00158731117355476,0.036));
#12267=CARTESIAN_POINT('',(-0.00659022957860442,0.00158731117355476,0.036));
#12268=CARTESIAN_POINT('',(-0.00659194595125726,0.00564304779254222,0.0359999999999944));
#12269=CARTESIAN_POINT('',(-0.0064208492511713,0.00159095090278689,0.036));
#12270=CARTESIAN_POINT('',(-0.00643497645186782,0.00198435787843665,0.036));
#12271=CARTESIAN_POINT('',(-0.00625917770771571,0.00163193902599958,0.036));
#12272=CARTESIAN_POINT('',(-0.00639401634815898,0.00188152768838412,0.036));
#12273=CARTESIAN_POINT('',(-0.00613684103831878,0.00176000196461245,0.036));
#12274=CARTESIAN_POINT('',(-0.00613684103831878,0.00176000196461245,0.036));
#12275=CARTESIAN_POINT('',(-0.0060896067975591,0.00185025847561823,0.036));
#12276=CARTESIAN_POINT('',(-0.0060896067975591,0.0020193390062357,0.036));
#12277=CARTESIAN_POINT('',(-0.0060896067975591,0.0020193390062357,0.036));
#12278=CARTESIAN_POINT('',(-0.00665524051278997,0.00201481662929943,0.036));
#12279=CARTESIAN_POINT('',(-0.00610854348736557,0.00216074551269198,0.036));
#12280=CARTESIAN_POINT('',(-0.00640399490684966,0.00208169896093708,0.036));
#12281=CARTESIAN_POINT('',(-0.00618362433242802,0.00229448459816848,0.036));
#12282=CARTESIAN_POINT('',(-0.00646678540113257,0.00200409050321125,0.036));
#12283=CARTESIAN_POINT('',(-0.00634528814956294,0.00239226223083704,0.036));
#12284=CARTESIAN_POINT('',(-0.00659356681865683,0.00156415793015431,0.036));
#12285=CARTESIAN_POINT('',(-0.00662391130681643,0.00242930510091729,0.036));
#12286=CARTESIAN_POINT('',(-0.0066973339716646,0.00242970527627525,0.036));
#12287=CARTESIAN_POINT('',(-0.00677074260061595,0.00242970527627525,0.036));
#12288=CARTESIAN_POINT('',(-0.00677074260061595,0.00260059093711284,0.036));
#12289=CARTESIAN_POINT('',(-0.00677074260061595,0.00277147659795042,0.036));
#12290=CARTESIAN_POINT('',(-0.00667476984391316,0.00277147659795042,0.036));
#12291=CARTESIAN_POINT('',(-0.00657879697595703,0.00277144034595575,0.036));
#12292=CARTESIAN_POINT('',(-0.00657446638197894,0.00136031255857286,0.036));
#12293=CARTESIAN_POINT('',(-0.00623644424309942,0.00273017122773694,0.036));
#12294=CARTESIAN_POINT('',(-0.00643693406039513,0.00188697282967277,0.036));
#12295=CARTESIAN_POINT('',(-0.00594303100002883,0.00259887052558056,0.036));
#12296=CARTESIAN_POINT('',(-0.00631804438334313,0.00207023938586164,0.036));
#12297=CARTESIAN_POINT('',(-0.0057397590280133,0.00236393925082381,0.036));
#12298=CARTESIAN_POINT('',(-0.00640606948449379,0.00204121959856829,0.036));
#12299=CARTESIAN_POINT('',(-0.00566518983442708,0.00201934492395318,0.036));
#12300=CARTESIAN_POINT('',(-0.00624228250908587,0.00201120030805931,0.036));
#12301=CARTESIAN_POINT('',(-0.00570238349579512,0.00180722774333622,0.036));
#12302=CARTESIAN_POINT('',(-0.00631296931911839,0.00203892558821672,0.036));
#12303=CARTESIAN_POINT('',(-0.00579654356433157,0.00163963672246179,0.036));
#12304=CARTESIAN_POINT('',(-0.00621359304604451,0.00196509260697823,0.036));
#12305=CARTESIAN_POINT('',(-0.00737606293442797,0.00138573829897521,0.036));
#12306=CARTESIAN_POINT('',(-0.00737606293442797,0.,0.036));
#12307=CARTESIAN_POINT('',(-0.00737606293442797,0.00277147659795042,0.036));
#12308=CARTESIAN_POINT('',(-0.00715042165691355,0.00277147659795042,0.036));
#12309=CARTESIAN_POINT('',(-0.00692478037939913,0.00277147659795042,0.036));
#12310=CARTESIAN_POINT('',(-0.00692478037939913,0.00138573829897521,0.036));
#12311=CARTESIAN_POINT('',(-0.00692478037939913,0.,0.036));
#12312=CARTESIAN_POINT('',(-0.00715042165691355,0.,0.036));
#12313=CARTESIAN_POINT('',(-0.00443851435622693,0.00178437122258402,0.036));
#12314=CARTESIAN_POINT('',(-0.00443851435622693,0.00292190411629337,0.036));
#12315=CARTESIAN_POINT('',(-0.00443812951852072,0.000646820514139296,0.036));
#12316=CARTESIAN_POINT('',(-0.0039363177536458,0.000623590867845285,0.036));
#12317=CARTESIAN_POINT('',(-0.00440508420918594,0.00044577266350874,0.036));
#12318=CARTESIAN_POINT('',(-0.00418520793488021,0.00053841882162357,0.036));
#12319=CARTESIAN_POINT('',(-0.00431101767859208,0.000336547378242819,0.036));
#12320=CARTESIAN_POINT('',(-0.00412600311202214,0.000655385192561668,0.036));
#12321=CARTESIAN_POINT('',(-0.00417375817165049,0.000289755286725253,0.036));
#12322=CARTESIAN_POINT('',(-0.00401335896864669,0.00145363965257746,0.036));
#12323=CARTESIAN_POINT('',(-0.00400648673948651,0.000278665608076572,0.036));
#12324=CARTESIAN_POINT('',(-0.00400648652354599,0.000139295881985567,0.036));
#12325=CARTESIAN_POINT('',(-0.00400648652354599,-1.21054473966688E-8,0.036));
#12326=CARTESIAN_POINT('',(-0.00418338693705049,0.00111389270957799,0.036));
#12327=CARTESIAN_POINT('',(-0.00410757263692595,-1.14444383153845E-5,0.036));
#12328=CARTESIAN_POINT('',(-0.00425682122687327,0.0018237427836259,0.036));
#12329=CARTESIAN_POINT('',(-0.00420565300652553,-1.68317745245788E-5,0.036));
#12330=CARTESIAN_POINT('',(-0.00431850093383495,0.00351013192557526,0.036000000000004));
#12331=CARTESIAN_POINT('',(-0.00431817234155258,-1.86530122745252E-5,0.036));
#12332=CARTESIAN_POINT('',(-0.00431812706797387,0.00175680742618283,0.0359999999999976));
#12333=CARTESIAN_POINT('',(-0.00443129253708368,-1.50190566232679E-5,0.036));
#12334=CARTESIAN_POINT('',(-0.00437583985196867,0.000944444359130096,0.036));
#12335=CARTESIAN_POINT('',(-0.00453293485762699,-3.3259857241264E-6,0.036));
#12336=CARTESIAN_POINT('',(-0.00447692277670368,0.000330864305158399,0.036));
#12337=CARTESIAN_POINT('',(-0.00473232735146859,0.000109055489086638,0.036));
#12338=CARTESIAN_POINT('',(-0.00425154354434323,0.000507950878834729,0.036));
#12339=CARTESIAN_POINT('',(-0.00484130225695542,0.000302680793580509,0.036));
#12340=CARTESIAN_POINT('',(-0.00402188932314642,0.000597533637583069,0.036));
#12341=CARTESIAN_POINT('',(-0.00488828033145576,0.00051145513085331,0.036));
#12342=CARTESIAN_POINT('',(-0.00298021798936006,0.000707216975224205,0.036));
#12343=CARTESIAN_POINT('',(-0.00489770899178152,0.000669701553769506,0.036));
#12344=CARTESIAN_POINT('',(-0.0048976191422096,0.00181836784172952,0.036));
#12345=CARTESIAN_POINT('',(-0.0048976191422096,0.00292190411629337,0.036));
#12346=CARTESIAN_POINT('',(-0.00466806674921827,0.00292190411629337,0.036));
#12347=CARTESIAN_POINT('',(-0.00277836334503244,0.000656744424826719,0.036));
#12348=CARTESIAN_POINT('',(-0.00310956818010347,0.000837101235281534,0.036));
#12349=CARTESIAN_POINT('',(-0.00315627018987167,0.000639617807994202,0.036));
#12350=CARTESIAN_POINT('',(-0.00315627018987167,0.000639617807994202,0.036));
#12351=CARTESIAN_POINT('',(-0.00315627018987167,0.00046993556730336,0.036));
#12352=CARTESIAN_POINT('',(-0.00308677267639723,0.00038720043221474,0.036));
#12353=CARTESIAN_POINT('',(-0.00308677267639723,0.00038720043221474,0.036));
#12354=CARTESIAN_POINT('',(-0.00286879311988344,0.000584997324025457,0.036));
#12355=CARTESIAN_POINT('',(-0.00288550065685437,0.000290370770390576,0.036));
#12356=CARTESIAN_POINT('',(-0.00288550065685437,0.000137189896728766,0.036));
#12357=CARTESIAN_POINT('',(-0.00288550065685437,-1.52246033048135E-5,0.036));
#12358=CARTESIAN_POINT('',(-0.0029264366058813,0.000228198777260806,0.036));
#12359=CARTESIAN_POINT('',(-0.00293423827073819,-1.85861661935074E-5,0.036));
#12360=CARTESIAN_POINT('',(-0.0029378528233593,0.000875968969061303,0.036));
#12361=CARTESIAN_POINT('',(-0.00318063112197317,1.50739939193539E-5,0.036));
#12362=CARTESIAN_POINT('',(-0.00303088438422655,0.000556769793166476,0.036));
#12363=CARTESIAN_POINT('',(-0.00338924030986627,0.000123827755224239,0.036));
#12364=CARTESIAN_POINT('',(-0.003062225622959,0.000503048227097816,0.036));
#12365=CARTESIAN_POINT('',(-0.00353042135952542,0.000323353163926064,0.036));
#12366=CARTESIAN_POINT('',(-0.00276694313471533,0.000603323175901156,0.036));
#12367=CARTESIAN_POINT('',(-0.00358070822834496,0.000628191897483146,0.036));
#12368=CARTESIAN_POINT('',(-0.00299604494836757,0.000645250912217267,0.036));
#12369=CARTESIAN_POINT('',(-0.00350786700595884,0.000927041582728014,0.036));
#12370=CARTESIAN_POINT('',(-0.00294365864355386,0.000604124137106308,0.036));
#12371=CARTESIAN_POINT('',(-0.00331968002878195,0.00113398814593425,0.036));
#12372=CARTESIAN_POINT('',(-0.00285380395554501,0.000464233489111131,0.036));
#12373=CARTESIAN_POINT('',(-0.00305846875391868,0.00125417436500191,0.036));
#12374=CARTESIAN_POINT('',(-0.00276147679620607,0.000155634347922974,0.036));
#12375=CARTESIAN_POINT('',(-0.00276154838173979,0.00129367665774933,0.036));
#12376=CARTESIAN_POINT('',(-0.00267881324665116,0.00129367665774933,0.036));
#12377=CARTESIAN_POINT('',(-0.00259607811156254,0.00129367665774933,0.036));
#12378=CARTESIAN_POINT('',(-0.00259607811156254,0.00116009702146079,0.036));
#12379=CARTESIAN_POINT('',(-0.00259607811156254,0.00102651738517226,0.036));
#12380=CARTESIAN_POINT('',(-0.00263729525158851,0.00102651738517226,0.036));
#12381=CARTESIAN_POINT('',(-0.00267851259649609,0.00102655144139675,0.036));
#12382=CARTESIAN_POINT('',(-0.00267319027574783,0.000141854431023484,0.036));
#12383=CARTESIAN_POINT('',(-0.00283645520029252,0.00101144146905271,0.036));
#12384=CARTESIAN_POINT('',(-0.00275234735281645,0.000540523989595099,0.036));
#12385=CARTESIAN_POINT('',(-0.00299083610410154,0.000955275721800037,0.036));
#12386=CARTESIAN_POINT('',(-0.0028220928033463,0.000668479654398959,0.036));
#12387=CARTESIAN_POINT('',(-0.0137196881324053,0.00458746208623051,0.036));
#12388=CARTESIAN_POINT('',(-0.0137196881324053,0.00458746208623051,0.033));
#12389=CARTESIAN_POINT('',(-0.0690931079089641,0.00458746208623051,0.033));
#12390=CARTESIAN_POINT('',(0.0416537316441536,0.00458746208623051,0.033));
#12391=CARTESIAN_POINT('',(-0.0690931079089641,0.00458746208623051,0.036));
#12392=CARTESIAN_POINT('',(0.0416537316441536,0.00458746208623051,0.036));
#12393=CARTESIAN_POINT('',(-0.0690931079089641,-0.0311853888835758,0.036));
#12394=CARTESIAN_POINT('',(-0.0690931079089641,-0.0311853888835758,0.033));
#12395=CARTESIAN_POINT('',(-0.0690931079089641,-0.0669582398533821,0.033));
#12396=CARTESIAN_POINT('',(-0.0690931079089641,-0.0669582398533821,0.036));
#12397=CARTESIAN_POINT('',(-0.0137196881324053,-0.0669582398533821,0.036));
#12398=CARTESIAN_POINT('',(-0.0137196881324053,-0.0669582398533821,0.033));
#12399=CARTESIAN_POINT('',(0.0416537316441536,-0.0669582398533821,0.033));
#12400=CARTESIAN_POINT('',(0.0416537316441536,-0.0669582398533821,0.036));
#12401=CARTESIAN_POINT('',(0.0416537316441536,-0.0311853888835758,0.036));
#12402=CARTESIAN_POINT('',(0.0416537316441536,-0.0311853888835758,0.033));
#12403=CARTESIAN_POINT('',(0.0386476367712021,-0.0638323724269867,0.036));
#12404=CARTESIAN_POINT('',(0.0386476367712021,-0.0638323724269867,0.033));
#12405=CARTESIAN_POINT('',(0.0405476367712021,-0.0638323724269867,0.033));
#12406=CARTESIAN_POINT('',(0.0378245206359487,1.16341445918998E-19,0.036));
#12407=CARTESIAN_POINT('',(0.0378245206359487,1.16341445918998E-19,0.033));
#12408=CARTESIAN_POINT('',(0.0397245206359487,-2.16667118743564E-34,0.033));
#12409=CARTESIAN_POINT('',(-0.0657639726996422,-0.0637705996632576,0.036));
#12410=CARTESIAN_POINT('',(-0.0657639726996422,-0.0637705996632576,0.033));
#12411=CARTESIAN_POINT('',(-0.0638639726996422,-0.0637705996632576,0.033));
#12412=CARTESIAN_POINT('',(-0.0667463371317921,1.16341445918999E-19,0.036));
#12413=CARTESIAN_POINT('',(-0.0667463371317921,1.16341445918999E-19,0.033));
#12414=CARTESIAN_POINT('',(-0.0648463371317921,-2.40741243048404E-35,0.033));
#12415=CARTESIAN_POINT('',(-0.0137196881324053,-0.0311853888835758,0.033));
#12416=CARTESIAN_POINT('',(-0.0591517791631304,-0.0656769154593349,0.035));
#12417=CARTESIAN_POINT('',(-0.0590285441885499,-0.0656769154593349,0.035));
#12418=CARTESIAN_POINT('',(-0.0590285441885499,-0.0656769154593349,0.035));
#12419=CARTESIAN_POINT('',(-0.0591517791631304,-0.0656769154593349,0.035));
#12420=CARTESIAN_POINT('',(-0.059275014137711,-0.0656769154593349,0.035));
#12421=CARTESIAN_POINT('',(-0.059275014137711,-0.0656769154593349,0.035));
#12422=CARTESIAN_POINT('',(-0.0592829647812323,-0.0649454562553729,0.035));
#12423=CARTESIAN_POINT('',(-0.0595373853739147,-0.0642139970514108,0.035));
#12424=CARTESIAN_POINT('',(-0.0595373853739147,-0.0642139970514108,0.035));
#12425=CARTESIAN_POINT('',(-0.0592829647812323,-0.0649454562553729,0.035));
#12426=CARTESIAN_POINT('',(-0.0596556909495121,-0.0642139970514108,0.035));
#12427=CARTESIAN_POINT('',(-0.0597739965251094,-0.0642139970514108,0.035));
#12428=CARTESIAN_POINT('',(-0.0597739965251094,-0.0642139970514108,0.035));
#12429=CARTESIAN_POINT('',(-0.0596556909495121,-0.0642139970514108,0.035));
#12430=CARTESIAN_POINT('',(-0.060030325272237,-0.0649454562553729,0.035));
#12431=CARTESIAN_POINT('',(-0.0602866540193645,-0.0656769154593349,0.035));
#12432=CARTESIAN_POINT('',(-0.0602866540193645,-0.0656769154593349,0.035));
#12433=CARTESIAN_POINT('',(-0.060030325272237,-0.0649454562553729,0.035));
#12434=CARTESIAN_POINT('',(-0.0601624649675614,-0.0656769154593349,0.035));
#12435=CARTESIAN_POINT('',(-0.0600382759157583,-0.0656769154593349,0.035));
#12436=CARTESIAN_POINT('',(-0.0600382759157583,-0.0656769154593349,0.035));
#12437=CARTESIAN_POINT('',(-0.0601624649675614,-0.0656769154593349,0.035));
#12438=CARTESIAN_POINT('',(-0.0598465063940239,-0.0651283210563634,0.035));
#12439=CARTESIAN_POINT('',(-0.0596547368722895,-0.0645797266533918,0.035));
#12440=CARTESIAN_POINT('',(-0.0596547368722895,-0.0645797266533918,0.035));
#12441=CARTESIAN_POINT('',(-0.0598465063940239,-0.0651283210563634,0.035));
#12442=CARTESIAN_POINT('',(-0.0594648755050002,-0.0651283210563634,0.035));
#12443=CARTESIAN_POINT('',(-0.0594648755050002,-0.0651283210563634,0.035));
#12444=CARTESIAN_POINT('',(-0.0137196881324053,-0.0311853888835758,0.035));
#12445=CARTESIAN_POINT('',(0.00136393676511388,0.00108437811494095,0.035));
#12446=CARTESIAN_POINT('',(0.0013794203432048,0.000353805523142606,0.035));
#12447=CARTESIAN_POINT('',(0.00137941121561986,0.000354069443262826,0.035));
#12448=CARTESIAN_POINT('',(0.00136393676511388,0.00108437811494095,0.035));
#12449=CARTESIAN_POINT('',(0.00148291186586679,0.000363146553429115,0.0350000000000029));
#12450=CARTESIAN_POINT('',(0.00148291447582475,0.000363132029279869,0.035));
#12451=CARTESIAN_POINT('',(0.00136004371538555,0.000963101683159454,0.0350000000000001));
#12452=CARTESIAN_POINT('',(0.00111075679544431,0.000408260284782752,0.035));
#12453=CARTESIAN_POINT('',(0.00111064859674647,0.000408005214459861,0.035));
#12454=CARTESIAN_POINT('',(0.00136004371538555,0.000963101683159454,0.035));
#12455=CARTESIAN_POINT('',(0.00134891632351827,0.000903253203849733,0.0350000000000001));
#12456=CARTESIAN_POINT('',(0.000924527527735739,0.000554776687648781,0.035));
#12457=CARTESIAN_POINT('',(0.000924450589485207,0.000554714523188808,0.035));
#12458=CARTESIAN_POINT('',(0.00134891632351827,0.000903253203849733,0.035));
#12459=CARTESIAN_POINT('',(0.00139185531942411,0.000928760113228121,0.0350000000000001));
#12460=CARTESIAN_POINT('',(0.000813512019198646,0.000772896589246051,0.035));
#12461=CARTESIAN_POINT('',(0.000813536044121504,0.000772902381652003,0.035));
#12462=CARTESIAN_POINT('',(0.00139185531942411,0.000928760113228121,0.035));
#12463=CARTESIAN_POINT('',(0.0017743864082707,0.00103638937419573,0.0350000000000001));
#12464=CARTESIAN_POINT('',(0.000777710269833026,0.00104577210752015,0.035));
#12465=CARTESIAN_POINT('',(0.00077766567967035,0.00104577481514992,0.035));
#12466=CARTESIAN_POINT('',(0.0017743864082707,0.00103638937419573,0.035));
#12467=CARTESIAN_POINT('',(0.00195925369047181,0.00102018242908448,0.035));
#12468=CARTESIAN_POINT('',(0.000798469267364352,0.00124493814180621,0.035));
#12469=CARTESIAN_POINT('',(0.000798573695789213,0.00124491685318452,0.035));
#12470=CARTESIAN_POINT('',(0.00195925369047181,0.00102018242908448,0.035));
#12471=CARTESIAN_POINT('',(0.00171934429031414,0.00107973435941305,0.0350000000000001));
#12472=CARTESIAN_POINT('',(0.000870072766095594,0.00147238454954075,0.035));
#12473=CARTESIAN_POINT('',(0.000870074374900402,0.00147238376403051,0.035));
#12474=CARTESIAN_POINT('',(0.00171934429031414,0.00107973435941305,0.035));
#12475=CARTESIAN_POINT('',(0.00145530536246247,0.00120275039183661,0.0350000000000001));
#12476=CARTESIAN_POINT('',(0.00101117377830128,0.00166974545360669,0.035));
#12477=CARTESIAN_POINT('',(0.00101107396493535,0.00166985376633377,0.035));
#12478=CARTESIAN_POINT('',(0.00145530536246247,0.00120275039183661,0.035));
#12479=CARTESIAN_POINT('',(0.0013116696350489,0.00134634835395818,0.035));
#12480=CARTESIAN_POINT('',(0.00124042531625592,0.00178238679756022,0.035));
#12481=CARTESIAN_POINT('',(0.00124042531625592,0.00178238679756022,0.035));
#12482=CARTESIAN_POINT('',(0.0013116696350489,0.00134634835395818,0.035));
#12483=CARTESIAN_POINT('',(0.00124042531625592,0.00196337996941212,0.035));
#12484=CARTESIAN_POINT('',(0.00124042531625592,0.00214383491989861,0.035));
#12485=CARTESIAN_POINT('',(0.00124042531625592,0.00214383491989861,0.035));
#12486=CARTESIAN_POINT('',(0.00124042531625592,0.00196337996941212,0.035));
#12487=CARTESIAN_POINT('',(0.00128659585527616,0.00135409997494801,0.035));
#12488=CARTESIAN_POINT('',(0.000896247154287265,0.00204220398902382,0.035));
#12489=CARTESIAN_POINT('',(0.000896242676789305,0.00204221197933754,0.035));
#12490=CARTESIAN_POINT('',(0.00128659585527616,0.00135409997494801,0.035));
#12491=CARTESIAN_POINT('',(0.00138978566871768,0.00116905402962306,0.0350000000000001));
#12492=CARTESIAN_POINT('',(0.000615850260096016,0.00180723620537214,0.035));
#12493=CARTESIAN_POINT('',(0.000615800616348512,0.00180727660166726,0.035));
#12494=CARTESIAN_POINT('',(0.00138978566871768,0.00116905402962306,0.035));
#12495=CARTESIAN_POINT('',(0.00147808998468248,0.00110074294333678,0.0350000000000001));
#12496=CARTESIAN_POINT('',(0.00042601073194722,0.00147057941932063,0.035));
#12497=CARTESIAN_POINT('',(0.000426069756187843,0.00147055944502928,0.035));
#12498=CARTESIAN_POINT('',(0.00147808998468248,0.00110074294333678,0.035));
#12499=CARTESIAN_POINT('',(0.00154018188430866,0.00107178852504653,0.0350000000000001));
#12500=CARTESIAN_POINT('',(0.00035651321847278,0.00106442511979468,0.035));
#12501=CARTESIAN_POINT('',(0.000356652877815018,0.00106442505361411,0.035));
#12502=CARTESIAN_POINT('',(0.00154018188430866,0.00107178852504653,0.035));
#12503=CARTESIAN_POINT('',(0.00152014264059024,0.00105349005664045,0.0350000000000001));
#12504=CARTESIAN_POINT('',(0.000431726977644252,0.000643228068434433,0.035));
#12505=CARTESIAN_POINT('',(0.000431731816962973,0.000643229508742407,0.035));
#12506=CARTESIAN_POINT('',(0.00152014264059024,0.00105349005664045,0.035));
#12507=CARTESIAN_POINT('',(0.00149761677340489,0.00104255801946112,0.0350000000000001));
#12508=CARTESIAN_POINT('',(0.000634804127407227,0.00030085503668589,0.035));
#12509=CARTESIAN_POINT('',(0.000634726440976816,0.000300788457651001,0.035));
#12510=CARTESIAN_POINT('',(0.00149761677340489,0.00104255801946112,0.035));
#12511=CARTESIAN_POINT('',(0.00132999410492065,0.000906947125390161,0.0350000000000001));
#12512=CARTESIAN_POINT('',(0.000943180540010265,6.94975134744406E-5,0.035));
#12513=CARTESIAN_POINT('',(0.000943183784123579,6.95051415291212E-5,0.035));
#12514=CARTESIAN_POINT('',(0.00132999410492065,0.000906947125390161,0.035));
#12515=CARTESIAN_POINT('',(0.00132379484557333,0.000886861973087938,0.0350000000000001));
#12516=CARTESIAN_POINT('',(0.00133068182726169,-1.50427518342945E-5,0.035));
#12517=CARTESIAN_POINT('',(0.00133068182726169,-1.50427518342945E-5,0.035));
#12518=CARTESIAN_POINT('',(0.00132379484557333,0.000886861973087938,0.035));
#12519=CARTESIAN_POINT('',(0.00175187887862194,6.40821228140946E-5,0.035));
#12520=CARTESIAN_POINT('',(0.00175187887862194,6.40821228140946E-5,0.036));
#12521=CARTESIAN_POINT('',(0.00164156536517045,1.13322063818352E-5,0.035));
#12522=CARTESIAN_POINT('',(0.00164156536517045,1.13322063818352E-5,0.036));
#12523=CARTESIAN_POINT('',(0.00150116634805036,-1.50427518342945E-5,0.035));
#12524=CARTESIAN_POINT('',(0.00150116634805036,-1.50427518342945E-5,0.036));
#12525=CARTESIAN_POINT('',(0.00133068182726169,-1.50427518342945E-5,0.035));
#12526=CARTESIAN_POINT('',(0.00133068182726169,-1.50427518342945E-5,0.036));
#12527=CARTESIAN_POINT('',(0.00175187887862194,6.40821228140946E-5,0.035));
#12528=CARTESIAN_POINT('',(0.00175187887862194,6.40821228140946E-5,0.035));
#12529=CARTESIAN_POINT('',(0.00175187887862194,6.40821228140946E-5,0.035));
#12530=CARTESIAN_POINT('',(0.0015864086084447,-1.50427518342945E-5,0.035));
#12531=CARTESIAN_POINT('',(0.00133068182726169,-1.50427518342945E-5,0.035));
#12532=CARTESIAN_POINT('',(0.00138902326379225,0.0008087192884276,0.0350000000000001));
#12533=CARTESIAN_POINT('',(0.00204111716775428,0.000297525536734785,0.035));
#12534=CARTESIAN_POINT('',(0.00204111716063207,0.000297525537034288,0.035));
#12535=CARTESIAN_POINT('',(0.00138902326379225,0.0008087192884276,0.035));
#12536=CARTESIAN_POINT('',(0.00195856628882514,0.000423303036617047,0.035));
#12537=CARTESIAN_POINT('',(0.00187586316431045,0.000549312524513981,0.035));
#12538=CARTESIAN_POINT('',(0.00187586316431045,0.000549312524513981,0.035));
#12539=CARTESIAN_POINT('',(0.00195856628882514,0.000423303036617047,0.035));
#12540=CARTESIAN_POINT('',(0.00151377014152266,0.000910760245333697,0.0350000000000001));
#12541=CARTESIAN_POINT('',(0.00175368400884205,0.000458803930945982,0.035));
#12542=CARTESIAN_POINT('',(0.00175366856183145,0.000458832998805384,0.035));
#12543=CARTESIAN_POINT('',(0.00151377014152266,0.000910760245333697,0.035));
#12544=CARTESIAN_POINT('',(0.00128952497160215,0.00131332868450502,0.035));
#12545=CARTESIAN_POINT('',(0.00161438812685648,0.000396827793388689,0.035));
#12546=CARTESIAN_POINT('',(0.00161437983906496,0.000396850399867009,0.035));
#12547=CARTESIAN_POINT('',(0.00128952497160215,0.00131332868450502,0.035));
#12548=CARTESIAN_POINT('',(0.00136796024288341,0.00108123208202778,0.035));
#12549=CARTESIAN_POINT('',(0.00136796024288341,0.00108123208202778,0.035));
#12550=CARTESIAN_POINT('',(-0.0137196881324053,-0.0311853888835758,0.035));
#12551=CARTESIAN_POINT('',(-0.219467989373567,0.086051881015979,0.035));
#12552=CARTESIAN_POINT('',(0.00495234954452104,0.00212102800863553,0.035));
#12553=CARTESIAN_POINT('',(0.00495234954452105,0.00212102800863552,0.035));
#12554=CARTESIAN_POINT('',(-0.219467989373567,0.086051881015979,0.035));
#12555=CARTESIAN_POINT('',(0.00458353871501055,0.00114143937387669,0.035));
#12556=CARTESIAN_POINT('',(0.00458352648390953,0.00114144400918627,0.035));
#12557=CARTESIAN_POINT('',(0.0047228223658951,0.00212102800863553,0.035));
#12558=CARTESIAN_POINT('',(0.00449326997290376,0.00212102800863553,0.035));
#12559=CARTESIAN_POINT('',(0.00449326997290376,0.00212102800863553,0.035));
#12560=CARTESIAN_POINT('',(0.0047228223658951,0.00212102800863553,0.035));
#12561=CARTESIAN_POINT('',(0.00411539604682629,0.00106051400431776,0.035));
#12562=CARTESIAN_POINT('',(0.00373752212074881,6.50521303491303E-19,0.035));
#12563=CARTESIAN_POINT('',(0.00373752212074881,6.50521303491303E-19,0.035));
#12564=CARTESIAN_POINT('',(0.00411539604682629,0.00106051400431776,0.035));
#12565=CARTESIAN_POINT('',(0.00366591862201757,-0.000169381385654156,0.035));
#12566=CARTESIAN_POINT('',(0.00359431512328632,-0.000338762771308312,0.035));
#12567=CARTESIAN_POINT('',(0.00359418828827116,-0.000338714217409437,0.035));
#12568=CARTESIAN_POINT('',(0.00366591862201757,-0.000169381385654156,0.035));
#12569=CARTESIAN_POINT('',(0.00257095882753294,5.29897587824204E-5,0.035));
#12570=CARTESIAN_POINT('',(0.00351940221915154,-0.000494605680311603,0.035));
#12571=CARTESIAN_POINT('',(0.00351943044156252,-0.000494621722713943,0.035));
#12572=CARTESIAN_POINT('',(0.00257095882753294,5.29897587824204E-5,0.035));
#12573=CARTESIAN_POINT('',(0.00326006652728685,-0.000344525860810864,0.0350000000000001));
#12574=CARTESIAN_POINT('',(0.0034477987204203,-0.000577340815400223,0.035));
#12575=CARTESIAN_POINT('',(0.00344788911050378,-0.000577448611496106,0.035));
#12576=CARTESIAN_POINT('',(0.00326006652728685,-0.000344525860810864,0.035));
#12577=CARTESIAN_POINT('',(0.00334321273607937,-0.000437746349396782,0.035));
#12578=CARTESIAN_POINT('',(0.00336325845511156,-0.000611036579509043,0.035));
#12579=CARTESIAN_POINT('',(0.00336326072997588,-0.000611057461921474,0.035));
#12580=CARTESIAN_POINT('',(0.00334321273607937,-0.000437746349396782,0.035));
#12581=CARTESIAN_POINT('',(0.00326292246091083,0.000283261337563808,0.035));
#12582=CARTESIAN_POINT('',(0.00325615406205139,-0.000616752825206074,0.035));
#12583=CARTESIAN_POINT('',(0.00325613528770839,-0.000616933364304641,0.035));
#12584=CARTESIAN_POINT('',(0.00326292246091083,0.000283261337563808,0.035));
#12585=CARTESIAN_POINT('',(0.00328798678012309,-0.000238302537632246,0.035));
#12586=CARTESIAN_POINT('',(0.0031640924208255,-0.000598099812931549,0.035));
#12587=CARTESIAN_POINT('',(0.00316409242082572,-0.000598099812930958,0.035));
#12588=CARTESIAN_POINT('',(0.00328798678012309,-0.000238302537632246,0.035));
#12589=CARTESIAN_POINT('',(0.00304019806150548,-0.000957897088359886,0.035));
#12590=CARTESIAN_POINT('',(0.00307203868916167,-0.00057902074726065,0.035));
#12591=CARTESIAN_POINT('',(0.00307203077959962,-0.000579446800657024,0.035));
#12592=CARTESIAN_POINT('',(0.00304019806150548,-0.000957897088359886,0.035));
#12593=CARTESIAN_POINT('',(0.00373043624258021,-0.000824437684623623,0.035));
#12594=CARTESIAN_POINT('',(0.00305097092703161,-0.000645033198654548,0.035));
#12595=CARTESIAN_POINT('',(0.00305101195843829,-0.000645043529540582,0.035));
#12596=CARTESIAN_POINT('',(0.00373043624258021,-0.000824437684623623,0.035));
#12597=CARTESIAN_POINT('',(0.00440774252896662,-0.00102434683543964,0.035));
#12598=CARTESIAN_POINT('',(0.00302690252409674,-0.000744917070834264,0.035));
#12599=CARTESIAN_POINT('',(0.00302690674940057,-0.000744917387578789,0.035));
#12600=CARTESIAN_POINT('',(0.00440774252896662,-0.00102434683543964,0.035));
#12601=CARTESIAN_POINT('',(0.00805783425029158,-0.00199817440329758,0.035));
#12602=CARTESIAN_POINT('',(0.00299685679755921,-0.000872334743496813,0.035));
#12603=CARTESIAN_POINT('',(0.00299685336616646,-0.000872333451129978,0.035));
#12604=CARTESIAN_POINT('',(0.00805404945688671,-0.00199789401894761,0.035));
#12605=CARTESIAN_POINT('',(0.00301557295679417,-0.000879383437757241,0.0349999999921693));
#12606=CARTESIAN_POINT('',(0.00304164442089435,-0.000889327488443491,0.035));
#12607=CARTESIAN_POINT('',(0.00304165976923598,-0.000889285999514089,0.035));
#12608=CARTESIAN_POINT('',(0.00301557295679417,-0.000879383437757241,0.035));
#12609=CARTESIAN_POINT('',(0.00343831164929561,0.000145291118968119,0.035));
#12610=CARTESIAN_POINT('',(0.00311896416532262,-0.000915802731671849,0.035));
#12611=CARTESIAN_POINT('',(0.00311896773799959,-0.000915790764485677,0.035));
#12612=CARTESIAN_POINT('',(0.00343831164929561,0.000145291118968119,0.035));
#12613=CARTESIAN_POINT('',(0.00340611694851876,2.54576899941805E-5,0.035));
#12614=CARTESIAN_POINT('',(0.00320741554610827,-0.000938366859423291,0.035));
#12615=CARTESIAN_POINT('',(0.00320742650650321,-0.000938317706528486,0.035));
#12616=CARTESIAN_POINT('',(0.00340633586091497,2.60133256038671E-5,0.0349999999999999));
#12617=CARTESIAN_POINT('',(0.00329470870022122,-0.000547364309970084,0.035));
#12618=CARTESIAN_POINT('',(0.00328623956571998,-0.000947693365560553,0.035));
#12619=CARTESIAN_POINT('',(0.00328623836663688,-0.0009476964311804,0.035));
#12620=CARTESIAN_POINT('',(0.00329470870022122,-0.000547364309970084,0.035));
#12621=CARTESIAN_POINT('',(0.0032987146756867,0.000846605249443181,0.035));
#12622=CARTESIAN_POINT('',(0.00347968935430901,-0.000938366859423291,0.035));
#12623=CARTESIAN_POINT('',(0.00347969348242367,-0.000938409727260702,0.035));
#12624=CARTESIAN_POINT('',(0.0032987146756867,0.000846605249443181,0.035));
#12625=CARTESIAN_POINT('',(0.00344117067294141,-0.000576717687045479,0.035));
#12626=CARTESIAN_POINT('',(0.00363583311834898,-0.000883912097783145,0.035));
#12627=CARTESIAN_POINT('',(0.00363592488401398,-0.000884049283633495,0.035));
#12628=CARTESIAN_POINT('',(0.00344117067294141,-0.000576717687045479,0.035));
#12629=CARTESIAN_POINT('',(0.0033141722133878,-0.000401706089586272,0.0350000000000001));
#12630=CARTESIAN_POINT('',(0.00377512900033454,-0.000754243576971526,0.035));
#12631=CARTESIAN_POINT('',(0.00377520314859331,-0.000754297889334193,0.035));
#12632=CARTESIAN_POINT('',(0.0033141722133878,-0.000401706089586272,0.035));
#12633=CARTESIAN_POINT('',(0.00260035027644514,0.000130409961583136,0.0350000000000002));
#12634=CARTESIAN_POINT('',(0.00391984027298046,-0.000521080923539962,0.035));
#12635=CARTESIAN_POINT('',(0.00391976687575652,-0.000521047148676561,0.035));
#12636=CARTESIAN_POINT('',(0.00260035027644514,0.000130409961583136,0.035));
#12637=CARTESIAN_POINT('',(-0.00052218541559828,0.00172229366013839,0.035));
#12638=CARTESIAN_POINT('',(0.00408892080359793,-0.000150427518342945,0.035));
#12639=CARTESIAN_POINT('',(0.00408888438431251,-0.00015041318067761,0.035));
#12640=CARTESIAN_POINT('',(-0.00052218541559828,0.00172229366013839,0.035));
#12641=CARTESIAN_POINT('',(-0.0119273128022117,0.00641106311351072,0.035));
#12642=CARTESIAN_POINT('',(0.00430132445949817,0.000393217532948458,0.035));
#12643=CARTESIAN_POINT('',(0.00430125999884208,0.000393241364587172,0.035));
#12644=CARTESIAN_POINT('',(-0.0119273128022117,0.00641106311351072,0.035));
#12645=CARTESIAN_POINT('',(0.171871563228249,-0.0623907021893558,0.035));
#12646=CARTESIAN_POINT('',(0.171871563228249,-0.0623907021893558,0.035));
#12647=CARTESIAN_POINT('',(-0.0137196881324053,-0.0311853888835758,0.035));
#12648=CARTESIAN_POINT('',(0.00326367543796854,0.00116009702146079,0.035));
#12649=CARTESIAN_POINT('',(0.00365869810113711,0.000199166034286059,0.035));
#12650=CARTESIAN_POINT('',(0.00365869810113711,0.000199166034286059,0.035));
#12651=CARTESIAN_POINT('',(0.00326367543796854,0.00116009702146079,0.035));
#12652=CARTESIAN_POINT('',(0.00286865277479996,0.00212102800863553,0.035));
#12653=CARTESIAN_POINT('',(0.00286865277479996,0.00212102800863553,0.035));
#12654=CARTESIAN_POINT('',(0.0037357169905287,0.00038359017177451,0.035));
#12655=CARTESIAN_POINT('',(0.00381273587992028,0.00056801430926296,0.035));
#12656=CARTESIAN_POINT('',(0.00381273587992028,0.00056801430926296,0.035));
#12657=CARTESIAN_POINT('',(0.0037357169905287,0.00038359017177451,0.035));
#12658=CARTESIAN_POINT('',(0.00383891026811196,0.000631795577040368,0.035));
#12659=CARTESIAN_POINT('',(0.00386508465630363,0.000695576844817777,0.035));
#12660=CARTESIAN_POINT('',(0.00386508465630363,0.000695576844817777,0.035));
#12661=CARTESIAN_POINT('',(0.00383891026811196,0.000631795577040368,0.035));
#12662=CARTESIAN_POINT('',(0.00359431512328632,0.00140830242672665,0.035));
#12663=CARTESIAN_POINT('',(0.00332354559026902,0.00212102800863553,0.035));
#12664=CARTESIAN_POINT('',(0.00332354559026902,0.00212102800863553,0.035));
#12665=CARTESIAN_POINT('',(0.00359431512328632,0.00140830242672665,0.035));
#12666=CARTESIAN_POINT('',(0.0030960991825345,0.00212102800863553,0.035));
#12667=CARTESIAN_POINT('',(0.0030960991825345,0.00212102800863553,0.035));
#12668=CARTESIAN_POINT('',(-0.0137196881324053,-0.0311853888835758,0.035));
#12669=CARTESIAN_POINT('',(-0.216940807063689,0.08605188101533,0.035));
#12670=CARTESIAN_POINT('',(0.00747953185268252,0.00212102800863553,0.035));
#12671=CARTESIAN_POINT('',(0.00747953185268252,0.00212102800863552,0.035));
#12672=CARTESIAN_POINT('',(-0.216940807063689,0.08605188101533,0.035));
#12673=CARTESIAN_POINT('',(0.00711072102317202,0.00114143937387663,0.035));
#12674=CARTESIAN_POINT('',(0.00711070879207101,0.00114144400918627,0.035));
#12675=CARTESIAN_POINT('',(0.00725000467405658,0.00212102800863553,0.035));
#12676=CARTESIAN_POINT('',(0.00702045228106524,0.00212102800863553,0.035));
#12677=CARTESIAN_POINT('',(0.00702045228106524,0.00212102800863553,0.035));
#12678=CARTESIAN_POINT('',(0.00725000467405658,0.00212102800863553,0.035));
#12679=CARTESIAN_POINT('',(0.00664257835498776,0.00106051400431776,0.035));
#12680=CARTESIAN_POINT('',(0.00626470442891029,6.50521303491303E-19,0.035));
#12681=CARTESIAN_POINT('',(0.00626470442891029,6.50521303491303E-19,0.035));
#12682=CARTESIAN_POINT('',(0.00664257835498776,0.00106051400431776,0.035));
#12683=CARTESIAN_POINT('',(0.00619310093017904,-0.000169381385654156,0.035));
#12684=CARTESIAN_POINT('',(0.0061214974314478,-0.000338762771308312,0.035));
#12685=CARTESIAN_POINT('',(0.00612137059643263,-0.000338714217409437,0.035));
#12686=CARTESIAN_POINT('',(0.00619310093017904,-0.000169381385654156,0.035));
#12687=CARTESIAN_POINT('',(0.00509814113569407,5.29897587825554E-5,0.035));
#12688=CARTESIAN_POINT('',(0.00604658452731302,-0.000494605680311603,0.035));
#12689=CARTESIAN_POINT('',(0.006046612749724,-0.000494621722713943,0.035));
#12690=CARTESIAN_POINT('',(0.00509814113569407,5.29897587825554E-5,0.035));
#12691=CARTESIAN_POINT('',(0.00578724883544831,-0.000344525860810829,0.0350000000000001));
#12692=CARTESIAN_POINT('',(0.00597498102858177,-0.000577340815400223,0.035));
#12693=CARTESIAN_POINT('',(0.00597507141866525,-0.000577448611496106,0.035));
#12694=CARTESIAN_POINT('',(0.00578724883544831,-0.000344525860810829,0.035));
#12695=CARTESIAN_POINT('',(0.00587039504424085,-0.000437746349396817,0.035));
#12696=CARTESIAN_POINT('',(0.00589044076327304,-0.000611036579509043,0.035));
#12697=CARTESIAN_POINT('',(0.00589044303813735,-0.000611057461921474,0.035));
#12698=CARTESIAN_POINT('',(0.00587039504424085,-0.000437746349396817,0.035));
#12699=CARTESIAN_POINT('',(0.0057901047690723,0.000283261337563816,0.035));
#12700=CARTESIAN_POINT('',(0.00578333637021286,-0.000616752825206074,0.035));
#12701=CARTESIAN_POINT('',(0.00578331759586985,-0.000616933364304695,0.035));
#12702=CARTESIAN_POINT('',(0.0057901047690723,0.000283261337563816,0.035));
#12703=CARTESIAN_POINT('',(0.00581516908830701,-0.00023830253750319,0.035));
#12704=CARTESIAN_POINT('',(0.00569127472898698,-0.000598099812931549,0.035));
#12705=CARTESIAN_POINT('',(0.00569127472898698,-0.000598099812931549,0.035));
#12706=CARTESIAN_POINT('',(0.00581516908830701,-0.00023830253750319,0.035));
#12707=CARTESIAN_POINT('',(0.00556738036966694,-0.000957897088359925,0.035));
#12708=CARTESIAN_POINT('',(0.00559922099732315,-0.000579020747260649,0.035));
#12709=CARTESIAN_POINT('',(0.0055992130877611,-0.000579446800657024,0.035));
#12710=CARTESIAN_POINT('',(0.00556738036966694,-0.000957897088359925,0.035));
#12711=CARTESIAN_POINT('',(0.0062576185507415,-0.000824437684623561,0.035));
#12712=CARTESIAN_POINT('',(0.00557815323519309,-0.000645033198654548,0.035));
#12713=CARTESIAN_POINT('',(0.00557819426659977,-0.000645043529540583,0.035));
#12714=CARTESIAN_POINT('',(0.0062576185507415,-0.000824437684623561,0.035));
#12715=CARTESIAN_POINT('',(0.00693492483713169,-0.00102434683544063,0.035));
#12716=CARTESIAN_POINT('',(0.00555408483225821,-0.000744917070834264,0.035));
#12717=CARTESIAN_POINT('',(0.00555408905756204,-0.000744917387578789,0.035));
#12718=CARTESIAN_POINT('',(0.00693492483713169,-0.00102434683544063,0.035));
#12719=CARTESIAN_POINT('',(0.010585016558448,-0.00199817440329604,0.035));
#12720=CARTESIAN_POINT('',(0.00552403910572069,-0.00087233474349681,0.035));
#12721=CARTESIAN_POINT('',(0.00552403567432794,-0.000872333451129975,0.035));
#12722=CARTESIAN_POINT('',(0.010581231765035,-0.00199789401894411,0.035));
#12723=CARTESIAN_POINT('',(0.00554275526495566,-0.000879383437757241,0.0349999999921693));
#12724=CARTESIAN_POINT('',(0.00556882672905582,-0.000889327488443491,0.035));
#12725=CARTESIAN_POINT('',(0.00556884207739745,-0.000889285999514088,0.035));
#12726=CARTESIAN_POINT('',(0.00554275526495566,-0.000879383437757241,0.035));
#12727=CARTESIAN_POINT('',(0.00596549395745721,0.000145291118968606,0.035));
#12728=CARTESIAN_POINT('',(0.0056461464734841,-0.000915802731671849,0.035));
#12729=CARTESIAN_POINT('',(0.00564615004616107,-0.000915790764485665,0.035));
#12730=CARTESIAN_POINT('',(0.00596549395745721,0.000145291118968606,0.035));
#12731=CARTESIAN_POINT('',(0.00593329925668288,2.54576899994366E-5,0.035));
#12732=CARTESIAN_POINT('',(0.00573459785426975,-0.000938366859423291,0.035));
#12733=CARTESIAN_POINT('',(0.00573460881466468,-0.000938317706528505,0.035));
#12734=CARTESIAN_POINT('',(0.00593351816907613,2.6013325602633E-5,0.0349999999999999));
#12735=CARTESIAN_POINT('',(0.00582189100838293,-0.000547364309968158,0.035));
#12736=CARTESIAN_POINT('',(0.00581342187388145,-0.000947693365560553,0.035));
#12737=CARTESIAN_POINT('',(0.00581342067479835,-0.000947696431180404,0.035));
#12738=CARTESIAN_POINT('',(0.00582189100838293,-0.000547364309968158,0.035));
#12739=CARTESIAN_POINT('',(0.00582589698384815,0.000846605249443752,0.035));
#12740=CARTESIAN_POINT('',(0.00600687166247048,-0.000938366859423291,0.035));
#12741=CARTESIAN_POINT('',(0.00600687579058515,-0.000938409727260702,0.035));
#12742=CARTESIAN_POINT('',(0.00582589698384815,0.000846605249443752,0.035));
#12743=CARTESIAN_POINT('',(0.00596835298110287,-0.000576717687045416,0.035));
#12744=CARTESIAN_POINT('',(0.00616301542651046,-0.000883912097783145,0.035));
#12745=CARTESIAN_POINT('',(0.00616310719217548,-0.00088404928363353,0.035));
#12746=CARTESIAN_POINT('',(0.00596835298110287,-0.000576717687045416,0.035));
#12747=CARTESIAN_POINT('',(0.00584135452155652,-0.000401706089595749,0.0350000000000001));
#12748=CARTESIAN_POINT('',(0.00630231130849602,-0.000754243576971526,0.035));
#12749=CARTESIAN_POINT('',(0.00630238545675466,-0.000754297889334096,0.035));
#12750=CARTESIAN_POINT('',(0.00584135452155652,-0.000401706089595749,0.035));
#12751=CARTESIAN_POINT('',(0.00512753258458868,0.000130409961595245,0.0350000000000002));
#12752=CARTESIAN_POINT('',(0.00644702258114194,-0.000521080923539962,0.035));
#12753=CARTESIAN_POINT('',(0.00644694918391806,-0.000521047148676592,0.035));
#12754=CARTESIAN_POINT('',(0.00512753258458868,0.000130409961595245,0.035));
#12755=CARTESIAN_POINT('',(0.00200499689255966,0.00172229366014002,0.035));
#12756=CARTESIAN_POINT('',(0.00661610311175941,-0.000150427518342945,0.035));
#12757=CARTESIAN_POINT('',(0.0066160666924762,-0.000150413180678512,0.035));
#12758=CARTESIAN_POINT('',(0.00200499689255966,0.00172229366014002,0.035));
#12759=CARTESIAN_POINT('',(-0.00940013054653571,0.00641106313400349,0.035));
#12760=CARTESIAN_POINT('',(0.00682850676765965,0.000393217532948458,0.035));
#12761=CARTESIAN_POINT('',(0.00682844230700607,0.000393241364586301,0.035));
#12762=CARTESIAN_POINT('',(-0.00940013054653571,0.00641106313400349,0.035));
#12763=CARTESIAN_POINT('',(0.174398745543122,-0.0623907021914119,0.035));
#12764=CARTESIAN_POINT('',(0.174398745543122,-0.0623907021914119,0.035));
#12765=CARTESIAN_POINT('',(-0.0137196881324053,-0.0311853888835758,0.035));
#12766=CARTESIAN_POINT('',(0.00132190439872102,0.00121805371596376,0.0350000000000001));
#12767=CARTESIAN_POINT('',(0.0013944630950391,0.00213933505083294,0.035));
#12768=CARTESIAN_POINT('',(0.0013944630950391,0.00213933505083294,0.035));
#12769=CARTESIAN_POINT('',(0.00132190439872102,0.00121805371596376,0.035));
#12770=CARTESIAN_POINT('',(0.00176125865978108,0.00203087044821409,0.035000000000001));
#12771=CARTESIAN_POINT('',(0.0017612053847592,0.00203077149762975,0.035));
#12772=CARTESIAN_POINT('',(0.0013944630950391,0.00196307911437543,0.035));
#12773=CARTESIAN_POINT('',(0.0013944630950391,0.00178636842105874,0.035));
#12774=CARTESIAN_POINT('',(0.0013944630950391,0.00178636842105874,0.035));
#12775=CARTESIAN_POINT('',(0.0013944630950391,0.00196307911437543,0.035));
#12776=CARTESIAN_POINT('',(0.00135043720008333,0.00136122211166488,0.035));
#12777=CARTESIAN_POINT('',(0.00157888723252755,0.00172239508502672,0.035));
#12778=CARTESIAN_POINT('',(0.00157890356856426,0.00172242097175053,0.035));
#12779=CARTESIAN_POINT('',(0.00135043720008333,0.00136122211166488,0.035));
#12780=CARTESIAN_POINT('',(0.00126037026491812,0.00122144526221562,0.0350000000000001));
#12781=CARTESIAN_POINT('',(0.00172359850517346,0.0015927265642151,0.035));
#12782=CARTESIAN_POINT('',(0.00172357712748688,0.00159270929459881,0.035));
#12783=CARTESIAN_POINT('',(0.00126037026491812,0.00122144526221562,0.035));
#12784=CARTESIAN_POINT('',(0.00128404010511813,0.0012357844992542,0.0350000000000001));
#12785=CARTESIAN_POINT('',(0.00181746527661946,0.00142545116381775,0.035));
#12786=CARTESIAN_POINT('',(0.00181748238999807,0.00142545724203749,0.035));
#12787=CARTESIAN_POINT('',(0.00128404010511813,0.0012357844992542,0.035));
#12788=CARTESIAN_POINT('',(0.00128838496220057,0.00123920017880893,0.0350000000000001));
#12789=CARTESIAN_POINT('',(0.00184931188227884,0.00123711591085238,0.035));
#12790=CARTESIAN_POINT('',(0.00184931188227884,0.00123711591085238,0.035));
#12791=CARTESIAN_POINT('',(0.00128838496220057,0.00123920017880893,0.035));
#12792=CARTESIAN_POINT('',(0.00141522209257043,0.00123711591085238,0.035));
#12793=CARTESIAN_POINT('',(0.000981088274632687,0.00123711591085238,0.035));
#12794=CARTESIAN_POINT('',(0.000981088274632687,0.00123711591085238,0.035));
#12795=CARTESIAN_POINT('',(0.00141522209257043,0.00123711591085238,0.035));
#12796=CARTESIAN_POINT('',(0.000981088274632687,0.00107164564067514,0.035));
#12797=CARTESIAN_POINT('',(0.000981088274632687,0.000906175370497901,0.035));
#12798=CARTESIAN_POINT('',(0.000981088274632687,0.000906175370497901,0.035));
#12799=CARTESIAN_POINT('',(0.000981088274632687,0.00107164564067514,0.035));
#12800=CARTESIAN_POINT('',(0.00162582061825055,0.000906175370497901,0.035));
#12801=CARTESIAN_POINT('',(0.00227055296186841,0.000906175370497901,0.035));
#12802=CARTESIAN_POINT('',(0.00227055296186841,0.000906175370497901,0.035));
#12803=CARTESIAN_POINT('',(0.00162582061825055,0.000906175370497901,0.035));
#12804=CARTESIAN_POINT('',(0.000846959288579946,0.00108701621761172,0.035));
#12805=CARTESIAN_POINT('',(0.00228198545326248,0.00108668839250943,0.035));
#12806=CARTESIAN_POINT('',(0.00228193949283667,0.00108668856910036,0.035));
#12807=CARTESIAN_POINT('',(0.00084645902181927,0.00108699251106647,0.0349999999999999));
#12808=CARTESIAN_POINT('',(0.00108704524300638,0.00109120113695614,0.0350000000000001));
#12809=CARTESIAN_POINT('',(0.00222000931570518,0.00147057941932063,0.035));
#12810=CARTESIAN_POINT('',(0.00221995564604302,0.00147056201805493,0.035));
#12811=CARTESIAN_POINT('',(0.00108704524300638,0.00109120113695614,0.035));
#12812=CARTESIAN_POINT('',(0.00123943112552429,0.00114803494974884,0.0350000000000001));
#12813=CARTESIAN_POINT('',(0.00204130142391377,0.00179760884419819,0.035));
#12814=CARTESIAN_POINT('',(0.00204135223134902,0.00179764988168717,0.035));
#12815=CARTESIAN_POINT('',(0.00123943112552429,0.00114803494974884,0.035));
#12816=CARTESIAN_POINT('',(0.00130296841914377,0.00119519057608148,0.0350000000000001));
#12817=CARTESIAN_POINT('',(0.00130296841914377,0.00119519057608148,0.035));
#12818=CARTESIAN_POINT('',(-0.0137196881324053,-0.0311853888835758,0.035));
#12819=CARTESIAN_POINT('',(-0.000276764764932517,0.00130606882210176,0.0350000000000001));
#12820=CARTESIAN_POINT('',(-0.000659173385378785,0.00202755914661287,0.035));
#12821=CARTESIAN_POINT('',(-0.000659173385378785,0.00202755914661287,0.035));
#12822=CARTESIAN_POINT('',(-0.000276764764932517,0.00130606882210176,0.035));
#12823=CARTESIAN_POINT('',(-0.000433532107864368,0.00210779038702135,0.035));
#12824=CARTESIAN_POINT('',(-0.000433532107864368,0.00210779038702135,0.035));
#12825=CARTESIAN_POINT('',(-0.000659173385378785,0.00183521572378393,0.035));
#12826=CARTESIAN_POINT('',(-0.000659173385378785,0.00164331763349495,0.035));
#12827=CARTESIAN_POINT('',(-0.000659173385378785,0.00164331763349495,0.035));
#12828=CARTESIAN_POINT('',(-0.000659173385378785,0.00183521572378393,0.035));
#12829=CARTESIAN_POINT('',(-0.000363693212382597,0.000793755499668335,0.035));
#12830=CARTESIAN_POINT('',(-0.000499419360898578,0.00168298307522087,0.035));
#12831=CARTESIAN_POINT('',(-0.000499415894327176,0.00168296029177854,0.035));
#12832=CARTESIAN_POINT('',(-0.000363693212382597,0.000793755499668335,0.035));
#12833=CARTESIAN_POINT('',(-0.000330474729561976,0.000614334273973964,0.035));
#12834=CARTESIAN_POINT('',(-0.000331843105464537,0.00169622069683505,0.035));
#12835=CARTESIAN_POINT('',(-0.000331843909381731,0.001696023021128,0.035));
#12836=CARTESIAN_POINT('',(-0.000330474729561976,0.000614334273973964,0.035));
#12837=CARTESIAN_POINT('',(-0.000335769362762356,0.000652315200899555,0.0350000000000001));
#12838=CARTESIAN_POINT('',(-7.61163242815307E-5,0.00166299599097933,0.035));
#12839=CARTESIAN_POINT('',(-7.61163242815307E-5,0.00166299599097933,0.035));
#12840=CARTESIAN_POINT('',(-0.000335769362762356,0.000652315200899555,0.035));
#12841=CARTESIAN_POINT('',(-7.61163242815307E-5,0.00189929784659803,0.035));
#12842=CARTESIAN_POINT('',(-7.61163242815307E-5,0.00213607076046982,0.035));
#12843=CARTESIAN_POINT('',(-7.61163242815307E-5,0.00213607076046982,0.035));
#12844=CARTESIAN_POINT('',(-7.61163242815307E-5,0.00189929784659803,0.035));
#12845=CARTESIAN_POINT('',(-0.000433532107864368,0.00210779038702135,0.035));
#12846=CARTESIAN_POINT('',(-0.000433532107864368,0.00210779038702135,0.036));
#12847=CARTESIAN_POINT('',(-0.000345682437152088,0.00212664396932033,0.035));
#12848=CARTESIAN_POINT('',(-0.000345682437152088,0.00212664396932033,0.036));
#12849=CARTESIAN_POINT('',(-0.000226543842624476,0.00213607076046982,0.035));
#12850=CARTESIAN_POINT('',(-0.000226543842624476,0.00213607076046982,0.036));
#12851=CARTESIAN_POINT('',(-7.61163242815307E-5,0.00213607076046982,0.035));
#12852=CARTESIAN_POINT('',(-7.61163242815307E-5,0.00213607076046982,0.036));
#12853=CARTESIAN_POINT('',(-0.000433532107864368,0.00210779038702135,0.035));
#12854=CARTESIAN_POINT('',(-0.000301757601795948,0.00213607076046982,0.035));
#12855=CARTESIAN_POINT('',(-7.61163242815307E-5,0.00213607076046982,0.035));
#12856=CARTESIAN_POINT('',(-0.0137196881324053,-0.0311853888835758,0.035));
#12857=CARTESIAN_POINT('',(-0.000837580422133518,0.00201211848535523,0.035));
#12858=CARTESIAN_POINT('',(-0.000861949680105075,0.00212102800863553,0.035));
#12859=CARTESIAN_POINT('',(-0.000861949680105075,0.00212102800863553,0.035));
#12860=CARTESIAN_POINT('',(-0.000837580422133518,0.00201211848535523,0.035));
#12861=CARTESIAN_POINT('',(-0.000813211164161961,0.00190320896207494,0.035));
#12862=CARTESIAN_POINT('',(-0.000813211164161961,0.00190320896207494,0.035));
#12863=CARTESIAN_POINT('',(-0.00106502682986805,0.00212102800863553,0.035));
#12864=CARTESIAN_POINT('',(-0.00126810397963103,0.00212102800863553,0.035));
#12865=CARTESIAN_POINT('',(-0.00126810397963103,0.00212102800863553,0.035));
#12866=CARTESIAN_POINT('',(-0.00106502682986805,0.00212102800863553,0.035));
#12867=CARTESIAN_POINT('',(-0.00126810397963103,0.00106051400431776,0.035));
#12868=CARTESIAN_POINT('',(-0.00126810397963103,0.,0.035));
#12869=CARTESIAN_POINT('',(-0.00126810397963103,0.,0.035));
#12870=CARTESIAN_POINT('',(-0.00126810397963103,0.00106051400431776,0.035));
#12871=CARTESIAN_POINT('',(-0.00104065757189649,0.,0.035));
#12872=CARTESIAN_POINT('',(-0.000813211164161961,0.,0.035));
#12873=CARTESIAN_POINT('',(-0.000813211164161961,0.,0.035));
#12874=CARTESIAN_POINT('',(-0.00104065757189649,0.,0.035));
#12875=CARTESIAN_POINT('',(-0.000813211164161961,0.000372458535417132,0.035));
#12876=CARTESIAN_POINT('',(-0.000813211164161961,0.000372458535417132,0.035));
#12877=CARTESIAN_POINT('',(-0.0137196881324053,-0.0311853888835758,0.035));
#12878=CARTESIAN_POINT('',(-0.00035881604796515,0.000652763687084389,0.035));
#12879=CARTESIAN_POINT('',(-0.00198654580723693,0.000628185316600138,0.035));
#12880=CARTESIAN_POINT('',(-0.0019865831801577,0.000628184752277043,0.03500000025));
#12881=CARTESIAN_POINT('',(-0.00035881604796515,0.000652763687084389,0.035));
#12882=CARTESIAN_POINT('',(-0.00198291403630021,0.00053973565162154,0.0350000002499942));
#12883=CARTESIAN_POINT('',(-0.0019829355467967,0.000539733935814487,0.035));
#12884=CARTESIAN_POINT('',(-0.00198654580723693,0.000643228068434433,0.035));
#12885=CARTESIAN_POINT('',(-0.00198654580723693,0.00114685939984661,0.035));
#12886=CARTESIAN_POINT('',(-0.00198654580723693,0.00114685939984661,0.035));
#12887=CARTESIAN_POINT('',(-0.00198654580723693,0.000643228068434433,0.035));
#12888=CARTESIAN_POINT('',(-0.00579544826775968,0.00114564658477173,0.035));
#12889=CARTESIAN_POINT('',(-0.0019958723133742,0.00141221354220357,0.035));
#12890=CARTESIAN_POINT('',(-0.0019958723133742,0.00141221354220357,0.035));
#12891=CARTESIAN_POINT('',(-0.00579562744526615,0.0011458210856126,0.035));
#12892=CARTESIAN_POINT('',(-0.00407260749274432,0.00126706827150674,0.035));
#12893=CARTESIAN_POINT('',(-0.00203167406273981,0.00167756768456052,0.035));
#12894=CARTESIAN_POINT('',(-0.0020318997957303,0.0016775280842969,0.035));
#12895=CARTESIAN_POINT('',(-0.00407371672685967,0.00126697847582331,0.0349999999999999));
#12896=CARTESIAN_POINT('',(-0.00256774343061288,0.00158357736502704,0.0350000000000001));
#12897=CARTESIAN_POINT('',(-0.00212403655900238,0.00189719186134122,0.035));
#12898=CARTESIAN_POINT('',(-0.00212391425063157,0.00189727498902745,0.035));
#12899=CARTESIAN_POINT('',(-0.00256774343061288,0.00158357736502704,0.035));
#12900=CARTESIAN_POINT('',(-0.00255357554291892,0.0015838764225884,0.0350000000000001));
#12901=CARTESIAN_POINT('',(-0.00227807433778556,0.00203829287354691,0.035));
#12902=CARTESIAN_POINT('',(-0.00227804466027771,0.00203834205089236,0.035));
#12903=CARTESIAN_POINT('',(-0.00255357554291892,0.0015838764225884,0.035));
#12904=CARTESIAN_POINT('',(-0.00259884454989167,0.00149442612052997,0.0350000000000001));
#12905=CARTESIAN_POINT('',(-0.00247363011163139,0.00211350663271837,0.035));
#12906=CARTESIAN_POINT('',(-0.00247363852943116,0.00211346380059499,0.035));
#12907=CARTESIAN_POINT('',(-0.00259884454989167,0.00149442612052997,0.035));
#12908=CARTESIAN_POINT('',(-0.00269164480347845,0.00106932725766303,0.0350000000000002));
#12909=CARTESIAN_POINT('',(-0.00269355514344878,0.00213607076046982,0.035));
#12910=CARTESIAN_POINT('',(-0.00269355516480078,0.00213604296966802,0.035));
#12911=CARTESIAN_POINT('',(-0.00269164480347845,0.00106932725766303,0.035));
#12912=CARTESIAN_POINT('',(-0.00269786944278427,0.000793872975440769,0.0350000000000002));
#12913=CARTESIAN_POINT('',(-0.00293243404257737,0.00211531176293849,0.035));
#12914=CARTESIAN_POINT('',(-0.00293243134722882,0.00211529587030925,0.035));
#12915=CARTESIAN_POINT('',(-0.00269786944278427,0.000793872975440769,0.035));
#12916=CARTESIAN_POINT('',(-0.00268405087230454,0.000697877014635339,0.035));
#12917=CARTESIAN_POINT('',(-0.0031451385535143,0.00206085700129835,0.035));
#12918=CARTESIAN_POINT('',(-0.00314513193299236,0.0020608364852917,0.035));
#12919=CARTESIAN_POINT('',(-0.00268405087230454,0.000697877014635339,0.035));
#12920=CARTESIAN_POINT('',(-0.00282758021577314,0.00111132089888391,0.035));
#12921=CARTESIAN_POINT('',(-0.00331813019960868,0.00198383811190676,0.035));
#12922=CARTESIAN_POINT('',(-0.00331807738686709,0.00198373440274777,0.035));
#12923=CARTESIAN_POINT('',(-0.00282758021577314,0.00111132089888391,0.035));
#12924=CARTESIAN_POINT('',(-0.00309611690233774,0.00156791989834907,0.0350000000000001));
#12925=CARTESIAN_POINT('',(-0.00343089029807157,0.00189936551400249,0.035));
#12926=CARTESIAN_POINT('',(-0.00343089027216899,0.00189936551136899,0.035));
#12927=CARTESIAN_POINT('',(-0.00309611690233774,0.00156791989834907,0.035));
#12928=CARTESIAN_POINT('',(-0.00334610971802047,0.00176932847074972,0.035));
#12929=CARTESIAN_POINT('',(-0.00326160755030734,0.00163971838432851,0.035));
#12930=CARTESIAN_POINT('',(-0.00326160755030734,0.00163971838432851,0.035));
#12931=CARTESIAN_POINT('',(-0.00334610971802047,0.00176932847074972,0.035));
#12932=CARTESIAN_POINT('',(-0.00218292512411118,0.000278220124702328,0.035));
#12933=CARTESIAN_POINT('',(-0.00319177108420061,0.00169230958135813,0.035));
#12934=CARTESIAN_POINT('',(-0.00319178072296809,0.00169232335726758,0.035));
#12935=CARTESIAN_POINT('',(-0.00218292512411118,0.000278220124702328,0.035));
#12936=CARTESIAN_POINT('',(-0.00282420714199658,0.00117413844538592,0.035));
#12937=CARTESIAN_POINT('',(-0.00308286156092032,0.00175458657395211,0.035));
#12938=CARTESIAN_POINT('',(-0.00308285560988143,0.00175457279437136,0.035));
#12939=CARTESIAN_POINT('',(-0.00282420714199658,0.00117413844538592,0.035));
#12940=CARTESIAN_POINT('',(-0.00270395777568105,0.000912450131721087,0.035));
#12941=CARTESIAN_POINT('',(-0.00294747679441167,0.00180332508989523,0.035));
#12942=CARTESIAN_POINT('',(-0.0029474789221649,0.00180333303849008,0.035));
#12943=CARTESIAN_POINT('',(-0.00270395777568105,0.000912450131721087,0.035));
#12944=CARTESIAN_POINT('',(-0.00279550730554993,0.0012453877676039,0.035));
#12945=CARTESIAN_POINT('',(-0.00279163388540838,0.00182378323238986,0.035));
#12946=CARTESIAN_POINT('',(-0.00279163344725135,0.00182369474306654,0.035));
#12947=CARTESIAN_POINT('',(-0.00279550730554993,0.0012453877676039,0.035));
#12948=CARTESIAN_POINT('',(-0.00277970100399599,0.000995134735796571,0.035));
#12949=CARTESIAN_POINT('',(-0.00263549012136839,0.00181084646581237,0.035));
#12950=CARTESIAN_POINT('',(-0.0026354758331396,0.00181093147582495,0.035));
#12951=CARTESIAN_POINT('',(-0.00277970100399599,0.000995134735796571,0.035));
#12952=CARTESIAN_POINT('',(-0.00267169214251913,0.00161947944562667,0.035));
#12953=CARTESIAN_POINT('',(-0.0025244746128313,0.00174706519803497,0.035));
#12954=CARTESIAN_POINT('',(-0.0025244746128313,0.00174706519803497,0.035));
#12955=CARTESIAN_POINT('',(-0.00267169214251913,0.00161947944562667,0.035));
#12956=CARTESIAN_POINT('',(-0.00246039249001721,0.00158701031851807,0.035));
#12957=CARTESIAN_POINT('',(-0.00246039249001721,0.00158701031851807,0.036));
#12958=CARTESIAN_POINT('',(-0.00247302840155802,0.00165981723739606,0.035));
#12959=CARTESIAN_POINT('',(-0.00247302840155802,0.00165981723739606,0.036));
#12960=CARTESIAN_POINT('',(-0.00249438910916271,0.00171316886390169,0.035));
#12961=CARTESIAN_POINT('',(-0.00249438910916271,0.00171316886390169,0.036));
#12962=CARTESIAN_POINT('',(-0.0025244746128313,0.00174706519803497,0.035));
#12963=CARTESIAN_POINT('',(-0.0025244746128313,0.00174706519803497,0.036));
#12964=CARTESIAN_POINT('',(-0.00246039249001721,0.00158701031851807,0.035));
#12965=CARTESIAN_POINT('',(-0.00246039249001721,0.00158701031851807,0.035));
#12966=CARTESIAN_POINT('',(-0.00246039249001721,0.00158701031851807,0.035));
#12967=CARTESIAN_POINT('',(-0.00247934635732842,0.00169622069683505,0.035));
#12968=CARTESIAN_POINT('',(-0.0025244746128313,0.00174706519803497,0.035));
#12969=CARTESIAN_POINT('',(-0.0042848595035251,0.00132813558968266,0.0350000000000003));
#12970=CARTESIAN_POINT('',(-0.002441438622706,0.00129367665774933,0.035));
#12971=CARTESIAN_POINT('',(-0.00244166481644016,0.00129368088597228,0.03500000025));
#12972=CARTESIAN_POINT('',(-0.0042848595035251,0.00132813558968266,0.035));
#12973=CARTESIAN_POINT('',(-0.002441438622706,0.000896848864360638,0.035));
#12974=CARTESIAN_POINT('',(-0.002441438622706,0.000500048268359221,0.035));
#12975=CARTESIAN_POINT('',(-0.002441438622706,0.000500048268359221,0.035));
#12976=CARTESIAN_POINT('',(-0.002441438622706,0.000896848864360638,0.035));
#12977=CARTESIAN_POINT('',(-0.0029047233335238,0.000825010701696125,0.0350000000000001));
#12978=CARTESIAN_POINT('',(-0.00256779773811407,0.00037035255016033,0.035));
#12979=CARTESIAN_POINT('',(-0.00256779908783415,0.000370354362674379,0.035));
#12980=CARTESIAN_POINT('',(-0.0029047233335238,0.000825010701696125,0.035));
#12981=CARTESIAN_POINT('',(-0.002813062810278,0.000699834609804844,0.0350000000000001));
#12982=CARTESIAN_POINT('',(-0.0027314628780712,0.000297279246691694,0.035));
#12983=CARTESIAN_POINT('',(-0.0027314628780712,0.000297279246691694,0.035));
#12984=CARTESIAN_POINT('',(-0.002813062810278,0.000699834609804844,0.035));
#12985=CARTESIAN_POINT('',(-0.0027314628780712,0.000154338633819861,0.035));
#12986=CARTESIAN_POINT('',(-0.0027314628780712,1.15426630991246E-5,0.035));
#12987=CARTESIAN_POINT('',(-0.0027314628780712,1.15426630991246E-5,0.035));
#12988=CARTESIAN_POINT('',(-0.0027314628780712,0.000154338633819861,0.035));
#12989=CARTESIAN_POINT('',(-0.00291721454206664,0.000777133436189276,0.0350000000000001));
#12990=CARTESIAN_POINT('',(-0.00248506260302545,0.000118536884454241,0.035));
#12991=CARTESIAN_POINT('',(-0.00248506260302545,0.000118536884454241,0.035));
#12992=CARTESIAN_POINT('',(-0.00291721454206664,0.000777133436189276,0.035));
#12993=CARTESIAN_POINT('',(-0.00233613935986593,0.000285812284851595,0.035));
#12994=CARTESIAN_POINT('',(-0.00233613935986593,0.000285812284851595,0.036));
#12995=CARTESIAN_POINT('',(-0.00236141118294755,0.00022323443722093,0.035));
#12996=CARTESIAN_POINT('',(-0.00236141118294755,0.00022323443722093,0.036));
#12997=CARTESIAN_POINT('',(-0.00241105226400072,0.000167475970421812,0.035));
#12998=CARTESIAN_POINT('',(-0.00241105226400072,0.000167475970421812,0.036));
#12999=CARTESIAN_POINT('',(-0.00248506260302545,0.000118536884454241,0.035));
#13000=CARTESIAN_POINT('',(-0.00248506260302545,0.000118536884454241,0.036));
#13001=CARTESIAN_POINT('',(-0.00233613935986593,0.000285812284851595,0.035));
#13002=CARTESIAN_POINT('',(-0.00233613935986593,0.000285812284851595,0.035));
#13003=CARTESIAN_POINT('',(-0.00233613935986593,0.000285812284851595,0.035));
#13004=CARTESIAN_POINT('',(-0.00237404709448836,0.000191945513405598,0.035));
#13005=CARTESIAN_POINT('',(-0.00248506260302545,0.000118536884454241,0.035));
#13006=CARTESIAN_POINT('',(-0.00195928168995105,0.000401725854848378,0.035));
#13007=CARTESIAN_POINT('',(-0.00228168459822579,0.000174796776314502,0.035));
#13008=CARTESIAN_POINT('',(-0.00228169787126921,0.000174787376318025,0.035));
#13009=CARTESIAN_POINT('',(-0.00195928168995105,0.000401725854848378,0.035));
#13010=CARTESIAN_POINT('',(-0.00190524620687645,0.000441694651673383,0.035));
#13011=CARTESIAN_POINT('',(-0.00219533920269694,8.27351350886197E-5,0.035));
#13012=CARTESIAN_POINT('',(-0.00219531454380031,8.27652372197212E-5,0.035));
#13013=CARTESIAN_POINT('',(-0.00190524620687645,0.000441694651673383,0.035));
#13014=CARTESIAN_POINT('',(-0.00192693022563105,0.000406058989460703,0.035));
#13015=CARTESIAN_POINT('',(-0.00209003993985688,1.8953867311211E-5,0.035));
#13016=CARTESIAN_POINT('',(-0.00209001831046927,1.90012706173123E-5,0.035));
#13017=CARTESIAN_POINT('',(-0.00192693022563105,0.000406058989460703,0.035));
#13018=CARTESIAN_POINT('',(-0.00198033568555725,0.000269244959177467,0.0350000000000001));
#13019=CARTESIAN_POINT('',(-0.00198662834359396,-3.7831971262105E-6,0.035));
#13020=CARTESIAN_POINT('',(-0.00198662834668641,-3.78319209589023E-6,0.035));
#13021=CARTESIAN_POINT('',(-0.00198033568555725,0.000269244959177467,0.035));
#13022=CARTESIAN_POINT('',(-0.00192637479989976,0.000122447999931157,0.035));
#13023=CARTESIAN_POINT('',(-0.00186634168024521,0.000248217385607423,0.035));
#13024=CARTESIAN_POINT('',(-0.0018663416802452,0.000248217385607458,0.035));
#13025=CARTESIAN_POINT('',(-0.00192637479989976,0.000122447999931157,0.035));
#13026=CARTESIAN_POINT('',(-0.0018206752023264,0.000360102773946801,0.035));
#13027=CARTESIAN_POINT('',(-0.00193209104559678,0.000312287528079954,0.035));
#13028=CARTESIAN_POINT('',(-0.00193194189756095,0.00031234417559837,0.035));
#13029=CARTESIAN_POINT('',(-0.0018206752023264,0.000360102773946801,0.035));
#13030=CARTESIAN_POINT('',(-0.00155793349945088,0.000495014521528046,0.035));
#13031=CARTESIAN_POINT('',(-0.00196789279496241,0.000421197051360246,0.035));
#13032=CARTESIAN_POINT('',(-0.00196785300220574,0.00042120409287,0.035));
#13033=CARTESIAN_POINT('',(-0.00155793349945088,0.000495014521528046,0.035));
#13034=CARTESIAN_POINT('',(-0.00103620038116172,0.000599892230376491,0.035));
#13035=CARTESIAN_POINT('',(-0.00103620038116172,0.000599892230376491,0.035));
#13036=CARTESIAN_POINT('',(-0.0137196881324053,-0.0311853888835758,0.035));
#13037=CARTESIAN_POINT('',(0.00579085774613001,0.00116009702146079,0.035));
#13038=CARTESIAN_POINT('',(0.00618588040929858,0.000199166034286059,0.035));
#13039=CARTESIAN_POINT('',(0.00618588040929858,0.000199166034286059,0.035));
#13040=CARTESIAN_POINT('',(0.00579085774613001,0.00116009702146079,0.035));
#13041=CARTESIAN_POINT('',(0.00539583508296144,0.00212102800863553,0.035));
#13042=CARTESIAN_POINT('',(0.00539583508296144,0.00212102800863553,0.035));
#13043=CARTESIAN_POINT('',(0.00626289929869017,0.00038359017177451,0.035));
#13044=CARTESIAN_POINT('',(0.00633991818808176,0.00056801430926296,0.035));
#13045=CARTESIAN_POINT('',(0.00633991818808176,0.00056801430926296,0.035));
#13046=CARTESIAN_POINT('',(0.00626289929869017,0.00038359017177451,0.035));
#13047=CARTESIAN_POINT('',(0.00636609257627343,0.000631795577040369,0.035));
#13048=CARTESIAN_POINT('',(0.0063922669644651,0.000695576844817778,0.035));
#13049=CARTESIAN_POINT('',(0.0063922669644651,0.000695576844817778,0.035));
#13050=CARTESIAN_POINT('',(0.00636609257627343,0.000631795577040369,0.035));
#13051=CARTESIAN_POINT('',(0.0061214974314478,0.00140830242672665,0.035));
#13052=CARTESIAN_POINT('',(0.0058507278984305,0.00212102800863553,0.035));
#13053=CARTESIAN_POINT('',(0.0058507278984305,0.00212102800863553,0.035));
#13054=CARTESIAN_POINT('',(0.0061214974314478,0.00140830242672665,0.035));
#13055=CARTESIAN_POINT('',(0.00562328149069597,0.00212102800863553,0.035));
#13056=CARTESIAN_POINT('',(0.00562328149069597,0.00212102800863553,0.035));
#13057=CARTESIAN_POINT('',(-0.0137196881324053,-0.0311853888835758,0.035));
#13058=CARTESIAN_POINT('',(-0.05949461091177,-0.0652922633257731,0.035));
#13059=CARTESIAN_POINT('',(-0.0595233922413172,-0.0652116438004669,0.035));
#13060=CARTESIAN_POINT('',(-0.0595233922413172,-0.0652116438004669,0.035));
#13061=CARTESIAN_POINT('',(-0.05949461091177,-0.0652922633257731,0.035));
#13062=CARTESIAN_POINT('',(-0.0594658295822228,-0.0653728828510793,0.035));
#13063=CARTESIAN_POINT('',(-0.0594658295822228,-0.0653728828510793,0.035));
#13064=CARTESIAN_POINT('',(-0.0596566450267346,-0.0652116438004669,0.035));
#13065=CARTESIAN_POINT('',(-0.0597898978121521,-0.0652116438004669,0.035));
#13066=CARTESIAN_POINT('',(-0.0597898978121521,-0.0652116438004669,0.035));
#13067=CARTESIAN_POINT('',(-0.0596566450267346,-0.0652116438004669,0.035));
#13068=CARTESIAN_POINT('',(-0.0598177250644767,-0.0652922633257731,0.035));
#13069=CARTESIAN_POINT('',(-0.0598455523168013,-0.0653728828510793,0.035));
#13070=CARTESIAN_POINT('',(-0.0598455523168013,-0.0653728828510793,0.035));
#13071=CARTESIAN_POINT('',(-0.0598177250644767,-0.0652922633257731,0.035));
#13072=CARTESIAN_POINT('',(-0.0596556909495121,-0.0653728828510793,0.035));
#13073=CARTESIAN_POINT('',(-0.0596556909495121,-0.0653728828510793,0.035));
#13074=CARTESIAN_POINT('',(-0.0137196881324053,-0.0311853888835758,0.035));
#13075=CARTESIAN_POINT('',(-0.0585045967804945,-0.0646124833046997,0.035));
#13076=CARTESIAN_POINT('',(-0.058517476822999,-0.0645558747228279,0.035));
#13077=CARTESIAN_POINT('',(-0.058517476822999,-0.0645558747228279,0.035));
#13078=CARTESIAN_POINT('',(-0.0585045967804945,-0.0646124833046997,0.035));
#13079=CARTESIAN_POINT('',(-0.0584917167379899,-0.0646690918865716,0.035));
#13080=CARTESIAN_POINT('',(-0.0584917167379899,-0.0646690918865716,0.035));
#13081=CARTESIAN_POINT('',(-0.0586248105105369,-0.0645558747228279,0.035));
#13082=CARTESIAN_POINT('',(-0.0587321441980748,-0.0645558747228279,0.035));
#13083=CARTESIAN_POINT('',(-0.0587321441980748,-0.0645558747228279,0.035));
#13084=CARTESIAN_POINT('',(-0.0586248105105369,-0.0645558747228279,0.035));
#13085=CARTESIAN_POINT('',(-0.0587321441980748,-0.0651163950910814,0.035));
#13086=CARTESIAN_POINT('',(-0.0587321441980748,-0.0656769154593349,0.035));
#13087=CARTESIAN_POINT('',(-0.0587321441980748,-0.0656769154593349,0.035));
#13088=CARTESIAN_POINT('',(-0.0587321441980748,-0.0651163950910814,0.035));
#13089=CARTESIAN_POINT('',(-0.0586119304680324,-0.0656769154593349,0.035));
#13090=CARTESIAN_POINT('',(-0.0584917167379899,-0.0656769154593349,0.035));
#13091=CARTESIAN_POINT('',(-0.0584917167379899,-0.0656769154593349,0.035));
#13092=CARTESIAN_POINT('',(-0.0586119304680324,-0.0656769154593349,0.035));
#13093=CARTESIAN_POINT('',(-0.0584917167379899,-0.0651730036729532,0.035));
#13094=CARTESIAN_POINT('',(-0.0584917167379899,-0.0651730036729532,0.035));
#13095=CARTESIAN_POINT('',(-0.0137196881324053,-0.0311853888835758,0.035));
#13096=CARTESIAN_POINT('',(-0.0580736179891274,-0.0648537228093929,0.035));
#13097=CARTESIAN_POINT('',(-0.0578973266283356,-0.064678950684538,0.035));
#13098=CARTESIAN_POINT('',(-0.057897380125123,-0.0646790030812701,0.035));
#13099=CARTESIAN_POINT('',(-0.0580736179891274,-0.0648537228093929,0.035));
#13100=CARTESIAN_POINT('',(-0.0578446968839667,-0.0647576635140381,0.035));
#13101=CARTESIAN_POINT('',(-0.0578446933682244,-0.0647576620553991,0.035));
#13102=CARTESIAN_POINT('',(-0.0583637608321842,-0.0651359514016486,0.035));
#13103=CARTESIAN_POINT('',(-0.0580207206157866,-0.0645806807306144,0.035));
#13104=CARTESIAN_POINT('',(-0.0580206205501671,-0.064580508291945,0.035));
#13105=CARTESIAN_POINT('',(-0.0583637608321842,-0.0651359514016486,0.035));
#13106=CARTESIAN_POINT('',(-0.0581612297881772,-0.0648347963016204,0.035));
#13107=CARTESIAN_POINT('',(-0.0581717828426918,-0.0645437897446755,0.035));
#13108=CARTESIAN_POINT('',(-0.0581717725494905,-0.0645439620780483,0.035));
#13109=CARTESIAN_POINT('',(-0.0581612297881772,-0.0648347963016204,0.035));
#13110=CARTESIAN_POINT('',(-0.0581683359334506,-0.0649467221276884,0.035));
#13111=CARTESIAN_POINT('',(-0.0582939047271793,-0.0645636663534788,0.035));
#13112=CARTESIAN_POINT('',(-0.0582938914079727,-0.0645637069121984,0.035));
#13113=CARTESIAN_POINT('',(-0.0581683359334506,-0.0649467221276884,0.035));
#13114=CARTESIAN_POINT('',(-0.0580763192670689,-0.0652594239983761,0.035));
#13115=CARTESIAN_POINT('',(-0.0584103021483315,-0.0646114870532917,0.035));
#13116=CARTESIAN_POINT('',(-0.0584103021483315,-0.0646114870532917,0.035));
#13117=CARTESIAN_POINT('',(-0.0580763192670689,-0.0652594239983761,0.035));
#13118=CARTESIAN_POINT('',(-0.0584103021483315,-0.0646880144181523,0.035));
#13119=CARTESIAN_POINT('',(-0.0584103021483315,-0.0647644996088275,0.035));
#13120=CARTESIAN_POINT('',(-0.0584103021483315,-0.0647644996088275,0.035));
#13121=CARTESIAN_POINT('',(-0.0584103021483315,-0.0646880144181523,0.035));
#13122=CARTESIAN_POINT('',(-0.058240921097594,-0.0651401844023056,0.035));
#13123=CARTESIAN_POINT('',(-0.0583198238250589,-0.0647357182792803,0.035));
#13124=CARTESIAN_POINT('',(-0.0583198101626113,-0.0647357810248261,0.035));
#13125=CARTESIAN_POINT('',(-0.0582408735891996,-0.0651405074103631,0.035));
#13126=CARTESIAN_POINT('',(-0.0582299340048626,-0.0651501378485162,0.035));
#13127=CARTESIAN_POINT('',(-0.0582452467888288,-0.064726654545666,0.035));
#13128=CARTESIAN_POINT('',(-0.0582452314778767,-0.0647268460829208,0.035));
#13129=CARTESIAN_POINT('',(-0.0582299340048626,-0.0651501378485162,0.035));
#13130=CARTESIAN_POINT('',(-0.0582337805486066,-0.0649089266705479,0.035));
#13131=CARTESIAN_POINT('',(-0.0581399802686065,-0.064753527720768,0.035));
#13132=CARTESIAN_POINT('',(-0.0581398454870733,-0.0647532751279563,0.035));
#13133=CARTESIAN_POINT('',(-0.0582337805486066,-0.0649089266705479,0.035));
#13134=CARTESIAN_POINT('',(-0.0582472989253987,-0.0648997869987627,0.035));
#13135=CARTESIAN_POINT('',(-0.0580803504421965,-0.0648281047569981,0.035));
#13136=CARTESIAN_POINT('',(-0.0580803596767921,-0.0648281079930449,0.035));
#13137=CARTESIAN_POINT('',(-0.0582472989253987,-0.0648997869987627,0.035));
#13138=CARTESIAN_POINT('',(-0.0583947726361321,-0.0649654733882432,0.035));
#13139=CARTESIAN_POINT('',(-0.0580525231898719,-0.0649375056118515,0.035));
#13140=CARTESIAN_POINT('',(-0.0580525795629827,-0.0649375095999045,0.035));
#13141=CARTESIAN_POINT('',(-0.0583947726361321,-0.0649654733882432,0.035));
#13142=CARTESIAN_POINT('',(-0.0593729732072599,-0.0650635393245571,0.035));
#13143=CARTESIAN_POINT('',(-0.0580464807007957,-0.0650666240626379,0.035));
#13144=CARTESIAN_POINT('',(-0.0580464918163509,-0.0650666240367888,0.03500000025));
#13145=CARTESIAN_POINT('',(-0.0593729732072599,-0.0650635393245571,0.035));
#13146=CARTESIAN_POINT('',(-0.0580464807007957,-0.0653717697609864,0.035));
#13147=CARTESIAN_POINT('',(-0.0580464807007957,-0.0656769154593349,0.035));
#13148=CARTESIAN_POINT('',(-0.0580464807007957,-0.0656769154593349,0.035));
#13149=CARTESIAN_POINT('',(-0.0580464807007957,-0.0653717697609864,0.035));
#13150=CARTESIAN_POINT('',(-0.0579253128935306,-0.0656769154593349,0.035));
#13151=CARTESIAN_POINT('',(-0.0578041450862656,-0.0656769154593349,0.035));
#13152=CARTESIAN_POINT('',(-0.0578041450862656,-0.0656769154593349,0.035));
#13153=CARTESIAN_POINT('',(-0.0579253128935306,-0.0656769154593349,0.035));
#13154=CARTESIAN_POINT('',(-0.0578041450862656,-0.0656570388505315,0.035));
#13155=CARTESIAN_POINT('',(-0.0578041450862656,-0.065046906466705,0.035));
#13156=CARTESIAN_POINT('',(-0.0578041450862656,-0.065046906466705,0.035));
#13157=CARTESIAN_POINT('',(-0.0578041450862656,-0.0656570388505315,0.035));
#13158=CARTESIAN_POINT('',(-0.0603496536852563,-0.0650481592546993,0.035));
#13159=CARTESIAN_POINT('',(-0.0578060532407108,-0.0649494315771335,0.035));
#13160=CARTESIAN_POINT('',(-0.0578060532407108,-0.0649494315771335,0.035));
#13161=CARTESIAN_POINT('',(-0.0603494031967137,-0.065047975952425,0.035));
#13162=CARTESIAN_POINT('',(-0.0584992097255762,-0.0649757404027855,0.035));
#13163=CARTESIAN_POINT('',(-0.0578168661158998,-0.0648510026103395,0.035));
#13164=CARTESIAN_POINT('',(-0.0578168706744615,-0.0648510034365453,0.035));
#13165=CARTESIAN_POINT('',(-0.0584993832340573,-0.0649757886636737,0.035));
#13166=CARTESIAN_POINT('',(-0.0582528530232736,-0.0649300795669163,0.035));
#13167=CARTESIAN_POINT('',(-0.0582528530232736,-0.0649300795669163,0.035));
#13168=CARTESIAN_POINT('',(-0.0137196881324053,-0.0311853888835758,0.035));
#13169=CARTESIAN_POINT('',(-0.0559181161516748,-0.0651707590278967,0.035));
#13170=CARTESIAN_POINT('',(-0.0572374232160655,-0.0651661661195249,0.035));
#13171=CARTESIAN_POINT('',(-0.0572374062142916,-0.0651661661787132,0.03500000025));
#13172=CARTESIAN_POINT('',(-0.0559181161516748,-0.0651707590278967,0.035));
#13173=CARTESIAN_POINT('',(-0.0572313249439171,-0.0652962345861497,0.03500000025));
#13174=CARTESIAN_POINT('',(-0.0572313807269893,-0.0652962386475338,0.035));
#13175=CARTESIAN_POINT('',(-0.0572374232160655,-0.0648610204211764,0.035));
#13176=CARTESIAN_POINT('',(-0.0572374232160655,-0.0645558747228279,0.035));
#13177=CARTESIAN_POINT('',(-0.0572374232160655,-0.0645558747228279,0.035));
#13178=CARTESIAN_POINT('',(-0.0572374232160655,-0.0648610204211764,0.035));
#13179=CARTESIAN_POINT('',(-0.0573585910233305,-0.0645558747228279,0.035));
#13180=CARTESIAN_POINT('',(-0.0574797588305955,-0.0645558747228279,0.035));
#13181=CARTESIAN_POINT('',(-0.0574797588305955,-0.0645558747228279,0.035));
#13182=CARTESIAN_POINT('',(-0.0573585910233305,-0.0645558747228279,0.035));
#13183=CARTESIAN_POINT('',(-0.0574797588305955,-0.0648708792191428,0.035));
#13184=CARTESIAN_POINT('',(-0.0574797588305955,-0.0651858837154578,0.035));
#13185=CARTESIAN_POINT('',(-0.0574798329092251,-0.0651858844416396,0.035));
#13186=CARTESIAN_POINT('',(-0.0574797588305955,-0.0648708792191428,0.035));
#13187=CARTESIAN_POINT('',(-0.0574794324357562,-0.0652342947654042,0.0349999999921693));
#13188=CARTESIAN_POINT('',(-0.057478804753373,-0.0652833586050292,0.035));
#13189=CARTESIAN_POINT('',(-0.0574788774366897,-0.0652833589842713,0.035));
#13190=CARTESIAN_POINT('',(-0.0574794324357562,-0.0652342947654042,0.035));
#13191=CARTESIAN_POINT('',(-0.0568680518701508,-0.0652719197171749,0.035));
#13192=CARTESIAN_POINT('',(-0.0574689459554065,-0.0653817875718232,0.035));
#13193=CARTESIAN_POINT('',(-0.0574689459554065,-0.0653817875718232,0.035));
#13194=CARTESIAN_POINT('',(-0.056867853248508,-0.065271872974428,0.035));
#13195=CARTESIAN_POINT('',(-0.0570649229255993,-0.0653083658672531,0.035));
#13196=CARTESIAN_POINT('',(-0.0574401646258593,-0.0654751281267636,0.035));
#13197=CARTESIAN_POINT('',(-0.0574401547860254,-0.065475123809998,0.035));
#13198=CARTESIAN_POINT('',(-0.0570645956360407,-0.0653082183620705,0.035));
#13199=CARTESIAN_POINT('',(-0.057203900568341,-0.0653712655800108,0.035));
#13200=CARTESIAN_POINT('',(-0.0573865772885256,-0.0655535214718839,0.035));
#13201=CARTESIAN_POINT('',(-0.0573865753638755,-0.0655535195880275,0.035));
#13202=CARTESIAN_POINT('',(-0.057203900568341,-0.0653712655800108,0.035));
#13203=CARTESIAN_POINT('',(-0.0568758292113714,-0.0650459928628955,0.035));
#13204=CARTESIAN_POINT('',(-0.0573267884492452,-0.065607267822088,0.035));
#13205=CARTESIAN_POINT('',(-0.0573267940620826,-0.0656072747828813,0.035));
#13206=CARTESIAN_POINT('',(-0.0568758292113714,-0.0650459928628955,0.035));
#13207=CARTESIAN_POINT('',(-0.0570104637734962,-0.0652112838512523,0.035));
#13208=CARTESIAN_POINT('',(-0.0572641373782972,-0.0656500422842328,0.035));
#13209=CARTESIAN_POINT('',(-0.0572641373782972,-0.0656500422842328,0.035));
#13210=CARTESIAN_POINT('',(-0.0570104135789402,-0.0652111478489851,0.035));
#13211=CARTESIAN_POINT('',(-0.057134829379579,-0.0654255737031161,0.035));
#13212=CARTESIAN_POINT('',(-0.0571936946766982,-0.0656778695365574,0.035));
#13213=CARTESIAN_POINT('',(-0.0571937028071758,-0.0656779070374861,0.035));
#13214=CARTESIAN_POINT('',(-0.057134829379579,-0.0654255737031161,0.035));
#13215=CARTESIAN_POINT('',(-0.0571131936145373,-0.0653123906164672,0.035));
#13216=CARTESIAN_POINT('',(-0.0571083047652792,-0.0656867742573013,0.035));
#13217=CARTESIAN_POINT('',(-0.0571083053183046,-0.0656867594549081,0.035));
#13218=CARTESIAN_POINT('',(-0.0571131936145373,-0.0653123906164672,0.035));
#13219=CARTESIAN_POINT('',(-0.0571104348534495,-0.0653184109065852,0.035));
#13220=CARTESIAN_POINT('',(-0.0569879320223663,-0.0656659435712754,0.035));
#13221=CARTESIAN_POINT('',(-0.0569879429551315,-0.065665912520946,0.035));
#13222=CARTESIAN_POINT('',(-0.0571104348534495,-0.0653184109065852,0.035));
#13223=CARTESIAN_POINT('',(-0.0572286471958274,-0.0649566333961403,0.035));
#13224=CARTESIAN_POINT('',(-0.0568755099229747,-0.0656171672051621,0.035));
#13225=CARTESIAN_POINT('',(-0.0568755099229747,-0.0656171672051621,0.035));
#13226=CARTESIAN_POINT('',(-0.0572286471958274,-0.0649566333961403,0.035));
#13227=CARTESIAN_POINT('',(-0.0568755099229747,-0.0655436626739174,0.035));
#13228=CARTESIAN_POINT('',(-0.0568755099229747,-0.0654701987277804,0.035));
#13229=CARTESIAN_POINT('',(-0.0568755099229747,-0.0654701987277804,0.035));
#13230=CARTESIAN_POINT('',(-0.0568755099229747,-0.0655436626739174,0.035));
#13231=CARTESIAN_POINT('',(-0.0570372956605011,-0.0650703552644347,0.035));
#13232=CARTESIAN_POINT('',(-0.0569671013363404,-0.0654959588127895,0.035));
#13233=CARTESIAN_POINT('',(-0.0569671127820989,-0.0654958968979918,0.035));
#13234=CARTESIAN_POINT('',(-0.0570372956605011,-0.0650703552644347,0.035));
#13235=CARTESIAN_POINT('',(-0.0570596099066759,-0.0650026220773581,0.035));
#13236=CARTESIAN_POINT('',(-0.0570405652824775,-0.0655039094563108,0.035));
#13237=CARTESIAN_POINT('',(-0.0570405751161961,-0.0655037617527518,0.035));
#13238=CARTESIAN_POINT('',(-0.0570596099066759,-0.0650026220773581,0.035));
#13239=CARTESIAN_POINT('',(-0.0570503468583007,-0.0653219744187175,0.035));
#13240=CARTESIAN_POINT('',(-0.0571458318026998,-0.0654760822039862,0.035));
#13241=CARTESIAN_POINT('',(-0.057145945626687,-0.0654762768104345,0.035));
#13242=CARTESIAN_POINT('',(-0.0570503468583007,-0.0653219744187175,0.035));
#13243=CARTESIAN_POINT('',(-0.0570479304863913,-0.0653358265367707,0.035));
#13244=CARTESIAN_POINT('',(-0.0572054616291098,-0.0654026182578491,0.035));
#13245=CARTESIAN_POINT('',(-0.0572055079177711,-0.065402636936513,0.035));
#13246=CARTESIAN_POINT('',(-0.0570479304863913,-0.0653358265367707,0.035));
#13247=CARTESIAN_POINT('',(-0.0568774762718211,-0.0652673542068269,0.035));
#13248=CARTESIAN_POINT('',(-0.0568774762718211,-0.0652673542068269,0.035));
#13249=CARTESIAN_POINT('',(-0.0137196881324053,-0.0311853888835758,0.035));
#13250=CARTESIAN_POINT('',(-0.0565517597187863,-0.0651163950910814,0.035));
#13251=CARTESIAN_POINT('',(-0.0565517597187863,-0.0645558747228279,0.035));
#13252=CARTESIAN_POINT('',(-0.0565517597187863,-0.0645558747228279,0.035));
#13253=CARTESIAN_POINT('',(-0.0565517597187863,-0.0651163950910814,0.035));
#13254=CARTESIAN_POINT('',(-0.0565517597187863,-0.0656769154593349,0.035));
#13255=CARTESIAN_POINT('',(-0.0565517597187863,-0.0656769154593349,0.035));
#13256=CARTESIAN_POINT('',(-0.0566729275260514,-0.0645558747228279,0.035));
#13257=CARTESIAN_POINT('',(-0.0567940953333164,-0.0645558747228279,0.035));
#13258=CARTESIAN_POINT('',(-0.0567940953333164,-0.0645558747228279,0.035));
#13259=CARTESIAN_POINT('',(-0.0566729275260514,-0.0645558747228279,0.035));
#13260=CARTESIAN_POINT('',(-0.0567940953333164,-0.0650586734191165,0.035));
#13261=CARTESIAN_POINT('',(-0.0567940953333164,-0.0655614721154052,0.035));
#13262=CARTESIAN_POINT('',(-0.0567940953333164,-0.0655614721154052,0.035));
#13263=CARTESIAN_POINT('',(-0.0567940953333164,-0.0650586734191165,0.035));
#13264=CARTESIAN_POINT('',(-0.0567812152908118,-0.06561919378737,0.035));
#13265=CARTESIAN_POINT('',(-0.0567683352483073,-0.0656769154593349,0.035));
#13266=CARTESIAN_POINT('',(-0.0567683352483073,-0.0656769154593349,0.035));
#13267=CARTESIAN_POINT('',(-0.0567812152908118,-0.06561919378737,0.035));
#13268=CARTESIAN_POINT('',(-0.0566600474835468,-0.0656769154593349,0.035));
#13269=CARTESIAN_POINT('',(-0.0566600474835468,-0.0656769154593349,0.035));
#13270=CARTESIAN_POINT('',(-0.0137196881324053,-0.0311853888835758,0.035));
#13271=CARTESIAN_POINT('',(-0.0559861509386792,-0.0646134373819223,0.035));
#13272=CARTESIAN_POINT('',(-0.0559990309811838,-0.0645558747228279,0.035));
#13273=CARTESIAN_POINT('',(-0.0559990309811838,-0.0645558747228279,0.035));
#13274=CARTESIAN_POINT('',(-0.0559861509386792,-0.0646134373819223,0.035));
#13275=CARTESIAN_POINT('',(-0.0559732708961747,-0.0646710000410167,0.035));
#13276=CARTESIAN_POINT('',(-0.0559732708961747,-0.0646710000410167,0.035));
#13277=CARTESIAN_POINT('',(-0.0561063646687217,-0.0645558747228279,0.035));
#13278=CARTESIAN_POINT('',(-0.0562136983562596,-0.0645558747228279,0.035));
#13279=CARTESIAN_POINT('',(-0.0562136983562596,-0.0645558747228279,0.035));
#13280=CARTESIAN_POINT('',(-0.0561063646687217,-0.0645558747228279,0.035));
#13281=CARTESIAN_POINT('',(-0.0562136983562596,-0.0651163950910814,0.035));
#13282=CARTESIAN_POINT('',(-0.0562136983562596,-0.0656769154593349,0.035));
#13283=CARTESIAN_POINT('',(-0.0562136983562596,-0.0656769154593349,0.035));
#13284=CARTESIAN_POINT('',(-0.0562136983562596,-0.0651163950910814,0.035));
#13285=CARTESIAN_POINT('',(-0.0560934846262171,-0.0656769154593349,0.035));
#13286=CARTESIAN_POINT('',(-0.0559732708961747,-0.0656769154593349,0.035));
#13287=CARTESIAN_POINT('',(-0.0559732708961747,-0.0656769154593349,0.035));
#13288=CARTESIAN_POINT('',(-0.0560934846262171,-0.0656769154593349,0.035));
#13289=CARTESIAN_POINT('',(-0.0559732708961747,-0.0654800575257468,0.035));
#13290=CARTESIAN_POINT('',(-0.0559732708961747,-0.0654800575257468,0.035));
#13291=CARTESIAN_POINT('',(-0.0137196881324053,-0.0311853888835758,0.035));
#13292=CARTESIAN_POINT('',(-0.0556897393897348,-0.0649866104052319,0.035));
#13293=CARTESIAN_POINT('',(-0.0558918563065163,-0.0646052764287439,0.035));
#13294=CARTESIAN_POINT('',(-0.0558918563065163,-0.0646052764287439,0.035));
#13295=CARTESIAN_POINT('',(-0.0556897393897348,-0.0649866104052319,0.035));
#13296=CARTESIAN_POINT('',(-0.0557726158837176,-0.0645627400739095,0.03500000025));
#13297=CARTESIAN_POINT('',(-0.0557725966536964,-0.0645628712891266,0.035));
#13298=CARTESIAN_POINT('',(-0.0558918563065163,-0.0647069369497331,0.035));
#13299=CARTESIAN_POINT('',(-0.0558918563065163,-0.0648083620962168,0.035));
#13300=CARTESIAN_POINT('',(-0.0558918563065163,-0.0648083620962168,0.035));
#13301=CARTESIAN_POINT('',(-0.0558918563065163,-0.0647069369497331,0.035));
#13302=CARTESIAN_POINT('',(-0.0557356842477723,-0.0652573866995455,0.035));
#13303=CARTESIAN_POINT('',(-0.0558074204723198,-0.0647873974621689,0.035));
#13304=CARTESIAN_POINT('',(-0.0558074186444666,-0.0647874095044317,0.035));
#13305=CARTESIAN_POINT('',(-0.0557356842477723,-0.0652573866995455,0.035));
#13306=CARTESIAN_POINT('',(-0.0557181270668446,-0.0653522173679193,0.035));
#13307=CARTESIAN_POINT('',(-0.0557188503034922,-0.0647804008958701,0.035));
#13308=CARTESIAN_POINT('',(-0.0557188507177476,-0.0647805053747377,0.035));
#13309=CARTESIAN_POINT('',(-0.0557182293789355,-0.0653523684289393,0.035));
#13310=CARTESIAN_POINT('',(-0.0557209254738121,-0.065332143061101,0.035));
#13311=CARTESIAN_POINT('',(-0.0555836893636297,-0.0647979613658738,0.035));
#13312=CARTESIAN_POINT('',(-0.0555836893636297,-0.0647979613658738,0.035));
#13313=CARTESIAN_POINT('',(-0.0557209254738121,-0.065332143061101,0.035));
#13314=CARTESIAN_POINT('',(-0.0555836893636297,-0.0646730672083322,0.035));
#13315=CARTESIAN_POINT('',(-0.0555836893636297,-0.0645482888876572,0.035));
#13316=CARTESIAN_POINT('',(-0.0555836893636297,-0.0645482888876572,0.035));
#13317=CARTESIAN_POINT('',(-0.0555836893636297,-0.0646730672083322,0.035));
#13318=CARTESIAN_POINT('',(-0.0556062721759163,-0.0655160071082423,0.035));
#13319=CARTESIAN_POINT('',(-0.0556062721759163,-0.0655160071082423,0.035));
#13320=CARTESIAN_POINT('',(-0.0137196881324053,-0.0311853888835758,0.035));
#13321=CARTESIAN_POINT('',(-0.0551324108373592,-0.0653388540968081,0.035));
#13322=CARTESIAN_POINT('',(-0.0551324108373592,-0.0653388540968081,0.036));
#13323=CARTESIAN_POINT('',(-0.0551324108373592,-0.0653986429360884,0.035));
#13324=CARTESIAN_POINT('',(-0.0551324108373592,-0.0653986429360884,0.036));
#13325=CARTESIAN_POINT('',(-0.0551201668463364,-0.0654431135355177,0.035));
#13326=CARTESIAN_POINT('',(-0.0551201668463364,-0.0654431135355177,0.036));
#13327=CARTESIAN_POINT('',(-0.0550956788642907,-0.0654722658950959,0.035));
#13328=CARTESIAN_POINT('',(-0.0550956788642907,-0.0654722658950959,0.036));
#13329=CARTESIAN_POINT('',(-0.0551324108373592,-0.0653388540968081,0.035));
#13330=CARTESIAN_POINT('',(-0.0551324108373592,-0.0653388540968081,0.035));
#13331=CARTESIAN_POINT('',(-0.0551324108373592,-0.0653388540968081,0.035));
#13332=CARTESIAN_POINT('',(-0.0551324108373592,-0.0654285373557286,0.035));
#13333=CARTESIAN_POINT('',(-0.0550956788642907,-0.0654722658950959,0.035));
#13334=CARTESIAN_POINT('',(-0.0550956788642907,-0.0654722658950959,0.035));
#13335=CARTESIAN_POINT('',(-0.0550956788642907,-0.0654722658950959,0.035));
#13336=CARTESIAN_POINT('',(-0.0549326732733358,-0.065329802054558,0.035));
#13337=CARTESIAN_POINT('',(-0.0551076048295727,-0.0652345416538083,0.035));
#13338=CARTESIAN_POINT('',(-0.0551077286387795,-0.0652344794847504,0.035));
#13339=CARTESIAN_POINT('',(-0.0549326732733358,-0.065329802054558,0.035));
#13340=CARTESIAN_POINT('',(-0.0549557858885167,-0.0653235995573045,0.035));
#13341=CARTESIAN_POINT('',(-0.0550449537586246,-0.0651720495957306,0.035));
#13342=CARTESIAN_POINT('',(-0.0550449728834048,-0.065172017365404,0.035));
#13343=CARTESIAN_POINT('',(-0.0549557858885167,-0.0653235995573045,0.035));
#13344=CARTESIAN_POINT('',(-0.0549189228716651,-0.0653912287975231,0.035));
#13345=CARTESIAN_POINT('',(-0.0549633801560958,-0.0651423141889609,0.035));
#13346=CARTESIAN_POINT('',(-0.0549633769396435,-0.0651423317174964,0.035));
#13347=CARTESIAN_POINT('',(-0.0549189228716651,-0.0653912287975231,0.035));
#13348=CARTESIAN_POINT('',(-0.0548770854665879,-0.0656019402137555,0.035));
#13349=CARTESIAN_POINT('',(-0.0548798983991219,-0.0651343635454396,0.035));
#13350=CARTESIAN_POINT('',(-0.0548798985074093,-0.0651343455454816,0.03500000025));
#13351=CARTESIAN_POINT('',(-0.0548770854665879,-0.0656019402137555,0.035));
#13352=CARTESIAN_POINT('',(-0.0548581136358735,-0.0651343635454396,0.035));
#13353=CARTESIAN_POINT('',(-0.054836328872625,-0.0651343635454396,0.035));
#13354=CARTESIAN_POINT('',(-0.054836328872625,-0.0651343635454396,0.035));
#13355=CARTESIAN_POINT('',(-0.0548581136358735,-0.0651343635454396,0.035));
#13356=CARTESIAN_POINT('',(-0.054836328872625,-0.0650637618309702,0.035));
#13357=CARTESIAN_POINT('',(-0.054836328872625,-0.0649931601165008,0.035));
#13358=CARTESIAN_POINT('',(-0.054836328872625,-0.0649931601165008,0.035));
#13359=CARTESIAN_POINT('',(-0.054836328872625,-0.0650637618309702,0.035));
#13360=CARTESIAN_POINT('',(-0.0548800574119923,-0.0649931601165008,0.035));
#13361=CARTESIAN_POINT('',(-0.0549237859513596,-0.0649931601165008,0.035));
#13362=CARTESIAN_POINT('',(-0.0549237859514861,-0.0649931581054407,0.035));
#13363=CARTESIAN_POINT('',(-0.0548800574119923,-0.0649931601165008,0.035));
#13364=CARTESIAN_POINT('',(-0.0549237481157916,-0.065594657024598,0.035));
#13365=CARTESIAN_POINT('',(-0.0550807316544706,-0.0650139908025267,0.035));
#13366=CARTESIAN_POINT('',(-0.0550807192079485,-0.0650140385203573,0.035));
#13367=CARTESIAN_POINT('',(-0.0549237481157916,-0.065594657024598,0.035));
#13368=CARTESIAN_POINT('',(-0.054972546390158,-0.0654315511122242,0.0350000000000001));
#13369=CARTESIAN_POINT('',(-0.0552187548260008,-0.0650775959506973,0.035));
#13370=CARTESIAN_POINT('',(-0.0552187789029475,-0.065077561324862,0.035));
#13371=CARTESIAN_POINT('',(-0.054972546390158,-0.0654315511122242,0.035));
#13372=CARTESIAN_POINT('',(-0.0550200378731627,-0.0653576137976663,0.0350000000000001));
#13373=CARTESIAN_POINT('',(-0.0553181378700174,-0.0651869968055507,0.035));
#13374=CARTESIAN_POINT('',(-0.055318242590667,-0.0651869401386683,0.035));
#13375=CARTESIAN_POINT('',(-0.0550200378731627,-0.0653576137976663,0.035));
#13376=CARTESIAN_POINT('',(-0.0550477259477439,-0.0653358767955815,0.035));
#13377=CARTESIAN_POINT('',(-0.0553565681272776,-0.0653455988184288,0.035));
#13378=CARTESIAN_POINT('',(-0.0553565681272776,-0.0653455988184287,0.035));
#13379=CARTESIAN_POINT('',(-0.0550477259477439,-0.0653358767955815,0.035));
#13380=CARTESIAN_POINT('',(-0.0549266372752285,-0.0653580371348962,0.0350000000000001));
#13381=CARTESIAN_POINT('',(-0.0553300638352994,-0.0655059766236263,0.035));
#13382=CARTESIAN_POINT('',(-0.0553301639451313,-0.0655060100607427,0.035));
#13383=CARTESIAN_POINT('',(-0.0549266372752285,-0.0653580371348962,0.035));
#13384=CARTESIAN_POINT('',(-0.0550827048503915,-0.065411036106159,0.035));
#13385=CARTESIAN_POINT('',(-0.0552554867990693,-0.0656114021567191,0.035));
#13386=CARTESIAN_POINT('',(-0.0552555440509893,-0.0656114679700271,0.035));
#13387=CARTESIAN_POINT('',(-0.0550827048503915,-0.065411036106159,0.035));
#13388=CARTESIAN_POINT('',(-0.0550661398615239,-0.06538264229724,0.0350000000000001));
#13389=CARTESIAN_POINT('',(-0.0551452908798638,-0.0656689648158135,0.035));
#13390=CARTESIAN_POINT('',(-0.0551452864793375,-0.065668948303231,0.035));
#13391=CARTESIAN_POINT('',(-0.0550661398615239,-0.06538264229724,0.035));
#13392=CARTESIAN_POINT('',(-0.0550169692852325,-0.0652139338795372,0.035));
#13393=CARTESIAN_POINT('',(-0.0550150593389844,-0.0656867742573013,0.035));
#13394=CARTESIAN_POINT('',(-0.0550150454570373,-0.0656869433805116,0.035));
#13395=CARTESIAN_POINT('',(-0.0550169692852325,-0.0652139338795372,0.035));
#13396=CARTESIAN_POINT('',(-0.0550006226441693,-0.0656861214676227,0.0349999999921693));
#13397=CARTESIAN_POINT('',(-0.0549892992539753,-0.0656853142108246,0.0349999999921693));
#13398=CARTESIAN_POINT('',(-0.0549892992539753,-0.0656853142108246,0.035));
#13399=CARTESIAN_POINT('',(-0.0550006226441693,-0.0656861214676227,0.035));
#13400=CARTESIAN_POINT('',(-0.0549892992539753,-0.0656044055904204,0.035));
#13401=CARTESIAN_POINT('',(-0.0549892992539753,-0.0655234439063894,0.035));
#13402=CARTESIAN_POINT('',(-0.0549892992539753,-0.0655234439063892,0.035));
#13403=CARTESIAN_POINT('',(-0.0549892992539753,-0.0656044055904204,0.035));
#13404=CARTESIAN_POINT('',(-0.0549804687108021,-0.0653677230167644,0.035));
#13405=CARTESIAN_POINT('',(-0.0549804687108021,-0.0653677230167644,0.035));
#13406=CARTESIAN_POINT('',(-0.0137196881324053,-0.0311853888835758,0.035));
#13407=CARTESIAN_POINT('',(-0.0521448770277857,-0.0650954053921851,0.035));
#13408=CARTESIAN_POINT('',(-0.0521448770277857,-0.0649950682709459,0.035));
#13409=CARTESIAN_POINT('',(-0.0521448770277857,-0.0649950682709459,0.035));
#13410=CARTESIAN_POINT('',(-0.0521448770277857,-0.0650954053921851,0.035));
#13411=CARTESIAN_POINT('',(-0.0521448770277857,-0.0651957425134242,0.035));
#13412=CARTESIAN_POINT('',(-0.0521448770277857,-0.0651957425134242,0.035));
#13413=CARTESIAN_POINT('',(-0.0524608356013232,-0.0649950682709459,0.035));
#13414=CARTESIAN_POINT('',(-0.0527767941748607,-0.0649950682709459,0.035));
#13415=CARTESIAN_POINT('',(-0.0527767941748607,-0.0649950682709459,0.035));
#13416=CARTESIAN_POINT('',(-0.0524608356013232,-0.0649950682709459,0.035));
#13417=CARTESIAN_POINT('',(-0.0527767941748607,-0.0650954053921851,0.035));
#13418=CARTESIAN_POINT('',(-0.0527767941748607,-0.0651957425134242,0.035));
#13419=CARTESIAN_POINT('',(-0.0527767941748607,-0.0651957425134242,0.035));
#13420=CARTESIAN_POINT('',(-0.0527767941748607,-0.0650954053921851,0.035));
#13421=CARTESIAN_POINT('',(-0.0524608356013232,-0.0651957425134242,0.035));
#13422=CARTESIAN_POINT('',(-0.0524608356013232,-0.0651957425134242,0.035));
#13423=CARTESIAN_POINT('',(-0.0137196881324053,-0.0311853888835758,0.035));
#13424=CARTESIAN_POINT('',(-0.0531655806430535,-0.0651163950910814,0.035));
#13425=CARTESIAN_POINT('',(-0.0531644675529606,-0.0645558747228279,0.035));
#13426=CARTESIAN_POINT('',(-0.0531644675529606,-0.0645558747228279,0.035));
#13427=CARTESIAN_POINT('',(-0.0531655806430535,-0.0651163950910814,0.035));
#13428=CARTESIAN_POINT('',(-0.0531669050702098,-0.0656769070808357,0.03500000025));
#13429=CARTESIAN_POINT('',(-0.0531666937331465,-0.0656769154593349,0.035));
#13430=CARTESIAN_POINT('',(-0.0532718012404985,-0.0645558747228279,0.035));
#13431=CARTESIAN_POINT('',(-0.0533791349280364,-0.0645558747228279,0.035));
#13432=CARTESIAN_POINT('',(-0.0533791349280364,-0.0645558747228279,0.035));
#13433=CARTESIAN_POINT('',(-0.0532718012404985,-0.0645558747228279,0.035));
#13434=CARTESIAN_POINT('',(-0.0533921739834113,-0.0646124833046997,0.035));
#13435=CARTESIAN_POINT('',(-0.0534052130387863,-0.0646690918865716,0.035));
#13436=CARTESIAN_POINT('',(-0.0534052130387863,-0.0646690918865716,0.035));
#13437=CARTESIAN_POINT('',(-0.0533921739834113,-0.0646124833046997,0.035));
#13438=CARTESIAN_POINT('',(-0.0534052130387863,-0.065143109253313,0.035));
#13439=CARTESIAN_POINT('',(-0.0534052130387863,-0.0656171266200545,0.035));
#13440=CARTESIAN_POINT('',(-0.0534052130387863,-0.0656171266200545,0.035));
#13441=CARTESIAN_POINT('',(-0.0534052130387863,-0.065143109253313,0.035));
#13442=CARTESIAN_POINT('',(-0.0534747016631627,-0.0658616884147705,0.035));
#13443=CARTESIAN_POINT('',(-0.0534747016631627,-0.0658616884147705,0.036));
#13444=CARTESIAN_POINT('',(-0.0534283759135784,-0.0658139845536425,0.035));
#13445=CARTESIAN_POINT('',(-0.0534283759135784,-0.0658139845536425,0.036));
#13446=CARTESIAN_POINT('',(-0.0534052130387863,-0.0657324639554038,0.035));
#13447=CARTESIAN_POINT('',(-0.0534052130387863,-0.0657324639554038,0.036));
#13448=CARTESIAN_POINT('',(-0.0534052130387863,-0.0656171266200545,0.035));
#13449=CARTESIAN_POINT('',(-0.0534052130387863,-0.0656171266200545,0.036));
#13450=CARTESIAN_POINT('',(-0.0534747016631627,-0.0658616884147705,0.035));
#13451=CARTESIAN_POINT('',(-0.0534747016631627,-0.0658616884147705,0.035));
#13452=CARTESIAN_POINT('',(-0.0534747016631627,-0.0658616884147705,0.035));
#13453=CARTESIAN_POINT('',(-0.0534052130387863,-0.0657901326230785,0.035));
#13454=CARTESIAN_POINT('',(-0.0534052130387863,-0.0656171266200545,0.035));
#13455=CARTESIAN_POINT('',(-0.053651116187021,-0.0656756286197361,0.035));
#13456=CARTESIAN_POINT('',(-0.0536675842749901,-0.0659332442064624,0.035));
#13457=CARTESIAN_POINT('',(-0.0536675534342471,-0.065932781198678,0.035));
#13458=CARTESIAN_POINT('',(-0.053651116187021,-0.0656756286197361,0.035));
#13459=CARTESIAN_POINT('',(-0.0536627013601821,-0.0655329615965343,0.035));
#13460=CARTESIAN_POINT('',(-0.053726101011307,-0.0659283148074792,0.035));
#13461=CARTESIAN_POINT('',(-0.0537260985366622,-0.065928300157609,0.035));
#13462=CARTESIAN_POINT('',(-0.0536627013601821,-0.0655329615965343,0.035));
#13463=CARTESIAN_POINT('',(-0.053674790826642,-0.0655937298908383,0.035));
#13464=CARTESIAN_POINT('',(-0.0537916143139228,-0.065911459443214,0.035));
#13465=CARTESIAN_POINT('',(-0.053791617210272,-0.065911467165746,0.035));
#13466=CARTESIAN_POINT('',(-0.053674790826642,-0.0655937298908383,0.035));
#13467=CARTESIAN_POINT('',(-0.0536974242278238,-0.0656574126859415,0.035));
#13468=CARTESIAN_POINT('',(-0.0538552194620934,-0.0658777487146836,0.035));
#13469=CARTESIAN_POINT('',(-0.0538552165875533,-0.0658777448230988,0.035));
#13470=CARTESIAN_POINT('',(-0.0536974242278238,-0.0656574126859415,0.035));
#13471=CARTESIAN_POINT('',(-0.053752349244009,-0.0657330643822012,0.035));
#13472=CARTESIAN_POINT('',(-0.0539060748771642,-0.065821906820908,0.035));
#13473=CARTESIAN_POINT('',(-0.0539060730898362,-0.0658219099127486,0.035));
#13474=CARTESIAN_POINT('',(-0.053752349244009,-0.0657330643822012,0.035));
#13475=CARTESIAN_POINT('',(-0.0539755922050063,-0.0658906287571881,0.035));
#13476=CARTESIAN_POINT('',(-0.0540450258678626,-0.0659592679845426,0.035));
#13477=CARTESIAN_POINT('',(-0.0540450258678626,-0.0659592679845426,0.035));
#13478=CARTESIAN_POINT('',(-0.0539755922050063,-0.0658906287571881,0.035));
#13479=CARTESIAN_POINT('',(-0.0537346732621481,-0.06571964901468,0.035));
#13480=CARTESIAN_POINT('',(-0.0538652372729302,-0.0660893948452213,0.035));
#13481=CARTESIAN_POINT('',(-0.0538652260219018,-0.0660893634847936,0.035));
#13482=CARTESIAN_POINT('',(-0.0537346732621481,-0.06571964901468,0.035));
#13483=CARTESIAN_POINT('',(-0.0536443215946678,-0.0654817282065895,0.0350000000000001));
#13484=CARTESIAN_POINT('',(-0.0536456404988712,-0.0661281939856053,0.035));
#13485=CARTESIAN_POINT('',(-0.0536456400532373,-0.0661281632388434,0.035));
#13486=CARTESIAN_POINT('',(-0.0536443215946678,-0.0654817282065895,0.035));
#13487=CARTESIAN_POINT('',(-0.0536404061537152,-0.06547912855502,0.0350000000000001));
#13488=CARTESIAN_POINT('',(-0.0534667510196414,-0.0661043420550413,0.035));
#13489=CARTESIAN_POINT('',(-0.0534667462261176,-0.0661043595291607,0.035));
#13490=CARTESIAN_POINT('',(-0.0536404061537152,-0.06547912855502,0.035));
#13491=CARTESIAN_POINT('',(-0.0535682646386238,-0.0657403120104561,0.0350000000000001));
#13492=CARTESIAN_POINT('',(-0.0533196641144969,-0.0660248356198281,0.035));
#13493=CARTESIAN_POINT('',(-0.0533196077658756,-0.0660248987624845,0.035));
#13494=CARTESIAN_POINT('',(-0.0535682646386238,-0.0657403120104561,0.035));
#13495=CARTESIAN_POINT('',(-0.0536069690859093,-0.0657045614176018,0.0350000000000001));
#13496=CARTESIAN_POINT('',(-0.0532153516714971,-0.0658836321908893,0.035));
#13497=CARTESIAN_POINT('',(-0.0532152384400394,-0.0658836798297261,0.035));
#13498=CARTESIAN_POINT('',(-0.0536069690859093,-0.0657045614176018,0.035));
#13499=CARTESIAN_POINT('',(-0.0537360998761486,-0.0656543412415721,0.0350000000000001));
#13500=CARTESIAN_POINT('',(-0.0537360998761486,-0.0656543412415721,0.035));
#13501=CARTESIAN_POINT('',(-0.0137196881324053,-0.0311853888835758,0.035));
#13502=CARTESIAN_POINT('',(-0.0537368046569317,-0.065306253231049,0.035));
#13503=CARTESIAN_POINT('',(-0.0537270550885296,-0.0656867742573013,0.035));
#13504=CARTESIAN_POINT('',(-0.0537270614256332,-0.0656865895281049,0.035));
#13505=CARTESIAN_POINT('',(-0.0537368046569317,-0.065306253231049,0.035));
#13506=CARTESIAN_POINT('',(-0.0539219212646961,-0.0656382526295293,0.035));
#13507=CARTESIAN_POINT('',(-0.0539218458548021,-0.0656381163189508,0.035));
#13508=CARTESIAN_POINT('',(-0.0537234830483502,-0.0651917154127539,0.035));
#13509=CARTESIAN_POINT('',(-0.0535958694704277,-0.0656699188930361,0.035));
#13510=CARTESIAN_POINT('',(-0.0535958718951065,-0.06566990911685,0.035));
#13511=CARTESIAN_POINT('',(-0.0537234830483502,-0.0651917154127539,0.035));
#13512=CARTESIAN_POINT('',(-0.0537485783920401,-0.0650906198601683,0.035));
#13513=CARTESIAN_POINT('',(-0.0534866276284447,-0.0656293104175512,0.035));
#13514=CARTESIAN_POINT('',(-0.0534866276284447,-0.0656293104175512,0.035));
#13515=CARTESIAN_POINT('',(-0.0537485783920401,-0.0650906198601683,0.035));
#13516=CARTESIAN_POINT('',(-0.0534866276284447,-0.0655258532324297,0.035));
#13517=CARTESIAN_POINT('',(-0.0534866276284447,-0.0654224391613032,0.035));
#13518=CARTESIAN_POINT('',(-0.0534866276284447,-0.0654224948666524,0.035));
#13519=CARTESIAN_POINT('',(-0.0534866276284447,-0.0655258532324297,0.035));
#13520=CARTESIAN_POINT('',(-0.0537014319981848,-0.0652103148924222,0.035));
#13521=CARTESIAN_POINT('',(-0.0535600915745818,-0.0654770362812087,0.035));
#13522=CARTESIAN_POINT('',(-0.0535600712405339,-0.0654770755448583,0.035));
#13523=CARTESIAN_POINT('',(-0.0537014319981848,-0.0652103148924222,0.035));
#13524=CARTESIAN_POINT('',(-0.0536461450464141,-0.0653081473411531,0.035));
#13525=CARTESIAN_POINT('',(-0.0536494568077615,-0.0654978669672346,0.035));
#13526=CARTESIAN_POINT('',(-0.053649456067624,-0.0654978111247413,0.035));
#13527=CARTESIAN_POINT('',(-0.0536461450464141,-0.0653081473411531,0.035));
#13528=CARTESIAN_POINT('',(-0.0536519277419191,-0.0652989128459799,0.035));
#13529=CARTESIAN_POINT('',(-0.0537579035853923,-0.0654671774832423,0.035));
#13530=CARTESIAN_POINT('',(-0.0537579242005411,-0.0654672098601317,0.035));
#13531=CARTESIAN_POINT('',(-0.0536519277419191,-0.0652989128459799,0.035));
#13532=CARTESIAN_POINT('',(-0.0536057014176614,-0.0652300200916451,0.0350000000000001));
#13533=CARTESIAN_POINT('',(-0.0538413853423663,-0.0653848088163613,0.035));
#13534=CARTESIAN_POINT('',(-0.0538414087491849,-0.0653848237387272,0.035));
#13535=CARTESIAN_POINT('',(-0.0536057014176614,-0.0652300200916451,0.035));
#13536=CARTESIAN_POINT('',(-0.0535017908050274,-0.065163606470447,0.0350000000000001));
#13537=CARTESIAN_POINT('',(-0.0538951316925704,-0.0652625279190033,0.035));
#13538=CARTESIAN_POINT('',(-0.053895090582179,-0.0652625182845407,0.035));
#13539=CARTESIAN_POINT('',(-0.0535017908050274,-0.065163606470447,0.035));
#13540=CARTESIAN_POINT('',(-0.0533359742563125,-0.0651163468898578,0.035));
#13541=CARTESIAN_POINT('',(-0.0539140542241512,-0.0651124197693207,0.035));
#13542=CARTESIAN_POINT('',(-0.0539140171757432,-0.0651124199246634,0.035));
#13543=CARTESIAN_POINT('',(-0.0533359742563125,-0.0651163468898578,0.035));
#13544=CARTESIAN_POINT('',(-0.0533282491357865,-0.0651088405564947,0.035));
#13545=CARTESIAN_POINT('',(-0.053896085769793,-0.0649653328641762,0.035));
#13546=CARTESIAN_POINT('',(-0.0538960464711488,-0.0649653419987113,0.035));
#13547=CARTESIAN_POINT('',(-0.0533282491357865,-0.0651088405564947,0.035));
#13548=CARTESIAN_POINT('',(-0.0535003630647313,-0.065061566350079,0.0350000000000001));
#13549=CARTESIAN_POINT('',(-0.0538444065869044,-0.0648441650569112,0.035));
#13550=CARTESIAN_POINT('',(-0.0538444293818948,-0.0648441509845923,0.035));
#13551=CARTESIAN_POINT('',(-0.0535003630647313,-0.065061566350079,0.035));
#13552=CARTESIAN_POINT('',(-0.0536157184732515,-0.0649898401648883,0.0350000000000001));
#13553=CARTESIAN_POINT('',(-0.053761878907153,-0.0647616373771598,0.035));
#13554=CARTESIAN_POINT('',(-0.0537618958605482,-0.0647616109642998,0.035));
#13555=CARTESIAN_POINT('',(-0.0536157184732515,-0.0649898401648883,0.035));
#13556=CARTESIAN_POINT('',(-0.0536557664156489,-0.0649291943285715,0.035));
#13557=CARTESIAN_POINT('',(-0.0536535911423925,-0.064730788880297,0.035));
#13558=CARTESIAN_POINT('',(-0.0536535914628708,-0.0647308239231985,0.035));
#13559=CARTESIAN_POINT('',(-0.0536557664156489,-0.0649291943285715,0.035));
#13560=CARTESIAN_POINT('',(-0.0536519730484793,-0.0649313303533234,0.035));
#13561=CARTESIAN_POINT('',(-0.0535612046646747,-0.0647525736435455,0.035));
#13562=CARTESIAN_POINT('',(-0.0535612015874007,-0.0647525676010035,0.035));
#13563=CARTESIAN_POINT('',(-0.0536519730484793,-0.0649313303533234,0.035));
#13564=CARTESIAN_POINT('',(-0.053674454784378,-0.0649759340635734,0.035));
#13565=CARTESIAN_POINT('',(-0.0534866276284447,-0.0648102953155103,0.035));
#13566=CARTESIAN_POINT('',(-0.0534866276284447,-0.0648102953155103,0.035));
#13567=CARTESIAN_POINT('',(-0.0536747338180104,-0.0649762925729449,0.035));
#13568=CARTESIAN_POINT('',(-0.0534866276284447,-0.0647048697824175,0.035));
#13569=CARTESIAN_POINT('',(-0.0534866276284447,-0.0645993831320468,0.035));
#13570=CARTESIAN_POINT('',(-0.0534866276284447,-0.0645993831320468,0.035));
#13571=CARTESIAN_POINT('',(-0.0534866276284447,-0.0647048697824175,0.035));
#13572=CARTESIAN_POINT('',(-0.0536830360984234,-0.0649540547865211,0.035));
#13573=CARTESIAN_POINT('',(-0.0535880778397768,-0.0645598500445885,0.035));
#13574=CARTESIAN_POINT('',(-0.0535880796959047,-0.06455985814678,0.035));
#13575=CARTESIAN_POINT('',(-0.0536830360984234,-0.0649540547865211,0.035));
#13576=CARTESIAN_POINT('',(-0.0537026081220099,-0.0650297274390663,0.035));
#13577=CARTESIAN_POINT('',(-0.0537051113124107,-0.0645460159248614,0.035));
#13578=CARTESIAN_POINT('',(-0.05370511163348,-0.0645459873777622,0.035));
#13579=CARTESIAN_POINT('',(-0.0537026081220099,-0.0650297274390663,0.035));
#13580=CARTESIAN_POINT('',(-0.0537010650236291,-0.0650513902464583,0.0350000000000001));
#13581=CARTESIAN_POINT('',(-0.0538671454273754,-0.0645738431771861,0.035));
#13582=CARTESIAN_POINT('',(-0.0538671467844756,-0.0645738388208488,0.035));
#13583=CARTESIAN_POINT('',(-0.0537010650236291,-0.0650513902464583,0.035));
#13584=CARTESIAN_POINT('',(-0.0537419193343553,-0.0649358930117842,0.035));
#13585=CARTESIAN_POINT('',(-0.0540162994998354,-0.064668137809349,0.035));
#13586=CARTESIAN_POINT('',(-0.0540163632411309,-0.0646680782601563,0.035));
#13587=CARTESIAN_POINT('',(-0.0537419193343553,-0.0649358930117842,0.035));
#13588=CARTESIAN_POINT('',(-0.0536472320080669,-0.06502177256917,0.0350000000000001));
#13589=CARTESIAN_POINT('',(-0.0541257003546889,-0.0648400307222801,0.035));
#13590=CARTESIAN_POINT('',(-0.0541258656173202,-0.0648399738845315,0.035));
#13591=CARTESIAN_POINT('',(-0.0536472320080669,-0.06502177256917,0.035));
#13592=CARTESIAN_POINT('',(-0.0534664319430461,-0.0650784248412538,0.0350000000000001));
#13593=CARTESIAN_POINT('',(-0.0541684748168336,-0.0651003347911683,0.035));
#13594=CARTESIAN_POINT('',(-0.0541681520133648,-0.0651003207333076,0.035));
#13595=CARTESIAN_POINT('',(-0.0534664319430461,-0.0650784248412538,0.035));
#13596=CARTESIAN_POINT('',(-0.053248144414561,-0.0651047371856161,0.0350000000000001));
#13597=CARTESIAN_POINT('',(-0.0541425557189541,-0.0653210446553203,0.035));
#13598=CARTESIAN_POINT('',(-0.0541425125251499,-0.0653210348801019,0.035));
#13599=CARTESIAN_POINT('',(-0.053248144414561,-0.0651047371856161,0.035));
#13600=CARTESIAN_POINT('',(-0.0535871703273272,-0.0651907013064682,0.0350000000000001));
#13601=CARTESIAN_POINT('',(-0.0540609821164253,-0.0655078847780715,0.035));
#13602=CARTESIAN_POINT('',(-0.0540610140014512,-0.06550790588146,0.035));
#13603=CARTESIAN_POINT('',(-0.0535871703273272,-0.0651907013064682,0.035));
#13604=CARTESIAN_POINT('',(-0.0537068922033366,-0.0652692943412949,0.035));
#13605=CARTESIAN_POINT('',(-0.0537068922033366,-0.0652692943412949,0.035));
#13606=CARTESIAN_POINT('',(-0.0137196881324053,-0.0311853888835758,0.035));
#13607=CARTESIAN_POINT('',(-0.0545135160074623,-0.0653659113920759,0.0349999999921693));
#13608=CARTESIAN_POINT('',(-0.0545141687971409,-0.0653448965858843,0.035));
#13609=CARTESIAN_POINT('',(-0.054514277873645,-0.0653449013587405,0.0350000000500019));
#13610=CARTESIAN_POINT('',(-0.0545135160074623,-0.0653659113920759,0.035));
#13611=CARTESIAN_POINT('',(-0.0545123546589475,-0.0653916497713735,0.035));
#13612=CARTESIAN_POINT('',(-0.0545122606426958,-0.0653916463697897,0.035));
#13613=CARTESIAN_POINT('',(-0.0545141687971409,-0.065336945942363,0.035));
#13614=CARTESIAN_POINT('',(-0.0545141687971409,-0.065070758397269,0.035));
#13615=CARTESIAN_POINT('',(-0.0545141687971409,-0.065070758397269,0.035));
#13616=CARTESIAN_POINT('',(-0.0545141687971409,-0.065336945942363,0.035));
#13617=CARTESIAN_POINT('',(-0.0565273128020208,-0.0650713994143143,0.035));
#13618=CARTESIAN_POINT('',(-0.0545190981961241,-0.0649305090455528,0.035));
#13619=CARTESIAN_POINT('',(-0.0545190981961241,-0.0649305090455528,0.035));
#13620=CARTESIAN_POINT('',(-0.0565274075038121,-0.0650713071842481,0.035));
#13621=CARTESIAN_POINT('',(-0.0556167285553217,-0.0650072236200409,0.035));
#13622=CARTESIAN_POINT('',(-0.0545380207277049,-0.0647902596938366,0.035));
#13623=CARTESIAN_POINT('',(-0.0545381400358314,-0.0647902806240216,0.035));
#13624=CARTESIAN_POINT('',(-0.0556173148260455,-0.0650072710803377,0.0349999999999999));
#13625=CARTESIAN_POINT('',(-0.0548213529593078,-0.0648399370090842,0.0350000000000001));
#13626=CARTESIAN_POINT('',(-0.0545868376789258,-0.0646741802984252,0.035));
#13627=CARTESIAN_POINT('',(-0.0545867730344866,-0.0646741363624082,0.035));
#13628=CARTESIAN_POINT('',(-0.0548213529593078,-0.0648399370090842,0.035));
#13629=CARTESIAN_POINT('',(-0.0548138647134234,-0.0648397789462447,0.0350000000000001));
#13630=CARTESIAN_POINT('',(-0.0546682522685842,-0.0645996032621952,0.035));
#13631=CARTESIAN_POINT('',(-0.0546682365829378,-0.0645995772701728,0.035));
#13632=CARTESIAN_POINT('',(-0.0548138647134234,-0.0648397789462447,0.035));
#13633=CARTESIAN_POINT('',(-0.0548377910362785,-0.0648870566965115,0.035));
#13634=CARTESIAN_POINT('',(-0.0547716106343614,-0.0645598500445885,0.035));
#13635=CARTESIAN_POINT('',(-0.0547716150834759,-0.0645598726829294,0.035));
#13636=CARTESIAN_POINT('',(-0.0548377910362785,-0.0648870566965115,0.035));
#13637=CARTESIAN_POINT('',(-0.0548868393582268,-0.0651117369649376,0.035));
#13638=CARTESIAN_POINT('',(-0.0548878490426432,-0.0645479240793065,0.035));
#13639=CARTESIAN_POINT('',(-0.0548878490539285,-0.0645479387677598,0.035));
#13640=CARTESIAN_POINT('',(-0.0548868393582268,-0.0651117369649376,0.035));
#13641=CARTESIAN_POINT('',(-0.0548901293073472,-0.0652573246093028,0.035));
#13642=CARTESIAN_POINT('',(-0.0550141052617619,-0.064558895967366,0.035));
#13643=CARTESIAN_POINT('',(-0.0550141038371718,-0.0645589043672008,0.035));
#13644=CARTESIAN_POINT('',(-0.0548901293073472,-0.0652573246093028,0.035));
#13645=CARTESIAN_POINT('',(-0.0548828256883654,-0.0653080619791804,0.035));
#13646=CARTESIAN_POINT('',(-0.0551265273611534,-0.0645876772969132,0.035));
#13647=CARTESIAN_POINT('',(-0.0551265238619659,-0.0645876881403717,0.035));
#13648=CARTESIAN_POINT('',(-0.0548828256883654,-0.0653080619791804,0.035));
#13649=CARTESIAN_POINT('',(-0.0549586861863217,-0.065089541792453,0.035));
#13650=CARTESIAN_POINT('',(-0.0552179597616487,-0.0646283845917424,0.035));
#13651=CARTESIAN_POINT('',(-0.0552179318481867,-0.0646284394058192,0.035));
#13652=CARTESIAN_POINT('',(-0.0549586861863217,-0.065089541792453,0.035));
#13653=CARTESIAN_POINT('',(-0.0551006176288504,-0.0648482125518247,0.035));
#13654=CARTESIAN_POINT('',(-0.0552775575629219,-0.0646730314464225,0.035));
#13655=CARTESIAN_POINT('',(-0.0552775575629219,-0.0646730314464225,0.035));
#13656=CARTESIAN_POINT('',(-0.0551006176288504,-0.0648482125518247,0.035));
#13657=CARTESIAN_POINT('',(-0.0552327479585983,-0.0647417607683565,0.035));
#13658=CARTESIAN_POINT('',(-0.0551881747585031,-0.0648101274916342,0.035));
#13659=CARTESIAN_POINT('',(-0.0551881747585031,-0.0648101274916342,0.035));
#13660=CARTESIAN_POINT('',(-0.0552327479585983,-0.0647417607683565,0.035));
#13661=CARTESIAN_POINT('',(-0.0551716284326655,-0.0647976621614099,0.0349999999921693));
#13662=CARTESIAN_POINT('',(-0.0551511743560695,-0.0647824680631857,0.035));
#13663=CARTESIAN_POINT('',(-0.0551512264508848,-0.0647823996614788,0.035));
#13664=CARTESIAN_POINT('',(-0.0551716284326655,-0.0647976621614099,0.035));
#13665=CARTESIAN_POINT('',(-0.0549569033936861,-0.0650563404258034,0.035));
#13666=CARTESIAN_POINT('',(-0.0550936116969751,-0.0647495523990074,0.035));
#13667=CARTESIAN_POINT('',(-0.0550936085516338,-0.0647495596820189,0.035));
#13668=CARTESIAN_POINT('',(-0.0549569033936861,-0.0650563404258034,0.035));
#13669=CARTESIAN_POINT('',(-0.0548933472135563,-0.0651946522532214,0.035));
#13670=CARTESIAN_POINT('',(-0.0550220559052832,-0.0647237923139983,0.035));
#13671=CARTESIAN_POINT('',(-0.0550220570298785,-0.0647237881128757,0.035));
#13672=CARTESIAN_POINT('',(-0.0548933472135563,-0.0651946522532214,0.035));
#13673=CARTESIAN_POINT('',(-0.0549417344823569,-0.0650186825578611,0.035));
#13674=CARTESIAN_POINT('',(-0.0549396872384023,-0.0647129794388093,0.035));
#13675=CARTESIAN_POINT('',(-0.0549396870068203,-0.0647130262086472,0.035));
#13676=CARTESIAN_POINT('',(-0.0549417344823569,-0.0650186825578611,0.035));
#13677=CARTESIAN_POINT('',(-0.0549333802749335,-0.0651509504213485,0.035));
#13678=CARTESIAN_POINT('',(-0.0548571595586509,-0.0647198169922376,0.035));
#13679=CARTESIAN_POINT('',(-0.0548571520068004,-0.0647197720613424,0.035));
#13680=CARTESIAN_POINT('',(-0.0549333802749335,-0.0651509504213485,0.035));
#13681=CARTESIAN_POINT('',(-0.0548762936484833,-0.064820961448784,0.035));
#13682=CARTESIAN_POINT('',(-0.0547984838094635,-0.064753527720768,0.035));
#13683=CARTESIAN_POINT('',(-0.0547982739596443,-0.0647533769309123,0.035));
#13684=CARTESIAN_POINT('',(-0.0548762936484833,-0.064820961448784,0.035));
#13685=CARTESIAN_POINT('',(-0.0549397173447357,-0.064856990420941,0.035));
#13686=CARTESIAN_POINT('',(-0.0547646140680627,-0.0648381225678349,0.035));
#13687=CARTESIAN_POINT('',(-0.0547647126204958,-0.0648381241752459,0.035));
#13688=CARTESIAN_POINT('',(-0.0549397173447357,-0.064856990420941,0.035));
#13689=CARTESIAN_POINT('',(-0.0557289114918702,-0.0649749473129563,0.035));
#13690=CARTESIAN_POINT('',(-0.0547545962572258,-0.0649931601165008,0.035));
#13691=CARTESIAN_POINT('',(-0.0547547158088721,-0.0649931578817306,0.03500000025));
#13692=CARTESIAN_POINT('',(-0.0557289114918702,-0.0649749473129563,0.035));
#13693=CARTESIAN_POINT('',(-0.0547545962572258,-0.0652028980925934,0.035));
#13694=CARTESIAN_POINT('',(-0.0547545962572258,-0.065412636068686,0.035));
#13695=CARTESIAN_POINT('',(-0.0547545962572258,-0.065412636068686,0.035));
#13696=CARTESIAN_POINT('',(-0.0547545962572258,-0.0652028980925934,0.035));
#13697=CARTESIAN_POINT('',(-0.0549994591403729,-0.0652408671842096,0.035));
#13698=CARTESIAN_POINT('',(-0.0548213816628049,-0.0654811706158398,0.035));
#13699=CARTESIAN_POINT('',(-0.0548213824338416,-0.0654811695800512,0.035));
#13700=CARTESIAN_POINT('',(-0.0549997201406728,-0.0652405759736408,0.035));
#13701=CARTESIAN_POINT('',(-0.0549510132075178,-0.0653070273186712,0.035));
#13702=CARTESIAN_POINT('',(-0.054907884664317,-0.0655197925244643,0.035));
#13703=CARTESIAN_POINT('',(-0.054907884664317,-0.0655197925244643,0.035));
#13704=CARTESIAN_POINT('',(-0.0549510132075178,-0.0653070273186712,0.035));
#13705=CARTESIAN_POINT('',(-0.054907884664317,-0.065595341856806,0.035));
#13706=CARTESIAN_POINT('',(-0.054907884664317,-0.0656708147404903,0.035));
#13707=CARTESIAN_POINT('',(-0.054907884664317,-0.0656708147404903,0.035));
#13708=CARTESIAN_POINT('',(-0.054907884664317,-0.065595341856806,0.035));
#13709=CARTESIAN_POINT('',(-0.0550060612001117,-0.0652661720669228,0.0350000000000001));
#13710=CARTESIAN_POINT('',(-0.0547776531234376,-0.0656142643883868,0.035));
#13711=CARTESIAN_POINT('',(-0.0547777561960904,-0.0656140874409986,0.035));
#13712=CARTESIAN_POINT('',(-0.0550060612001117,-0.0652661720669228,0.035));
#13713=CARTESIAN_POINT('',(-0.054879440016591,-0.0654423966525328,0.035));
#13714=CARTESIAN_POINT('',(-0.0546987439023154,-0.0655264646977166,0.035));
#13715=CARTESIAN_POINT('',(-0.0546989417525765,-0.0655258532324297,0.035));
#13716=CARTESIAN_POINT('',(-0.054879440016591,-0.0654423966525328,0.035));
#13717=CARTESIAN_POINT('',(-0.0544997587160108,-0.0654645886790558,0.035));
#13718=CARTESIAN_POINT('',(-0.0546701604230293,-0.065584528981617,0.035));
#13719=CARTESIAN_POINT('',(-0.0546701680877699,-0.0655845344126283,0.035));
#13720=CARTESIAN_POINT('',(-0.0544995420418513,-0.0654644414123965,0.035));
#13721=CARTESIAN_POINT('',(-0.054471198990286,-0.0654434637106519,0.035));
#13722=CARTESIAN_POINT('',(-0.0546245237292169,-0.0656331869199676,0.035));
#13723=CARTESIAN_POINT('',(-0.0546245106960898,-0.0656331710098924,0.035));
#13724=CARTESIAN_POINT('',(-0.054471198990286,-0.0654434637106519,0.035));
#13725=CARTESIAN_POINT('',(-0.0544826597858311,-0.0654622984591066,0.035));
#13726=CARTESIAN_POINT('',(-0.0545688692245676,-0.065666897648498,0.035));
#13727=CARTESIAN_POINT('',(-0.0545688577926466,-0.0656668725941201,0.035));
#13728=CARTESIAN_POINT('',(-0.0544826597858311,-0.0654622984591066,0.035));
#13729=CARTESIAN_POINT('',(-0.0545108865211157,-0.0655346096688846,0.035));
#13730=CARTESIAN_POINT('',(-0.0545142124238878,-0.0656789150118147,0.035));
#13731=CARTESIAN_POINT('',(-0.0545142124238878,-0.0656789150118147,0.035));
#13732=CARTESIAN_POINT('',(-0.0545108865211157,-0.0655346096688846,0.035));
#13733=CARTESIAN_POINT('',(-0.0544823662230556,-0.0656121972210713,0.035));
#13734=CARTESIAN_POINT('',(-0.0544506365276448,-0.0655457235091856,0.035));
#13735=CARTESIAN_POINT('',(-0.0544506365276448,-0.0655457235091856,0.035));
#13736=CARTESIAN_POINT('',(-0.0544823662230556,-0.0656121972210713,0.035));
#13737=CARTESIAN_POINT('',(-0.0544265001269175,-0.0654865879968114,0.035));
#13738=CARTESIAN_POINT('',(-0.0544853874675937,-0.0655118600998321,0.035));
#13739=CARTESIAN_POINT('',(-0.0544853086374088,-0.0655118301595495,0.035));
#13740=CARTESIAN_POINT('',(-0.0544265001269175,-0.0654865879968114,0.035));
#13741=CARTESIAN_POINT('',(-0.0542876315448076,-0.0654152822128448,0.035));
#13742=CARTESIAN_POINT('',(-0.0545043099991744,-0.0654542974407377,0.035));
#13743=CARTESIAN_POINT('',(-0.0545042889716043,-0.0654542937046266,0.035));
#13744=CARTESIAN_POINT('',(-0.0542876315448076,-0.0654152822128448,0.035));
#13745=CARTESIAN_POINT('',(-0.0540118765445087,-0.0653598505148713,0.035));
#13746=CARTESIAN_POINT('',(-0.0540120383591173,-0.0653600002906611,0.0349999999999999));
#13747=CARTESIAN_POINT('',(-0.0137196881324053,-0.0311853888835758,0.035));
#13748=CARTESIAN_POINT('',(-0.00616449116546922,0.000819373821861002,0.0350000000000001));
#13749=CARTESIAN_POINT('',(-0.00606600435022453,0.00145920906466714,0.0355));
#13750=CARTESIAN_POINT('',(-0.00606600435022453,0.00145920906466714,0.035));
#13751=CARTESIAN_POINT('',(-0.00616449116546922,0.000819373821861002,0.035));
#13752=CARTESIAN_POINT('',(-0.00588294339275422,0.00140253794708832,0.0350000000000008));
#13753=CARTESIAN_POINT('',(-0.00588291938735589,0.00140258618102962,0.035));
#13754=CARTESIAN_POINT('',(-0.00617306816921605,0.00188776462588199,0.0350000000000001));
#13755=CARTESIAN_POINT('',(-0.00592624251263866,0.00152112306548386,0.035));
#13756=CARTESIAN_POINT('',(-0.00592630015751436,0.00152120573074365,0.035));
#13757=CARTESIAN_POINT('',(-0.00617306816921605,0.00188776462588199,0.035));
#13758=CARTESIAN_POINT('',(-0.00621359304604451,0.00196509260697823,0.0350000000000001));
#13759=CARTESIAN_POINT('',(-0.00579657399182704,0.0016396599499381,0.035));
#13760=CARTESIAN_POINT('',(-0.00579654356433157,0.00163963672246179,0.035));
#13761=CARTESIAN_POINT('',(-0.00621359304604451,0.00196509260697823,0.035));
#13762=CARTESIAN_POINT('',(-0.00631296931911839,0.00203892558821672,0.0350000000000001));
#13763=CARTESIAN_POINT('',(-0.00570240636534436,0.00180723620537214,0.035));
#13764=CARTESIAN_POINT('',(-0.00570238349579512,0.00180722774333622,0.035));
#13765=CARTESIAN_POINT('',(-0.00631296931911839,0.00203892558821672,0.035));
#13766=CARTESIAN_POINT('',(-0.00624228250908587,0.00201120030805931,0.0350000000000001));
#13767=CARTESIAN_POINT('',(-0.00566479948575862,0.0020193390062357,0.035));
#13768=CARTESIAN_POINT('',(-0.00566518983442708,0.00201934492395318,0.035));
#13769=CARTESIAN_POINT('',(-0.00624228250908587,0.00201120030805931,0.035));
#13770=CARTESIAN_POINT('',(-0.00640606948449379,0.00204121959856829,0.035));
#13771=CARTESIAN_POINT('',(-0.0057400132449301,0.00236381802324104,0.035));
#13772=CARTESIAN_POINT('',(-0.0057397590280133,0.00236393925082381,0.035));
#13773=CARTESIAN_POINT('',(-0.00640606948449379,0.00204121959856829,0.035));
#13774=CARTESIAN_POINT('',(-0.00631804438334313,0.00207023938586164,0.0350000000000001));
#13775=CARTESIAN_POINT('',(-0.00594309039469307,0.00259878580689272,0.035));
#13776=CARTESIAN_POINT('',(-0.00594303100002883,0.00259887052558056,0.035));
#13777=CARTESIAN_POINT('',(-0.00631804438334313,0.00207023938586164,0.035));
#13778=CARTESIAN_POINT('',(-0.00643693406039513,0.00188697282967277,0.0350000000000001));
#13779=CARTESIAN_POINT('',(-0.00623642405546181,0.00273025945792445,0.035));
#13780=CARTESIAN_POINT('',(-0.00623644424309942,0.00273017122773694,0.035));
#13781=CARTESIAN_POINT('',(-0.00643693406039513,0.00188697282967277,0.035));
#13782=CARTESIAN_POINT('',(-0.00657446638197894,0.00136031255857286,0.0350000000000001));
#13783=CARTESIAN_POINT('',(-0.00657879708721036,0.00277147659795042,0.035));
#13784=CARTESIAN_POINT('',(-0.00657879697595703,0.00277144034595574,0.03500000025));
#13785=CARTESIAN_POINT('',(-0.00657446638197894,0.00136031255857286,0.035));
#13786=CARTESIAN_POINT('',(-0.00667476984391316,0.00277147659795042,0.035));
#13787=CARTESIAN_POINT('',(-0.00677074260061595,0.00277147659795042,0.035));
#13788=CARTESIAN_POINT('',(-0.00677074260061595,0.00277147659795042,0.035));
#13789=CARTESIAN_POINT('',(-0.00667476984391316,0.00277147659795042,0.035));
#13790=CARTESIAN_POINT('',(-0.00677074260061595,0.00260059093711284,0.035));
#13791=CARTESIAN_POINT('',(-0.00677074260061595,0.00242970527627525,0.035));
#13792=CARTESIAN_POINT('',(-0.00677074260061595,0.00242970527627525,0.035));
#13793=CARTESIAN_POINT('',(-0.00677074260061595,0.00260059093711284,0.035));
#13794=CARTESIAN_POINT('',(-0.0066973339716646,0.00242970527627525,0.035));
#13795=CARTESIAN_POINT('',(-0.00662392534271324,0.00242970527627525,0.035));
#13796=CARTESIAN_POINT('',(-0.00662391130681643,0.00242930510091729,0.035));
#13797=CARTESIAN_POINT('',(-0.0066973339716646,0.00242970527627525,0.035));
#13798=CARTESIAN_POINT('',(-0.00659356681865683,0.00156415793015431,0.0350000000000001));
#13799=CARTESIAN_POINT('',(-0.00634533357874211,0.00239209839668951,0.035));
#13800=CARTESIAN_POINT('',(-0.00634528814956294,0.00239226223083704,0.035));
#13801=CARTESIAN_POINT('',(-0.00659356681865683,0.00156415793015431,0.035));
#13802=CARTESIAN_POINT('',(-0.00646678540113257,0.00200409050321125,0.0350000000000001));
#13803=CARTESIAN_POINT('',(-0.00618377442404178,0.0022943205097666,0.035));
#13804=CARTESIAN_POINT('',(-0.00618362433242802,0.00229448459816848,0.035));
#13805=CARTESIAN_POINT('',(-0.00646678540113257,0.00200409050321125,0.035));
#13806=CARTESIAN_POINT('',(-0.00640399490684966,0.00208169896093708,0.035));
#13807=CARTESIAN_POINT('',(-0.00610856066487031,0.00216074087347806,0.035));
#13808=CARTESIAN_POINT('',(-0.00610854348736557,0.00216074551269198,0.035));
#13809=CARTESIAN_POINT('',(-0.00640399490684966,0.00208169896093708,0.035));
#13810=CARTESIAN_POINT('',(-0.00665524051278997,0.00201481662929943,0.035));
#13811=CARTESIAN_POINT('',(-0.0060896067975591,0.0020193390062357,0.035));
#13812=CARTESIAN_POINT('',(-0.0060896067975591,0.0020193390062357,0.035));
#13813=CARTESIAN_POINT('',(-0.00665524051278997,0.00201481662929943,0.035));
#13814=CARTESIAN_POINT('',(-0.00613684103831878,0.00176000196461245,0.035));
#13815=CARTESIAN_POINT('',(-0.00613684103831878,0.00176000196461245,0.036));
#13816=CARTESIAN_POINT('',(-0.00610535154447899,0.00182017297194964,0.035));
#13817=CARTESIAN_POINT('',(-0.00610535154447899,0.00182017297194964,0.036));
#13818=CARTESIAN_POINT('',(-0.0060896067975591,0.00190661865249072,0.035));
#13819=CARTESIAN_POINT('',(-0.0060896067975591,0.00190661865249072,0.036));
#13820=CARTESIAN_POINT('',(-0.0060896067975591,0.0020193390062357,0.035));
#13821=CARTESIAN_POINT('',(-0.0060896067975591,0.0020193390062357,0.036));
#13822=CARTESIAN_POINT('',(-0.00613684103831878,0.00176000196461245,0.035));
#13823=CARTESIAN_POINT('',(-0.00613684103831878,0.00176000196461245,0.035));
#13824=CARTESIAN_POINT('',(-0.00613684103831878,0.00176000196461245,0.035));
#13825=CARTESIAN_POINT('',(-0.0060896067975591,0.00185025847561823,0.035));
#13826=CARTESIAN_POINT('',(-0.0060896067975591,0.0020193390062357,0.035));
#13827=CARTESIAN_POINT('',(-0.00639401634815898,0.00188152768838412,0.035));
#13828=CARTESIAN_POINT('',(-0.00625928903824994,0.00163213857402096,0.035));
#13829=CARTESIAN_POINT('',(-0.00625917770771571,0.00163193902599958,0.035));
#13830=CARTESIAN_POINT('',(-0.00639401634815898,0.00188152768838412,0.035));
#13831=CARTESIAN_POINT('',(-0.00643497645186782,0.00198435787843665,0.0350000000000001));
#13832=CARTESIAN_POINT('',(-0.00642084819295026,0.00159092143399498,0.035));
#13833=CARTESIAN_POINT('',(-0.0064208492511713,0.00159095090278689,0.035));
#13834=CARTESIAN_POINT('',(-0.00643497645186782,0.00198435787843665,0.035));
#13835=CARTESIAN_POINT('',(-0.00659223973699912,0.00564336349787919,0.035));
#13836=CARTESIAN_POINT('',(-0.00659022957860442,0.00158731117355476,0.035));
#13837=CARTESIAN_POINT('',(-0.00659022957860442,0.00158731117355476,0.035));
#13838=CARTESIAN_POINT('',(-0.00659194595125726,0.00564304779254222,0.035));
#13839=CARTESIAN_POINT('',(-0.00668048608961019,0.00158731117355476,0.035));
#13840=CARTESIAN_POINT('',(-0.00677074260061595,0.00158731117355476,0.035));
#13841=CARTESIAN_POINT('',(-0.00677074260061595,0.00158731117355476,0.035));
#13842=CARTESIAN_POINT('',(-0.00668048608961019,0.00158731117355476,0.035));
#13843=CARTESIAN_POINT('',(-0.00677074260061595,0.00143477766995501,0.035));
#13844=CARTESIAN_POINT('',(-0.00677074260061595,0.00128224416635526,0.035));
#13845=CARTESIAN_POINT('',(-0.00677074260061595,0.00128224416635526,0.035));
#13846=CARTESIAN_POINT('',(-0.00677074260061595,0.00143477766995501,0.035));
#13847=CARTESIAN_POINT('',(-0.00658270820268727,0.00128224416635526,0.035));
#13848=CARTESIAN_POINT('',(-0.00639467380475859,0.00128224416635526,0.035));
#13849=CARTESIAN_POINT('',(-0.00639467380475859,0.00128224416635526,0.035));
#13850=CARTESIAN_POINT('',(-0.00658270820268727,0.00128224416635526,0.035));
#13851=CARTESIAN_POINT('',(-0.00605230077301005,0.00114324913940638,0.035));
#13852=CARTESIAN_POINT('',(-0.00605230077301005,0.00114324913940638,0.036));
#13853=CARTESIAN_POINT('',(-0.00613012194249946,0.00123591249070564,0.035));
#13854=CARTESIAN_POINT('',(-0.00613012194249946,0.00123591249070564,0.036));
#13855=CARTESIAN_POINT('',(-0.00624424628641564,0.00128224416635526,0.035));
#13856=CARTESIAN_POINT('',(-0.00624424628641564,0.00128224416635526,0.036));
#13857=CARTESIAN_POINT('',(-0.00639467380475859,0.00128224416635526,0.035));
#13858=CARTESIAN_POINT('',(-0.00639467380475859,0.00128224416635526,0.036));
#13859=CARTESIAN_POINT('',(-0.00605230077301005,0.00114324913940638,0.035));
#13860=CARTESIAN_POINT('',(-0.00605230077301005,0.00114324913940638,0.035));
#13861=CARTESIAN_POINT('',(-0.00605230077301005,0.00114324913940638,0.035));
#13862=CARTESIAN_POINT('',(-0.00616903252724417,0.00128224416635526,0.035));
#13863=CARTESIAN_POINT('',(-0.00639467380475859,0.00128224416635526,0.035));
#13864=CARTESIAN_POINT('',(-0.0064502028612733,0.000818584080944998,0.035));
#13865=CARTESIAN_POINT('',(-0.00593556901877592,0.000800876107657839,0.035));
#13866=CARTESIAN_POINT('',(-0.00593556901877592,0.000800876107657839,0.035));
#13867=CARTESIAN_POINT('',(-0.0064502028612733,0.000818584080944998,0.035));
#13868=CARTESIAN_POINT('',(-0.00604838965753313,0.000458803930945982,0.035));
#13869=CARTESIAN_POINT('',(-0.00604838965753313,0.000458803930945982,0.036));
#13870=CARTESIAN_POINT('',(-0.00597317589836166,0.000544046191340318,0.035));
#13871=CARTESIAN_POINT('',(-0.00597317589836166,0.000544046191340318,0.036));
#13872=CARTESIAN_POINT('',(-0.00593556901877592,0.00065807025024427,0.035));
#13873=CARTESIAN_POINT('',(-0.00593556901877592,0.00065807025024427,0.036));
#13874=CARTESIAN_POINT('',(-0.00593556901877592,0.000800876107657839,0.035));
#13875=CARTESIAN_POINT('',(-0.00593556901877592,0.000800876107657839,0.036));
#13876=CARTESIAN_POINT('',(-0.00604838965753313,0.000458803930945982,0.035));
#13877=CARTESIAN_POINT('',(-0.00604838965753313,0.000458803930945982,0.035));
#13878=CARTESIAN_POINT('',(-0.00604838965753313,0.000458803930945982,0.035));
#13879=CARTESIAN_POINT('',(-0.00593556901877592,0.000586667321537486,0.035));
#13880=CARTESIAN_POINT('',(-0.00593556901877592,0.000800876107657839,0.035));
#13881=CARTESIAN_POINT('',(-0.0063603763305764,0.000330940540354479,0.035));
#13882=CARTESIAN_POINT('',(-0.0063603763305764,0.000330940540354479,0.036));
#13883=CARTESIAN_POINT('',(-0.00622759897438569,0.000330940540354479,0.035));
#13884=CARTESIAN_POINT('',(-0.00622759897438569,0.000330940540354479,0.036));
#13885=CARTESIAN_POINT('',(-0.0061236034167046,0.000373561670551647,0.035));
#13886=CARTESIAN_POINT('',(-0.0061236034167046,0.000373561670551647,0.036));
#13887=CARTESIAN_POINT('',(-0.00604838965753313,0.000458803930945982,0.035));
#13888=CARTESIAN_POINT('',(-0.00604838965753313,0.000458803930945982,0.036));
#13889=CARTESIAN_POINT('',(-0.0063603763305764,0.000330940540354479,0.035));
#13890=CARTESIAN_POINT('',(-0.0063603763305764,0.000330940540354479,0.035));
#13891=CARTESIAN_POINT('',(-0.0063603763305764,0.000330940540354479,0.035));
#13892=CARTESIAN_POINT('',(-0.00616121029629034,0.000330940540354479,0.035));
#13893=CARTESIAN_POINT('',(-0.00604838965753313,0.000458803930945982,0.035));
#13894=CARTESIAN_POINT('',(-0.00656555946559618,0.000330940540354479,0.035));
#13895=CARTESIAN_POINT('',(-0.00677074260061595,0.000330940540354479,0.035));
#13896=CARTESIAN_POINT('',(-0.00677074260061595,0.000330940540354479,0.035));
#13897=CARTESIAN_POINT('',(-0.00656555946559618,0.000330940540354479,0.035));
#13898=CARTESIAN_POINT('',(-0.00677074260061595,0.00016547027017724,0.035));
#13899=CARTESIAN_POINT('',(-0.00677074260061595,0.,0.035));
#13900=CARTESIAN_POINT('',(-0.00677074260061595,0.,0.035));
#13901=CARTESIAN_POINT('',(-0.00677074260061595,0.00016547027017724,0.035));
#13902=CARTESIAN_POINT('',(-0.00655262269901868,0.,0.035));
#13903=CARTESIAN_POINT('',(-0.00633450279742141,0.,0.035));
#13904=CARTESIAN_POINT('',(-0.00633448798147092,-2.39761724651606E-7,0.035));
#13905=CARTESIAN_POINT('',(-0.00655262269901868,0.,0.035));
#13906=CARTESIAN_POINT('',(-0.00629506703590213,1.95555773845829E-6,0.0349999999921693));
#13907=CARTESIAN_POINT('',(-0.00624033517093873,5.71624569703191E-6,0.035));
#13908=CARTESIAN_POINT('',(-0.00624032324524201,5.52740649031006E-6,0.035));
#13909=CARTESIAN_POINT('',(-0.00629506703590213,1.95555773845829E-6,0.035));
#13910=CARTESIAN_POINT('',(-0.00632643218457747,0.000872565075344881,0.035));
#13911=CARTESIAN_POINT('',(-0.00607667003098161,3.76068795857362E-5,0.035));
#13912=CARTESIAN_POINT('',(-0.00607667870339524,3.76337443954055E-5,0.035));
#13913=CARTESIAN_POINT('',(-0.00632643218457747,0.000872565075344881,0.035));
#13914=CARTESIAN_POINT('',(-0.00637552575461516,0.00105648390182104,0.035));
#13915=CARTESIAN_POINT('',(-0.00588472451757601,0.000114625768977324,0.035));
#13916=CARTESIAN_POINT('',(-0.00588472116631693,0.000114619286534395,0.035));
#13917=CARTESIAN_POINT('',(-0.00637552575461516,0.00105648390182104,0.035));
#13918=CARTESIAN_POINT('',(-0.00620202716043824,0.00072387455436285,0.0350000000000001));
#13919=CARTESIAN_POINT('',(-0.00570060123512424,0.000253921650962891,0.035));
#13920=CARTESIAN_POINT('',(-0.00570051941316391,0.000253848147941439,0.035));
#13921=CARTESIAN_POINT('',(-0.00620202716043824,0.00072387455436285,0.035));
#13922=CARTESIAN_POINT('',(-0.00623477777835113,0.000744559516950009,0.0350000000000001));
#13923=CARTESIAN_POINT('',(-0.00555950022291856,0.000477757798257193,0.035));
#13924=CARTESIAN_POINT('',(-0.00555935202966921,0.000477703340975775,0.035));
#13925=CARTESIAN_POINT('',(-0.00623477777835113,0.000744559516950009,0.035));
#13926=CARTESIAN_POINT('',(-0.00634436029308992,0.000778049433395219,0.0350000000000001));
#13927=CARTESIAN_POINT('',(-0.00550293947602161,0.000800876107657839,0.035));
#13928=CARTESIAN_POINT('',(-0.0055032810916279,0.000800865474755344,0.035));
#13929=CARTESIAN_POINT('',(-0.00634436029308992,0.000778049433395219,0.035));
#13930=CARTESIAN_POINT('',(-0.00613001045554328,0.00081529239203254,0.0350000000000001));
#13931=CARTESIAN_POINT('',(-0.00555950022291856,0.00107375162593194,0.035));
#13932=CARTESIAN_POINT('',(-0.00555939142243486,0.00107379875275597,0.035));
#13933=CARTESIAN_POINT('',(-0.00613001045554328,0.00081529239203254,0.035));
#13934=CARTESIAN_POINT('',(-0.00619615604846438,0.000778121581887763,0.0350000000000001));
#13935=CARTESIAN_POINT('',(-0.00570060123512424,0.00127472279043812,0.035));
#13936=CARTESIAN_POINT('',(-0.00570059482934472,0.00127472932321599,0.035));
#13937=CARTESIAN_POINT('',(-0.00619615604846438,0.000778121581887763,0.035));
#13938=CARTESIAN_POINT('',(-0.00616057921546489,0.000814350359706125,0.0350000000000001));
#13939=CARTESIAN_POINT('',(-0.00616057921546489,0.000814350359706125,0.035));
#13940=CARTESIAN_POINT('',(-0.0137196881324053,-0.0311853888835758,0.035));
#13941=CARTESIAN_POINT('',(-0.00715042165691355,0.00277147659795042,0.035));
#13942=CARTESIAN_POINT('',(-0.00737606293442797,0.00277147659795042,0.035));
#13943=CARTESIAN_POINT('',(-0.00737606293442797,0.00277147659795042,0.035));
#13944=CARTESIAN_POINT('',(-0.00715042165691355,0.00277147659795042,0.035));
#13945=CARTESIAN_POINT('',(-0.00692478037939913,0.00277147659795042,0.035));
#13946=CARTESIAN_POINT('',(-0.00692478037939913,0.00277147659795042,0.035));
#13947=CARTESIAN_POINT('',(-0.00737606293442797,0.00138573829897521,0.035));
#13948=CARTESIAN_POINT('',(-0.00737606293442797,0.,0.035));
#13949=CARTESIAN_POINT('',(-0.00737606293442797,0.,0.035));
#13950=CARTESIAN_POINT('',(-0.00737606293442797,0.00138573829897521,0.035));
#13951=CARTESIAN_POINT('',(-0.00715042165691355,0.,0.035));
#13952=CARTESIAN_POINT('',(-0.00692478037939913,0.,0.035));
#13953=CARTESIAN_POINT('',(-0.00692478037939913,0.,0.035));
#13954=CARTESIAN_POINT('',(-0.00715042165691355,0.,0.035));
#13955=CARTESIAN_POINT('',(-0.00692478037939913,0.00138573829897521,0.035));
#13956=CARTESIAN_POINT('',(-0.00692478037939913,0.00138573829897521,0.035));
#13957=CARTESIAN_POINT('',(-0.0137196881324053,-0.0311853888835758,0.035));
#13958=CARTESIAN_POINT('',(-0.0039363177536458,0.000623590867845285,0.0350000000000001));
#13959=CARTESIAN_POINT('',(-0.00443851435622693,0.000646838328874664,0.035));
#13960=CARTESIAN_POINT('',(-0.00443812951852072,0.000646820514139296,0.03500000025));
#13961=CARTESIAN_POINT('',(-0.0039363177536458,0.000623590867845285,0.035));
#13962=CARTESIAN_POINT('',(-0.00440508420918446,0.000445772663509316,0.03500000025));
#13963=CARTESIAN_POINT('',(-0.00440481859211811,0.000445867164368489,0.035));
#13964=CARTESIAN_POINT('',(-0.00443851435622693,0.00178437122258402,0.035));
#13965=CARTESIAN_POINT('',(-0.00443851435622693,0.00292190411629337,0.035));
#13966=CARTESIAN_POINT('',(-0.00443851435622693,0.00292190411629337,0.035));
#13967=CARTESIAN_POINT('',(-0.00443851435622693,0.00178437122258402,0.035));
#13968=CARTESIAN_POINT('',(-0.00466806674921827,0.00292190411629337,0.035));
#13969=CARTESIAN_POINT('',(-0.0048976191422096,0.00292190411629337,0.035));
#13970=CARTESIAN_POINT('',(-0.0048976191422096,0.00292190411629337,0.035));
#13971=CARTESIAN_POINT('',(-0.00466806674921827,0.00292190411629337,0.035));
#13972=CARTESIAN_POINT('',(-0.0048976191422096,0.00181836784172952,0.035));
#13973=CARTESIAN_POINT('',(-0.0048976191422096,0.000669703311662791,0.035));
#13974=CARTESIAN_POINT('',(-0.00489770899178152,0.000669701553769506,0.035));
#13975=CARTESIAN_POINT('',(-0.0048976191422096,0.00181836784172952,0.035));
#13976=CARTESIAN_POINT('',(-0.00298021798936006,0.000707216975224205,0.035));
#13977=CARTESIAN_POINT('',(-0.00488829263607234,0.000511453562366013,0.035));
#13978=CARTESIAN_POINT('',(-0.00488828033145576,0.00051145513085331,0.035));
#13979=CARTESIAN_POINT('',(-0.00298021798936006,0.000707216975224205,0.035));
#13980=CARTESIAN_POINT('',(-0.00402188932314642,0.000597533637583069,0.0350000000000001));
#13981=CARTESIAN_POINT('',(-0.00484135925034934,0.000302660166906006,0.035));
#13982=CARTESIAN_POINT('',(-0.00484130225695542,0.000302680793580509,0.035));
#13983=CARTESIAN_POINT('',(-0.00402188932314642,0.000597533637583069,0.035));
#13984=CARTESIAN_POINT('',(-0.00425154354434323,0.000507950878834729,0.0350000000000001));
#13985=CARTESIAN_POINT('',(-0.00473214887203236,0.000109210378316978,0.035));
#13986=CARTESIAN_POINT('',(-0.00473232735146859,0.000109055489086638,0.035));
#13987=CARTESIAN_POINT('',(-0.00425154354434323,0.000507950878834729,0.035));
#13988=CARTESIAN_POINT('',(-0.00447692277670368,0.000330864305158399,0.035));
#13989=CARTESIAN_POINT('',(-0.0045329828377463,-3.61026044023068E-6,0.035));
#13990=CARTESIAN_POINT('',(-0.00453293485762699,-3.3259857241264E-6,0.035));
#13991=CARTESIAN_POINT('',(-0.00447692277670368,0.000330864305158399,0.035));
#13992=CARTESIAN_POINT('',(-0.00437583985196867,0.000944444359130096,0.035));
#13993=CARTESIAN_POINT('',(-0.00443129383534648,-1.50427518342945E-5,0.035));
#13994=CARTESIAN_POINT('',(-0.00443129253708368,-1.50190566232679E-5,0.035));
#13995=CARTESIAN_POINT('',(-0.00437583985196867,0.000944444359130096,0.035));
#13996=CARTESIAN_POINT('',(-0.00431812022241556,0.00175671589822071,0.0350000000000098));
#13997=CARTESIAN_POINT('',(-0.00431817234155258,-1.86530122745252E-5,0.035));
#13998=CARTESIAN_POINT('',(-0.00431817234155258,-1.86530122745252E-5,0.035));
#13999=CARTESIAN_POINT('',(-0.00431812706797387,0.00175680742618283,0.035));
#14000=CARTESIAN_POINT('',(-0.00431853932374863,0.00350865911605528,0.035));
#14001=CARTESIAN_POINT('',(-0.00420565255783206,-1.68478820544099E-5,0.035));
#14002=CARTESIAN_POINT('',(-0.00420565300652553,-1.68317745245788E-5,0.035));
#14003=CARTESIAN_POINT('',(-0.00431850093383495,0.00351013192557526,0.034999999999999));
#14004=CARTESIAN_POINT('',(-0.00425682122687327,0.0018237427836259,0.035));
#14005=CARTESIAN_POINT('',(-0.00410757381587246,-1.14324913940638E-5,0.035));
#14006=CARTESIAN_POINT('',(-0.00410757263692595,-1.14444383153845E-5,0.035));
#14007=CARTESIAN_POINT('',(-0.00425682122687327,0.0018237427836259,0.035));
#14008=CARTESIAN_POINT('',(-0.00418338693705049,0.00111389270957799,0.035));
#14009=CARTESIAN_POINT('',(-0.00400648652354599,-1.21054473966743E-8,0.035));
#14010=CARTESIAN_POINT('',(-0.00400648652354599,-1.21054473966688E-8,0.035));
#14011=CARTESIAN_POINT('',(-0.00418338693705049,0.00111389270957799,0.035));
#14012=CARTESIAN_POINT('',(-0.00400648652354599,0.000139295881985567,0.035));
#14013=CARTESIAN_POINT('',(-0.00400648695542701,0.000278665606813572,0.035));
#14014=CARTESIAN_POINT('',(-0.00400648673948651,0.000278665608076572,0.035));
#14015=CARTESIAN_POINT('',(-0.00400648652354599,0.000139295881985567,0.035));
#14016=CARTESIAN_POINT('',(-0.00401335896864669,0.00145363965257746,0.035));
#14017=CARTESIAN_POINT('',(-0.00417376192394335,0.000289723400328512,0.035));
#14018=CARTESIAN_POINT('',(-0.00417375817165049,0.000289755286725253,0.035));
#14019=CARTESIAN_POINT('',(-0.00401335896864669,0.00145363965257746,0.035));
#14020=CARTESIAN_POINT('',(-0.00412600311202214,0.000655385192561668,0.0350000000000001));
#14021=CARTESIAN_POINT('',(-0.00431095182067212,0.000336656786051511,0.035));
#14022=CARTESIAN_POINT('',(-0.00431101767859208,0.000336547378242819,0.035));
#14023=CARTESIAN_POINT('',(-0.00412600311202214,0.000655385192561668,0.035));
#14024=CARTESIAN_POINT('',(-0.00418520793488021,0.00053841882162357,0.035));
#14025=CARTESIAN_POINT('',(-0.00418520793488021,0.00053841882162357,0.035));
#14026=CARTESIAN_POINT('',(-0.0137196881324053,-0.0311853888835758,0.035));
#14027=CARTESIAN_POINT('',(-0.00315627018987167,0.000639617807994202,0.035));
#14028=CARTESIAN_POINT('',(-0.00315627018987167,0.000639617807994202,0.036));
#14029=CARTESIAN_POINT('',(-0.00315627018987167,0.000526496314200307,0.035));
#14030=CARTESIAN_POINT('',(-0.00315627018987167,0.000526496314200307,0.036));
#14031=CARTESIAN_POINT('',(-0.00313310435204686,0.000442357188940487,0.035));
#14032=CARTESIAN_POINT('',(-0.00313310435204686,0.000442357188940487,0.036));
#14033=CARTESIAN_POINT('',(-0.00308677267639723,0.00038720043221474,0.035));
#14034=CARTESIAN_POINT('',(-0.00308677267639723,0.00038720043221474,0.036));
#14035=CARTESIAN_POINT('',(-0.00315627018987167,0.000639617807994202,0.035));
#14036=CARTESIAN_POINT('',(-0.00315627018987167,0.000639617807994202,0.035));
#14037=CARTESIAN_POINT('',(-0.00315627018987167,0.000639617807994202,0.035));
#14038=CARTESIAN_POINT('',(-0.00315627018987167,0.00046993556730336,0.035));
#14039=CARTESIAN_POINT('',(-0.00308677267639723,0.00038720043221474,0.035));
#14040=CARTESIAN_POINT('',(-0.00308677267639723,0.00038720043221474,0.035));
#14041=CARTESIAN_POINT('',(-0.00308677267639723,0.00038720043221474,0.035));
#14042=CARTESIAN_POINT('',(-0.00277836334503244,0.000656744424826719,0.035));
#14043=CARTESIAN_POINT('',(-0.00310933680414868,0.000836978712060146,0.035));
#14044=CARTESIAN_POINT('',(-0.00310956818010347,0.000837101235281534,0.035));
#14045=CARTESIAN_POINT('',(-0.00277836334503244,0.000656744424826719,0.035));
#14046=CARTESIAN_POINT('',(-0.0028220928033463,0.000668479654398959,0.035));
#14047=CARTESIAN_POINT('',(-0.00299079991969443,0.000955214741477701,0.035));
#14048=CARTESIAN_POINT('',(-0.00299083610410154,0.000955275721800037,0.035));
#14049=CARTESIAN_POINT('',(-0.0028220928033463,0.000668479654398959,0.035));
#14050=CARTESIAN_POINT('',(-0.00275234735281645,0.000540523989595099,0.0350000000000001));
#14051=CARTESIAN_POINT('',(-0.00283646128587457,0.00101147463333796,0.035));
#14052=CARTESIAN_POINT('',(-0.00283645520029252,0.00101144146905271,0.035));
#14053=CARTESIAN_POINT('',(-0.00275234735281645,0.000540523989595099,0.035));
#14054=CARTESIAN_POINT('',(-0.00267319027574783,0.000141854431023484,0.035));
#14055=CARTESIAN_POINT('',(-0.00267851239161448,0.00102651738517226,0.035));
#14056=CARTESIAN_POINT('',(-0.00267851259649609,0.00102655144139675,0.03500000025));
#14057=CARTESIAN_POINT('',(-0.00267319027574783,0.000141854431023484,0.035));
#14058=CARTESIAN_POINT('',(-0.00263729525158851,0.00102651738517226,0.035));
#14059=CARTESIAN_POINT('',(-0.00259607811156254,0.00102651738517226,0.035));
#14060=CARTESIAN_POINT('',(-0.00259607811156254,0.00102651738517226,0.035));
#14061=CARTESIAN_POINT('',(-0.00263729525158851,0.00102651738517226,0.035));
#14062=CARTESIAN_POINT('',(-0.00259607811156254,0.00116009702146079,0.035));
#14063=CARTESIAN_POINT('',(-0.00259607811156254,0.00129367665774933,0.035));
#14064=CARTESIAN_POINT('',(-0.00259607811156254,0.00129367665774933,0.035));
#14065=CARTESIAN_POINT('',(-0.00259607811156254,0.00116009702146079,0.035));
#14066=CARTESIAN_POINT('',(-0.00267881324665116,0.00129367665774933,0.035));
#14067=CARTESIAN_POINT('',(-0.00276154838173979,0.00129367665774933,0.035));
#14068=CARTESIAN_POINT('',(-0.00276154838173979,0.00129367665774933,0.035));
#14069=CARTESIAN_POINT('',(-0.00267881324665116,0.00129367665774933,0.035));
#14070=CARTESIAN_POINT('',(-0.00276147679620607,0.000155634347922974,0.0350000000000001));
#14071=CARTESIAN_POINT('',(-0.00305849230294876,0.00125426464794347,0.035));
#14072=CARTESIAN_POINT('',(-0.00305846875391868,0.00125417436500191,0.035));
#14073=CARTESIAN_POINT('',(-0.00276147679620607,0.000155634347922974,0.035));
#14074=CARTESIAN_POINT('',(-0.00285380395554501,0.000464233489111131,0.0350000000000001));
#14075=CARTESIAN_POINT('',(-0.00331963447479211,0.00113392263326912,0.035));
#14076=CARTESIAN_POINT('',(-0.00331968002878195,0.00113398814593425,0.035));
#14077=CARTESIAN_POINT('',(-0.00285380395554501,0.000464233489111131,0.035));
#14078=CARTESIAN_POINT('',(-0.00294365864355386,0.000604124137106308,0.0350000000000001));
#14079=CARTESIAN_POINT('',(-0.00350766887272079,0.000926934368029227,0.035));
#14080=CARTESIAN_POINT('',(-0.00350786700595884,0.000927041582728014,0.035));
#14081=CARTESIAN_POINT('',(-0.00294365864355386,0.000604124137106308,0.035));
#14082=CARTESIAN_POINT('',(-0.00299604494836757,0.000645250912217267,0.035));
#14083=CARTESIAN_POINT('',(-0.00358107750167215,0.000628185316600138,0.035));
#14084=CARTESIAN_POINT('',(-0.00358070822834496,0.000628191897483146,0.035));
#14085=CARTESIAN_POINT('',(-0.00299604494836757,0.000645250912217267,0.035));
#14086=CARTESIAN_POINT('',(-0.00276694313471533,0.000603323175901156,0.0350000000000001));
#14087=CARTESIAN_POINT('',(-0.00353023300047223,0.000323419164437332,0.035));
#14088=CARTESIAN_POINT('',(-0.00353042135952542,0.000323353163926064,0.035));
#14089=CARTESIAN_POINT('',(-0.00276694313471533,0.000603323175901156,0.035));
#14090=CARTESIAN_POINT('',(-0.003062225622959,0.000503048227097816,0.035));
#14091=CARTESIAN_POINT('',(-0.00338913198826655,0.000123952275114587,0.035));
#14092=CARTESIAN_POINT('',(-0.00338924030986627,0.000123827755224239,0.035));
#14093=CARTESIAN_POINT('',(-0.003062225622959,0.000503048227097816,0.035));
#14094=CARTESIAN_POINT('',(-0.00303088438422655,0.000556769793166476,0.0350000000000001));
#14095=CARTESIAN_POINT('',(-0.00318063944784323,1.50427518342945E-5,0.035));
#14096=CARTESIAN_POINT('',(-0.00318063112197317,1.50739939193539E-5,0.035));
#14097=CARTESIAN_POINT('',(-0.00303088438422655,0.000556769793166476,0.035));
#14098=CARTESIAN_POINT('',(-0.0029378528233593,0.000875968969061303,0.0350000000000001));
#14099=CARTESIAN_POINT('',(-0.00293423917279749,-1.86530122745252E-5,0.035));
#14100=CARTESIAN_POINT('',(-0.00293423827073819,-1.85861661935074E-5,0.035));
#14101=CARTESIAN_POINT('',(-0.0029378528233593,0.000875968969061303,0.035));
#14102=CARTESIAN_POINT('',(-0.0029264366058813,0.000228198777260806,0.035));
#14103=CARTESIAN_POINT('',(-0.00288550065685437,-1.52246033048139E-5,0.035));
#14104=CARTESIAN_POINT('',(-0.00288550065685437,-1.52246033048135E-5,0.035));
#14105=CARTESIAN_POINT('',(-0.0029264366058813,0.000228198777260806,0.035));
#14106=CARTESIAN_POINT('',(-0.00288550065685437,0.000137189896728766,0.035));
#14107=CARTESIAN_POINT('',(-0.00288550065685437,0.000290370770390369,0.035));
#14108=CARTESIAN_POINT('',(-0.00288550065685437,0.000290370770390576,0.035));
#14109=CARTESIAN_POINT('',(-0.00288550065685437,0.000137189896728766,0.035));
#14110=CARTESIAN_POINT('',(-0.00286879311988344,0.000584997324025457,0.035));
#14111=CARTESIAN_POINT('',(-0.00286879311988344,0.000584997324025457,0.035));
#14112=CARTESIAN_POINT('',(-0.0137196881324053,-0.0311853888835758,0.035));
#14113=MECHANICAL_DESIGN_GEOMETRIC_PRESENTATION_REPRESENTATION('',(#8044),
#14114);
#14114=(
GEOMETRIC_REPRESENTATION_CONTEXT(3)
GLOBAL_UNCERTAINTY_ASSIGNED_CONTEXT((#14115))
GLOBAL_UNIT_ASSIGNED_CONTEXT((#14118,#14117,#14116))
REPRESENTATION_CONTEXT('Part 2','TOP_LEVEL_ASSEMBLY_PART')
);
#14115=UNCERTAINTY_MEASURE_WITH_UNIT(LENGTH_MEASURE(2.E-5),#14118,
'DISTANCE_ACCURACY_VALUE','Maximum Tolerance applied to model');
#14116=(
NAMED_UNIT(*)
SI_UNIT($,.STERADIAN.)
SOLID_ANGLE_UNIT()
);
#14117=(
NAMED_UNIT(*)
PLANE_ANGLE_UNIT()
SI_UNIT($,.RADIAN.)
);
#14118=(
LENGTH_UNIT()
NAMED_UNIT(*)
SI_UNIT($,.METRE.)
);
#14119=PRODUCT_DEFINITION_SHAPE('','',#14120);
#14120=PRODUCT_DEFINITION('','',#14122,#14121);
#14121=PRODUCT_DEFINITION_CONTEXT('',#14128,'design');
#14122=PRODUCT_DEFINITION_FORMATION_WITH_SPECIFIED_SOURCE('','',#14124,
 .NOT_KNOWN.);
#14123=PRODUCT_RELATED_PRODUCT_CATEGORY('','',(#14124));
#14124=PRODUCT('Part 2','Part 2','Part 2',(#14126));
#14125=PRODUCT_CATEGORY('','');
#14126=PRODUCT_CONTEXT('',#14128,'mechanical');
#14127=APPLICATION_PROTOCOL_DEFINITION('international standard',
'ap242_managed_model_based_3d_engineering',2020,#14128);
#14128=APPLICATION_CONTEXT('managed model based 3d engineering');
ENDSEC;
END-ISO-10303-21;
