ISO-10303-21;
HEADER;
/* Generated by software containing ST-Developer
 * from STEP Tools, Inc. (www.steptools.com) 
 */
/* OPTION: using custom renumber hook */

FILE_DESCRIPTION(
/* description */ ('STEP AP242 Edition 2',
'CAx-IF Rec.Pracs.---Representation and Presentation of Product Manufa
cturing Information (PMI)---4.0---2014-10-13',
'CAx-IF Rec.Pracs.---3D Tessellated Geometry---0.4---2014-09-14','2;1',
'CAx-IF Rec.Pracs.---User Defined Attributes---1.5---2016-08-15'),
/* implementation_level */ '2;1');

FILE_NAME(
/* name */ '6ab61532e7b397b2bdae9d91',
/* time_stamp */ '2026-09-25T06:31:16Z',
/* author */ (''),
/* organization */ (''),
/* preprocessor_version */ 'ST-DEVELOPER v20',
/* originating_system */ 'ONSHAPE BY PTC INC, 1.221',
/* authorisation */ '  ');

FILE_SCHEMA (('AP242_MANAGED_MODEL_BASED_3D_ENGINEERING_MIM_LF { 1 0 10303 442 3 1 4 }'));
ENDSEC;

DATA;
#10=DRAUGHTING_PRE_DEFINED_COLOUR('black');
#11=ELLIPSE('',#10725,0.0021,0.00209998964915076);
#12=ELLIPSE('',#10726,0.0021,0.00209998964915076);
#13=CONTEXT_DEPENDENT_SHAPE_REPRESENTATION(#19,#16845);
#14=CONTEXT_DEPENDENT_SHAPE_REPRESENTATION(#20,#16847);
#15=CONTEXT_DEPENDENT_SHAPE_REPRESENTATION(#21,#16849);
#16=NEXT_ASSEMBLY_USAGE_OCCURRENCE('NAUO1','Part 3','Part 3',#16850,#16851,
'');
#17=NEXT_ASSEMBLY_USAGE_OCCURRENCE('NAUO2','Part 1','Part 1',#16850,#16852,
'');
#18=NEXT_ASSEMBLY_USAGE_OCCURRENCE('NAUO3','Part 2','Part 2',#16850,#16853,
'');
#19=(
REPRESENTATION_RELATIONSHIP(' ',' ',#9738,#9737)
REPRESENTATION_RELATIONSHIP_WITH_TRANSFORMATION(#22)
SHAPE_REPRESENTATION_RELATIONSHIP()
);
#20=(
REPRESENTATION_RELATIONSHIP(' ',' ',#9739,#9737)
REPRESENTATION_RELATIONSHIP_WITH_TRANSFORMATION(#23)
SHAPE_REPRESENTATION_RELATIONSHIP()
);
#21=(
REPRESENTATION_RELATIONSHIP(' ',' ',#9740,#9737)
REPRESENTATION_RELATIONSHIP_WITH_TRANSFORMATION(#24)
SHAPE_REPRESENTATION_RELATIONSHIP()
);
#22=ITEM_DEFINED_TRANSFORMATION(' ',' ',#9741,#10657);
#23=ITEM_DEFINED_TRANSFORMATION(' ',' ',#9741,#10734);
#24=ITEM_DEFINED_TRANSFORMATION(' ',' ',#9741,#10769);
#25=SHAPE_REPRESENTATION_RELATIONSHIP('','',#9738,#28);
#26=SHAPE_REPRESENTATION_RELATIONSHIP('','',#9739,#29);
#27=SHAPE_REPRESENTATION_RELATIONSHIP('','',#9740,#30);
#28=ADVANCED_BREP_SHAPE_REPRESENTATION('',(#9730),#16833);
#29=ADVANCED_BREP_SHAPE_REPRESENTATION('',(#9731),#16834);
#30=ADVANCED_BREP_SHAPE_REPRESENTATION('',(#9732),#16835);
#31=B_SPLINE_SURFACE_WITH_KNOTS('',3,1,((#14573,#14574),(#14575,#14576),
(#14577,#14578),(#14579,#14580)),.SURF_OF_LINEAR_EXTRUSION.,.F.,.F.,.F.,
(4,4),(2,2),(0.,1.),(0.,1.),.PIECEWISE_BEZIER_KNOTS.);
#32=B_SPLINE_SURFACE_WITH_KNOTS('',3,1,((#14610,#14611),(#14612,#14613),
(#14614,#14615),(#14616,#14617)),.SURF_OF_LINEAR_EXTRUSION.,.F.,.F.,.F.,
(4,4),(2,2),(0.,1.),(0.,1.),.PIECEWISE_BEZIER_KNOTS.);
#33=B_SPLINE_SURFACE_WITH_KNOTS('',3,1,((#14623,#14624),(#14625,#14626),
(#14627,#14628),(#14629,#14630)),.SURF_OF_LINEAR_EXTRUSION.,.F.,.F.,.F.,
(4,4),(2,2),(0.,1.),(0.,1.),.PIECEWISE_BEZIER_KNOTS.);
#34=B_SPLINE_SURFACE_WITH_KNOTS('',3,1,((#14644,#14645),(#14646,#14647),
(#14648,#14649),(#14650,#14651)),.SURF_OF_LINEAR_EXTRUSION.,.F.,.F.,.F.,
(4,4),(2,2),(0.,1.),(0.,1.),.PIECEWISE_BEZIER_KNOTS.);
#35=B_SPLINE_SURFACE_WITH_KNOTS('',3,1,((#14681,#14682),(#14683,#14684),
(#14685,#14686),(#14687,#14688)),.SURF_OF_LINEAR_EXTRUSION.,.F.,.F.,.F.,
(4,4),(2,2),(0.,1.),(0.,1.),.PIECEWISE_BEZIER_KNOTS.);
#36=B_SPLINE_SURFACE_WITH_KNOTS('',3,1,((#14694,#14695),(#14696,#14697),
(#14698,#14699),(#14700,#14701)),.SURF_OF_LINEAR_EXTRUSION.,.F.,.F.,.F.,
(4,4),(2,2),(0.,1.),(0.,1.),.PIECEWISE_BEZIER_KNOTS.);
#37=B_SPLINE_SURFACE_WITH_KNOTS('',3,1,((#14707,#14708),(#14709,#14710),
(#14711,#14712),(#14713,#14714)),.SURF_OF_LINEAR_EXTRUSION.,.F.,.F.,.F.,
(4,4),(2,2),(0.,1.),(0.,1.),.PIECEWISE_BEZIER_KNOTS.);
#38=B_SPLINE_SURFACE_WITH_KNOTS('',3,1,((#14720,#14721),(#14722,#14723),
(#14724,#14725),(#14726,#14727)),.SURF_OF_LINEAR_EXTRUSION.,.F.,.F.,.F.,
(4,4),(2,2),(0.,1.),(0.,1.),.PIECEWISE_BEZIER_KNOTS.);
#39=B_SPLINE_SURFACE_WITH_KNOTS('',3,1,((#14765,#14766),(#14767,#14768),
(#14769,#14770),(#14771,#14772)),.SURF_OF_LINEAR_EXTRUSION.,.F.,.F.,.F.,
(4,4),(2,2),(0.,1.),(0.,1.),.PIECEWISE_BEZIER_KNOTS.);
#40=B_SPLINE_SURFACE_WITH_KNOTS('',3,1,((#15359,#15360),(#15361,#15362),
(#15363,#15364),(#15365,#15366)),.SURF_OF_LINEAR_EXTRUSION.,.F.,.F.,.F.,
(4,4),(2,2),(0.,1.),(0.,1.),.PIECEWISE_BEZIER_KNOTS.);
#41=B_SPLINE_SURFACE_WITH_KNOTS('',3,1,((#15436,#15437),(#15438,#15439),
(#15440,#15441),(#15442,#15443)),.SURF_OF_LINEAR_EXTRUSION.,.F.,.F.,.F.,
(4,4),(2,2),(0.,1.),(0.,1.),.PIECEWISE_BEZIER_KNOTS.);
#42=B_SPLINE_SURFACE_WITH_KNOTS('',3,1,((#15475,#15476),(#15477,#15478),
(#15479,#15480),(#15481,#15482)),.SURF_OF_LINEAR_EXTRUSION.,.F.,.F.,.F.,
(4,4),(2,2),(0.,1.),(0.,1.),.PIECEWISE_BEZIER_KNOTS.);
#43=B_SPLINE_SURFACE_WITH_KNOTS('',3,1,((#15601,#15602),(#15603,#15604),
(#15605,#15606),(#15607,#15608)),.SURF_OF_LINEAR_EXTRUSION.,.F.,.F.,.F.,
(4,4),(2,2),(0.,1.),(0.,1.),.PIECEWISE_BEZIER_KNOTS.);
#44=B_SPLINE_SURFACE_WITH_KNOTS('',3,1,((#15638,#15639),(#15640,#15641),
(#15642,#15643),(#15644,#15645)),.SURF_OF_LINEAR_EXTRUSION.,.F.,.F.,.F.,
(4,4),(2,2),(0.,1.),(0.,1.),.PIECEWISE_BEZIER_KNOTS.);
#45=B_SPLINE_SURFACE_WITH_KNOTS('',3,1,((#15682,#15683),(#15684,#15685),
(#15686,#15687),(#15688,#15689)),.SURF_OF_LINEAR_EXTRUSION.,.F.,.F.,.F.,
(4,4),(2,2),(0.,1.),(0.,1.),.PIECEWISE_BEZIER_KNOTS.);
#46=B_SPLINE_SURFACE_WITH_KNOTS('',3,1,((#15697,#15698),(#15699,#15700),
(#15701,#15702),(#15703,#15704)),.SURF_OF_LINEAR_EXTRUSION.,.F.,.F.,.F.,
(4,4),(2,2),(0.,1.),(0.,1.),.PIECEWISE_BEZIER_KNOTS.);
#47=B_SPLINE_SURFACE_WITH_KNOTS('',3,1,((#15746,#15747),(#15748,#15749),
(#15750,#15751),(#15752,#15753)),.SURF_OF_LINEAR_EXTRUSION.,.F.,.F.,.F.,
(4,4),(2,2),(0.,1.),(0.,1.),.PIECEWISE_BEZIER_KNOTS.);
#48=B_SPLINE_SURFACE_WITH_KNOTS('',3,1,((#15759,#15760),(#15761,#15762),
(#15763,#15764),(#15765,#15766)),.SURF_OF_LINEAR_EXTRUSION.,.F.,.F.,.F.,
(4,4),(2,2),(0.,1.),(0.,1.),.PIECEWISE_BEZIER_KNOTS.);
#49=B_SPLINE_SURFACE_WITH_KNOTS('',3,1,((#15792,#15793),(#15794,#15795),
(#15796,#15797),(#15798,#15799)),.SURF_OF_LINEAR_EXTRUSION.,.F.,.F.,.F.,
(4,4),(2,2),(0.,1.),(0.,1.),.PIECEWISE_BEZIER_KNOTS.);
#50=B_SPLINE_SURFACE_WITH_KNOTS('',3,1,((#15851,#15852),(#15853,#15854),
(#15855,#15856),(#15857,#15858)),.SURF_OF_LINEAR_EXTRUSION.,.F.,.F.,.F.,
(4,4),(2,2),(0.,1.),(0.,1.),.PIECEWISE_BEZIER_KNOTS.);
#51=B_SPLINE_SURFACE_WITH_KNOTS('',3,1,((#15869,#15870),(#15871,#15872),
(#15873,#15874),(#15875,#15876)),.SURF_OF_LINEAR_EXTRUSION.,.F.,.F.,.F.,
(4,4),(2,2),(0.,1.),(0.,1.),.PIECEWISE_BEZIER_KNOTS.);
#52=B_SPLINE_SURFACE_WITH_KNOTS('',3,1,((#15946,#15947),(#15948,#15949),
(#15950,#15951),(#15952,#15953)),.SURF_OF_LINEAR_EXTRUSION.,.F.,.F.,.F.,
(4,4),(2,2),(0.,1.),(0.,1.),.PIECEWISE_BEZIER_KNOTS.);
#53=B_SPLINE_SURFACE_WITH_KNOTS('',3,1,((#16134,#16135),(#16136,#16137),
(#16138,#16139),(#16140,#16141)),.SURF_OF_LINEAR_EXTRUSION.,.F.,.F.,.F.,
(4,4),(2,2),(0.,1.),(0.,1.),.PIECEWISE_BEZIER_KNOTS.);
#54=B_SPLINE_SURFACE_WITH_KNOTS('',3,1,((#16261,#16262),(#16263,#16264),
(#16265,#16266),(#16267,#16268)),.SURF_OF_LINEAR_EXTRUSION.,.F.,.F.,.F.,
(4,4),(2,2),(0.,1.),(0.,1.),.PIECEWISE_BEZIER_KNOTS.);
#55=CYLINDRICAL_SURFACE('',#10007,0.0015);
#56=CYLINDRICAL_SURFACE('',#10008,0.0015);
#57=CYLINDRICAL_SURFACE('',#10009,0.0015);
#58=CYLINDRICAL_SURFACE('',#10010,0.0015);
#59=CYLINDRICAL_SURFACE('',#10011,0.00111740981590271);
#60=CYLINDRICAL_SURFACE('',#10013,0.000762453161041871);
#61=CYLINDRICAL_SURFACE('',#10015,0.000912923830103612);
#62=CYLINDRICAL_SURFACE('',#10017,0.00112694093564167);
#63=CYLINDRICAL_SURFACE('',#10019,0.000996498569298674);
#64=CYLINDRICAL_SURFACE('',#10021,0.00111872220366856);
#65=CYLINDRICAL_SURFACE('',#10023,0.0014957385124718);
#66=CYLINDRICAL_SURFACE('',#10025,0.00243566015419735);
#67=CYLINDRICAL_SURFACE('',#10030,0.000528085721245446);
#68=CYLINDRICAL_SURFACE('',#10032,0.000976500597141597);
#69=CYLINDRICAL_SURFACE('',#10034,0.000490051570782078);
#70=CYLINDRICAL_SURFACE('',#10036,0.000679436413335667);
#71=CYLINDRICAL_SURFACE('',#10038,0.00700105850672881);
#72=CYLINDRICAL_SURFACE('',#10046,0.00291816288632687);
#73=CYLINDRICAL_SURFACE('',#10048,0.00150397002758169);
#74=CYLINDRICAL_SURFACE('',#10050,0.00183298041403439);
#75=CYLINDRICAL_SURFACE('',#10052,0.0011859305768536);
#76=CYLINDRICAL_SURFACE('',#10054,0.00125259083281443);
#77=CYLINDRICAL_SURFACE('',#10056,0.00108184165235988);
#78=CYLINDRICAL_SURFACE('',#10058,0.00121126146508572);
#79=CYLINDRICAL_SURFACE('',#10060,0.0011230208895339);
#80=CYLINDRICAL_SURFACE('',#10063,0.000229680659792555);
#81=CYLINDRICAL_SURFACE('',#10065,0.000604025890831859);
#82=CYLINDRICAL_SURFACE('',#10067,0.000269028446590991);
#83=CYLINDRICAL_SURFACE('',#10069,0.000372887006994758);
#84=CYLINDRICAL_SURFACE('',#10071,0.00067443605516652);
#85=CYLINDRICAL_SURFACE('',#10074,0.000381277526714038);
#86=CYLINDRICAL_SURFACE('',#10076,0.000392220695130478);
#87=CYLINDRICAL_SURFACE('',#10078,0.000168468419108111);
#88=CYLINDRICAL_SURFACE('',#10080,0.000167957395707232);
#89=CYLINDRICAL_SURFACE('',#10082,0.000317584942981739);
#90=CYLINDRICAL_SURFACE('',#10084,0.00122727602014413);
#91=CYLINDRICAL_SURFACE('',#10089,0.0023551510094787);
#92=CYLINDRICAL_SURFACE('',#10091,0.000641779604298306);
#93=CYLINDRICAL_SURFACE('',#10093,0.000409954385170249);
#94=CYLINDRICAL_SURFACE('',#10096,0.00122062111173142);
#95=CYLINDRICAL_SURFACE('',#10102,0.000565175487083704);
#96=CYLINDRICAL_SURFACE('',#10104,0.000379924401625324);
#97=CYLINDRICAL_SURFACE('',#10106,0.000238761463513316);
#98=CYLINDRICAL_SURFACE('',#10108,0.000666170095976845);
#99=CYLINDRICAL_SURFACE('',#10110,0.000468913947527249);
#100=CYLINDRICAL_SURFACE('',#10112,0.000239685238884845);
#101=CYLINDRICAL_SURFACE('',#10114,0.000346336349097864);
#102=CYLINDRICAL_SURFACE('',#10116,0.000340873542229238);
#103=CYLINDRICAL_SURFACE('',#10118,0.000692993526809865);
#104=CYLINDRICAL_SURFACE('',#10121,0.000399085445884578);
#105=CYLINDRICAL_SURFACE('',#10122,0.000464282436619908);
#106=CYLINDRICAL_SURFACE('',#10124,0.000168150301802315);
#107=CYLINDRICAL_SURFACE('',#10126,0.000158262413759498);
#108=CYLINDRICAL_SURFACE('',#10128,0.000328390859667401);
#109=CYLINDRICAL_SURFACE('',#10143,0.000351838235086794);
#110=CYLINDRICAL_SURFACE('',#10145,0.000457985028725925);
#111=CYLINDRICAL_SURFACE('',#10147,0.000554208560232406);
#112=CYLINDRICAL_SURFACE('',#10150,0.000279313803726743);
#113=CYLINDRICAL_SURFACE('',#10152,0.000175455387325555);
#114=CYLINDRICAL_SURFACE('',#10154,0.000184013021442187);
#115=CYLINDRICAL_SURFACE('',#10156,0.000260793676173577);
#116=CYLINDRICAL_SURFACE('',#10158,0.00037511545728226);
#117=CYLINDRICAL_SURFACE('',#10160,0.000534793184137243);
#118=CYLINDRICAL_SURFACE('',#10162,0.000541946690286328);
#119=CYLINDRICAL_SURFACE('',#10164,0.000376669042816917);
#120=CYLINDRICAL_SURFACE('',#10166,0.00025078909515967);
#121=CYLINDRICAL_SURFACE('',#10168,0.000183514291395159);
#122=CYLINDRICAL_SURFACE('',#10170,0.00018550772267897);
#123=CYLINDRICAL_SURFACE('',#10172,0.000231696347296666);
#124=CYLINDRICAL_SURFACE('',#10175,0.000375104731803518);
#125=CYLINDRICAL_SURFACE('',#10177,0.000447503755201597);
#126=CYLINDRICAL_SURFACE('',#10179,0.000467688970009878);
#127=CYLINDRICAL_SURFACE('',#10181,0.000354557271199014);
#128=CYLINDRICAL_SURFACE('',#10183,0.000473229485893596);
#129=CYLINDRICAL_SURFACE('',#10185,0.00064926077292875);
#130=CYLINDRICAL_SURFACE('',#10187,0.000851445013979844);
#131=CYLINDRICAL_SURFACE('',#10189,0.000527667419736688);
#132=CYLINDRICAL_SURFACE('',#10191,0.000394983335288045);
#133=CYLINDRICAL_SURFACE('',#10196,0.00186259795814938);
#134=CYLINDRICAL_SURFACE('',#10198,0.00101802446319208);
#135=CYLINDRICAL_SURFACE('',#10200,0.000265919310189631);
#136=CYLINDRICAL_SURFACE('',#10202,0.000259920810378646);
#137=CYLINDRICAL_SURFACE('',#10204,0.000308813848820184);
#138=CYLINDRICAL_SURFACE('',#10206,0.000521636905043461);
#139=CYLINDRICAL_SURFACE('',#10208,0.000656325561307569);
#140=CYLINDRICAL_SURFACE('',#10210,0.000703660870772238);
#141=CYLINDRICAL_SURFACE('',#10212,0.000489548498492167);
#142=CYLINDRICAL_SURFACE('',#10214,0.000230370012695897);
#143=CYLINDRICAL_SURFACE('',#10218,0.00031071065127308);
#144=CYLINDRICAL_SURFACE('',#10220,0.000451604073203824);
#145=CYLINDRICAL_SURFACE('',#10222,0.000282811192171456);
#146=CYLINDRICAL_SURFACE('',#10224,0.000405173626583106);
#147=CYLINDRICAL_SURFACE('',#10226,9.52287136339531E-5);
#148=CYLINDRICAL_SURFACE('',#10228,0.000162496603144189);
#149=CYLINDRICAL_SURFACE('',#10230,0.000901389129387554);
#150=CYLINDRICAL_SURFACE('',#10233,0.000276727163583308);
#151=CYLINDRICAL_SURFACE('',#10235,0.000200857541628612);
#152=CYLINDRICAL_SURFACE('',#10238,0.000385244053063146);
#153=CYLINDRICAL_SURFACE('',#10240,0.000184391154541528);
#154=CYLINDRICAL_SURFACE('',#10242,0.000192800075997976);
#155=CYLINDRICAL_SURFACE('',#10244,0.000225672232457217);
#156=CYLINDRICAL_SURFACE('',#10246,0.000205452270894921);
#157=CYLINDRICAL_SURFACE('',#10248,0.000133549196471786);
#158=CYLINDRICAL_SURFACE('',#10251,5.90950349860852E-5);
#159=CYLINDRICAL_SURFACE('',#10253,0.000203658993627461);
#160=CYLINDRICAL_SURFACE('',#10255,0.000463904694494742);
#161=CYLINDRICAL_SURFACE('',#10258,0.000193152170507984);
#162=CYLINDRICAL_SURFACE('',#10260,0.000184641171444881);
#163=CYLINDRICAL_SURFACE('',#10262,0.000162755784261879);
#164=CYLINDRICAL_SURFACE('',#10264,0.000233929608339777);
#165=CYLINDRICAL_SURFACE('',#10266,0.000432650966514134);
#166=CYLINDRICAL_SURFACE('',#10271,0.000556518819603339);
#167=CYLINDRICAL_SURFACE('',#10273,0.000398998736307509);
#168=CYLINDRICAL_SURFACE('',#10275,0.000317722598949158);
#169=CYLINDRICAL_SURFACE('',#10277,0.000285887541202262);
#170=CYLINDRICAL_SURFACE('',#10279,0.000397945720797441);
#171=CYLINDRICAL_SURFACE('',#10281,0.000244951021082925);
#172=CYLINDRICAL_SURFACE('',#10283,0.000274787323603037);
#173=CYLINDRICAL_SURFACE('',#10285,0.000437449995239039);
#174=CYLINDRICAL_SURFACE('',#10289,0.000144307065913635);
#175=CYLINDRICAL_SURFACE('',#10292,0.000399311056799911);
#176=CYLINDRICAL_SURFACE('',#10295,0.000439855548850636);
#177=CYLINDRICAL_SURFACE('',#10297,0.000529062520932523);
#178=CYLINDRICAL_SURFACE('',#10299,0.000510283605574363);
#179=CYLINDRICAL_SURFACE('',#10302,0.000895592999536611);
#180=CYLINDRICAL_SURFACE('',#10309,0.000237933724070832);
#181=CYLINDRICAL_SURFACE('',#10311,0.000370420252732653);
#182=CYLINDRICAL_SURFACE('',#10313,0.00031319573236951);
#183=CYLINDRICAL_SURFACE('',#10315,0.0002507128837646);
#184=CYLINDRICAL_SURFACE('',#10317,0.000164273682024604);
#185=CYLINDRICAL_SURFACE('',#10320,0.00036276996775759);
#186=CYLINDRICAL_SURFACE('',#10322,0.000598162783745445);
#187=CYLINDRICAL_SURFACE('',#10324,0.000600448442892757);
#188=CYLINDRICAL_SURFACE('',#10326,0.000349598981125696);
#189=CYLINDRICAL_SURFACE('',#10328,0.00039823616484347);
#190=CYLINDRICAL_SURFACE('',#10330,0.000526846660084318);
#191=CYLINDRICAL_SURFACE('',#10341,0.00331052024770652);
#192=CYLINDRICAL_SURFACE('',#10343,0.00150304317766524);
#193=CYLINDRICAL_SURFACE('',#10345,0.00107791238759867);
#194=CYLINDRICAL_SURFACE('',#10347,0.00165882803942609);
#195=CYLINDRICAL_SURFACE('',#10349,0.00306441893538831);
#196=CYLINDRICAL_SURFACE('',#10351,0.00608840393896404);
#197=CYLINDRICAL_SURFACE('',#10353,0.00317816859046506);
#198=CYLINDRICAL_SURFACE('',#10355,0.00194677732029105);
#199=CYLINDRICAL_SURFACE('',#10358,0.00202812706595222);
#200=CYLINDRICAL_SURFACE('',#10360,0.000636276187892253);
#201=CYLINDRICAL_SURFACE('',#10362,0.000410794430749629);
#202=CYLINDRICAL_SURFACE('',#10365,0.00281003164300459);
#203=CYLINDRICAL_SURFACE('',#10368,0.00657445928548334);
#204=CYLINDRICAL_SURFACE('',#10370,0.00359334678507629);
#205=CYLINDRICAL_SURFACE('',#10372,0.000938622138155042);
#206=CYLINDRICAL_SURFACE('',#10374,0.000917449081130677);
#207=CYLINDRICAL_SURFACE('',#10376,0.00109002807981314);
#208=CYLINDRICAL_SURFACE('',#10378,0.00184123502277094);
#209=CYLINDRICAL_SURFACE('',#10380,0.00231664899115516);
#210=CYLINDRICAL_SURFACE('',#10382,0.00248372963432852);
#211=CYLINDRICAL_SURFACE('',#10384,0.00172797175976906);
#212=CYLINDRICAL_SURFACE('',#10386,0.000813142880556312);
#213=CYLINDRICAL_SURFACE('',#10389,0.00299822281649823);
#214=CYLINDRICAL_SURFACE('',#10391,0.00109672327157926);
#215=CYLINDRICAL_SURFACE('',#10393,0.00159403835879752);
#216=CYLINDRICAL_SURFACE('',#10395,0.000998245842699504);
#217=CYLINDRICAL_SURFACE('',#10397,0.001430151632971);
#218=CYLINDRICAL_SURFACE('',#10399,0.000336131207399083);
#219=CYLINDRICAL_SURFACE('',#10401,0.00318165608707838);
#220=CYLINDRICAL_SURFACE('',#10404,0.00097677089258018);
#221=CYLINDRICAL_SURFACE('',#10406,0.00070897196240941);
#222=CYLINDRICAL_SURFACE('',#10409,0.00135980571151189);
#223=CYLINDRICAL_SURFACE('',#10411,0.000680531322182705);
#224=CYLINDRICAL_SURFACE('',#10413,0.000796561006414864);
#225=CYLINDRICAL_SURFACE('',#10415,0.000725190094911268);
#226=CYLINDRICAL_SURFACE('',#10417,0.000471391988228136);
#227=CYLINDRICAL_SURFACE('',#10420,0.000208589244990567);
#228=CYLINDRICAL_SURFACE('',#10422,0.000718860318633241);
#229=CYLINDRICAL_SURFACE('',#10424,0.00163745617250469);
#230=CYLINDRICAL_SURFACE('',#10427,0.000574483222423586);
#231=CYLINDRICAL_SURFACE('',#10429,0.00082570727564506);
#232=CYLINDRICAL_SURFACE('',#10431,0.00152713909710522);
#233=CYLINDRICAL_SURFACE('',#10436,0.0019643586018848);
#234=CYLINDRICAL_SURFACE('',#10438,0.00140835596604788);
#235=CYLINDRICAL_SURFACE('',#10440,0.00112147352124533);
#236=CYLINDRICAL_SURFACE('',#10442,0.000864609835924565);
#237=CYLINDRICAL_SURFACE('',#10444,0.000969923790169044);
#238=CYLINDRICAL_SURFACE('',#10446,0.00154407835058655);
#239=CYLINDRICAL_SURFACE('',#10448,0.000426066631310342);
#240=CYLINDRICAL_SURFACE('',#10458,0.00140945837162054);
#241=CYLINDRICAL_SURFACE('',#10461,0.00155256929422224);
#242=CYLINDRICAL_SURFACE('',#10463,0.00186744540763083);
#243=CYLINDRICAL_SURFACE('',#10465,0.00180116099351805);
#244=CYLINDRICAL_SURFACE('',#10469,0.00126154475522469);
#245=CYLINDRICAL_SURFACE('',#10471,0.000947948668522545);
#246=CYLINDRICAL_SURFACE('',#10473,0.00103347850156116);
#247=CYLINDRICAL_SURFACE('',#10475,0.00172008580073706);
#248=CYLINDRICAL_SURFACE('',#10477,0.00204039132641054);
#249=CYLINDRICAL_SURFACE('',#10479,0.00161492720880409);
#250=CYLINDRICAL_SURFACE('',#10481,0.00111227677552215);
#251=CYLINDRICAL_SURFACE('',#10483,0.000762614813113825);
#252=CYLINDRICAL_SURFACE('',#10486,0.0013654687033764);
#253=CYLINDRICAL_SURFACE('',#10488,0.00173130188409141);
#254=CYLINDRICAL_SURFACE('',#10490,0.00192446220520043);
#255=CYLINDRICAL_SURFACE('',#10492,0.00204284287100545);
#256=CYLINDRICAL_SURFACE('',#10494,0.00200811735716148);
#257=CYLINDRICAL_SURFACE('',#10496,0.00196426533916237);
#258=CYLINDRICAL_SURFACE('',#10498,0.00159204031778021);
#259=CYLINDRICAL_SURFACE('',#10500,0.00155647358228716);
#260=CYLINDRICAL_SURFACE('',#10502,0.00143019125955989);
#261=CYLINDRICAL_SURFACE('',#10505,0.000883095407798438);
#262=CYLINDRICAL_SURFACE('',#10507,0.00167845310862159);
#263=CYLINDRICAL_SURFACE('',#10509,0.00125542857324293);
#264=CYLINDRICAL_SURFACE('',#10512,0.00159512423440053);
#265=CYLINDRICAL_SURFACE('',#10515,0.000737758243158341);
#266=CYLINDRICAL_SURFACE('',#10517,0.00102466398602524);
#267=CYLINDRICAL_SURFACE('',#10519,0.000977264406390306);
#268=CYLINDRICAL_SURFACE('',#10521,0.000968208165369905);
#269=CYLINDRICAL_SURFACE('',#10526,0.00247696757076028);
#270=CYLINDRICAL_SURFACE('',#10528,0.00206240856760538);
#271=CYLINDRICAL_SURFACE('',#10530,0.00178146563611784);
#272=CYLINDRICAL_SURFACE('',#10532,0.00164481366436605);
#273=CYLINDRICAL_SURFACE('',#10541,0.413569958090575);
#274=CYLINDRICAL_SURFACE('',#10546,0.00189092428662137);
#275=CYLINDRICAL_SURFACE('',#10548,0.000516724958749524);
#276=CYLINDRICAL_SURFACE('',#10550,0.000301061108219972);
#277=CYLINDRICAL_SURFACE('',#10552,0.00155342736362234);
#278=CYLINDRICAL_SURFACE('',#10554,0.000656273990876148);
#279=CYLINDRICAL_SURFACE('',#10556,0.000656273990877821);
#280=CYLINDRICAL_SURFACE('',#10558,0.00121282577326429);
#281=CYLINDRICAL_SURFACE('',#10560,0.00243171625026411);
#282=CYLINDRICAL_SURFACE('',#10562,0.00894915916704792);
#283=CYLINDRICAL_SURFACE('',#10565,0.00191263064223527);
#284=CYLINDRICAL_SURFACE('',#10567,0.0016986129373317);
#285=CYLINDRICAL_SURFACE('',#10569,0.000691343160451838);
#286=CYLINDRICAL_SURFACE('',#10571,0.00309698712409123);
#287=CYLINDRICAL_SURFACE('',#10573,0.000627714900237627);
#288=CYLINDRICAL_SURFACE('',#10575,0.00100110086118711);
#289=CYLINDRICAL_SURFACE('',#10577,0.00859006473585612);
#290=CYLINDRICAL_SURFACE('',#10579,0.0298754662087658);
#291=CYLINDRICAL_SURFACE('',#10581,0.30887379630023);
#292=CYLINDRICAL_SURFACE('',#10590,0.41356995810221);
#293=CYLINDRICAL_SURFACE('',#10595,0.0018909242866483);
#294=CYLINDRICAL_SURFACE('',#10597,0.000516724958785415);
#295=CYLINDRICAL_SURFACE('',#10599,0.000301061108219965);
#296=CYLINDRICAL_SURFACE('',#10601,0.00155342736362234);
#297=CYLINDRICAL_SURFACE('',#10603,0.000656273990650742);
#298=CYLINDRICAL_SURFACE('',#10605,0.000656273990652391);
#299=CYLINDRICAL_SURFACE('',#10607,0.0012128257732415);
#300=CYLINDRICAL_SURFACE('',#10609,0.00243171625025835);
#301=CYLINDRICAL_SURFACE('',#10611,0.00894915916702265);
#302=CYLINDRICAL_SURFACE('',#10614,0.00191263064223454);
#303=CYLINDRICAL_SURFACE('',#10616,0.00169861293722664);
#304=CYLINDRICAL_SURFACE('',#10618,0.000691343160451818);
#305=CYLINDRICAL_SURFACE('',#10620,0.00309698712409128);
#306=CYLINDRICAL_SURFACE('',#10622,0.000627714900237619);
#307=CYLINDRICAL_SURFACE('',#10624,0.00100110086118726);
#308=CYLINDRICAL_SURFACE('',#10626,0.00859006473585613);
#309=CYLINDRICAL_SURFACE('',#10628,0.0298754662087778);
#310=CYLINDRICAL_SURFACE('',#10630,0.308873796283554);
#311=CYLINDRICAL_SURFACE('',#10698,0.0016);
#312=CYLINDRICAL_SURFACE('',#10706,0.0016);
#313=CYLINDRICAL_SURFACE('',#10716,0.0016);
#314=CYLINDRICAL_SURFACE('',#10724,0.00209999505982505);
#315=CYLINDRICAL_SURFACE('',#10731,0.0016);
#316=CYLINDRICAL_SURFACE('',#10757,0.0015);
#317=CYLINDRICAL_SURFACE('',#10760,0.0015);
#318=CYLINDRICAL_SURFACE('',#10763,0.0015);
#319=CYLINDRICAL_SURFACE('',#10766,0.0015);
#320=B_SPLINE_CURVE_WITH_KNOTS('',2,(#13695,#13696,#13697),
 .UNSPECIFIED.,.F.,.F.,(3,3),(0.,1.),.PIECEWISE_BEZIER_KNOTS.);
#321=B_SPLINE_CURVE_WITH_KNOTS('',2,(#13715,#13716,#13717),
 .UNSPECIFIED.,.F.,.F.,(3,3),(0.,1.),.PIECEWISE_BEZIER_KNOTS.);
#322=B_SPLINE_CURVE_WITH_KNOTS('',2,(#13719,#13720,#13721),
 .UNSPECIFIED.,.F.,.F.,(3,3),(0.,1.),.PIECEWISE_BEZIER_KNOTS.);
#323=B_SPLINE_CURVE_WITH_KNOTS('',2,(#13723,#13724,#13725),
 .UNSPECIFIED.,.F.,.F.,(3,3),(0.,1.),.PIECEWISE_BEZIER_KNOTS.);
#324=B_SPLINE_CURVE_WITH_KNOTS('',2,(#13727,#13728,#13729),
 .UNSPECIFIED.,.F.,.F.,(3,3),(0.,1.),.PIECEWISE_BEZIER_KNOTS.);
#325=B_SPLINE_CURVE_WITH_KNOTS('',2,(#13743,#13744,#13745),
 .UNSPECIFIED.,.F.,.F.,(3,3),(0.,1.),.PIECEWISE_BEZIER_KNOTS.);
#326=B_SPLINE_CURVE_WITH_KNOTS('',2,(#13751,#13752,#13753),
 .UNSPECIFIED.,.F.,.F.,(3,3),(0.,1.),.PIECEWISE_BEZIER_KNOTS.);
#327=B_SPLINE_CURVE_WITH_KNOTS('',2,(#13755,#13756,#13757),
 .UNSPECIFIED.,.F.,.F.,(3,3),(0.,1.),.PIECEWISE_BEZIER_KNOTS.);
#328=B_SPLINE_CURVE_WITH_KNOTS('',2,(#13771,#13772,#13773),
 .UNSPECIFIED.,.F.,.F.,(3,3),(0.,1.),.PIECEWISE_BEZIER_KNOTS.);
#329=B_SPLINE_CURVE_WITH_KNOTS('',2,(#13829,#13830,#13831,#13832,#13833),
 .UNSPECIFIED.,.F.,.F.,(3,2,3),(-0.01,0.,1.),.PIECEWISE_BEZIER_KNOTS.);
#330=B_SPLINE_CURVE_WITH_KNOTS('',2,(#14083,#14084,#14085),
 .UNSPECIFIED.,.F.,.F.,(3,3),(0.,1.),.PIECEWISE_BEZIER_KNOTS.);
#331=B_SPLINE_CURVE_WITH_KNOTS('',2,(#14101,#14102,#14103),
 .UNSPECIFIED.,.F.,.F.,(3,3),(0.,1.),.PIECEWISE_BEZIER_KNOTS.);
#332=B_SPLINE_CURVE_WITH_KNOTS('',2,(#14123,#14124,#14125),
 .UNSPECIFIED.,.F.,.F.,(3,3),(0.,1.),.PIECEWISE_BEZIER_KNOTS.);
#333=B_SPLINE_CURVE_WITH_KNOTS('',2,(#14157,#14158,#14159),
 .UNSPECIFIED.,.F.,.F.,(3,3),(0.,1.),.PIECEWISE_BEZIER_KNOTS.);
#334=B_SPLINE_CURVE_WITH_KNOTS('',2,(#14173,#14174,#14175),
 .UNSPECIFIED.,.F.,.F.,(3,3),(0.,1.),.PIECEWISE_BEZIER_KNOTS.);
#335=B_SPLINE_CURVE_WITH_KNOTS('',2,(#14210,#14211,#14212),
 .UNSPECIFIED.,.F.,.F.,(3,3),(0.,1.),.PIECEWISE_BEZIER_KNOTS.);
#336=B_SPLINE_CURVE_WITH_KNOTS('',2,(#14215,#14216,#14217),
 .UNSPECIFIED.,.F.,.F.,(3,3),(0.,1.),.PIECEWISE_BEZIER_KNOTS.);
#337=B_SPLINE_CURVE_WITH_KNOTS('',2,(#14219,#14220,#14221),
 .UNSPECIFIED.,.F.,.F.,(3,3),(0.,1.),.PIECEWISE_BEZIER_KNOTS.);
#338=B_SPLINE_CURVE_WITH_KNOTS('',2,(#14233,#14234,#14235),
 .UNSPECIFIED.,.F.,.F.,(3,3),(0.,1.),.PIECEWISE_BEZIER_KNOTS.);
#339=B_SPLINE_CURVE_WITH_KNOTS('',2,(#14237,#14238,#14239),
 .UNSPECIFIED.,.F.,.F.,(3,3),(0.,1.),.PIECEWISE_BEZIER_KNOTS.);
#340=B_SPLINE_CURVE_WITH_KNOTS('',2,(#14273,#14274,#14275),
 .UNSPECIFIED.,.F.,.F.,(3,3),(0.,1.),.PIECEWISE_BEZIER_KNOTS.);
#341=B_SPLINE_CURVE_WITH_KNOTS('',2,(#14284,#14285,#14286),
 .UNSPECIFIED.,.F.,.F.,(3,3),(0.,1.),.PIECEWISE_BEZIER_KNOTS.);
#342=B_SPLINE_CURVE_WITH_KNOTS('',2,(#14301,#14302,#14303),
 .UNSPECIFIED.,.F.,.F.,(3,3),(0.,1.),.PIECEWISE_BEZIER_KNOTS.);
#343=B_SPLINE_CURVE_WITH_KNOTS('',2,(#14383,#14384,#14385),
 .UNSPECIFIED.,.F.,.F.,(3,3),(0.,1.),.PIECEWISE_BEZIER_KNOTS.);
#344=B_SPLINE_CURVE_WITH_KNOTS('',2,(#14443,#14444,#14445),
 .UNSPECIFIED.,.F.,.F.,(3,3),(0.,1.),.PIECEWISE_BEZIER_KNOTS.);
#345=B_SPLINE_CURVE_WITH_KNOTS('',2,(#14583,#14584,#14585),
 .UNSPECIFIED.,.F.,.F.,(3,3),(0.,1.),.PIECEWISE_BEZIER_KNOTS.);
#346=B_SPLINE_CURVE_WITH_KNOTS('',2,(#14620,#14621,#14622),
 .UNSPECIFIED.,.F.,.F.,(3,3),(0.,1.),.PIECEWISE_BEZIER_KNOTS.);
#347=B_SPLINE_CURVE_WITH_KNOTS('',2,(#14633,#14634,#14635),
 .UNSPECIFIED.,.F.,.F.,(3,3),(0.,1.),.PIECEWISE_BEZIER_KNOTS.);
#348=B_SPLINE_CURVE_WITH_KNOTS('',2,(#14654,#14655,#14656),
 .UNSPECIFIED.,.F.,.F.,(3,3),(0.,1.),.PIECEWISE_BEZIER_KNOTS.);
#349=B_SPLINE_CURVE_WITH_KNOTS('',2,(#14691,#14692,#14693),
 .UNSPECIFIED.,.F.,.F.,(3,3),(0.,1.),.PIECEWISE_BEZIER_KNOTS.);
#350=B_SPLINE_CURVE_WITH_KNOTS('',2,(#14704,#14705,#14706),
 .UNSPECIFIED.,.F.,.F.,(3,3),(0.,1.),.PIECEWISE_BEZIER_KNOTS.);
#351=B_SPLINE_CURVE_WITH_KNOTS('',2,(#14717,#14718,#14719),
 .UNSPECIFIED.,.F.,.F.,(3,3),(0.,1.),.PIECEWISE_BEZIER_KNOTS.);
#352=B_SPLINE_CURVE_WITH_KNOTS('',2,(#14730,#14731,#14732),
 .UNSPECIFIED.,.F.,.F.,(3,3),(0.,1.),.PIECEWISE_BEZIER_KNOTS.);
#353=B_SPLINE_CURVE_WITH_KNOTS('',2,(#14775,#14776,#14777),
 .UNSPECIFIED.,.F.,.F.,(3,3),(0.,1.),.PIECEWISE_BEZIER_KNOTS.);
#354=B_SPLINE_CURVE_WITH_KNOTS('',2,(#14927,#14928,#14929,#14930,#14931),
 .UNSPECIFIED.,.F.,.F.,(3,2,3),(-0.01,0.,1.),.PIECEWISE_BEZIER_KNOTS.);
#355=B_SPLINE_CURVE_WITH_KNOTS('',2,(#15369,#15370,#15371),
 .UNSPECIFIED.,.F.,.F.,(3,3),(0.,1.),.PIECEWISE_BEZIER_KNOTS.);
#356=B_SPLINE_CURVE_WITH_KNOTS('',2,(#15446,#15447,#15448),
 .UNSPECIFIED.,.F.,.F.,(3,3),(0.,1.),.PIECEWISE_BEZIER_KNOTS.);
#357=B_SPLINE_CURVE_WITH_KNOTS('',2,(#15485,#15486,#15487),
 .UNSPECIFIED.,.F.,.F.,(3,3),(0.,1.),.PIECEWISE_BEZIER_KNOTS.);
#358=B_SPLINE_CURVE_WITH_KNOTS('',2,(#15611,#15612,#15613),
 .UNSPECIFIED.,.F.,.F.,(3,3),(0.,1.),.PIECEWISE_BEZIER_KNOTS.);
#359=B_SPLINE_CURVE_WITH_KNOTS('',2,(#15648,#15649,#15650),
 .UNSPECIFIED.,.F.,.F.,(3,3),(0.,1.),.PIECEWISE_BEZIER_KNOTS.);
#360=B_SPLINE_CURVE_WITH_KNOTS('',2,(#15692,#15693,#15694),
 .UNSPECIFIED.,.F.,.F.,(3,3),(0.,1.),.PIECEWISE_BEZIER_KNOTS.);
#361=B_SPLINE_CURVE_WITH_KNOTS('',2,(#15707,#15708,#15709),
 .UNSPECIFIED.,.F.,.F.,(3,3),(0.,1.),.PIECEWISE_BEZIER_KNOTS.);
#362=B_SPLINE_CURVE_WITH_KNOTS('',2,(#15756,#15757,#15758),
 .UNSPECIFIED.,.F.,.F.,(3,3),(0.,1.),.PIECEWISE_BEZIER_KNOTS.);
#363=B_SPLINE_CURVE_WITH_KNOTS('',2,(#15769,#15770,#15771),
 .UNSPECIFIED.,.F.,.F.,(3,3),(0.,1.),.PIECEWISE_BEZIER_KNOTS.);
#364=B_SPLINE_CURVE_WITH_KNOTS('',2,(#15800,#15801,#15802),
 .UNSPECIFIED.,.F.,.F.,(3,3),(0.,1.),.PIECEWISE_BEZIER_KNOTS.);
#365=B_SPLINE_CURVE_WITH_KNOTS('',2,(#15859,#15860,#15861),
 .UNSPECIFIED.,.F.,.F.,(3,3),(0.,1.),.PIECEWISE_BEZIER_KNOTS.);
#366=B_SPLINE_CURVE_WITH_KNOTS('',2,(#15879,#15880,#15881),
 .UNSPECIFIED.,.F.,.F.,(3,3),(0.,1.),.PIECEWISE_BEZIER_KNOTS.);
#367=B_SPLINE_CURVE_WITH_KNOTS('',2,(#15956,#15957,#15958),
 .UNSPECIFIED.,.F.,.F.,(3,3),(0.,1.),.PIECEWISE_BEZIER_KNOTS.);
#368=B_SPLINE_CURVE_WITH_KNOTS('',2,(#16144,#16145,#16146),
 .UNSPECIFIED.,.F.,.F.,(3,3),(0.,1.),.PIECEWISE_BEZIER_KNOTS.);
#369=B_SPLINE_CURVE_WITH_KNOTS('',2,(#16271,#16272,#16273),
 .UNSPECIFIED.,.F.,.F.,(3,3),(0.,1.),.PIECEWISE_BEZIER_KNOTS.);
#370=LINE('',#13676,#1208);
#371=LINE('',#13679,#1209);
#372=LINE('',#13681,#1210);
#373=LINE('',#13683,#1211);
#374=LINE('',#13709,#1212);
#375=LINE('',#13711,#1213);
#376=LINE('',#13713,#1214);
#377=LINE('',#13731,#1215);
#378=LINE('',#13733,#1216);
#379=LINE('',#13735,#1217);
#380=LINE('',#13759,#1218);
#381=LINE('',#13761,#1219);
#382=LINE('',#13763,#1220);
#383=LINE('',#13791,#1221);
#384=LINE('',#13793,#1222);
#385=LINE('',#13795,#1223);
#386=LINE('',#13809,#1224);
#387=LINE('',#13816,#1225);
#388=LINE('',#13835,#1226);
#389=LINE('',#13855,#1227);
#390=LINE('',#13857,#1228);
#391=LINE('',#13859,#1229);
#392=LINE('',#13860,#1230);
#393=LINE('',#13863,#1231);
#394=LINE('',#13865,#1232);
#395=LINE('',#13867,#1233);
#396=LINE('',#13869,#1234);
#397=LINE('',#13870,#1235);
#398=LINE('',#13873,#1236);
#399=LINE('',#13875,#1237);
#400=LINE('',#13877,#1238);
#401=LINE('',#13879,#1239);
#402=LINE('',#13903,#1240);
#403=LINE('',#13929,#1241);
#404=LINE('',#13932,#1242);
#405=LINE('',#13935,#1243);
#406=LINE('',#13943,#1244);
#407=LINE('',#13957,#1245);
#408=LINE('',#13963,#1246);
#409=LINE('',#13979,#1247);
#410=LINE('',#13981,#1248);
#411=LINE('',#14009,#1249);
#412=LINE('',#14011,#1250);
#413=LINE('',#14029,#1251);
#414=LINE('',#14031,#1252);
#415=LINE('',#14033,#1253);
#416=LINE('',#14040,#1254);
#417=LINE('',#14047,#1255);
#418=LINE('',#14054,#1256);
#419=LINE('',#14057,#1257);
#420=LINE('',#14071,#1258);
#421=LINE('',#14087,#1259);
#422=LINE('',#14089,#1260);
#423=LINE('',#14090,#1261);
#424=LINE('',#14093,#1262);
#425=LINE('',#14095,#1263);
#426=LINE('',#14097,#1264);
#427=LINE('',#14098,#1265);
#428=LINE('',#14111,#1266);
#429=LINE('',#14133,#1267);
#430=LINE('',#14135,#1268);
#431=LINE('',#14136,#1269);
#432=LINE('',#14147,#1270);
#433=LINE('',#14163,#1271);
#434=LINE('',#14169,#1272);
#435=LINE('',#14189,#1273);
#436=LINE('',#14223,#1274);
#437=LINE('',#14247,#1275);
#438=LINE('',#14249,#1276);
#439=LINE('',#14251,#1277);
#440=LINE('',#14258,#1278);
#441=LINE('',#14261,#1279);
#442=LINE('',#14263,#1280);
#443=LINE('',#14265,#1281);
#444=LINE('',#14267,#1282);
#445=LINE('',#14268,#1283);
#446=LINE('',#14277,#1284);
#447=LINE('',#14297,#1285);
#448=LINE('',#14321,#1286);
#449=LINE('',#14336,#1287);
#450=LINE('',#14349,#1288);
#451=LINE('',#14351,#1289);
#452=LINE('',#14353,#1290);
#453=LINE('',#14362,#1291);
#454=LINE('',#14365,#1292);
#455=LINE('',#14367,#1293);
#456=LINE('',#14369,#1294);
#457=LINE('',#14371,#1295);
#458=LINE('',#14372,#1296);
#459=LINE('',#14399,#1297);
#460=LINE('',#14419,#1298);
#461=LINE('',#14421,#1299);
#462=LINE('',#14422,#1300);
#463=LINE('',#14425,#1301);
#464=LINE('',#14427,#1302);
#465=LINE('',#14429,#1303);
#466=LINE('',#14431,#1304);
#467=LINE('',#14432,#1305);
#468=LINE('',#14459,#1306);
#469=LINE('',#14479,#1307);
#470=LINE('',#14481,#1308);
#471=LINE('',#14482,#1309);
#472=LINE('',#14485,#1310);
#473=LINE('',#14487,#1311);
#474=LINE('',#14489,#1312);
#475=LINE('',#14491,#1313);
#476=LINE('',#14492,#1314);
#477=LINE('',#14495,#1315);
#478=LINE('',#14497,#1316);
#479=LINE('',#14499,#1317);
#480=LINE('',#14500,#1318);
#481=LINE('',#14503,#1319);
#482=LINE('',#14505,#1320);
#483=LINE('',#14507,#1321);
#484=LINE('',#14509,#1322);
#485=LINE('',#14511,#1323);
#486=LINE('',#14513,#1324);
#487=LINE('',#14514,#1325);
#488=LINE('',#14517,#1326);
#489=LINE('',#14519,#1327);
#490=LINE('',#14521,#1328);
#491=LINE('',#14523,#1329);
#492=LINE('',#14526,#1330);
#493=LINE('',#14527,#1331);
#494=LINE('',#14529,#1332);
#495=LINE('',#14531,#1333);
#496=LINE('',#14533,#1334);
#497=LINE('',#14535,#1335);
#498=LINE('',#14537,#1336);
#499=LINE('',#14552,#1337);
#500=LINE('',#14556,#1338);
#501=LINE('',#14558,#1339);
#502=LINE('',#14562,#1340);
#503=LINE('',#14566,#1341);
#504=LINE('',#14570,#1342);
#505=LINE('',#14581,#1343);
#506=LINE('',#14587,#1344);
#507=LINE('',#14591,#1345);
#508=LINE('',#14595,#1346);
#509=LINE('',#14599,#1347);
#510=LINE('',#14601,#1348);
#511=LINE('',#14603,#1349);
#512=LINE('',#14605,#1350);
#513=LINE('',#14607,#1351);
#514=LINE('',#14609,#1352);
#515=LINE('',#14618,#1353);
#516=LINE('',#14631,#1354);
#517=LINE('',#14637,#1355);
#518=LINE('',#14641,#1356);
#519=LINE('',#14652,#1357);
#520=LINE('',#14658,#1358);
#521=LINE('',#14662,#1359);
#522=LINE('',#14666,#1360);
#523=LINE('',#14670,#1361);
#524=LINE('',#14672,#1362);
#525=LINE('',#14674,#1363);
#526=LINE('',#14676,#1364);
#527=LINE('',#14678,#1365);
#528=LINE('',#14680,#1366);
#529=LINE('',#14689,#1367);
#530=LINE('',#14702,#1368);
#531=LINE('',#14715,#1369);
#532=LINE('',#14728,#1370);
#533=LINE('',#14734,#1371);
#534=LINE('',#14736,#1372);
#535=LINE('',#14738,#1373);
#536=LINE('',#14740,#1374);
#537=LINE('',#14742,#1375);
#538=LINE('',#14744,#1376);
#539=LINE('',#14746,#1377);
#540=LINE('',#14750,#1378);
#541=LINE('',#14754,#1379);
#542=LINE('',#14758,#1380);
#543=LINE('',#14762,#1381);
#544=LINE('',#14773,#1382);
#545=LINE('',#14779,#1383);
#546=LINE('',#14783,#1384);
#547=LINE('',#14790,#1385);
#548=LINE('',#14794,#1386);
#549=LINE('',#14796,#1387);
#550=LINE('',#14800,#1388);
#551=LINE('',#14804,#1389);
#552=LINE('',#14808,#1390);
#553=LINE('',#14812,#1391);
#554=LINE('',#14814,#1392);
#555=LINE('',#14816,#1393);
#556=LINE('',#14820,#1394);
#557=LINE('',#14824,#1395);
#558=LINE('',#14828,#1396);
#559=LINE('',#14832,#1397);
#560=LINE('',#14836,#1398);
#561=LINE('',#14840,#1399);
#562=LINE('',#14842,#1400);
#563=LINE('',#14844,#1401);
#564=LINE('',#14846,#1402);
#565=LINE('',#14848,#1403);
#566=LINE('',#14850,#1404);
#567=LINE('',#14852,#1405);
#568=LINE('',#14856,#1406);
#569=LINE('',#14863,#1407);
#570=LINE('',#14867,#1408);
#571=LINE('',#14869,#1409);
#572=LINE('',#14871,#1410);
#573=LINE('',#14873,#1411);
#574=LINE('',#14875,#1412);
#575=LINE('',#14877,#1413);
#576=LINE('',#14879,#1414);
#577=LINE('',#14881,#1415);
#578=LINE('',#14883,#1416);
#579=LINE('',#14885,#1417);
#580=LINE('',#14889,#1418);
#581=LINE('',#14893,#1419);
#582=LINE('',#14897,#1420);
#583=LINE('',#14901,#1421);
#584=LINE('',#14905,#1422);
#585=LINE('',#14909,#1423);
#586=LINE('',#14913,#1424);
#587=LINE('',#14917,#1425);
#588=LINE('',#14921,#1426);
#589=LINE('',#14923,#1427);
#590=LINE('',#14925,#1428);
#591=LINE('',#14933,#1429);
#592=LINE('',#14937,#1430);
#593=LINE('',#14941,#1431);
#594=LINE('',#14948,#1432);
#595=LINE('',#14950,#1433);
#596=LINE('',#14952,#1434);
#597=LINE('',#14954,#1435);
#598=LINE('',#14956,#1436);
#599=LINE('',#14958,#1437);
#600=LINE('',#14960,#1438);
#601=LINE('',#14962,#1439);
#602=LINE('',#14964,#1440);
#603=LINE('',#14966,#1441);
#604=LINE('',#14969,#1442);
#605=LINE('',#14971,#1443);
#606=LINE('',#14973,#1444);
#607=LINE('',#14975,#1445);
#608=LINE('',#14977,#1446);
#609=LINE('',#14979,#1447);
#610=LINE('',#14981,#1448);
#611=LINE('',#14983,#1449);
#612=LINE('',#14985,#1450);
#613=LINE('',#14987,#1451);
#614=LINE('',#14990,#1452);
#615=LINE('',#14994,#1453);
#616=LINE('',#14996,#1454);
#617=LINE('',#15000,#1455);
#618=LINE('',#15004,#1456);
#619=LINE('',#15006,#1457);
#620=LINE('',#15008,#1458);
#621=LINE('',#15012,#1459);
#622=LINE('',#15016,#1460);
#623=LINE('',#15020,#1461);
#624=LINE('',#15024,#1462);
#625=LINE('',#15028,#1463);
#626=LINE('',#15032,#1464);
#627=LINE('',#15036,#1465);
#628=LINE('',#15040,#1466);
#629=LINE('',#15044,#1467);
#630=LINE('',#15048,#1468);
#631=LINE('',#15052,#1469);
#632=LINE('',#15056,#1470);
#633=LINE('',#15058,#1471);
#634=LINE('',#15060,#1472);
#635=LINE('',#15064,#1473);
#636=LINE('',#15068,#1474);
#637=LINE('',#15072,#1475);
#638=LINE('',#15076,#1476);
#639=LINE('',#15080,#1477);
#640=LINE('',#15084,#1478);
#641=LINE('',#15088,#1479);
#642=LINE('',#15095,#1480);
#643=LINE('',#15097,#1481);
#644=LINE('',#15099,#1482);
#645=LINE('',#15101,#1483);
#646=LINE('',#15103,#1484);
#647=LINE('',#15105,#1485);
#648=LINE('',#15109,#1486);
#649=LINE('',#15113,#1487);
#650=LINE('',#15117,#1488);
#651=LINE('',#15121,#1489);
#652=LINE('',#15125,#1490);
#653=LINE('',#15129,#1491);
#654=LINE('',#15133,#1492);
#655=LINE('',#15137,#1493);
#656=LINE('',#15141,#1494);
#657=LINE('',#15145,#1495);
#658=LINE('',#15147,#1496);
#659=LINE('',#15149,#1497);
#660=LINE('',#15151,#1498);
#661=LINE('',#15153,#1499);
#662=LINE('',#15157,#1500);
#663=LINE('',#15161,#1501);
#664=LINE('',#15165,#1502);
#665=LINE('',#15169,#1503);
#666=LINE('',#15173,#1504);
#667=LINE('',#15177,#1505);
#668=LINE('',#15181,#1506);
#669=LINE('',#15183,#1507);
#670=LINE('',#15185,#1508);
#671=LINE('',#15189,#1509);
#672=LINE('',#15193,#1510);
#673=LINE('',#15195,#1511);
#674=LINE('',#15197,#1512);
#675=LINE('',#15201,#1513);
#676=LINE('',#15205,#1514);
#677=LINE('',#15209,#1515);
#678=LINE('',#15213,#1516);
#679=LINE('',#15217,#1517);
#680=LINE('',#15221,#1518);
#681=LINE('',#15223,#1519);
#682=LINE('',#15225,#1520);
#683=LINE('',#15229,#1521);
#684=LINE('',#15236,#1522);
#685=LINE('',#15240,#1523);
#686=LINE('',#15242,#1524);
#687=LINE('',#15246,#1525);
#688=LINE('',#15250,#1526);
#689=LINE('',#15254,#1527);
#690=LINE('',#15258,#1528);
#691=LINE('',#15260,#1529);
#692=LINE('',#15262,#1530);
#693=LINE('',#15264,#1531);
#694=LINE('',#15266,#1532);
#695=LINE('',#15268,#1533);
#696=LINE('',#15270,#1534);
#697=LINE('',#15274,#1535);
#698=LINE('',#15278,#1536);
#699=LINE('',#15282,#1537);
#700=LINE('',#15286,#1538);
#701=LINE('',#15290,#1539);
#702=LINE('',#15294,#1540);
#703=LINE('',#15298,#1541);
#704=LINE('',#15302,#1542);
#705=LINE('',#15304,#1543);
#706=LINE('',#15306,#1544);
#707=LINE('',#15308,#1545);
#708=LINE('',#15313,#1546);
#709=LINE('',#15317,#1547);
#710=LINE('',#15319,#1548);
#711=LINE('',#15321,#1549);
#712=LINE('',#15323,#1550);
#713=LINE('',#15327,#1551);
#714=LINE('',#15331,#1552);
#715=LINE('',#15335,#1553);
#716=LINE('',#15337,#1554);
#717=LINE('',#15342,#1555);
#718=LINE('',#15344,#1556);
#719=LINE('',#15346,#1557);
#720=LINE('',#15348,#1558);
#721=LINE('',#15350,#1559);
#722=LINE('',#15352,#1560);
#723=LINE('',#15354,#1561);
#724=LINE('',#15356,#1562);
#725=LINE('',#15358,#1563);
#726=LINE('',#15367,#1564);
#727=LINE('',#15373,#1565);
#728=LINE('',#15377,#1566);
#729=LINE('',#15381,#1567);
#730=LINE('',#15385,#1568);
#731=LINE('',#15389,#1569);
#732=LINE('',#15393,#1570);
#733=LINE('',#15395,#1571);
#734=LINE('',#15397,#1572);
#735=LINE('',#15401,#1573);
#736=LINE('',#15405,#1574);
#737=LINE('',#15409,#1575);
#738=LINE('',#15413,#1576);
#739=LINE('',#15420,#1577);
#740=LINE('',#15422,#1578);
#741=LINE('',#15424,#1579);
#742=LINE('',#15426,#1580);
#743=LINE('',#15428,#1581);
#744=LINE('',#15430,#1582);
#745=LINE('',#15432,#1583);
#746=LINE('',#15434,#1584);
#747=LINE('',#15444,#1585);
#748=LINE('',#15450,#1586);
#749=LINE('',#15452,#1587);
#750=LINE('',#15454,#1588);
#751=LINE('',#15456,#1589);
#752=LINE('',#15458,#1590);
#753=LINE('',#15460,#1591);
#754=LINE('',#15462,#1592);
#755=LINE('',#15464,#1593);
#756=LINE('',#15468,#1594);
#757=LINE('',#15472,#1595);
#758=LINE('',#15483,#1596);
#759=LINE('',#15489,#1597);
#760=LINE('',#15493,#1598);
#761=LINE('',#15497,#1599);
#762=LINE('',#15501,#1600);
#763=LINE('',#15505,#1601);
#764=LINE('',#15509,#1602);
#765=LINE('',#15511,#1603);
#766=LINE('',#15513,#1604);
#767=LINE('',#15517,#1605);
#768=LINE('',#15524,#1606);
#769=LINE('',#15528,#1607);
#770=LINE('',#15530,#1608);
#771=LINE('',#15532,#1609);
#772=LINE('',#15534,#1610);
#773=LINE('',#15538,#1611);
#774=LINE('',#15542,#1612);
#775=LINE('',#15546,#1613);
#776=LINE('',#15550,#1614);
#777=LINE('',#15554,#1615);
#778=LINE('',#15558,#1616);
#779=LINE('',#15562,#1617);
#780=LINE('',#15566,#1618);
#781=LINE('',#15570,#1619);
#782=LINE('',#15574,#1620);
#783=LINE('',#15576,#1621);
#784=LINE('',#15578,#1622);
#785=LINE('',#15582,#1623);
#786=LINE('',#15586,#1624);
#787=LINE('',#15590,#1625);
#788=LINE('',#15594,#1626);
#789=LINE('',#15598,#1627);
#790=LINE('',#15609,#1628);
#791=LINE('',#15615,#1629);
#792=LINE('',#15619,#1630);
#793=LINE('',#15621,#1631);
#794=LINE('',#15623,#1632);
#795=LINE('',#15627,#1633);
#796=LINE('',#15631,#1634);
#797=LINE('',#15633,#1635);
#798=LINE('',#15635,#1636);
#799=LINE('',#15646,#1637);
#800=LINE('',#15652,#1638);
#801=LINE('',#15656,#1639);
#802=LINE('',#15660,#1640);
#803=LINE('',#15664,#1641);
#804=LINE('',#15668,#1642);
#805=LINE('',#15670,#1643);
#806=LINE('',#15672,#1644);
#807=LINE('',#15676,#1645);
#808=LINE('',#15690,#1646);
#809=LINE('',#15696,#1647);
#810=LINE('',#15705,#1648);
#811=LINE('',#15711,#1649);
#812=LINE('',#15715,#1650);
#813=LINE('',#15719,#1651);
#814=LINE('',#15723,#1652);
#815=LINE('',#15725,#1653);
#816=LINE('',#15727,#1654);
#817=LINE('',#15729,#1655);
#818=LINE('',#15731,#1656);
#819=LINE('',#15733,#1657);
#820=LINE('',#15735,#1658);
#821=LINE('',#15739,#1659);
#822=LINE('',#15743,#1660);
#823=LINE('',#15754,#1661);
#824=LINE('',#15767,#1662);
#825=LINE('',#15773,#1663);
#826=LINE('',#15777,#1664);
#827=LINE('',#15781,#1665);
#828=LINE('',#15785,#1666);
#829=LINE('',#15789,#1667);
#830=LINE('',#15791,#1668);
#831=LINE('',#15805,#1669);
#832=LINE('',#15807,#1670);
#833=LINE('',#15809,#1671);
#834=LINE('',#15811,#1672);
#835=LINE('',#15813,#1673);
#836=LINE('',#15815,#1674);
#837=LINE('',#15817,#1675);
#838=LINE('',#15819,#1676);
#839=LINE('',#15821,#1677);
#840=LINE('',#15823,#1678);
#841=LINE('',#15826,#1679);
#842=LINE('',#15830,#1680);
#843=LINE('',#15832,#1681);
#844=LINE('',#15834,#1682);
#845=LINE('',#15836,#1683);
#846=LINE('',#15840,#1684);
#847=LINE('',#15844,#1685);
#848=LINE('',#15848,#1686);
#849=LINE('',#15850,#1687);
#850=LINE('',#15864,#1688);
#851=LINE('',#15868,#1689);
#852=LINE('',#15877,#1690);
#853=LINE('',#15883,#1691);
#854=LINE('',#15887,#1692);
#855=LINE('',#15891,#1693);
#856=LINE('',#15895,#1694);
#857=LINE('',#15899,#1695);
#858=LINE('',#15903,#1696);
#859=LINE('',#15907,#1697);
#860=LINE('',#15911,#1698);
#861=LINE('',#15913,#1699);
#862=LINE('',#15915,#1700);
#863=LINE('',#15919,#1701);
#864=LINE('',#15923,#1702);
#865=LINE('',#15927,#1703);
#866=LINE('',#15931,#1704);
#867=LINE('',#15935,#1705);
#868=LINE('',#15939,#1706);
#869=LINE('',#15943,#1707);
#870=LINE('',#15954,#1708);
#871=LINE('',#15960,#1709);
#872=LINE('',#15964,#1710);
#873=LINE('',#15966,#1711);
#874=LINE('',#15968,#1712);
#875=LINE('',#15972,#1713);
#876=LINE('',#15979,#1714);
#877=LINE('',#15983,#1715);
#878=LINE('',#15985,#1716);
#879=LINE('',#15987,#1717);
#880=LINE('',#15989,#1718);
#881=LINE('',#15993,#1719);
#882=LINE('',#15997,#1720);
#883=LINE('',#16001,#1721);
#884=LINE('',#16005,#1722);
#885=LINE('',#16007,#1723);
#886=LINE('',#16009,#1724);
#887=LINE('',#16011,#1725);
#888=LINE('',#16013,#1726);
#889=LINE('',#16015,#1727);
#890=LINE('',#16017,#1728);
#891=LINE('',#16021,#1729);
#892=LINE('',#16025,#1730);
#893=LINE('',#16032,#1731);
#894=LINE('',#16034,#1732);
#895=LINE('',#16036,#1733);
#896=LINE('',#16038,#1734);
#897=LINE('',#16040,#1735);
#898=LINE('',#16042,#1736);
#899=LINE('',#16044,#1737);
#900=LINE('',#16046,#1738);
#901=LINE('',#16048,#1739);
#902=LINE('',#16050,#1740);
#903=LINE('',#16053,#1741);
#904=LINE('',#16057,#1742);
#905=LINE('',#16059,#1743);
#906=LINE('',#16061,#1744);
#907=LINE('',#16063,#1745);
#908=LINE('',#16065,#1746);
#909=LINE('',#16067,#1747);
#910=LINE('',#16069,#1748);
#911=LINE('',#16071,#1749);
#912=LINE('',#16075,#1750);
#913=LINE('',#16079,#1751);
#914=LINE('',#16083,#1752);
#915=LINE('',#16087,#1753);
#916=LINE('',#16091,#1754);
#917=LINE('',#16095,#1755);
#918=LINE('',#16099,#1756);
#919=LINE('',#16103,#1757);
#920=LINE('',#16107,#1758);
#921=LINE('',#16109,#1759);
#922=LINE('',#16111,#1760);
#923=LINE('',#16115,#1761);
#924=LINE('',#16119,#1762);
#925=LINE('',#16123,#1763);
#926=LINE('',#16127,#1764);
#927=LINE('',#16131,#1765);
#928=LINE('',#16142,#1766);
#929=LINE('',#16148,#1767);
#930=LINE('',#16152,#1768);
#931=LINE('',#16159,#1769);
#932=LINE('',#16161,#1770);
#933=LINE('',#16163,#1771);
#934=LINE('',#16165,#1772);
#935=LINE('',#16167,#1773);
#936=LINE('',#16169,#1774);
#937=LINE('',#16171,#1775);
#938=LINE('',#16173,#1776);
#939=LINE('',#16175,#1777);
#940=LINE('',#16177,#1778);
#941=LINE('',#16180,#1779);
#942=LINE('',#16184,#1780);
#943=LINE('',#16186,#1781);
#944=LINE('',#16188,#1782);
#945=LINE('',#16190,#1783);
#946=LINE('',#16192,#1784);
#947=LINE('',#16194,#1785);
#948=LINE('',#16196,#1786);
#949=LINE('',#16198,#1787);
#950=LINE('',#16202,#1788);
#951=LINE('',#16206,#1789);
#952=LINE('',#16210,#1790);
#953=LINE('',#16214,#1791);
#954=LINE('',#16218,#1792);
#955=LINE('',#16222,#1793);
#956=LINE('',#16226,#1794);
#957=LINE('',#16230,#1795);
#958=LINE('',#16234,#1796);
#959=LINE('',#16236,#1797);
#960=LINE('',#16238,#1798);
#961=LINE('',#16242,#1799);
#962=LINE('',#16246,#1800);
#963=LINE('',#16250,#1801);
#964=LINE('',#16254,#1802);
#965=LINE('',#16258,#1803);
#966=LINE('',#16269,#1804);
#967=LINE('',#16275,#1805);
#968=LINE('',#16279,#1806);
#969=LINE('',#16286,#1807);
#970=LINE('',#16288,#1808);
#971=LINE('',#16290,#1809);
#972=LINE('',#16292,#1810);
#973=LINE('',#16294,#1811);
#974=LINE('',#16296,#1812);
#975=LINE('',#16298,#1813);
#976=LINE('',#16300,#1814);
#977=LINE('',#16302,#1815);
#978=LINE('',#16304,#1816);
#979=LINE('',#16307,#1817);
#980=LINE('',#16309,#1818);
#981=LINE('',#16311,#1819);
#982=LINE('',#16313,#1820);
#983=LINE('',#16315,#1821);
#984=LINE('',#16317,#1822);
#985=LINE('',#16319,#1823);
#986=LINE('',#16321,#1824);
#987=LINE('',#16324,#1825);
#988=LINE('',#16326,#1826);
#989=LINE('',#16328,#1827);
#990=LINE('',#16330,#1828);
#991=LINE('',#16332,#1829);
#992=LINE('',#16334,#1830);
#993=LINE('',#16336,#1831);
#994=LINE('',#16338,#1832);
#995=LINE('',#16340,#1833);
#996=LINE('',#16342,#1834);
#997=LINE('',#16344,#1835);
#998=LINE('',#16346,#1836);
#999=LINE('',#16348,#1837);
#1000=LINE('',#16350,#1838);
#1001=LINE('',#16353,#1839);
#1002=LINE('',#16355,#1840);
#1003=LINE('',#16357,#1841);
#1004=LINE('',#16359,#1842);
#1005=LINE('',#16361,#1843);
#1006=LINE('',#16363,#1844);
#1007=LINE('',#16365,#1845);
#1008=LINE('',#16367,#1846);
#1009=LINE('',#16371,#1847);
#1010=LINE('',#16374,#1848);
#1011=LINE('',#16376,#1849);
#1012=LINE('',#16378,#1850);
#1013=LINE('',#16379,#1851);
#1014=LINE('',#16382,#1852);
#1015=LINE('',#16384,#1853);
#1016=LINE('',#16386,#1854);
#1017=LINE('',#16388,#1855);
#1018=LINE('',#16390,#1856);
#1019=LINE('',#16391,#1857);
#1020=LINE('',#16394,#1858);
#1021=LINE('',#16396,#1859);
#1022=LINE('',#16398,#1860);
#1023=LINE('',#16400,#1861);
#1024=LINE('',#16402,#1862);
#1025=LINE('',#16404,#1863);
#1026=LINE('',#16406,#1864);
#1027=LINE('',#16408,#1865);
#1028=LINE('',#16410,#1866);
#1029=LINE('',#16412,#1867);
#1030=LINE('',#16414,#1868);
#1031=LINE('',#16415,#1869);
#1032=LINE('',#16418,#1870);
#1033=LINE('',#16420,#1871);
#1034=LINE('',#16422,#1872);
#1035=LINE('',#16424,#1873);
#1036=LINE('',#16427,#1874);
#1037=LINE('',#16429,#1875);
#1038=LINE('',#16431,#1876);
#1039=LINE('',#16432,#1877);
#1040=LINE('',#16435,#1878);
#1041=LINE('',#16437,#1879);
#1042=LINE('',#16439,#1880);
#1043=LINE('',#16441,#1881);
#1044=LINE('',#16444,#1882);
#1045=LINE('',#16446,#1883);
#1046=LINE('',#16448,#1884);
#1047=LINE('',#16450,#1885);
#1048=LINE('',#16452,#1886);
#1049=LINE('',#16454,#1887);
#1050=LINE('',#16456,#1888);
#1051=LINE('',#16458,#1889);
#1052=LINE('',#16460,#1890);
#1053=LINE('',#16462,#1891);
#1054=LINE('',#16463,#1892);
#1055=LINE('',#16465,#1893);
#1056=LINE('',#16466,#1894);
#1057=LINE('',#16468,#1895);
#1058=LINE('',#16471,#1896);
#1059=LINE('',#16473,#1897);
#1060=LINE('',#16475,#1898);
#1061=LINE('',#16477,#1899);
#1062=LINE('',#16479,#1900);
#1063=LINE('',#16481,#1901);
#1064=LINE('',#16483,#1902);
#1065=LINE('',#16485,#1903);
#1066=LINE('',#16487,#1904);
#1067=LINE('',#16489,#1905);
#1068=LINE('',#16491,#1906);
#1069=LINE('',#16493,#1907);
#1070=LINE('',#16495,#1908);
#1071=LINE('',#16497,#1909);
#1072=LINE('',#16499,#1910);
#1073=LINE('',#16501,#1911);
#1074=LINE('',#16502,#1912);
#1075=LINE('',#16504,#1913);
#1076=LINE('',#16506,#1914);
#1077=LINE('',#16508,#1915);
#1078=LINE('',#16510,#1916);
#1079=LINE('',#16511,#1917);
#1080=LINE('',#16512,#1918);
#1081=LINE('',#16514,#1919);
#1082=LINE('',#16516,#1920);
#1083=LINE('',#16518,#1921);
#1084=LINE('',#16520,#1922);
#1085=LINE('',#16522,#1923);
#1086=LINE('',#16524,#1924);
#1087=LINE('',#16526,#1925);
#1088=LINE('',#16528,#1926);
#1089=LINE('',#16530,#1927);
#1090=LINE('',#16532,#1928);
#1091=LINE('',#16533,#1929);
#1092=LINE('',#16536,#1930);
#1093=LINE('',#16538,#1931);
#1094=LINE('',#16540,#1932);
#1095=LINE('',#16541,#1933);
#1096=LINE('',#16543,#1934);
#1097=LINE('',#16545,#1935);
#1098=LINE('',#16548,#1936);
#1099=LINE('',#16550,#1937);
#1100=LINE('',#16552,#1938);
#1101=LINE('',#16554,#1939);
#1102=LINE('',#16556,#1940);
#1103=LINE('',#16559,#1941);
#1104=LINE('',#16561,#1942);
#1105=LINE('',#16563,#1943);
#1106=LINE('',#16567,#1944);
#1107=LINE('',#16568,#1945);
#1108=LINE('',#16570,#1946);
#1109=LINE('',#16572,#1947);
#1110=LINE('',#16574,#1948);
#1111=LINE('',#16576,#1949);
#1112=LINE('',#16579,#1950);
#1113=LINE('',#16581,#1951);
#1114=LINE('',#16583,#1952);
#1115=LINE('',#16584,#1953);
#1116=LINE('',#16586,#1954);
#1117=LINE('',#16587,#1955);
#1118=LINE('',#16589,#1956);
#1119=LINE('',#16591,#1957);
#1120=LINE('',#16593,#1958);
#1121=LINE('',#16595,#1959);
#1122=LINE('',#16597,#1960);
#1123=LINE('',#16600,#1961);
#1124=LINE('',#16602,#1962);
#1125=LINE('',#16604,#1963);
#1126=LINE('',#16606,#1964);
#1127=LINE('',#16607,#1965);
#1128=LINE('',#16609,#1966);
#1129=LINE('',#16611,#1967);
#1130=LINE('',#16614,#1968);
#1131=LINE('',#16616,#1969);
#1132=LINE('',#16618,#1970);
#1133=LINE('',#16620,#1971);
#1134=LINE('',#16622,#1972);
#1135=LINE('',#16624,#1973);
#1136=LINE('',#16626,#1974);
#1137=LINE('',#16635,#1975);
#1138=LINE('',#16637,#1976);
#1139=LINE('',#16639,#1977);
#1140=LINE('',#16641,#1978);
#1141=LINE('',#16643,#1979);
#1142=LINE('',#16645,#1980);
#1143=LINE('',#16652,#1981);
#1144=LINE('',#16656,#1982);
#1145=LINE('',#16658,#1983);
#1146=LINE('',#16660,#1984);
#1147=LINE('',#16662,#1985);
#1148=LINE('',#16664,#1986);
#1149=LINE('',#16666,#1987);
#1150=LINE('',#16668,#1988);
#1151=LINE('',#16670,#1989);
#1152=LINE('',#16679,#1990);
#1153=LINE('',#16681,#1991);
#1154=LINE('',#16683,#1992);
#1155=LINE('',#16685,#1993);
#1156=LINE('',#16687,#1994);
#1157=LINE('',#16689,#1995);
#1158=LINE('',#16691,#1996);
#1159=LINE('',#16698,#1997);
#1160=LINE('',#16709,#1998);
#1161=LINE('',#16712,#1999);
#1162=LINE('',#16714,#2000);
#1163=LINE('',#16716,#2001);
#1164=LINE('',#16717,#2002);
#1165=LINE('',#16720,#2003);
#1166=LINE('',#16722,#2004);
#1167=LINE('',#16724,#2005);
#1168=LINE('',#16726,#2006);
#1169=LINE('',#16729,#2007);
#1170=LINE('',#16731,#2008);
#1171=LINE('',#16733,#2009);
#1172=LINE('',#16734,#2010);
#1173=LINE('',#16737,#2011);
#1174=LINE('',#16739,#2012);
#1175=LINE('',#16741,#2013);
#1176=LINE('',#16743,#2014);
#1177=LINE('',#16746,#2015);
#1178=LINE('',#16748,#2016);
#1179=LINE('',#16750,#2017);
#1180=LINE('',#16751,#2018);
#1181=LINE('',#16754,#2019);
#1182=LINE('',#16756,#2020);
#1183=LINE('',#16758,#2021);
#1184=LINE('',#16760,#2022);
#1185=LINE('',#16761,#2023);
#1186=LINE('',#16763,#2024);
#1187=LINE('',#16766,#2025);
#1188=LINE('',#16768,#2026);
#1189=LINE('',#16770,#2027);
#1190=LINE('',#16771,#2028);
#1191=LINE('',#16774,#2029);
#1192=LINE('',#16776,#2030);
#1193=LINE('',#16778,#2031);
#1194=LINE('',#16780,#2032);
#1195=LINE('',#16781,#2033);
#1196=LINE('',#16783,#2034);
#1197=LINE('',#16784,#2035);
#1198=LINE('',#16786,#2036);
#1199=LINE('',#16787,#2037);
#1200=LINE('',#16790,#2038);
#1201=LINE('',#16791,#2039);
#1202=LINE('',#16793,#2040);
#1203=LINE('',#16795,#2041);
#1204=LINE('',#16807,#2042);
#1205=LINE('',#16808,#2043);
#1206=LINE('',#16810,#2044);
#1207=LINE('',#16812,#2045);
#1208=VECTOR('',#10782,1.);
#1209=VECTOR('',#10783,1.);
#1210=VECTOR('',#10784,1.);
#1211=VECTOR('',#10785,1.);
#1212=VECTOR('',#10806,1.);
#1213=VECTOR('',#10807,1.);
#1214=VECTOR('',#10808,1.);
#1215=VECTOR('',#10809,1.);
#1216=VECTOR('',#10810,1.);
#1217=VECTOR('',#10811,1.);
#1218=VECTOR('',#10822,1.);
#1219=VECTOR('',#10823,1.);
#1220=VECTOR('',#10824,1.);
#1221=VECTOR('',#10847,1.);
#1222=VECTOR('',#10848,1.);
#1223=VECTOR('',#10849,1.);
#1224=VECTOR('',#10862,1.);
#1225=VECTOR('',#10869,1.);
#1226=VECTOR('',#10880,1.);
#1227=VECTOR('',#10899,1.);
#1228=VECTOR('',#10900,1.);
#1229=VECTOR('',#10901,1.);
#1230=VECTOR('',#10902,1.);
#1231=VECTOR('',#10903,1.);
#1232=VECTOR('',#10904,1.);
#1233=VECTOR('',#10905,1.);
#1234=VECTOR('',#10906,1.);
#1235=VECTOR('',#10907,1.);
#1236=VECTOR('',#10908,1.);
#1237=VECTOR('',#10909,1.);
#1238=VECTOR('',#10910,1.);
#1239=VECTOR('',#10911,1.);
#1240=VECTOR('',#10934,1.);
#1241=VECTOR('',#10959,1.);
#1242=VECTOR('',#10962,1.);
#1243=VECTOR('',#10963,1.);
#1244=VECTOR('',#10970,1.);
#1245=VECTOR('',#10983,1.);
#1246=VECTOR('',#10988,1.);
#1247=VECTOR('',#11003,1.);
#1248=VECTOR('',#11004,1.);
#1249=VECTOR('',#11031,1.);
#1250=VECTOR('',#11032,1.);
#1251=VECTOR('',#11049,1.);
#1252=VECTOR('',#11050,1.);
#1253=VECTOR('',#11051,1.);
#1254=VECTOR('',#11058,1.);
#1255=VECTOR('',#11063,1.);
#1256=VECTOR('',#11070,1.);
#1257=VECTOR('',#11071,1.);
#1258=VECTOR('',#11084,1.);
#1259=VECTOR('',#11095,1.);
#1260=VECTOR('',#11096,1.);
#1261=VECTOR('',#11097,1.);
#1262=VECTOR('',#11098,1.);
#1263=VECTOR('',#11099,1.);
#1264=VECTOR('',#11100,1.);
#1265=VECTOR('',#11101,1.);
#1266=VECTOR('',#11108,1.);
#1267=VECTOR('',#11125,1.);
#1268=VECTOR('',#11126,1.);
#1269=VECTOR('',#11127,1.);
#1270=VECTOR('',#11136,1.);
#1271=VECTOR('',#11147,1.);
#1272=VECTOR('',#11152,1.);
#1273=VECTOR('',#11167,1.);
#1274=VECTOR('',#11188,1.);
#1275=VECTOR('',#11203,1.);
#1276=VECTOR('',#11204,1.);
#1277=VECTOR('',#11205,1.);
#1278=VECTOR('',#11212,1.);
#1279=VECTOR('',#11213,1.);
#1280=VECTOR('',#11214,1.);
#1281=VECTOR('',#11215,1.);
#1282=VECTOR('',#11216,1.);
#1283=VECTOR('',#11217,1.);
#1284=VECTOR('',#11220,1.);
#1285=VECTOR('',#11235,1.);
#1286=VECTOR('',#11254,1.);
#1287=VECTOR('',#11269,1.);
#1288=VECTOR('',#11280,1.);
#1289=VECTOR('',#11281,1.);
#1290=VECTOR('',#11282,1.);
#1291=VECTOR('',#11291,1.);
#1292=VECTOR('',#11292,1.);
#1293=VECTOR('',#11293,1.);
#1294=VECTOR('',#11294,1.);
#1295=VECTOR('',#11295,1.);
#1296=VECTOR('',#11296,1.);
#1297=VECTOR('',#11317,1.);
#1298=VECTOR('',#11336,1.);
#1299=VECTOR('',#11337,1.);
#1300=VECTOR('',#11338,1.);
#1301=VECTOR('',#11339,1.);
#1302=VECTOR('',#11340,1.);
#1303=VECTOR('',#11341,1.);
#1304=VECTOR('',#11342,1.);
#1305=VECTOR('',#11343,1.);
#1306=VECTOR('',#11364,1.);
#1307=VECTOR('',#11383,1.);
#1308=VECTOR('',#11384,1.);
#1309=VECTOR('',#11385,1.);
#1310=VECTOR('',#11386,1.);
#1311=VECTOR('',#11387,1.);
#1312=VECTOR('',#11388,1.);
#1313=VECTOR('',#11389,1.);
#1314=VECTOR('',#11390,1.);
#1315=VECTOR('',#11391,1.);
#1316=VECTOR('',#11392,1.);
#1317=VECTOR('',#11393,1.);
#1318=VECTOR('',#11394,1.);
#1319=VECTOR('',#11395,1.);
#1320=VECTOR('',#11396,1.);
#1321=VECTOR('',#11397,1.);
#1322=VECTOR('',#11398,1.);
#1323=VECTOR('',#11399,1.);
#1324=VECTOR('',#11400,1.);
#1325=VECTOR('',#11401,1.);
#1326=VECTOR('',#11402,1.);
#1327=VECTOR('',#11403,1.);
#1328=VECTOR('',#11404,1.);
#1329=VECTOR('',#11407,1.);
#1330=VECTOR('',#11408,1.);
#1331=VECTOR('',#11409,1.);
#1332=VECTOR('',#11412,1.);
#1333=VECTOR('',#11413,1.);
#1334=VECTOR('',#11416,1.);
#1335=VECTOR('',#11417,1.);
#1336=VECTOR('',#11420,1.);
#1337=VECTOR('',#11441,1.);
#1338=VECTOR('',#11444,1.);
#1339=VECTOR('',#11447,1.);
#1340=VECTOR('',#11452,1.);
#1341=VECTOR('',#11457,1.);
#1342=VECTOR('',#11462,1.);
#1343=VECTOR('',#11465,1.);
#1344=VECTOR('',#11468,1.);
#1345=VECTOR('',#11473,1.);
#1346=VECTOR('',#11478,1.);
#1347=VECTOR('',#11483,1.);
#1348=VECTOR('',#11484,1.);
#1349=VECTOR('',#11487,1.);
#1350=VECTOR('',#11488,1.);
#1351=VECTOR('',#11491,1.);
#1352=VECTOR('',#11492,1.);
#1353=VECTOR('',#11493,1.);
#1354=VECTOR('',#11494,1.);
#1355=VECTOR('',#11497,1.);
#1356=VECTOR('',#11502,1.);
#1357=VECTOR('',#11505,1.);
#1358=VECTOR('',#11508,1.);
#1359=VECTOR('',#11513,1.);
#1360=VECTOR('',#11518,1.);
#1361=VECTOR('',#11523,1.);
#1362=VECTOR('',#11524,1.);
#1363=VECTOR('',#11527,1.);
#1364=VECTOR('',#11528,1.);
#1365=VECTOR('',#11531,1.);
#1366=VECTOR('',#11532,1.);
#1367=VECTOR('',#11533,1.);
#1368=VECTOR('',#11534,1.);
#1369=VECTOR('',#11535,1.);
#1370=VECTOR('',#11536,1.);
#1371=VECTOR('',#11539,1.);
#1372=VECTOR('',#11540,1.);
#1373=VECTOR('',#11543,1.);
#1374=VECTOR('',#11544,1.);
#1375=VECTOR('',#11547,1.);
#1376=VECTOR('',#11548,1.);
#1377=VECTOR('',#11551,1.);
#1378=VECTOR('',#11556,1.);
#1379=VECTOR('',#11561,1.);
#1380=VECTOR('',#11566,1.);
#1381=VECTOR('',#11571,1.);
#1382=VECTOR('',#11574,1.);
#1383=VECTOR('',#11577,1.);
#1384=VECTOR('',#11582,1.);
#1385=VECTOR('',#11593,1.);
#1386=VECTOR('',#11596,1.);
#1387=VECTOR('',#11599,1.);
#1388=VECTOR('',#11604,1.);
#1389=VECTOR('',#11609,1.);
#1390=VECTOR('',#11614,1.);
#1391=VECTOR('',#11619,1.);
#1392=VECTOR('',#11620,1.);
#1393=VECTOR('',#11623,1.);
#1394=VECTOR('',#11628,1.);
#1395=VECTOR('',#11633,1.);
#1396=VECTOR('',#11638,1.);
#1397=VECTOR('',#11643,1.);
#1398=VECTOR('',#11648,1.);
#1399=VECTOR('',#11653,1.);
#1400=VECTOR('',#11654,1.);
#1401=VECTOR('',#11657,1.);
#1402=VECTOR('',#11658,1.);
#1403=VECTOR('',#11661,1.);
#1404=VECTOR('',#11662,1.);
#1405=VECTOR('',#11665,1.);
#1406=VECTOR('',#11670,1.);
#1407=VECTOR('',#11681,1.);
#1408=VECTOR('',#11684,1.);
#1409=VECTOR('',#11687,1.);
#1410=VECTOR('',#11688,1.);
#1411=VECTOR('',#11691,1.);
#1412=VECTOR('',#11692,1.);
#1413=VECTOR('',#11695,1.);
#1414=VECTOR('',#11696,1.);
#1415=VECTOR('',#11699,1.);
#1416=VECTOR('',#11700,1.);
#1417=VECTOR('',#11703,1.);
#1418=VECTOR('',#11708,1.);
#1419=VECTOR('',#11713,1.);
#1420=VECTOR('',#11718,1.);
#1421=VECTOR('',#11723,1.);
#1422=VECTOR('',#11728,1.);
#1423=VECTOR('',#11733,1.);
#1424=VECTOR('',#11738,1.);
#1425=VECTOR('',#11743,1.);
#1426=VECTOR('',#11748,1.);
#1427=VECTOR('',#11749,1.);
#1428=VECTOR('',#11752,1.);
#1429=VECTOR('',#11755,1.);
#1430=VECTOR('',#11760,1.);
#1431=VECTOR('',#11765,1.);
#1432=VECTOR('',#11776,1.);
#1433=VECTOR('',#11777,1.);
#1434=VECTOR('',#11778,1.);
#1435=VECTOR('',#11781,1.);
#1436=VECTOR('',#11782,1.);
#1437=VECTOR('',#11785,1.);
#1438=VECTOR('',#11786,1.);
#1439=VECTOR('',#11789,1.);
#1440=VECTOR('',#11790,1.);
#1441=VECTOR('',#11793,1.);
#1442=VECTOR('',#11798,1.);
#1443=VECTOR('',#11799,1.);
#1444=VECTOR('',#11800,1.);
#1445=VECTOR('',#11803,1.);
#1446=VECTOR('',#11804,1.);
#1447=VECTOR('',#11807,1.);
#1448=VECTOR('',#11808,1.);
#1449=VECTOR('',#11811,1.);
#1450=VECTOR('',#11812,1.);
#1451=VECTOR('',#11815,1.);
#1452=VECTOR('',#11820,1.);
#1453=VECTOR('',#11823,1.);
#1454=VECTOR('',#11826,1.);
#1455=VECTOR('',#11831,1.);
#1456=VECTOR('',#11836,1.);
#1457=VECTOR('',#11837,1.);
#1458=VECTOR('',#11840,1.);
#1459=VECTOR('',#11845,1.);
#1460=VECTOR('',#11850,1.);
#1461=VECTOR('',#11855,1.);
#1462=VECTOR('',#11860,1.);
#1463=VECTOR('',#11865,1.);
#1464=VECTOR('',#11870,1.);
#1465=VECTOR('',#11875,1.);
#1466=VECTOR('',#11880,1.);
#1467=VECTOR('',#11885,1.);
#1468=VECTOR('',#11890,1.);
#1469=VECTOR('',#11895,1.);
#1470=VECTOR('',#11900,1.);
#1471=VECTOR('',#11901,1.);
#1472=VECTOR('',#11904,1.);
#1473=VECTOR('',#11909,1.);
#1474=VECTOR('',#11914,1.);
#1475=VECTOR('',#11919,1.);
#1476=VECTOR('',#11924,1.);
#1477=VECTOR('',#11929,1.);
#1478=VECTOR('',#11934,1.);
#1479=VECTOR('',#11939,1.);
#1480=VECTOR('',#11950,1.);
#1481=VECTOR('',#11951,1.);
#1482=VECTOR('',#11952,1.);
#1483=VECTOR('',#11955,1.);
#1484=VECTOR('',#11956,1.);
#1485=VECTOR('',#11959,1.);
#1486=VECTOR('',#11964,1.);
#1487=VECTOR('',#11969,1.);
#1488=VECTOR('',#11974,1.);
#1489=VECTOR('',#11979,1.);
#1490=VECTOR('',#11984,1.);
#1491=VECTOR('',#11989,1.);
#1492=VECTOR('',#11994,1.);
#1493=VECTOR('',#11999,1.);
#1494=VECTOR('',#12004,1.);
#1495=VECTOR('',#12009,1.);
#1496=VECTOR('',#12010,1.);
#1497=VECTOR('',#12013,1.);
#1498=VECTOR('',#12014,1.);
#1499=VECTOR('',#12017,1.);
#1500=VECTOR('',#12022,1.);
#1501=VECTOR('',#12027,1.);
#1502=VECTOR('',#12032,1.);
#1503=VECTOR('',#12037,1.);
#1504=VECTOR('',#12042,1.);
#1505=VECTOR('',#12047,1.);
#1506=VECTOR('',#12052,1.);
#1507=VECTOR('',#12053,1.);
#1508=VECTOR('',#12056,1.);
#1509=VECTOR('',#12061,1.);
#1510=VECTOR('',#12066,1.);
#1511=VECTOR('',#12067,1.);
#1512=VECTOR('',#12070,1.);
#1513=VECTOR('',#12075,1.);
#1514=VECTOR('',#12080,1.);
#1515=VECTOR('',#12085,1.);
#1516=VECTOR('',#12090,1.);
#1517=VECTOR('',#12095,1.);
#1518=VECTOR('',#12100,1.);
#1519=VECTOR('',#12101,1.);
#1520=VECTOR('',#12104,1.);
#1521=VECTOR('',#12109,1.);
#1522=VECTOR('',#12120,1.);
#1523=VECTOR('',#12123,1.);
#1524=VECTOR('',#12126,1.);
#1525=VECTOR('',#12131,1.);
#1526=VECTOR('',#12136,1.);
#1527=VECTOR('',#12141,1.);
#1528=VECTOR('',#12146,1.);
#1529=VECTOR('',#12147,1.);
#1530=VECTOR('',#12150,1.);
#1531=VECTOR('',#12151,1.);
#1532=VECTOR('',#12154,1.);
#1533=VECTOR('',#12155,1.);
#1534=VECTOR('',#12158,1.);
#1535=VECTOR('',#12163,1.);
#1536=VECTOR('',#12168,1.);
#1537=VECTOR('',#12173,1.);
#1538=VECTOR('',#12178,1.);
#1539=VECTOR('',#12183,1.);
#1540=VECTOR('',#12188,1.);
#1541=VECTOR('',#12193,1.);
#1542=VECTOR('',#12198,1.);
#1543=VECTOR('',#12199,1.);
#1544=VECTOR('',#12202,1.);
#1545=VECTOR('',#12203,1.);
#1546=VECTOR('',#12212,1.);
#1547=VECTOR('',#12215,1.);
#1548=VECTOR('',#12218,1.);
#1549=VECTOR('',#12219,1.);
#1550=VECTOR('',#12222,1.);
#1551=VECTOR('',#12227,1.);
#1552=VECTOR('',#12232,1.);
#1553=VECTOR('',#12237,1.);
#1554=VECTOR('',#12238,1.);
#1555=VECTOR('',#12247,1.);
#1556=VECTOR('',#12248,1.);
#1557=VECTOR('',#12249,1.);
#1558=VECTOR('',#12252,1.);
#1559=VECTOR('',#12253,1.);
#1560=VECTOR('',#12256,1.);
#1561=VECTOR('',#12257,1.);
#1562=VECTOR('',#12260,1.);
#1563=VECTOR('',#12261,1.);
#1564=VECTOR('',#12262,1.);
#1565=VECTOR('',#12265,1.);
#1566=VECTOR('',#12270,1.);
#1567=VECTOR('',#12275,1.);
#1568=VECTOR('',#12280,1.);
#1569=VECTOR('',#12285,1.);
#1570=VECTOR('',#12290,1.);
#1571=VECTOR('',#12291,1.);
#1572=VECTOR('',#12294,1.);
#1573=VECTOR('',#12299,1.);
#1574=VECTOR('',#12304,1.);
#1575=VECTOR('',#12309,1.);
#1576=VECTOR('',#12314,1.);
#1577=VECTOR('',#12325,1.);
#1578=VECTOR('',#12326,1.);
#1579=VECTOR('',#12327,1.);
#1580=VECTOR('',#12330,1.);
#1581=VECTOR('',#12331,1.);
#1582=VECTOR('',#12334,1.);
#1583=VECTOR('',#12335,1.);
#1584=VECTOR('',#12338,1.);
#1585=VECTOR('',#12341,1.);
#1586=VECTOR('',#12342,1.);
#1587=VECTOR('',#12345,1.);
#1588=VECTOR('',#12346,1.);
#1589=VECTOR('',#12349,1.);
#1590=VECTOR('',#12350,1.);
#1591=VECTOR('',#12353,1.);
#1592=VECTOR('',#12354,1.);
#1593=VECTOR('',#12357,1.);
#1594=VECTOR('',#12362,1.);
#1595=VECTOR('',#12367,1.);
#1596=VECTOR('',#12370,1.);
#1597=VECTOR('',#12373,1.);
#1598=VECTOR('',#12378,1.);
#1599=VECTOR('',#12383,1.);
#1600=VECTOR('',#12388,1.);
#1601=VECTOR('',#12393,1.);
#1602=VECTOR('',#12398,1.);
#1603=VECTOR('',#12399,1.);
#1604=VECTOR('',#12402,1.);
#1605=VECTOR('',#12407,1.);
#1606=VECTOR('',#12418,1.);
#1607=VECTOR('',#12421,1.);
#1608=VECTOR('',#12424,1.);
#1609=VECTOR('',#12425,1.);
#1610=VECTOR('',#12428,1.);
#1611=VECTOR('',#12433,1.);
#1612=VECTOR('',#12438,1.);
#1613=VECTOR('',#12443,1.);
#1614=VECTOR('',#12448,1.);
#1615=VECTOR('',#12453,1.);
#1616=VECTOR('',#12458,1.);
#1617=VECTOR('',#12463,1.);
#1618=VECTOR('',#12468,1.);
#1619=VECTOR('',#12473,1.);
#1620=VECTOR('',#12478,1.);
#1621=VECTOR('',#12479,1.);
#1622=VECTOR('',#12482,1.);
#1623=VECTOR('',#12487,1.);
#1624=VECTOR('',#12492,1.);
#1625=VECTOR('',#12497,1.);
#1626=VECTOR('',#12502,1.);
#1627=VECTOR('',#12507,1.);
#1628=VECTOR('',#12510,1.);
#1629=VECTOR('',#12513,1.);
#1630=VECTOR('',#12518,1.);
#1631=VECTOR('',#12519,1.);
#1632=VECTOR('',#12522,1.);
#1633=VECTOR('',#12527,1.);
#1634=VECTOR('',#12532,1.);
#1635=VECTOR('',#12533,1.);
#1636=VECTOR('',#12536,1.);
#1637=VECTOR('',#12539,1.);
#1638=VECTOR('',#12542,1.);
#1639=VECTOR('',#12547,1.);
#1640=VECTOR('',#12552,1.);
#1641=VECTOR('',#12557,1.);
#1642=VECTOR('',#12562,1.);
#1643=VECTOR('',#12563,1.);
#1644=VECTOR('',#12566,1.);
#1645=VECTOR('',#12571,1.);
#1646=VECTOR('',#12580,1.);
#1647=VECTOR('',#12581,1.);
#1648=VECTOR('',#12582,1.);
#1649=VECTOR('',#12585,1.);
#1650=VECTOR('',#12590,1.);
#1651=VECTOR('',#12595,1.);
#1652=VECTOR('',#12600,1.);
#1653=VECTOR('',#12601,1.);
#1654=VECTOR('',#12604,1.);
#1655=VECTOR('',#12605,1.);
#1656=VECTOR('',#12608,1.);
#1657=VECTOR('',#12609,1.);
#1658=VECTOR('',#12612,1.);
#1659=VECTOR('',#12617,1.);
#1660=VECTOR('',#12622,1.);
#1661=VECTOR('',#12625,1.);
#1662=VECTOR('',#12626,1.);
#1663=VECTOR('',#12629,1.);
#1664=VECTOR('',#12634,1.);
#1665=VECTOR('',#12639,1.);
#1666=VECTOR('',#12644,1.);
#1667=VECTOR('',#12649,1.);
#1668=VECTOR('',#12650,1.);
#1669=VECTOR('',#12655,1.);
#1670=VECTOR('',#12656,1.);
#1671=VECTOR('',#12657,1.);
#1672=VECTOR('',#12660,1.);
#1673=VECTOR('',#12661,1.);
#1674=VECTOR('',#12664,1.);
#1675=VECTOR('',#12665,1.);
#1676=VECTOR('',#12668,1.);
#1677=VECTOR('',#12669,1.);
#1678=VECTOR('',#12672,1.);
#1679=VECTOR('',#12677,1.);
#1680=VECTOR('',#12680,1.);
#1681=VECTOR('',#12683,1.);
#1682=VECTOR('',#12684,1.);
#1683=VECTOR('',#12687,1.);
#1684=VECTOR('',#12692,1.);
#1685=VECTOR('',#12697,1.);
#1686=VECTOR('',#12702,1.);
#1687=VECTOR('',#12703,1.);
#1688=VECTOR('',#12708,1.);
#1689=VECTOR('',#12711,1.);
#1690=VECTOR('',#12712,1.);
#1691=VECTOR('',#12715,1.);
#1692=VECTOR('',#12720,1.);
#1693=VECTOR('',#12725,1.);
#1694=VECTOR('',#12730,1.);
#1695=VECTOR('',#12735,1.);
#1696=VECTOR('',#12740,1.);
#1697=VECTOR('',#12745,1.);
#1698=VECTOR('',#12750,1.);
#1699=VECTOR('',#12751,1.);
#1700=VECTOR('',#12754,1.);
#1701=VECTOR('',#12759,1.);
#1702=VECTOR('',#12764,1.);
#1703=VECTOR('',#12769,1.);
#1704=VECTOR('',#12774,1.);
#1705=VECTOR('',#12779,1.);
#1706=VECTOR('',#12784,1.);
#1707=VECTOR('',#12789,1.);
#1708=VECTOR('',#12792,1.);
#1709=VECTOR('',#12795,1.);
#1710=VECTOR('',#12800,1.);
#1711=VECTOR('',#12801,1.);
#1712=VECTOR('',#12804,1.);
#1713=VECTOR('',#12809,1.);
#1714=VECTOR('',#12820,1.);
#1715=VECTOR('',#12823,1.);
#1716=VECTOR('',#12826,1.);
#1717=VECTOR('',#12827,1.);
#1718=VECTOR('',#12830,1.);
#1719=VECTOR('',#12835,1.);
#1720=VECTOR('',#12840,1.);
#1721=VECTOR('',#12845,1.);
#1722=VECTOR('',#12850,1.);
#1723=VECTOR('',#12851,1.);
#1724=VECTOR('',#12854,1.);
#1725=VECTOR('',#12855,1.);
#1726=VECTOR('',#12858,1.);
#1727=VECTOR('',#12859,1.);
#1728=VECTOR('',#12862,1.);
#1729=VECTOR('',#12867,1.);
#1730=VECTOR('',#12872,1.);
#1731=VECTOR('',#12883,1.);
#1732=VECTOR('',#12884,1.);
#1733=VECTOR('',#12885,1.);
#1734=VECTOR('',#12888,1.);
#1735=VECTOR('',#12889,1.);
#1736=VECTOR('',#12892,1.);
#1737=VECTOR('',#12893,1.);
#1738=VECTOR('',#12896,1.);
#1739=VECTOR('',#12897,1.);
#1740=VECTOR('',#12900,1.);
#1741=VECTOR('',#12905,1.);
#1742=VECTOR('',#12908,1.);
#1743=VECTOR('',#12911,1.);
#1744=VECTOR('',#12912,1.);
#1745=VECTOR('',#12915,1.);
#1746=VECTOR('',#12916,1.);
#1747=VECTOR('',#12919,1.);
#1748=VECTOR('',#12920,1.);
#1749=VECTOR('',#12923,1.);
#1750=VECTOR('',#12928,1.);
#1751=VECTOR('',#12933,1.);
#1752=VECTOR('',#12938,1.);
#1753=VECTOR('',#12943,1.);
#1754=VECTOR('',#12948,1.);
#1755=VECTOR('',#12953,1.);
#1756=VECTOR('',#12958,1.);
#1757=VECTOR('',#12963,1.);
#1758=VECTOR('',#12968,1.);
#1759=VECTOR('',#12969,1.);
#1760=VECTOR('',#12972,1.);
#1761=VECTOR('',#12977,1.);
#1762=VECTOR('',#12982,1.);
#1763=VECTOR('',#12987,1.);
#1764=VECTOR('',#12992,1.);
#1765=VECTOR('',#12997,1.);
#1766=VECTOR('',#13000,1.);
#1767=VECTOR('',#13003,1.);
#1768=VECTOR('',#13008,1.);
#1769=VECTOR('',#13019,1.);
#1770=VECTOR('',#13020,1.);
#1771=VECTOR('',#13021,1.);
#1772=VECTOR('',#13024,1.);
#1773=VECTOR('',#13025,1.);
#1774=VECTOR('',#13028,1.);
#1775=VECTOR('',#13029,1.);
#1776=VECTOR('',#13032,1.);
#1777=VECTOR('',#13033,1.);
#1778=VECTOR('',#13036,1.);
#1779=VECTOR('',#13041,1.);
#1780=VECTOR('',#13044,1.);
#1781=VECTOR('',#13047,1.);
#1782=VECTOR('',#13048,1.);
#1783=VECTOR('',#13051,1.);
#1784=VECTOR('',#13052,1.);
#1785=VECTOR('',#13055,1.);
#1786=VECTOR('',#13056,1.);
#1787=VECTOR('',#13059,1.);
#1788=VECTOR('',#13064,1.);
#1789=VECTOR('',#13069,1.);
#1790=VECTOR('',#13074,1.);
#1791=VECTOR('',#13079,1.);
#1792=VECTOR('',#13084,1.);
#1793=VECTOR('',#13089,1.);
#1794=VECTOR('',#13094,1.);
#1795=VECTOR('',#13099,1.);
#1796=VECTOR('',#13104,1.);
#1797=VECTOR('',#13105,1.);
#1798=VECTOR('',#13108,1.);
#1799=VECTOR('',#13113,1.);
#1800=VECTOR('',#13118,1.);
#1801=VECTOR('',#13123,1.);
#1802=VECTOR('',#13128,1.);
#1803=VECTOR('',#13133,1.);
#1804=VECTOR('',#13136,1.);
#1805=VECTOR('',#13139,1.);
#1806=VECTOR('',#13144,1.);
#1807=VECTOR('',#13155,1.);
#1808=VECTOR('',#13156,1.);
#1809=VECTOR('',#13157,1.);
#1810=VECTOR('',#13160,1.);
#1811=VECTOR('',#13161,1.);
#1812=VECTOR('',#13164,1.);
#1813=VECTOR('',#13165,1.);
#1814=VECTOR('',#13168,1.);
#1815=VECTOR('',#13169,1.);
#1816=VECTOR('',#13172,1.);
#1817=VECTOR('',#13177,1.);
#1818=VECTOR('',#13178,1.);
#1819=VECTOR('',#13179,1.);
#1820=VECTOR('',#13182,1.);
#1821=VECTOR('',#13183,1.);
#1822=VECTOR('',#13186,1.);
#1823=VECTOR('',#13187,1.);
#1824=VECTOR('',#13190,1.);
#1825=VECTOR('',#13195,1.);
#1826=VECTOR('',#13196,1.);
#1827=VECTOR('',#13197,1.);
#1828=VECTOR('',#13200,1.);
#1829=VECTOR('',#13201,1.);
#1830=VECTOR('',#13204,1.);
#1831=VECTOR('',#13205,1.);
#1832=VECTOR('',#13208,1.);
#1833=VECTOR('',#13209,1.);
#1834=VECTOR('',#13212,1.);
#1835=VECTOR('',#13213,1.);
#1836=VECTOR('',#13216,1.);
#1837=VECTOR('',#13217,1.);
#1838=VECTOR('',#13220,1.);
#1839=VECTOR('',#13225,1.);
#1840=VECTOR('',#13226,1.);
#1841=VECTOR('',#13227,1.);
#1842=VECTOR('',#13230,1.);
#1843=VECTOR('',#13231,1.);
#1844=VECTOR('',#13234,1.);
#1845=VECTOR('',#13235,1.);
#1846=VECTOR('',#13238,1.);
#1847=VECTOR('',#13245,1.);
#1848=VECTOR('',#13246,1.);
#1849=VECTOR('',#13247,1.);
#1850=VECTOR('',#13248,1.);
#1851=VECTOR('',#13249,1.);
#1852=VECTOR('',#13250,1.);
#1853=VECTOR('',#13251,1.);
#1854=VECTOR('',#13252,1.);
#1855=VECTOR('',#13253,1.);
#1856=VECTOR('',#13254,1.);
#1857=VECTOR('',#13255,1.);
#1858=VECTOR('',#13256,1.);
#1859=VECTOR('',#13257,1.);
#1860=VECTOR('',#13258,1.);
#1861=VECTOR('',#13259,1.);
#1862=VECTOR('',#13260,1.);
#1863=VECTOR('',#13261,1.);
#1864=VECTOR('',#13262,1.);
#1865=VECTOR('',#13263,1.);
#1866=VECTOR('',#13264,1.);
#1867=VECTOR('',#13265,1.);
#1868=VECTOR('',#13266,1.);
#1869=VECTOR('',#13267,1.);
#1870=VECTOR('',#13268,1.);
#1871=VECTOR('',#13269,1.);
#1872=VECTOR('',#13270,1.);
#1873=VECTOR('',#13273,1.);
#1874=VECTOR('',#13274,1.);
#1875=VECTOR('',#13275,1.);
#1876=VECTOR('',#13276,1.);
#1877=VECTOR('',#13277,1.);
#1878=VECTOR('',#13278,1.);
#1879=VECTOR('',#13279,1.);
#1880=VECTOR('',#13280,1.);
#1881=VECTOR('',#13283,1.);
#1882=VECTOR('',#13284,1.);
#1883=VECTOR('',#13285,1.);
#1884=VECTOR('',#13286,1.);
#1885=VECTOR('',#13289,1.);
#1886=VECTOR('',#13290,1.);
#1887=VECTOR('',#13291,1.);
#1888=VECTOR('',#13294,1.);
#1889=VECTOR('',#13295,1.);
#1890=VECTOR('',#13296,1.);
#1891=VECTOR('',#13299,1.);
#1892=VECTOR('',#13300,1.);
#1893=VECTOR('',#13303,1.);
#1894=VECTOR('',#13304,1.);
#1895=VECTOR('',#13307,1.);
#1896=VECTOR('',#13308,1.);
#1897=VECTOR('',#13309,1.);
#1898=VECTOR('',#13310,1.);
#1899=VECTOR('',#13311,1.);
#1900=VECTOR('',#13312,1.);
#1901=VECTOR('',#13313,1.);
#1902=VECTOR('',#13314,1.);
#1903=VECTOR('',#13315,1.);
#1904=VECTOR('',#13316,1.);
#1905=VECTOR('',#13317,1.);
#1906=VECTOR('',#13318,1.);
#1907=VECTOR('',#13319,1.);
#1908=VECTOR('',#13320,1.);
#1909=VECTOR('',#13323,1.);
#1910=VECTOR('',#13324,1.);
#1911=VECTOR('',#13325,1.);
#1912=VECTOR('',#13326,1.);
#1913=VECTOR('',#13327,1.);
#1914=VECTOR('',#13328,1.);
#1915=VECTOR('',#13331,1.);
#1916=VECTOR('',#13332,1.);
#1917=VECTOR('',#13333,1.);
#1918=VECTOR('',#13334,1.);
#1919=VECTOR('',#13335,1.);
#1920=VECTOR('',#13336,1.);
#1921=VECTOR('',#13339,1.);
#1922=VECTOR('',#13340,1.);
#1923=VECTOR('',#13341,1.);
#1924=VECTOR('',#13344,1.);
#1925=VECTOR('',#13345,1.);
#1926=VECTOR('',#13348,1.);
#1927=VECTOR('',#13349,1.);
#1928=VECTOR('',#13352,1.);
#1929=VECTOR('',#13353,1.);
#1930=VECTOR('',#13358,1.);
#1931=VECTOR('',#13359,1.);
#1932=VECTOR('',#13360,1.);
#1933=VECTOR('',#13361,1.);
#1934=VECTOR('',#13364,1.);
#1935=VECTOR('',#13367,1.);
#1936=VECTOR('',#13372,1.);
#1937=VECTOR('',#13373,1.);
#1938=VECTOR('',#13376,1.);
#1939=VECTOR('',#13377,1.);
#1940=VECTOR('',#13380,1.);
#1941=VECTOR('',#13385,1.);
#1942=VECTOR('',#13386,1.);
#1943=VECTOR('',#13389,1.);
#1944=VECTOR('',#13396,1.);
#1945=VECTOR('',#13397,1.);
#1946=VECTOR('',#13400,1.);
#1947=VECTOR('',#13401,1.);
#1948=VECTOR('',#13402,1.);
#1949=VECTOR('',#13405,1.);
#1950=VECTOR('',#13406,1.);
#1951=VECTOR('',#13407,1.);
#1952=VECTOR('',#13408,1.);
#1953=VECTOR('',#13409,1.);
#1954=VECTOR('',#13410,1.);
#1955=VECTOR('',#13411,1.);
#1956=VECTOR('',#13412,1.);
#1957=VECTOR('',#13413,1.);
#1958=VECTOR('',#13416,1.);
#1959=VECTOR('',#13417,1.);
#1960=VECTOR('',#13420,1.);
#1961=VECTOR('',#13421,1.);
#1962=VECTOR('',#13422,1.);
#1963=VECTOR('',#13423,1.);
#1964=VECTOR('',#13426,1.);
#1965=VECTOR('',#13427,1.);
#1966=VECTOR('',#13430,1.);
#1967=VECTOR('',#13433,1.);
#1968=VECTOR('',#13438,1.);
#1969=VECTOR('',#13439,1.);
#1970=VECTOR('',#13442,1.);
#1971=VECTOR('',#13443,1.);
#1972=VECTOR('',#13446,1.);
#1973=VECTOR('',#13447,1.);
#1974=VECTOR('',#13450,1.);
#1975=VECTOR('',#13463,1.);
#1976=VECTOR('',#13464,1.);
#1977=VECTOR('',#13467,1.);
#1978=VECTOR('',#13468,1.);
#1979=VECTOR('',#13471,1.);
#1980=VECTOR('',#13472,1.);
#1981=VECTOR('',#13481,1.);
#1982=VECTOR('',#13488,1.);
#1983=VECTOR('',#13489,1.);
#1984=VECTOR('',#13490,1.);
#1985=VECTOR('',#13493,1.);
#1986=VECTOR('',#13494,1.);
#1987=VECTOR('',#13497,1.);
#1988=VECTOR('',#13498,1.);
#1989=VECTOR('',#13501,1.);
#1990=VECTOR('',#13514,1.);
#1991=VECTOR('',#13515,1.);
#1992=VECTOR('',#13516,1.);
#1993=VECTOR('',#13519,1.);
#1994=VECTOR('',#13520,1.);
#1995=VECTOR('',#13523,1.);
#1996=VECTOR('',#13524,1.);
#1997=VECTOR('',#13533,1.);
#1998=VECTOR('',#13550,1.);
#1999=VECTOR('',#13551,1.);
#2000=VECTOR('',#13552,1.);
#2001=VECTOR('',#13553,1.);
#2002=VECTOR('',#13554,1.);
#2003=VECTOR('',#13555,1.);
#2004=VECTOR('',#13556,1.);
#2005=VECTOR('',#13557,1.);
#2006=VECTOR('',#13560,1.);
#2007=VECTOR('',#13561,1.);
#2008=VECTOR('',#13562,1.);
#2009=VECTOR('',#13563,1.);
#2010=VECTOR('',#13564,1.);
#2011=VECTOR('',#13565,1.);
#2012=VECTOR('',#13566,1.);
#2013=VECTOR('',#13567,1.);
#2014=VECTOR('',#13570,1.);
#2015=VECTOR('',#13571,1.);
#2016=VECTOR('',#13572,1.);
#2017=VECTOR('',#13573,1.);
#2018=VECTOR('',#13574,1.);
#2019=VECTOR('',#13575,1.);
#2020=VECTOR('',#13576,1.);
#2021=VECTOR('',#13577,1.);
#2022=VECTOR('',#13580,1.);
#2023=VECTOR('',#13581,1.);
#2024=VECTOR('',#13584,1.);
#2025=VECTOR('',#13585,1.);
#2026=VECTOR('',#13586,1.);
#2027=VECTOR('',#13587,1.);
#2028=VECTOR('',#13588,1.);
#2029=VECTOR('',#13589,1.);
#2030=VECTOR('',#13590,1.);
#2031=VECTOR('',#13591,1.);
#2032=VECTOR('',#13594,1.);
#2033=VECTOR('',#13595,1.);
#2034=VECTOR('',#13598,1.);
#2035=VECTOR('',#13599,1.);
#2036=VECTOR('',#13602,1.);
#2037=VECTOR('',#13603,1.);
#2038=VECTOR('',#13608,1.);
#2039=VECTOR('',#13609,1.);
#2040=VECTOR('',#13612,1.);
#2041=VECTOR('',#13615,1.);
#2042=VECTOR('',#13630,1.);
#2043=VECTOR('',#13631,1.);
#2044=VECTOR('',#13634,1.);
#2045=VECTOR('',#13637,1.);
#2046=ORIENTED_EDGE('',*,*,#4878,.F.);
#2047=ORIENTED_EDGE('',*,*,#4879,.F.);
#2048=ORIENTED_EDGE('',*,*,#4880,.F.);
#2049=ORIENTED_EDGE('',*,*,#4881,.F.);
#2050=ORIENTED_EDGE('',*,*,#4882,.F.);
#2051=ORIENTED_EDGE('',*,*,#4883,.T.);
#2052=ORIENTED_EDGE('',*,*,#4884,.T.);
#2053=ORIENTED_EDGE('',*,*,#4885,.F.);
#2054=ORIENTED_EDGE('',*,*,#4886,.T.);
#2055=ORIENTED_EDGE('',*,*,#4887,.T.);
#2056=ORIENTED_EDGE('',*,*,#4888,.T.);
#2057=ORIENTED_EDGE('',*,*,#4889,.T.);
#2058=ORIENTED_EDGE('',*,*,#4890,.T.);
#2059=ORIENTED_EDGE('',*,*,#4891,.T.);
#2060=ORIENTED_EDGE('',*,*,#4892,.T.);
#2061=ORIENTED_EDGE('',*,*,#4893,.T.);
#2062=ORIENTED_EDGE('',*,*,#4894,.T.);
#2063=ORIENTED_EDGE('',*,*,#4895,.T.);
#2064=ORIENTED_EDGE('',*,*,#4896,.T.);
#2065=ORIENTED_EDGE('',*,*,#4897,.T.);
#2066=ORIENTED_EDGE('',*,*,#4898,.T.);
#2067=ORIENTED_EDGE('',*,*,#4899,.T.);
#2068=ORIENTED_EDGE('',*,*,#4900,.T.);
#2069=ORIENTED_EDGE('',*,*,#4901,.T.);
#2070=ORIENTED_EDGE('',*,*,#4902,.T.);
#2071=ORIENTED_EDGE('',*,*,#4903,.T.);
#2072=ORIENTED_EDGE('',*,*,#4904,.T.);
#2073=ORIENTED_EDGE('',*,*,#4905,.T.);
#2074=ORIENTED_EDGE('',*,*,#4906,.T.);
#2075=ORIENTED_EDGE('',*,*,#4907,.T.);
#2076=ORIENTED_EDGE('',*,*,#4908,.T.);
#2077=ORIENTED_EDGE('',*,*,#4909,.T.);
#2078=ORIENTED_EDGE('',*,*,#4910,.T.);
#2079=ORIENTED_EDGE('',*,*,#4911,.T.);
#2080=ORIENTED_EDGE('',*,*,#4912,.T.);
#2081=ORIENTED_EDGE('',*,*,#4913,.T.);
#2082=ORIENTED_EDGE('',*,*,#4914,.T.);
#2083=ORIENTED_EDGE('',*,*,#4915,.T.);
#2084=ORIENTED_EDGE('',*,*,#4916,.T.);
#2085=ORIENTED_EDGE('',*,*,#4917,.T.);
#2086=ORIENTED_EDGE('',*,*,#4918,.T.);
#2087=ORIENTED_EDGE('',*,*,#4919,.T.);
#2088=ORIENTED_EDGE('',*,*,#4920,.T.);
#2089=ORIENTED_EDGE('',*,*,#4921,.T.);
#2090=ORIENTED_EDGE('',*,*,#4922,.T.);
#2091=ORIENTED_EDGE('',*,*,#4923,.T.);
#2092=ORIENTED_EDGE('',*,*,#4924,.T.);
#2093=ORIENTED_EDGE('',*,*,#4925,.T.);
#2094=ORIENTED_EDGE('',*,*,#4926,.T.);
#2095=ORIENTED_EDGE('',*,*,#4927,.T.);
#2096=ORIENTED_EDGE('',*,*,#4928,.T.);
#2097=ORIENTED_EDGE('',*,*,#4929,.T.);
#2098=ORIENTED_EDGE('',*,*,#4930,.T.);
#2099=ORIENTED_EDGE('',*,*,#4931,.T.);
#2100=ORIENTED_EDGE('',*,*,#4932,.T.);
#2101=ORIENTED_EDGE('',*,*,#4933,.T.);
#2102=ORIENTED_EDGE('',*,*,#4934,.T.);
#2103=ORIENTED_EDGE('',*,*,#4935,.T.);
#2104=ORIENTED_EDGE('',*,*,#4936,.T.);
#2105=ORIENTED_EDGE('',*,*,#4937,.T.);
#2106=ORIENTED_EDGE('',*,*,#4938,.T.);
#2107=ORIENTED_EDGE('',*,*,#4939,.T.);
#2108=ORIENTED_EDGE('',*,*,#4940,.T.);
#2109=ORIENTED_EDGE('',*,*,#4941,.T.);
#2110=ORIENTED_EDGE('',*,*,#4942,.T.);
#2111=ORIENTED_EDGE('',*,*,#4943,.T.);
#2112=ORIENTED_EDGE('',*,*,#4944,.T.);
#2113=ORIENTED_EDGE('',*,*,#4945,.T.);
#2114=ORIENTED_EDGE('',*,*,#4946,.T.);
#2115=ORIENTED_EDGE('',*,*,#4947,.T.);
#2116=ORIENTED_EDGE('',*,*,#4948,.T.);
#2117=ORIENTED_EDGE('',*,*,#4949,.T.);
#2118=ORIENTED_EDGE('',*,*,#4950,.T.);
#2119=ORIENTED_EDGE('',*,*,#4951,.T.);
#2120=ORIENTED_EDGE('',*,*,#4952,.T.);
#2121=ORIENTED_EDGE('',*,*,#4953,.T.);
#2122=ORIENTED_EDGE('',*,*,#4954,.T.);
#2123=ORIENTED_EDGE('',*,*,#4955,.T.);
#2124=ORIENTED_EDGE('',*,*,#4956,.T.);
#2125=ORIENTED_EDGE('',*,*,#4957,.T.);
#2126=ORIENTED_EDGE('',*,*,#4958,.T.);
#2127=ORIENTED_EDGE('',*,*,#4959,.T.);
#2128=ORIENTED_EDGE('',*,*,#4960,.T.);
#2129=ORIENTED_EDGE('',*,*,#4961,.T.);
#2130=ORIENTED_EDGE('',*,*,#4962,.T.);
#2131=ORIENTED_EDGE('',*,*,#4963,.T.);
#2132=ORIENTED_EDGE('',*,*,#4964,.T.);
#2133=ORIENTED_EDGE('',*,*,#4965,.T.);
#2134=ORIENTED_EDGE('',*,*,#4966,.T.);
#2135=ORIENTED_EDGE('',*,*,#4967,.T.);
#2136=ORIENTED_EDGE('',*,*,#4968,.T.);
#2137=ORIENTED_EDGE('',*,*,#4969,.T.);
#2138=ORIENTED_EDGE('',*,*,#4970,.T.);
#2139=ORIENTED_EDGE('',*,*,#4971,.T.);
#2140=ORIENTED_EDGE('',*,*,#4972,.T.);
#2141=ORIENTED_EDGE('',*,*,#4973,.T.);
#2142=ORIENTED_EDGE('',*,*,#4974,.T.);
#2143=ORIENTED_EDGE('',*,*,#4975,.T.);
#2144=ORIENTED_EDGE('',*,*,#4976,.T.);
#2145=ORIENTED_EDGE('',*,*,#4977,.T.);
#2146=ORIENTED_EDGE('',*,*,#4978,.T.);
#2147=ORIENTED_EDGE('',*,*,#4979,.T.);
#2148=ORIENTED_EDGE('',*,*,#4980,.T.);
#2149=ORIENTED_EDGE('',*,*,#4981,.T.);
#2150=ORIENTED_EDGE('',*,*,#4982,.T.);
#2151=ORIENTED_EDGE('',*,*,#4983,.T.);
#2152=ORIENTED_EDGE('',*,*,#4984,.T.);
#2153=ORIENTED_EDGE('',*,*,#4985,.T.);
#2154=ORIENTED_EDGE('',*,*,#4986,.T.);
#2155=ORIENTED_EDGE('',*,*,#4987,.T.);
#2156=ORIENTED_EDGE('',*,*,#4988,.T.);
#2157=ORIENTED_EDGE('',*,*,#4989,.T.);
#2158=ORIENTED_EDGE('',*,*,#4990,.T.);
#2159=ORIENTED_EDGE('',*,*,#4991,.T.);
#2160=ORIENTED_EDGE('',*,*,#4992,.T.);
#2161=ORIENTED_EDGE('',*,*,#4993,.T.);
#2162=ORIENTED_EDGE('',*,*,#4994,.T.);
#2163=ORIENTED_EDGE('',*,*,#4995,.T.);
#2164=ORIENTED_EDGE('',*,*,#4996,.T.);
#2165=ORIENTED_EDGE('',*,*,#4997,.T.);
#2166=ORIENTED_EDGE('',*,*,#4998,.T.);
#2167=ORIENTED_EDGE('',*,*,#4999,.T.);
#2168=ORIENTED_EDGE('',*,*,#5000,.T.);
#2169=ORIENTED_EDGE('',*,*,#5001,.T.);
#2170=ORIENTED_EDGE('',*,*,#5002,.T.);
#2171=ORIENTED_EDGE('',*,*,#5003,.T.);
#2172=ORIENTED_EDGE('',*,*,#5004,.T.);
#2173=ORIENTED_EDGE('',*,*,#5005,.T.);
#2174=ORIENTED_EDGE('',*,*,#5006,.T.);
#2175=ORIENTED_EDGE('',*,*,#5007,.T.);
#2176=ORIENTED_EDGE('',*,*,#5008,.T.);
#2177=ORIENTED_EDGE('',*,*,#5009,.T.);
#2178=ORIENTED_EDGE('',*,*,#5010,.T.);
#2179=ORIENTED_EDGE('',*,*,#5011,.T.);
#2180=ORIENTED_EDGE('',*,*,#5012,.T.);
#2181=ORIENTED_EDGE('',*,*,#5013,.T.);
#2182=ORIENTED_EDGE('',*,*,#5014,.T.);
#2183=ORIENTED_EDGE('',*,*,#5015,.T.);
#2184=ORIENTED_EDGE('',*,*,#5016,.T.);
#2185=ORIENTED_EDGE('',*,*,#5017,.T.);
#2186=ORIENTED_EDGE('',*,*,#5018,.T.);
#2187=ORIENTED_EDGE('',*,*,#5019,.T.);
#2188=ORIENTED_EDGE('',*,*,#5020,.T.);
#2189=ORIENTED_EDGE('',*,*,#5021,.T.);
#2190=ORIENTED_EDGE('',*,*,#5022,.T.);
#2191=ORIENTED_EDGE('',*,*,#5023,.T.);
#2192=ORIENTED_EDGE('',*,*,#5024,.T.);
#2193=ORIENTED_EDGE('',*,*,#5025,.T.);
#2194=ORIENTED_EDGE('',*,*,#5026,.T.);
#2195=ORIENTED_EDGE('',*,*,#5027,.T.);
#2196=ORIENTED_EDGE('',*,*,#5028,.T.);
#2197=ORIENTED_EDGE('',*,*,#5029,.T.);
#2198=ORIENTED_EDGE('',*,*,#5030,.T.);
#2199=ORIENTED_EDGE('',*,*,#5031,.T.);
#2200=ORIENTED_EDGE('',*,*,#5032,.T.);
#2201=ORIENTED_EDGE('',*,*,#5033,.T.);
#2202=ORIENTED_EDGE('',*,*,#5034,.T.);
#2203=ORIENTED_EDGE('',*,*,#5035,.T.);
#2204=ORIENTED_EDGE('',*,*,#5036,.T.);
#2205=ORIENTED_EDGE('',*,*,#5037,.T.);
#2206=ORIENTED_EDGE('',*,*,#5038,.T.);
#2207=ORIENTED_EDGE('',*,*,#5039,.T.);
#2208=ORIENTED_EDGE('',*,*,#5040,.T.);
#2209=ORIENTED_EDGE('',*,*,#5041,.T.);
#2210=ORIENTED_EDGE('',*,*,#5042,.T.);
#2211=ORIENTED_EDGE('',*,*,#5043,.T.);
#2212=ORIENTED_EDGE('',*,*,#5044,.T.);
#2213=ORIENTED_EDGE('',*,*,#5045,.T.);
#2214=ORIENTED_EDGE('',*,*,#5046,.T.);
#2215=ORIENTED_EDGE('',*,*,#5047,.T.);
#2216=ORIENTED_EDGE('',*,*,#5048,.T.);
#2217=ORIENTED_EDGE('',*,*,#5049,.T.);
#2218=ORIENTED_EDGE('',*,*,#5050,.T.);
#2219=ORIENTED_EDGE('',*,*,#5051,.T.);
#2220=ORIENTED_EDGE('',*,*,#5052,.T.);
#2221=ORIENTED_EDGE('',*,*,#5053,.T.);
#2222=ORIENTED_EDGE('',*,*,#5054,.T.);
#2223=ORIENTED_EDGE('',*,*,#5055,.T.);
#2224=ORIENTED_EDGE('',*,*,#5056,.T.);
#2225=ORIENTED_EDGE('',*,*,#5057,.T.);
#2226=ORIENTED_EDGE('',*,*,#5058,.T.);
#2227=ORIENTED_EDGE('',*,*,#5059,.T.);
#2228=ORIENTED_EDGE('',*,*,#5060,.T.);
#2229=ORIENTED_EDGE('',*,*,#5061,.T.);
#2230=ORIENTED_EDGE('',*,*,#5062,.T.);
#2231=ORIENTED_EDGE('',*,*,#5063,.T.);
#2232=ORIENTED_EDGE('',*,*,#5064,.T.);
#2233=ORIENTED_EDGE('',*,*,#5065,.T.);
#2234=ORIENTED_EDGE('',*,*,#5066,.T.);
#2235=ORIENTED_EDGE('',*,*,#5067,.T.);
#2236=ORIENTED_EDGE('',*,*,#5068,.T.);
#2237=ORIENTED_EDGE('',*,*,#5069,.T.);
#2238=ORIENTED_EDGE('',*,*,#5070,.T.);
#2239=ORIENTED_EDGE('',*,*,#5071,.T.);
#2240=ORIENTED_EDGE('',*,*,#5072,.T.);
#2241=ORIENTED_EDGE('',*,*,#5073,.T.);
#2242=ORIENTED_EDGE('',*,*,#5074,.T.);
#2243=ORIENTED_EDGE('',*,*,#5075,.T.);
#2244=ORIENTED_EDGE('',*,*,#5076,.T.);
#2245=ORIENTED_EDGE('',*,*,#5077,.T.);
#2246=ORIENTED_EDGE('',*,*,#5078,.T.);
#2247=ORIENTED_EDGE('',*,*,#5079,.T.);
#2248=ORIENTED_EDGE('',*,*,#5080,.T.);
#2249=ORIENTED_EDGE('',*,*,#5081,.T.);
#2250=ORIENTED_EDGE('',*,*,#5082,.T.);
#2251=ORIENTED_EDGE('',*,*,#5083,.T.);
#2252=ORIENTED_EDGE('',*,*,#5084,.T.);
#2253=ORIENTED_EDGE('',*,*,#5085,.T.);
#2254=ORIENTED_EDGE('',*,*,#5086,.T.);
#2255=ORIENTED_EDGE('',*,*,#5087,.T.);
#2256=ORIENTED_EDGE('',*,*,#5088,.T.);
#2257=ORIENTED_EDGE('',*,*,#5089,.T.);
#2258=ORIENTED_EDGE('',*,*,#5090,.T.);
#2259=ORIENTED_EDGE('',*,*,#5091,.T.);
#2260=ORIENTED_EDGE('',*,*,#5092,.T.);
#2261=ORIENTED_EDGE('',*,*,#5093,.T.);
#2262=ORIENTED_EDGE('',*,*,#5094,.T.);
#2263=ORIENTED_EDGE('',*,*,#5095,.T.);
#2264=ORIENTED_EDGE('',*,*,#5096,.T.);
#2265=ORIENTED_EDGE('',*,*,#5097,.T.);
#2266=ORIENTED_EDGE('',*,*,#5098,.T.);
#2267=ORIENTED_EDGE('',*,*,#5099,.T.);
#2268=ORIENTED_EDGE('',*,*,#5100,.T.);
#2269=ORIENTED_EDGE('',*,*,#5101,.T.);
#2270=ORIENTED_EDGE('',*,*,#5102,.T.);
#2271=ORIENTED_EDGE('',*,*,#5103,.T.);
#2272=ORIENTED_EDGE('',*,*,#5104,.T.);
#2273=ORIENTED_EDGE('',*,*,#5105,.T.);
#2274=ORIENTED_EDGE('',*,*,#5106,.T.);
#2275=ORIENTED_EDGE('',*,*,#5107,.T.);
#2276=ORIENTED_EDGE('',*,*,#5108,.T.);
#2277=ORIENTED_EDGE('',*,*,#5109,.T.);
#2278=ORIENTED_EDGE('',*,*,#5110,.T.);
#2279=ORIENTED_EDGE('',*,*,#5111,.T.);
#2280=ORIENTED_EDGE('',*,*,#5112,.T.);
#2281=ORIENTED_EDGE('',*,*,#5113,.T.);
#2282=ORIENTED_EDGE('',*,*,#5114,.T.);
#2283=ORIENTED_EDGE('',*,*,#5115,.T.);
#2284=ORIENTED_EDGE('',*,*,#5116,.T.);
#2285=ORIENTED_EDGE('',*,*,#5117,.T.);
#2286=ORIENTED_EDGE('',*,*,#5118,.T.);
#2287=ORIENTED_EDGE('',*,*,#5119,.T.);
#2288=ORIENTED_EDGE('',*,*,#5120,.T.);
#2289=ORIENTED_EDGE('',*,*,#5121,.T.);
#2290=ORIENTED_EDGE('',*,*,#5122,.T.);
#2291=ORIENTED_EDGE('',*,*,#5123,.T.);
#2292=ORIENTED_EDGE('',*,*,#5124,.T.);
#2293=ORIENTED_EDGE('',*,*,#5125,.T.);
#2294=ORIENTED_EDGE('',*,*,#5126,.T.);
#2295=ORIENTED_EDGE('',*,*,#5127,.T.);
#2296=ORIENTED_EDGE('',*,*,#5128,.T.);
#2297=ORIENTED_EDGE('',*,*,#5129,.T.);
#2298=ORIENTED_EDGE('',*,*,#5130,.T.);
#2299=ORIENTED_EDGE('',*,*,#5131,.T.);
#2300=ORIENTED_EDGE('',*,*,#5132,.T.);
#2301=ORIENTED_EDGE('',*,*,#5133,.T.);
#2302=ORIENTED_EDGE('',*,*,#5134,.T.);
#2303=ORIENTED_EDGE('',*,*,#5135,.T.);
#2304=ORIENTED_EDGE('',*,*,#5136,.T.);
#2305=ORIENTED_EDGE('',*,*,#5137,.T.);
#2306=ORIENTED_EDGE('',*,*,#5138,.T.);
#2307=ORIENTED_EDGE('',*,*,#5139,.T.);
#2308=ORIENTED_EDGE('',*,*,#5140,.T.);
#2309=ORIENTED_EDGE('',*,*,#5141,.T.);
#2310=ORIENTED_EDGE('',*,*,#5142,.T.);
#2311=ORIENTED_EDGE('',*,*,#5143,.T.);
#2312=ORIENTED_EDGE('',*,*,#5144,.T.);
#2313=ORIENTED_EDGE('',*,*,#5145,.T.);
#2314=ORIENTED_EDGE('',*,*,#5146,.T.);
#2315=ORIENTED_EDGE('',*,*,#5147,.T.);
#2316=ORIENTED_EDGE('',*,*,#5148,.T.);
#2317=ORIENTED_EDGE('',*,*,#5149,.T.);
#2318=ORIENTED_EDGE('',*,*,#5150,.T.);
#2319=ORIENTED_EDGE('',*,*,#5151,.T.);
#2320=ORIENTED_EDGE('',*,*,#5152,.T.);
#2321=ORIENTED_EDGE('',*,*,#5153,.T.);
#2322=ORIENTED_EDGE('',*,*,#5154,.T.);
#2323=ORIENTED_EDGE('',*,*,#5155,.T.);
#2324=ORIENTED_EDGE('',*,*,#5156,.T.);
#2325=ORIENTED_EDGE('',*,*,#5157,.T.);
#2326=ORIENTED_EDGE('',*,*,#5158,.T.);
#2327=ORIENTED_EDGE('',*,*,#5159,.T.);
#2328=ORIENTED_EDGE('',*,*,#5160,.T.);
#2329=ORIENTED_EDGE('',*,*,#5161,.T.);
#2330=ORIENTED_EDGE('',*,*,#5162,.T.);
#2331=ORIENTED_EDGE('',*,*,#5163,.T.);
#2332=ORIENTED_EDGE('',*,*,#5164,.T.);
#2333=ORIENTED_EDGE('',*,*,#5165,.T.);
#2334=ORIENTED_EDGE('',*,*,#5166,.T.);
#2335=ORIENTED_EDGE('',*,*,#5167,.T.);
#2336=ORIENTED_EDGE('',*,*,#5168,.T.);
#2337=ORIENTED_EDGE('',*,*,#5169,.T.);
#2338=ORIENTED_EDGE('',*,*,#5170,.T.);
#2339=ORIENTED_EDGE('',*,*,#5171,.T.);
#2340=ORIENTED_EDGE('',*,*,#5172,.T.);
#2341=ORIENTED_EDGE('',*,*,#5173,.T.);
#2342=ORIENTED_EDGE('',*,*,#5174,.T.);
#2343=ORIENTED_EDGE('',*,*,#5175,.T.);
#2344=ORIENTED_EDGE('',*,*,#5176,.T.);
#2345=ORIENTED_EDGE('',*,*,#5177,.T.);
#2346=ORIENTED_EDGE('',*,*,#5178,.T.);
#2347=ORIENTED_EDGE('',*,*,#5179,.T.);
#2348=ORIENTED_EDGE('',*,*,#5180,.T.);
#2349=ORIENTED_EDGE('',*,*,#5181,.T.);
#2350=ORIENTED_EDGE('',*,*,#5182,.T.);
#2351=ORIENTED_EDGE('',*,*,#5183,.T.);
#2352=ORIENTED_EDGE('',*,*,#5184,.T.);
#2353=ORIENTED_EDGE('',*,*,#5185,.T.);
#2354=ORIENTED_EDGE('',*,*,#5186,.T.);
#2355=ORIENTED_EDGE('',*,*,#5187,.T.);
#2356=ORIENTED_EDGE('',*,*,#5188,.T.);
#2357=ORIENTED_EDGE('',*,*,#5189,.T.);
#2358=ORIENTED_EDGE('',*,*,#5190,.T.);
#2359=ORIENTED_EDGE('',*,*,#5191,.T.);
#2360=ORIENTED_EDGE('',*,*,#5192,.T.);
#2361=ORIENTED_EDGE('',*,*,#5193,.T.);
#2362=ORIENTED_EDGE('',*,*,#5194,.T.);
#2363=ORIENTED_EDGE('',*,*,#5195,.T.);
#2364=ORIENTED_EDGE('',*,*,#5196,.T.);
#2365=ORIENTED_EDGE('',*,*,#5197,.T.);
#2366=ORIENTED_EDGE('',*,*,#5198,.T.);
#2367=ORIENTED_EDGE('',*,*,#5199,.T.);
#2368=ORIENTED_EDGE('',*,*,#5200,.T.);
#2369=ORIENTED_EDGE('',*,*,#5201,.T.);
#2370=ORIENTED_EDGE('',*,*,#5202,.T.);
#2371=ORIENTED_EDGE('',*,*,#5203,.T.);
#2372=ORIENTED_EDGE('',*,*,#5204,.T.);
#2373=ORIENTED_EDGE('',*,*,#5205,.T.);
#2374=ORIENTED_EDGE('',*,*,#5206,.T.);
#2375=ORIENTED_EDGE('',*,*,#5207,.T.);
#2376=ORIENTED_EDGE('',*,*,#5208,.T.);
#2377=ORIENTED_EDGE('',*,*,#5209,.T.);
#2378=ORIENTED_EDGE('',*,*,#5210,.T.);
#2379=ORIENTED_EDGE('',*,*,#5211,.T.);
#2380=ORIENTED_EDGE('',*,*,#5212,.T.);
#2381=ORIENTED_EDGE('',*,*,#5213,.T.);
#2382=ORIENTED_EDGE('',*,*,#5214,.T.);
#2383=ORIENTED_EDGE('',*,*,#5215,.T.);
#2384=ORIENTED_EDGE('',*,*,#5216,.T.);
#2385=ORIENTED_EDGE('',*,*,#5217,.T.);
#2386=ORIENTED_EDGE('',*,*,#5218,.T.);
#2387=ORIENTED_EDGE('',*,*,#5219,.T.);
#2388=ORIENTED_EDGE('',*,*,#5220,.T.);
#2389=ORIENTED_EDGE('',*,*,#5221,.T.);
#2390=ORIENTED_EDGE('',*,*,#5222,.T.);
#2391=ORIENTED_EDGE('',*,*,#5223,.T.);
#2392=ORIENTED_EDGE('',*,*,#5224,.T.);
#2393=ORIENTED_EDGE('',*,*,#5225,.T.);
#2394=ORIENTED_EDGE('',*,*,#5226,.T.);
#2395=ORIENTED_EDGE('',*,*,#5227,.T.);
#2396=ORIENTED_EDGE('',*,*,#5228,.T.);
#2397=ORIENTED_EDGE('',*,*,#5229,.T.);
#2398=ORIENTED_EDGE('',*,*,#5230,.T.);
#2399=ORIENTED_EDGE('',*,*,#5231,.T.);
#2400=ORIENTED_EDGE('',*,*,#5232,.T.);
#2401=ORIENTED_EDGE('',*,*,#5233,.T.);
#2402=ORIENTED_EDGE('',*,*,#5234,.T.);
#2403=ORIENTED_EDGE('',*,*,#5235,.T.);
#2404=ORIENTED_EDGE('',*,*,#5236,.T.);
#2405=ORIENTED_EDGE('',*,*,#5237,.T.);
#2406=ORIENTED_EDGE('',*,*,#5238,.T.);
#2407=ORIENTED_EDGE('',*,*,#5239,.T.);
#2408=ORIENTED_EDGE('',*,*,#5240,.T.);
#2409=ORIENTED_EDGE('',*,*,#5241,.T.);
#2410=ORIENTED_EDGE('',*,*,#5242,.T.);
#2411=ORIENTED_EDGE('',*,*,#5243,.T.);
#2412=ORIENTED_EDGE('',*,*,#5244,.T.);
#2413=ORIENTED_EDGE('',*,*,#5245,.T.);
#2414=ORIENTED_EDGE('',*,*,#5246,.T.);
#2415=ORIENTED_EDGE('',*,*,#5247,.T.);
#2416=ORIENTED_EDGE('',*,*,#5248,.T.);
#2417=ORIENTED_EDGE('',*,*,#5249,.T.);
#2418=ORIENTED_EDGE('',*,*,#5250,.T.);
#2419=ORIENTED_EDGE('',*,*,#5251,.T.);
#2420=ORIENTED_EDGE('',*,*,#5252,.T.);
#2421=ORIENTED_EDGE('',*,*,#5253,.T.);
#2422=ORIENTED_EDGE('',*,*,#5254,.T.);
#2423=ORIENTED_EDGE('',*,*,#5255,.T.);
#2424=ORIENTED_EDGE('',*,*,#5256,.T.);
#2425=ORIENTED_EDGE('',*,*,#5257,.T.);
#2426=ORIENTED_EDGE('',*,*,#5258,.T.);
#2427=ORIENTED_EDGE('',*,*,#5259,.T.);
#2428=ORIENTED_EDGE('',*,*,#5260,.T.);
#2429=ORIENTED_EDGE('',*,*,#5261,.T.);
#2430=ORIENTED_EDGE('',*,*,#5262,.T.);
#2431=ORIENTED_EDGE('',*,*,#5263,.T.);
#2432=ORIENTED_EDGE('',*,*,#5264,.T.);
#2433=ORIENTED_EDGE('',*,*,#5265,.T.);
#2434=ORIENTED_EDGE('',*,*,#5266,.T.);
#2435=ORIENTED_EDGE('',*,*,#5267,.T.);
#2436=ORIENTED_EDGE('',*,*,#5268,.T.);
#2437=ORIENTED_EDGE('',*,*,#5269,.T.);
#2438=ORIENTED_EDGE('',*,*,#5270,.T.);
#2439=ORIENTED_EDGE('',*,*,#5271,.T.);
#2440=ORIENTED_EDGE('',*,*,#5272,.T.);
#2441=ORIENTED_EDGE('',*,*,#5273,.T.);
#2442=ORIENTED_EDGE('',*,*,#5274,.T.);
#2443=ORIENTED_EDGE('',*,*,#5275,.T.);
#2444=ORIENTED_EDGE('',*,*,#5276,.T.);
#2445=ORIENTED_EDGE('',*,*,#5277,.T.);
#2446=ORIENTED_EDGE('',*,*,#5278,.T.);
#2447=ORIENTED_EDGE('',*,*,#5279,.F.);
#2448=ORIENTED_EDGE('',*,*,#5280,.F.);
#2449=ORIENTED_EDGE('',*,*,#4882,.T.);
#2450=ORIENTED_EDGE('',*,*,#5281,.T.);
#2451=ORIENTED_EDGE('',*,*,#5282,.T.);
#2452=ORIENTED_EDGE('',*,*,#5283,.F.);
#2453=ORIENTED_EDGE('',*,*,#4883,.F.);
#2454=ORIENTED_EDGE('',*,*,#5280,.T.);
#2455=ORIENTED_EDGE('',*,*,#5284,.T.);
#2456=ORIENTED_EDGE('',*,*,#5285,.F.);
#2457=ORIENTED_EDGE('',*,*,#4884,.F.);
#2458=ORIENTED_EDGE('',*,*,#5283,.T.);
#2459=ORIENTED_EDGE('',*,*,#5286,.F.);
#2460=ORIENTED_EDGE('',*,*,#5281,.F.);
#2461=ORIENTED_EDGE('',*,*,#4885,.T.);
#2462=ORIENTED_EDGE('',*,*,#5285,.T.);
#2463=ORIENTED_EDGE('',*,*,#5287,.T.);
#2464=ORIENTED_EDGE('',*,*,#5288,.T.);
#2465=ORIENTED_EDGE('',*,*,#5289,.T.);
#2466=ORIENTED_EDGE('',*,*,#5290,.T.);
#2467=ORIENTED_EDGE('',*,*,#5279,.T.);
#2468=ORIENTED_EDGE('',*,*,#5286,.T.);
#2469=ORIENTED_EDGE('',*,*,#5284,.F.);
#2470=ORIENTED_EDGE('',*,*,#5282,.F.);
#2471=ORIENTED_EDGE('',*,*,#4881,.T.);
#2472=ORIENTED_EDGE('',*,*,#5290,.F.);
#2473=ORIENTED_EDGE('',*,*,#4880,.T.);
#2474=ORIENTED_EDGE('',*,*,#5289,.F.);
#2475=ORIENTED_EDGE('',*,*,#4879,.T.);
#2476=ORIENTED_EDGE('',*,*,#5288,.F.);
#2477=ORIENTED_EDGE('',*,*,#4878,.T.);
#2478=ORIENTED_EDGE('',*,*,#5287,.F.);
#2479=ORIENTED_EDGE('',*,*,#4887,.F.);
#2480=ORIENTED_EDGE('',*,*,#5291,.F.);
#2481=ORIENTED_EDGE('',*,*,#5292,.T.);
#2482=ORIENTED_EDGE('',*,*,#5293,.T.);
#2483=ORIENTED_EDGE('',*,*,#4886,.F.);
#2484=ORIENTED_EDGE('',*,*,#5294,.F.);
#2485=ORIENTED_EDGE('',*,*,#5295,.T.);
#2486=ORIENTED_EDGE('',*,*,#5291,.T.);
#2487=ORIENTED_EDGE('',*,*,#4924,.F.);
#2488=ORIENTED_EDGE('',*,*,#5296,.F.);
#2489=ORIENTED_EDGE('',*,*,#5297,.T.);
#2490=ORIENTED_EDGE('',*,*,#5294,.T.);
#2491=ORIENTED_EDGE('',*,*,#4923,.F.);
#2492=ORIENTED_EDGE('',*,*,#5298,.F.);
#2493=ORIENTED_EDGE('',*,*,#5299,.T.);
#2494=ORIENTED_EDGE('',*,*,#5296,.T.);
#2495=ORIENTED_EDGE('',*,*,#4922,.F.);
#2496=ORIENTED_EDGE('',*,*,#5300,.F.);
#2497=ORIENTED_EDGE('',*,*,#5301,.T.);
#2498=ORIENTED_EDGE('',*,*,#5298,.T.);
#2499=ORIENTED_EDGE('',*,*,#4921,.F.);
#2500=ORIENTED_EDGE('',*,*,#5302,.F.);
#2501=ORIENTED_EDGE('',*,*,#5303,.T.);
#2502=ORIENTED_EDGE('',*,*,#5300,.T.);
#2503=ORIENTED_EDGE('',*,*,#4920,.F.);
#2504=ORIENTED_EDGE('',*,*,#5304,.F.);
#2505=ORIENTED_EDGE('',*,*,#5305,.T.);
#2506=ORIENTED_EDGE('',*,*,#5302,.T.);
#2507=ORIENTED_EDGE('',*,*,#4919,.F.);
#2508=ORIENTED_EDGE('',*,*,#5306,.F.);
#2509=ORIENTED_EDGE('',*,*,#5307,.T.);
#2510=ORIENTED_EDGE('',*,*,#5304,.T.);
#2511=ORIENTED_EDGE('',*,*,#4918,.F.);
#2512=ORIENTED_EDGE('',*,*,#5308,.F.);
#2513=ORIENTED_EDGE('',*,*,#5309,.T.);
#2514=ORIENTED_EDGE('',*,*,#5306,.T.);
#2515=ORIENTED_EDGE('',*,*,#4917,.F.);
#2516=ORIENTED_EDGE('',*,*,#5310,.F.);
#2517=ORIENTED_EDGE('',*,*,#5311,.T.);
#2518=ORIENTED_EDGE('',*,*,#5308,.T.);
#2519=ORIENTED_EDGE('',*,*,#4916,.F.);
#2520=ORIENTED_EDGE('',*,*,#5312,.F.);
#2521=ORIENTED_EDGE('',*,*,#5313,.T.);
#2522=ORIENTED_EDGE('',*,*,#5310,.T.);
#2523=ORIENTED_EDGE('',*,*,#4915,.F.);
#2524=ORIENTED_EDGE('',*,*,#5314,.F.);
#2525=ORIENTED_EDGE('',*,*,#5315,.T.);
#2526=ORIENTED_EDGE('',*,*,#5312,.T.);
#2527=ORIENTED_EDGE('',*,*,#4914,.F.);
#2528=ORIENTED_EDGE('',*,*,#5316,.F.);
#2529=ORIENTED_EDGE('',*,*,#5317,.T.);
#2530=ORIENTED_EDGE('',*,*,#5314,.T.);
#2531=ORIENTED_EDGE('',*,*,#4913,.F.);
#2532=ORIENTED_EDGE('',*,*,#5318,.F.);
#2533=ORIENTED_EDGE('',*,*,#5319,.T.);
#2534=ORIENTED_EDGE('',*,*,#5316,.T.);
#2535=ORIENTED_EDGE('',*,*,#4912,.F.);
#2536=ORIENTED_EDGE('',*,*,#5320,.F.);
#2537=ORIENTED_EDGE('',*,*,#5321,.T.);
#2538=ORIENTED_EDGE('',*,*,#5318,.T.);
#2539=ORIENTED_EDGE('',*,*,#4911,.F.);
#2540=ORIENTED_EDGE('',*,*,#5322,.F.);
#2541=ORIENTED_EDGE('',*,*,#5323,.T.);
#2542=ORIENTED_EDGE('',*,*,#5320,.T.);
#2543=ORIENTED_EDGE('',*,*,#4910,.F.);
#2544=ORIENTED_EDGE('',*,*,#5324,.F.);
#2545=ORIENTED_EDGE('',*,*,#5325,.T.);
#2546=ORIENTED_EDGE('',*,*,#5322,.T.);
#2547=ORIENTED_EDGE('',*,*,#4909,.F.);
#2548=ORIENTED_EDGE('',*,*,#5326,.F.);
#2549=ORIENTED_EDGE('',*,*,#5327,.T.);
#2550=ORIENTED_EDGE('',*,*,#5324,.T.);
#2551=ORIENTED_EDGE('',*,*,#4908,.F.);
#2552=ORIENTED_EDGE('',*,*,#5328,.F.);
#2553=ORIENTED_EDGE('',*,*,#5329,.T.);
#2554=ORIENTED_EDGE('',*,*,#5326,.T.);
#2555=ORIENTED_EDGE('',*,*,#4907,.F.);
#2556=ORIENTED_EDGE('',*,*,#5330,.F.);
#2557=ORIENTED_EDGE('',*,*,#5331,.T.);
#2558=ORIENTED_EDGE('',*,*,#5328,.T.);
#2559=ORIENTED_EDGE('',*,*,#4906,.F.);
#2560=ORIENTED_EDGE('',*,*,#5332,.F.);
#2561=ORIENTED_EDGE('',*,*,#5333,.T.);
#2562=ORIENTED_EDGE('',*,*,#5330,.T.);
#2563=ORIENTED_EDGE('',*,*,#4905,.F.);
#2564=ORIENTED_EDGE('',*,*,#5334,.F.);
#2565=ORIENTED_EDGE('',*,*,#5335,.T.);
#2566=ORIENTED_EDGE('',*,*,#5332,.T.);
#2567=ORIENTED_EDGE('',*,*,#4904,.F.);
#2568=ORIENTED_EDGE('',*,*,#5336,.F.);
#2569=ORIENTED_EDGE('',*,*,#5337,.T.);
#2570=ORIENTED_EDGE('',*,*,#5334,.T.);
#2571=ORIENTED_EDGE('',*,*,#4903,.F.);
#2572=ORIENTED_EDGE('',*,*,#5338,.F.);
#2573=ORIENTED_EDGE('',*,*,#5339,.T.);
#2574=ORIENTED_EDGE('',*,*,#5336,.T.);
#2575=ORIENTED_EDGE('',*,*,#4902,.F.);
#2576=ORIENTED_EDGE('',*,*,#5340,.F.);
#2577=ORIENTED_EDGE('',*,*,#5341,.T.);
#2578=ORIENTED_EDGE('',*,*,#5338,.T.);
#2579=ORIENTED_EDGE('',*,*,#4901,.F.);
#2580=ORIENTED_EDGE('',*,*,#5342,.F.);
#2581=ORIENTED_EDGE('',*,*,#5343,.T.);
#2582=ORIENTED_EDGE('',*,*,#5340,.T.);
#2583=ORIENTED_EDGE('',*,*,#4900,.F.);
#2584=ORIENTED_EDGE('',*,*,#5344,.F.);
#2585=ORIENTED_EDGE('',*,*,#5345,.T.);
#2586=ORIENTED_EDGE('',*,*,#5342,.T.);
#2587=ORIENTED_EDGE('',*,*,#4899,.F.);
#2588=ORIENTED_EDGE('',*,*,#5346,.F.);
#2589=ORIENTED_EDGE('',*,*,#5347,.T.);
#2590=ORIENTED_EDGE('',*,*,#5344,.T.);
#2591=ORIENTED_EDGE('',*,*,#4898,.F.);
#2592=ORIENTED_EDGE('',*,*,#5348,.F.);
#2593=ORIENTED_EDGE('',*,*,#5349,.T.);
#2594=ORIENTED_EDGE('',*,*,#5346,.T.);
#2595=ORIENTED_EDGE('',*,*,#4897,.F.);
#2596=ORIENTED_EDGE('',*,*,#5350,.F.);
#2597=ORIENTED_EDGE('',*,*,#5351,.T.);
#2598=ORIENTED_EDGE('',*,*,#5348,.T.);
#2599=ORIENTED_EDGE('',*,*,#4896,.F.);
#2600=ORIENTED_EDGE('',*,*,#5352,.F.);
#2601=ORIENTED_EDGE('',*,*,#5353,.T.);
#2602=ORIENTED_EDGE('',*,*,#5350,.T.);
#2603=ORIENTED_EDGE('',*,*,#4895,.F.);
#2604=ORIENTED_EDGE('',*,*,#5354,.F.);
#2605=ORIENTED_EDGE('',*,*,#5355,.T.);
#2606=ORIENTED_EDGE('',*,*,#5352,.T.);
#2607=ORIENTED_EDGE('',*,*,#4894,.F.);
#2608=ORIENTED_EDGE('',*,*,#5356,.F.);
#2609=ORIENTED_EDGE('',*,*,#5357,.T.);
#2610=ORIENTED_EDGE('',*,*,#5354,.T.);
#2611=ORIENTED_EDGE('',*,*,#4893,.F.);
#2612=ORIENTED_EDGE('',*,*,#5358,.F.);
#2613=ORIENTED_EDGE('',*,*,#5359,.T.);
#2614=ORIENTED_EDGE('',*,*,#5356,.T.);
#2615=ORIENTED_EDGE('',*,*,#4892,.F.);
#2616=ORIENTED_EDGE('',*,*,#5360,.F.);
#2617=ORIENTED_EDGE('',*,*,#5361,.T.);
#2618=ORIENTED_EDGE('',*,*,#5358,.T.);
#2619=ORIENTED_EDGE('',*,*,#4891,.F.);
#2620=ORIENTED_EDGE('',*,*,#5362,.F.);
#2621=ORIENTED_EDGE('',*,*,#5363,.T.);
#2622=ORIENTED_EDGE('',*,*,#5360,.T.);
#2623=ORIENTED_EDGE('',*,*,#4890,.F.);
#2624=ORIENTED_EDGE('',*,*,#5364,.F.);
#2625=ORIENTED_EDGE('',*,*,#5365,.T.);
#2626=ORIENTED_EDGE('',*,*,#5362,.T.);
#2627=ORIENTED_EDGE('',*,*,#4889,.F.);
#2628=ORIENTED_EDGE('',*,*,#5366,.F.);
#2629=ORIENTED_EDGE('',*,*,#5367,.T.);
#2630=ORIENTED_EDGE('',*,*,#5364,.T.);
#2631=ORIENTED_EDGE('',*,*,#4888,.F.);
#2632=ORIENTED_EDGE('',*,*,#5293,.F.);
#2633=ORIENTED_EDGE('',*,*,#5368,.T.);
#2634=ORIENTED_EDGE('',*,*,#5366,.T.);
#2635=ORIENTED_EDGE('',*,*,#5292,.F.);
#2636=ORIENTED_EDGE('',*,*,#5295,.F.);
#2637=ORIENTED_EDGE('',*,*,#5297,.F.);
#2638=ORIENTED_EDGE('',*,*,#5299,.F.);
#2639=ORIENTED_EDGE('',*,*,#5301,.F.);
#2640=ORIENTED_EDGE('',*,*,#5303,.F.);
#2641=ORIENTED_EDGE('',*,*,#5305,.F.);
#2642=ORIENTED_EDGE('',*,*,#5307,.F.);
#2643=ORIENTED_EDGE('',*,*,#5309,.F.);
#2644=ORIENTED_EDGE('',*,*,#5311,.F.);
#2645=ORIENTED_EDGE('',*,*,#5313,.F.);
#2646=ORIENTED_EDGE('',*,*,#5315,.F.);
#2647=ORIENTED_EDGE('',*,*,#5317,.F.);
#2648=ORIENTED_EDGE('',*,*,#5319,.F.);
#2649=ORIENTED_EDGE('',*,*,#5321,.F.);
#2650=ORIENTED_EDGE('',*,*,#5323,.F.);
#2651=ORIENTED_EDGE('',*,*,#5325,.F.);
#2652=ORIENTED_EDGE('',*,*,#5327,.F.);
#2653=ORIENTED_EDGE('',*,*,#5329,.F.);
#2654=ORIENTED_EDGE('',*,*,#5331,.F.);
#2655=ORIENTED_EDGE('',*,*,#5333,.F.);
#2656=ORIENTED_EDGE('',*,*,#5335,.F.);
#2657=ORIENTED_EDGE('',*,*,#5337,.F.);
#2658=ORIENTED_EDGE('',*,*,#5339,.F.);
#2659=ORIENTED_EDGE('',*,*,#5341,.F.);
#2660=ORIENTED_EDGE('',*,*,#5343,.F.);
#2661=ORIENTED_EDGE('',*,*,#5345,.F.);
#2662=ORIENTED_EDGE('',*,*,#5347,.F.);
#2663=ORIENTED_EDGE('',*,*,#5349,.F.);
#2664=ORIENTED_EDGE('',*,*,#5351,.F.);
#2665=ORIENTED_EDGE('',*,*,#5353,.F.);
#2666=ORIENTED_EDGE('',*,*,#5355,.F.);
#2667=ORIENTED_EDGE('',*,*,#5357,.F.);
#2668=ORIENTED_EDGE('',*,*,#5359,.F.);
#2669=ORIENTED_EDGE('',*,*,#5361,.F.);
#2670=ORIENTED_EDGE('',*,*,#5363,.F.);
#2671=ORIENTED_EDGE('',*,*,#5365,.F.);
#2672=ORIENTED_EDGE('',*,*,#5367,.F.);
#2673=ORIENTED_EDGE('',*,*,#5368,.F.);
#2674=ORIENTED_EDGE('',*,*,#4926,.F.);
#2675=ORIENTED_EDGE('',*,*,#5369,.F.);
#2676=ORIENTED_EDGE('',*,*,#5370,.T.);
#2677=ORIENTED_EDGE('',*,*,#5371,.T.);
#2678=ORIENTED_EDGE('',*,*,#4925,.F.);
#2679=ORIENTED_EDGE('',*,*,#5372,.F.);
#2680=ORIENTED_EDGE('',*,*,#5373,.T.);
#2681=ORIENTED_EDGE('',*,*,#5369,.T.);
#2682=ORIENTED_EDGE('',*,*,#4942,.F.);
#2683=ORIENTED_EDGE('',*,*,#5374,.F.);
#2684=ORIENTED_EDGE('',*,*,#5375,.T.);
#2685=ORIENTED_EDGE('',*,*,#5372,.T.);
#2686=ORIENTED_EDGE('',*,*,#4941,.F.);
#2687=ORIENTED_EDGE('',*,*,#5376,.F.);
#2688=ORIENTED_EDGE('',*,*,#5377,.T.);
#2689=ORIENTED_EDGE('',*,*,#5374,.T.);
#2690=ORIENTED_EDGE('',*,*,#4940,.F.);
#2691=ORIENTED_EDGE('',*,*,#5378,.F.);
#2692=ORIENTED_EDGE('',*,*,#5379,.T.);
#2693=ORIENTED_EDGE('',*,*,#5376,.T.);
#2694=ORIENTED_EDGE('',*,*,#4939,.F.);
#2695=ORIENTED_EDGE('',*,*,#5380,.F.);
#2696=ORIENTED_EDGE('',*,*,#5381,.T.);
#2697=ORIENTED_EDGE('',*,*,#5378,.T.);
#2698=ORIENTED_EDGE('',*,*,#4938,.F.);
#2699=ORIENTED_EDGE('',*,*,#5382,.F.);
#2700=ORIENTED_EDGE('',*,*,#5383,.T.);
#2701=ORIENTED_EDGE('',*,*,#5380,.T.);
#2702=ORIENTED_EDGE('',*,*,#4937,.F.);
#2703=ORIENTED_EDGE('',*,*,#5384,.F.);
#2704=ORIENTED_EDGE('',*,*,#5385,.T.);
#2705=ORIENTED_EDGE('',*,*,#5382,.T.);
#2706=ORIENTED_EDGE('',*,*,#4936,.F.);
#2707=ORIENTED_EDGE('',*,*,#5386,.F.);
#2708=ORIENTED_EDGE('',*,*,#5387,.T.);
#2709=ORIENTED_EDGE('',*,*,#5384,.T.);
#2710=ORIENTED_EDGE('',*,*,#4935,.F.);
#2711=ORIENTED_EDGE('',*,*,#5388,.F.);
#2712=ORIENTED_EDGE('',*,*,#5389,.T.);
#2713=ORIENTED_EDGE('',*,*,#5386,.T.);
#2714=ORIENTED_EDGE('',*,*,#4934,.F.);
#2715=ORIENTED_EDGE('',*,*,#5390,.F.);
#2716=ORIENTED_EDGE('',*,*,#5391,.T.);
#2717=ORIENTED_EDGE('',*,*,#5388,.T.);
#2718=ORIENTED_EDGE('',*,*,#4933,.F.);
#2719=ORIENTED_EDGE('',*,*,#5392,.F.);
#2720=ORIENTED_EDGE('',*,*,#5393,.T.);
#2721=ORIENTED_EDGE('',*,*,#5390,.T.);
#2722=ORIENTED_EDGE('',*,*,#4932,.F.);
#2723=ORIENTED_EDGE('',*,*,#5394,.F.);
#2724=ORIENTED_EDGE('',*,*,#5395,.T.);
#2725=ORIENTED_EDGE('',*,*,#5392,.T.);
#2726=ORIENTED_EDGE('',*,*,#4931,.F.);
#2727=ORIENTED_EDGE('',*,*,#5396,.F.);
#2728=ORIENTED_EDGE('',*,*,#5397,.T.);
#2729=ORIENTED_EDGE('',*,*,#5394,.T.);
#2730=ORIENTED_EDGE('',*,*,#4930,.F.);
#2731=ORIENTED_EDGE('',*,*,#5398,.F.);
#2732=ORIENTED_EDGE('',*,*,#5399,.T.);
#2733=ORIENTED_EDGE('',*,*,#5396,.T.);
#2734=ORIENTED_EDGE('',*,*,#4929,.F.);
#2735=ORIENTED_EDGE('',*,*,#5400,.F.);
#2736=ORIENTED_EDGE('',*,*,#5401,.T.);
#2737=ORIENTED_EDGE('',*,*,#5398,.T.);
#2738=ORIENTED_EDGE('',*,*,#4928,.F.);
#2739=ORIENTED_EDGE('',*,*,#5402,.F.);
#2740=ORIENTED_EDGE('',*,*,#5403,.T.);
#2741=ORIENTED_EDGE('',*,*,#5400,.T.);
#2742=ORIENTED_EDGE('',*,*,#4927,.F.);
#2743=ORIENTED_EDGE('',*,*,#5371,.F.);
#2744=ORIENTED_EDGE('',*,*,#5404,.T.);
#2745=ORIENTED_EDGE('',*,*,#5402,.T.);
#2746=ORIENTED_EDGE('',*,*,#5370,.F.);
#2747=ORIENTED_EDGE('',*,*,#5373,.F.);
#2748=ORIENTED_EDGE('',*,*,#5375,.F.);
#2749=ORIENTED_EDGE('',*,*,#5377,.F.);
#2750=ORIENTED_EDGE('',*,*,#5379,.F.);
#2751=ORIENTED_EDGE('',*,*,#5381,.F.);
#2752=ORIENTED_EDGE('',*,*,#5383,.F.);
#2753=ORIENTED_EDGE('',*,*,#5385,.F.);
#2754=ORIENTED_EDGE('',*,*,#5387,.F.);
#2755=ORIENTED_EDGE('',*,*,#5389,.F.);
#2756=ORIENTED_EDGE('',*,*,#5391,.F.);
#2757=ORIENTED_EDGE('',*,*,#5393,.F.);
#2758=ORIENTED_EDGE('',*,*,#5395,.F.);
#2759=ORIENTED_EDGE('',*,*,#5397,.F.);
#2760=ORIENTED_EDGE('',*,*,#5399,.F.);
#2761=ORIENTED_EDGE('',*,*,#5401,.F.);
#2762=ORIENTED_EDGE('',*,*,#5403,.F.);
#2763=ORIENTED_EDGE('',*,*,#5404,.F.);
#2764=ORIENTED_EDGE('',*,*,#4944,.F.);
#2765=ORIENTED_EDGE('',*,*,#5405,.F.);
#2766=ORIENTED_EDGE('',*,*,#5406,.T.);
#2767=ORIENTED_EDGE('',*,*,#5407,.T.);
#2768=ORIENTED_EDGE('',*,*,#4943,.F.);
#2769=ORIENTED_EDGE('',*,*,#5408,.F.);
#2770=ORIENTED_EDGE('',*,*,#5409,.T.);
#2771=ORIENTED_EDGE('',*,*,#5405,.T.);
#2772=ORIENTED_EDGE('',*,*,#4962,.F.);
#2773=ORIENTED_EDGE('',*,*,#5410,.F.);
#2774=ORIENTED_EDGE('',*,*,#5411,.T.);
#2775=ORIENTED_EDGE('',*,*,#5408,.T.);
#2776=ORIENTED_EDGE('',*,*,#4961,.F.);
#2777=ORIENTED_EDGE('',*,*,#5412,.F.);
#2778=ORIENTED_EDGE('',*,*,#5413,.T.);
#2779=ORIENTED_EDGE('',*,*,#5410,.T.);
#2780=ORIENTED_EDGE('',*,*,#4960,.F.);
#2781=ORIENTED_EDGE('',*,*,#5414,.F.);
#2782=ORIENTED_EDGE('',*,*,#5415,.T.);
#2783=ORIENTED_EDGE('',*,*,#5412,.T.);
#2784=ORIENTED_EDGE('',*,*,#4959,.F.);
#2785=ORIENTED_EDGE('',*,*,#5416,.F.);
#2786=ORIENTED_EDGE('',*,*,#5417,.T.);
#2787=ORIENTED_EDGE('',*,*,#5414,.T.);
#2788=ORIENTED_EDGE('',*,*,#4958,.F.);
#2789=ORIENTED_EDGE('',*,*,#5418,.F.);
#2790=ORIENTED_EDGE('',*,*,#5419,.T.);
#2791=ORIENTED_EDGE('',*,*,#5416,.T.);
#2792=ORIENTED_EDGE('',*,*,#4957,.F.);
#2793=ORIENTED_EDGE('',*,*,#5420,.F.);
#2794=ORIENTED_EDGE('',*,*,#5421,.T.);
#2795=ORIENTED_EDGE('',*,*,#5418,.T.);
#2796=ORIENTED_EDGE('',*,*,#4956,.F.);
#2797=ORIENTED_EDGE('',*,*,#5422,.F.);
#2798=ORIENTED_EDGE('',*,*,#5423,.T.);
#2799=ORIENTED_EDGE('',*,*,#5420,.T.);
#2800=ORIENTED_EDGE('',*,*,#4955,.F.);
#2801=ORIENTED_EDGE('',*,*,#5424,.F.);
#2802=ORIENTED_EDGE('',*,*,#5425,.T.);
#2803=ORIENTED_EDGE('',*,*,#5422,.T.);
#2804=ORIENTED_EDGE('',*,*,#4954,.F.);
#2805=ORIENTED_EDGE('',*,*,#5426,.F.);
#2806=ORIENTED_EDGE('',*,*,#5427,.T.);
#2807=ORIENTED_EDGE('',*,*,#5424,.T.);
#2808=ORIENTED_EDGE('',*,*,#4953,.F.);
#2809=ORIENTED_EDGE('',*,*,#5428,.F.);
#2810=ORIENTED_EDGE('',*,*,#5429,.T.);
#2811=ORIENTED_EDGE('',*,*,#5426,.T.);
#2812=ORIENTED_EDGE('',*,*,#4952,.F.);
#2813=ORIENTED_EDGE('',*,*,#5430,.F.);
#2814=ORIENTED_EDGE('',*,*,#5431,.T.);
#2815=ORIENTED_EDGE('',*,*,#5428,.T.);
#2816=ORIENTED_EDGE('',*,*,#4951,.F.);
#2817=ORIENTED_EDGE('',*,*,#5432,.F.);
#2818=ORIENTED_EDGE('',*,*,#5433,.T.);
#2819=ORIENTED_EDGE('',*,*,#5430,.T.);
#2820=ORIENTED_EDGE('',*,*,#4950,.F.);
#2821=ORIENTED_EDGE('',*,*,#5434,.F.);
#2822=ORIENTED_EDGE('',*,*,#5435,.T.);
#2823=ORIENTED_EDGE('',*,*,#5432,.T.);
#2824=ORIENTED_EDGE('',*,*,#4949,.F.);
#2825=ORIENTED_EDGE('',*,*,#5436,.F.);
#2826=ORIENTED_EDGE('',*,*,#5437,.T.);
#2827=ORIENTED_EDGE('',*,*,#5434,.T.);
#2828=ORIENTED_EDGE('',*,*,#4948,.F.);
#2829=ORIENTED_EDGE('',*,*,#5438,.F.);
#2830=ORIENTED_EDGE('',*,*,#5439,.T.);
#2831=ORIENTED_EDGE('',*,*,#5436,.T.);
#2832=ORIENTED_EDGE('',*,*,#4947,.F.);
#2833=ORIENTED_EDGE('',*,*,#5440,.F.);
#2834=ORIENTED_EDGE('',*,*,#5441,.T.);
#2835=ORIENTED_EDGE('',*,*,#5438,.T.);
#2836=ORIENTED_EDGE('',*,*,#4946,.F.);
#2837=ORIENTED_EDGE('',*,*,#5442,.F.);
#2838=ORIENTED_EDGE('',*,*,#5443,.T.);
#2839=ORIENTED_EDGE('',*,*,#5440,.T.);
#2840=ORIENTED_EDGE('',*,*,#4945,.F.);
#2841=ORIENTED_EDGE('',*,*,#5407,.F.);
#2842=ORIENTED_EDGE('',*,*,#5444,.T.);
#2843=ORIENTED_EDGE('',*,*,#5442,.T.);
#2844=ORIENTED_EDGE('',*,*,#5406,.F.);
#2845=ORIENTED_EDGE('',*,*,#5409,.F.);
#2846=ORIENTED_EDGE('',*,*,#5411,.F.);
#2847=ORIENTED_EDGE('',*,*,#5413,.F.);
#2848=ORIENTED_EDGE('',*,*,#5415,.F.);
#2849=ORIENTED_EDGE('',*,*,#5417,.F.);
#2850=ORIENTED_EDGE('',*,*,#5419,.F.);
#2851=ORIENTED_EDGE('',*,*,#5421,.F.);
#2852=ORIENTED_EDGE('',*,*,#5423,.F.);
#2853=ORIENTED_EDGE('',*,*,#5425,.F.);
#2854=ORIENTED_EDGE('',*,*,#5427,.F.);
#2855=ORIENTED_EDGE('',*,*,#5429,.F.);
#2856=ORIENTED_EDGE('',*,*,#5431,.F.);
#2857=ORIENTED_EDGE('',*,*,#5433,.F.);
#2858=ORIENTED_EDGE('',*,*,#5435,.F.);
#2859=ORIENTED_EDGE('',*,*,#5437,.F.);
#2860=ORIENTED_EDGE('',*,*,#5439,.F.);
#2861=ORIENTED_EDGE('',*,*,#5441,.F.);
#2862=ORIENTED_EDGE('',*,*,#5443,.F.);
#2863=ORIENTED_EDGE('',*,*,#5444,.F.);
#2864=ORIENTED_EDGE('',*,*,#4964,.F.);
#2865=ORIENTED_EDGE('',*,*,#5445,.F.);
#2866=ORIENTED_EDGE('',*,*,#5446,.T.);
#2867=ORIENTED_EDGE('',*,*,#5447,.T.);
#2868=ORIENTED_EDGE('',*,*,#4963,.F.);
#2869=ORIENTED_EDGE('',*,*,#5448,.F.);
#2870=ORIENTED_EDGE('',*,*,#5449,.T.);
#2871=ORIENTED_EDGE('',*,*,#5445,.T.);
#2872=ORIENTED_EDGE('',*,*,#4967,.F.);
#2873=ORIENTED_EDGE('',*,*,#5450,.F.);
#2874=ORIENTED_EDGE('',*,*,#5451,.T.);
#2875=ORIENTED_EDGE('',*,*,#5448,.T.);
#2876=ORIENTED_EDGE('',*,*,#4966,.F.);
#2877=ORIENTED_EDGE('',*,*,#5452,.F.);
#2878=ORIENTED_EDGE('',*,*,#5453,.T.);
#2879=ORIENTED_EDGE('',*,*,#5450,.T.);
#2880=ORIENTED_EDGE('',*,*,#4965,.F.);
#2881=ORIENTED_EDGE('',*,*,#5447,.F.);
#2882=ORIENTED_EDGE('',*,*,#5454,.T.);
#2883=ORIENTED_EDGE('',*,*,#5452,.T.);
#2884=ORIENTED_EDGE('',*,*,#5446,.F.);
#2885=ORIENTED_EDGE('',*,*,#5449,.F.);
#2886=ORIENTED_EDGE('',*,*,#5451,.F.);
#2887=ORIENTED_EDGE('',*,*,#5453,.F.);
#2888=ORIENTED_EDGE('',*,*,#5454,.F.);
#2889=ORIENTED_EDGE('',*,*,#4969,.F.);
#2890=ORIENTED_EDGE('',*,*,#5455,.F.);
#2891=ORIENTED_EDGE('',*,*,#5456,.T.);
#2892=ORIENTED_EDGE('',*,*,#5457,.T.);
#2893=ORIENTED_EDGE('',*,*,#4968,.F.);
#2894=ORIENTED_EDGE('',*,*,#5458,.F.);
#2895=ORIENTED_EDGE('',*,*,#5459,.T.);
#2896=ORIENTED_EDGE('',*,*,#5455,.T.);
#2897=ORIENTED_EDGE('',*,*,#4972,.F.);
#2898=ORIENTED_EDGE('',*,*,#5460,.F.);
#2899=ORIENTED_EDGE('',*,*,#5461,.T.);
#2900=ORIENTED_EDGE('',*,*,#5458,.T.);
#2901=ORIENTED_EDGE('',*,*,#4971,.F.);
#2902=ORIENTED_EDGE('',*,*,#5462,.F.);
#2903=ORIENTED_EDGE('',*,*,#5463,.T.);
#2904=ORIENTED_EDGE('',*,*,#5460,.T.);
#2905=ORIENTED_EDGE('',*,*,#4970,.F.);
#2906=ORIENTED_EDGE('',*,*,#5457,.F.);
#2907=ORIENTED_EDGE('',*,*,#5464,.T.);
#2908=ORIENTED_EDGE('',*,*,#5462,.T.);
#2909=ORIENTED_EDGE('',*,*,#5456,.F.);
#2910=ORIENTED_EDGE('',*,*,#5459,.F.);
#2911=ORIENTED_EDGE('',*,*,#5461,.F.);
#2912=ORIENTED_EDGE('',*,*,#5463,.F.);
#2913=ORIENTED_EDGE('',*,*,#5464,.F.);
#2914=ORIENTED_EDGE('',*,*,#4974,.F.);
#2915=ORIENTED_EDGE('',*,*,#5465,.F.);
#2916=ORIENTED_EDGE('',*,*,#5466,.T.);
#2917=ORIENTED_EDGE('',*,*,#5467,.T.);
#2918=ORIENTED_EDGE('',*,*,#4973,.F.);
#2919=ORIENTED_EDGE('',*,*,#5468,.F.);
#2920=ORIENTED_EDGE('',*,*,#5469,.T.);
#2921=ORIENTED_EDGE('',*,*,#5465,.T.);
#2922=ORIENTED_EDGE('',*,*,#4998,.F.);
#2923=ORIENTED_EDGE('',*,*,#5470,.F.);
#2924=ORIENTED_EDGE('',*,*,#5471,.T.);
#2925=ORIENTED_EDGE('',*,*,#5468,.T.);
#2926=ORIENTED_EDGE('',*,*,#4997,.F.);
#2927=ORIENTED_EDGE('',*,*,#5472,.F.);
#2928=ORIENTED_EDGE('',*,*,#5473,.T.);
#2929=ORIENTED_EDGE('',*,*,#5470,.T.);
#2930=ORIENTED_EDGE('',*,*,#4996,.F.);
#2931=ORIENTED_EDGE('',*,*,#5474,.F.);
#2932=ORIENTED_EDGE('',*,*,#5475,.T.);
#2933=ORIENTED_EDGE('',*,*,#5472,.T.);
#2934=ORIENTED_EDGE('',*,*,#4995,.F.);
#2935=ORIENTED_EDGE('',*,*,#5476,.F.);
#2936=ORIENTED_EDGE('',*,*,#5477,.T.);
#2937=ORIENTED_EDGE('',*,*,#5474,.T.);
#2938=ORIENTED_EDGE('',*,*,#4994,.F.);
#2939=ORIENTED_EDGE('',*,*,#5478,.F.);
#2940=ORIENTED_EDGE('',*,*,#5479,.T.);
#2941=ORIENTED_EDGE('',*,*,#5476,.T.);
#2942=ORIENTED_EDGE('',*,*,#4993,.F.);
#2943=ORIENTED_EDGE('',*,*,#5480,.F.);
#2944=ORIENTED_EDGE('',*,*,#5481,.T.);
#2945=ORIENTED_EDGE('',*,*,#5478,.T.);
#2946=ORIENTED_EDGE('',*,*,#4992,.F.);
#2947=ORIENTED_EDGE('',*,*,#5482,.F.);
#2948=ORIENTED_EDGE('',*,*,#5483,.T.);
#2949=ORIENTED_EDGE('',*,*,#5480,.T.);
#2950=ORIENTED_EDGE('',*,*,#4991,.F.);
#2951=ORIENTED_EDGE('',*,*,#5484,.F.);
#2952=ORIENTED_EDGE('',*,*,#5485,.T.);
#2953=ORIENTED_EDGE('',*,*,#5482,.T.);
#2954=ORIENTED_EDGE('',*,*,#4990,.F.);
#2955=ORIENTED_EDGE('',*,*,#5486,.F.);
#2956=ORIENTED_EDGE('',*,*,#5487,.T.);
#2957=ORIENTED_EDGE('',*,*,#5484,.T.);
#2958=ORIENTED_EDGE('',*,*,#4989,.F.);
#2959=ORIENTED_EDGE('',*,*,#5488,.F.);
#2960=ORIENTED_EDGE('',*,*,#5489,.T.);
#2961=ORIENTED_EDGE('',*,*,#5486,.T.);
#2962=ORIENTED_EDGE('',*,*,#4988,.F.);
#2963=ORIENTED_EDGE('',*,*,#5490,.F.);
#2964=ORIENTED_EDGE('',*,*,#5491,.T.);
#2965=ORIENTED_EDGE('',*,*,#5488,.T.);
#2966=ORIENTED_EDGE('',*,*,#4987,.F.);
#2967=ORIENTED_EDGE('',*,*,#5492,.F.);
#2968=ORIENTED_EDGE('',*,*,#5493,.T.);
#2969=ORIENTED_EDGE('',*,*,#5490,.T.);
#2970=ORIENTED_EDGE('',*,*,#4986,.F.);
#2971=ORIENTED_EDGE('',*,*,#5494,.F.);
#2972=ORIENTED_EDGE('',*,*,#5495,.T.);
#2973=ORIENTED_EDGE('',*,*,#5492,.T.);
#2974=ORIENTED_EDGE('',*,*,#4985,.F.);
#2975=ORIENTED_EDGE('',*,*,#5496,.F.);
#2976=ORIENTED_EDGE('',*,*,#5497,.T.);
#2977=ORIENTED_EDGE('',*,*,#5494,.T.);
#2978=ORIENTED_EDGE('',*,*,#4984,.F.);
#2979=ORIENTED_EDGE('',*,*,#5498,.F.);
#2980=ORIENTED_EDGE('',*,*,#5499,.T.);
#2981=ORIENTED_EDGE('',*,*,#5496,.T.);
#2982=ORIENTED_EDGE('',*,*,#4983,.F.);
#2983=ORIENTED_EDGE('',*,*,#5500,.F.);
#2984=ORIENTED_EDGE('',*,*,#5501,.T.);
#2985=ORIENTED_EDGE('',*,*,#5498,.T.);
#2986=ORIENTED_EDGE('',*,*,#4982,.F.);
#2987=ORIENTED_EDGE('',*,*,#5502,.F.);
#2988=ORIENTED_EDGE('',*,*,#5503,.T.);
#2989=ORIENTED_EDGE('',*,*,#5500,.T.);
#2990=ORIENTED_EDGE('',*,*,#4981,.F.);
#2991=ORIENTED_EDGE('',*,*,#5504,.F.);
#2992=ORIENTED_EDGE('',*,*,#5505,.T.);
#2993=ORIENTED_EDGE('',*,*,#5502,.T.);
#2994=ORIENTED_EDGE('',*,*,#4980,.F.);
#2995=ORIENTED_EDGE('',*,*,#5506,.F.);
#2996=ORIENTED_EDGE('',*,*,#5507,.T.);
#2997=ORIENTED_EDGE('',*,*,#5504,.T.);
#2998=ORIENTED_EDGE('',*,*,#4979,.F.);
#2999=ORIENTED_EDGE('',*,*,#5508,.F.);
#3000=ORIENTED_EDGE('',*,*,#5509,.T.);
#3001=ORIENTED_EDGE('',*,*,#5506,.T.);
#3002=ORIENTED_EDGE('',*,*,#4978,.F.);
#3003=ORIENTED_EDGE('',*,*,#5510,.F.);
#3004=ORIENTED_EDGE('',*,*,#5511,.T.);
#3005=ORIENTED_EDGE('',*,*,#5508,.T.);
#3006=ORIENTED_EDGE('',*,*,#4977,.F.);
#3007=ORIENTED_EDGE('',*,*,#5512,.F.);
#3008=ORIENTED_EDGE('',*,*,#5513,.T.);
#3009=ORIENTED_EDGE('',*,*,#5510,.T.);
#3010=ORIENTED_EDGE('',*,*,#4976,.F.);
#3011=ORIENTED_EDGE('',*,*,#5514,.F.);
#3012=ORIENTED_EDGE('',*,*,#5515,.T.);
#3013=ORIENTED_EDGE('',*,*,#5512,.T.);
#3014=ORIENTED_EDGE('',*,*,#4975,.F.);
#3015=ORIENTED_EDGE('',*,*,#5467,.F.);
#3016=ORIENTED_EDGE('',*,*,#5516,.T.);
#3017=ORIENTED_EDGE('',*,*,#5514,.T.);
#3018=ORIENTED_EDGE('',*,*,#5466,.F.);
#3019=ORIENTED_EDGE('',*,*,#5469,.F.);
#3020=ORIENTED_EDGE('',*,*,#5471,.F.);
#3021=ORIENTED_EDGE('',*,*,#5473,.F.);
#3022=ORIENTED_EDGE('',*,*,#5475,.F.);
#3023=ORIENTED_EDGE('',*,*,#5477,.F.);
#3024=ORIENTED_EDGE('',*,*,#5479,.F.);
#3025=ORIENTED_EDGE('',*,*,#5481,.F.);
#3026=ORIENTED_EDGE('',*,*,#5483,.F.);
#3027=ORIENTED_EDGE('',*,*,#5485,.F.);
#3028=ORIENTED_EDGE('',*,*,#5487,.F.);
#3029=ORIENTED_EDGE('',*,*,#5489,.F.);
#3030=ORIENTED_EDGE('',*,*,#5491,.F.);
#3031=ORIENTED_EDGE('',*,*,#5493,.F.);
#3032=ORIENTED_EDGE('',*,*,#5495,.F.);
#3033=ORIENTED_EDGE('',*,*,#5497,.F.);
#3034=ORIENTED_EDGE('',*,*,#5499,.F.);
#3035=ORIENTED_EDGE('',*,*,#5501,.F.);
#3036=ORIENTED_EDGE('',*,*,#5503,.F.);
#3037=ORIENTED_EDGE('',*,*,#5505,.F.);
#3038=ORIENTED_EDGE('',*,*,#5507,.F.);
#3039=ORIENTED_EDGE('',*,*,#5509,.F.);
#3040=ORIENTED_EDGE('',*,*,#5511,.F.);
#3041=ORIENTED_EDGE('',*,*,#5513,.F.);
#3042=ORIENTED_EDGE('',*,*,#5515,.F.);
#3043=ORIENTED_EDGE('',*,*,#5516,.F.);
#3044=ORIENTED_EDGE('',*,*,#5000,.F.);
#3045=ORIENTED_EDGE('',*,*,#5517,.F.);
#3046=ORIENTED_EDGE('',*,*,#5518,.T.);
#3047=ORIENTED_EDGE('',*,*,#5519,.T.);
#3048=ORIENTED_EDGE('',*,*,#4999,.F.);
#3049=ORIENTED_EDGE('',*,*,#5520,.F.);
#3050=ORIENTED_EDGE('',*,*,#5521,.T.);
#3051=ORIENTED_EDGE('',*,*,#5517,.T.);
#3052=ORIENTED_EDGE('',*,*,#5033,.F.);
#3053=ORIENTED_EDGE('',*,*,#5522,.F.);
#3054=ORIENTED_EDGE('',*,*,#5523,.T.);
#3055=ORIENTED_EDGE('',*,*,#5520,.T.);
#3056=ORIENTED_EDGE('',*,*,#5032,.F.);
#3057=ORIENTED_EDGE('',*,*,#5524,.F.);
#3058=ORIENTED_EDGE('',*,*,#5525,.T.);
#3059=ORIENTED_EDGE('',*,*,#5522,.T.);
#3060=ORIENTED_EDGE('',*,*,#5031,.F.);
#3061=ORIENTED_EDGE('',*,*,#5526,.F.);
#3062=ORIENTED_EDGE('',*,*,#5527,.T.);
#3063=ORIENTED_EDGE('',*,*,#5524,.T.);
#3064=ORIENTED_EDGE('',*,*,#5030,.F.);
#3065=ORIENTED_EDGE('',*,*,#5528,.F.);
#3066=ORIENTED_EDGE('',*,*,#5529,.T.);
#3067=ORIENTED_EDGE('',*,*,#5526,.T.);
#3068=ORIENTED_EDGE('',*,*,#5029,.F.);
#3069=ORIENTED_EDGE('',*,*,#5530,.F.);
#3070=ORIENTED_EDGE('',*,*,#5531,.T.);
#3071=ORIENTED_EDGE('',*,*,#5528,.T.);
#3072=ORIENTED_EDGE('',*,*,#5028,.F.);
#3073=ORIENTED_EDGE('',*,*,#5532,.F.);
#3074=ORIENTED_EDGE('',*,*,#5533,.T.);
#3075=ORIENTED_EDGE('',*,*,#5530,.T.);
#3076=ORIENTED_EDGE('',*,*,#5027,.F.);
#3077=ORIENTED_EDGE('',*,*,#5534,.F.);
#3078=ORIENTED_EDGE('',*,*,#5535,.T.);
#3079=ORIENTED_EDGE('',*,*,#5532,.T.);
#3080=ORIENTED_EDGE('',*,*,#5026,.F.);
#3081=ORIENTED_EDGE('',*,*,#5536,.F.);
#3082=ORIENTED_EDGE('',*,*,#5537,.T.);
#3083=ORIENTED_EDGE('',*,*,#5534,.T.);
#3084=ORIENTED_EDGE('',*,*,#5025,.F.);
#3085=ORIENTED_EDGE('',*,*,#5538,.F.);
#3086=ORIENTED_EDGE('',*,*,#5539,.T.);
#3087=ORIENTED_EDGE('',*,*,#5536,.T.);
#3088=ORIENTED_EDGE('',*,*,#5024,.F.);
#3089=ORIENTED_EDGE('',*,*,#5540,.F.);
#3090=ORIENTED_EDGE('',*,*,#5541,.T.);
#3091=ORIENTED_EDGE('',*,*,#5538,.T.);
#3092=ORIENTED_EDGE('',*,*,#5023,.F.);
#3093=ORIENTED_EDGE('',*,*,#5542,.F.);
#3094=ORIENTED_EDGE('',*,*,#5543,.T.);
#3095=ORIENTED_EDGE('',*,*,#5540,.T.);
#3096=ORIENTED_EDGE('',*,*,#5022,.F.);
#3097=ORIENTED_EDGE('',*,*,#5544,.F.);
#3098=ORIENTED_EDGE('',*,*,#5545,.T.);
#3099=ORIENTED_EDGE('',*,*,#5542,.T.);
#3100=ORIENTED_EDGE('',*,*,#5021,.F.);
#3101=ORIENTED_EDGE('',*,*,#5546,.F.);
#3102=ORIENTED_EDGE('',*,*,#5547,.T.);
#3103=ORIENTED_EDGE('',*,*,#5544,.T.);
#3104=ORIENTED_EDGE('',*,*,#5020,.F.);
#3105=ORIENTED_EDGE('',*,*,#5548,.F.);
#3106=ORIENTED_EDGE('',*,*,#5549,.T.);
#3107=ORIENTED_EDGE('',*,*,#5546,.T.);
#3108=ORIENTED_EDGE('',*,*,#5019,.F.);
#3109=ORIENTED_EDGE('',*,*,#5550,.F.);
#3110=ORIENTED_EDGE('',*,*,#5551,.T.);
#3111=ORIENTED_EDGE('',*,*,#5548,.T.);
#3112=ORIENTED_EDGE('',*,*,#5018,.F.);
#3113=ORIENTED_EDGE('',*,*,#5552,.F.);
#3114=ORIENTED_EDGE('',*,*,#5553,.T.);
#3115=ORIENTED_EDGE('',*,*,#5550,.T.);
#3116=ORIENTED_EDGE('',*,*,#5017,.F.);
#3117=ORIENTED_EDGE('',*,*,#5554,.F.);
#3118=ORIENTED_EDGE('',*,*,#5555,.T.);
#3119=ORIENTED_EDGE('',*,*,#5552,.T.);
#3120=ORIENTED_EDGE('',*,*,#5016,.F.);
#3121=ORIENTED_EDGE('',*,*,#5556,.F.);
#3122=ORIENTED_EDGE('',*,*,#5557,.T.);
#3123=ORIENTED_EDGE('',*,*,#5554,.T.);
#3124=ORIENTED_EDGE('',*,*,#5015,.F.);
#3125=ORIENTED_EDGE('',*,*,#5558,.F.);
#3126=ORIENTED_EDGE('',*,*,#5559,.T.);
#3127=ORIENTED_EDGE('',*,*,#5556,.T.);
#3128=ORIENTED_EDGE('',*,*,#5014,.F.);
#3129=ORIENTED_EDGE('',*,*,#5560,.F.);
#3130=ORIENTED_EDGE('',*,*,#5561,.T.);
#3131=ORIENTED_EDGE('',*,*,#5558,.T.);
#3132=ORIENTED_EDGE('',*,*,#5013,.F.);
#3133=ORIENTED_EDGE('',*,*,#5562,.F.);
#3134=ORIENTED_EDGE('',*,*,#5563,.T.);
#3135=ORIENTED_EDGE('',*,*,#5560,.T.);
#3136=ORIENTED_EDGE('',*,*,#5012,.F.);
#3137=ORIENTED_EDGE('',*,*,#5564,.F.);
#3138=ORIENTED_EDGE('',*,*,#5565,.T.);
#3139=ORIENTED_EDGE('',*,*,#5562,.T.);
#3140=ORIENTED_EDGE('',*,*,#5011,.F.);
#3141=ORIENTED_EDGE('',*,*,#5566,.F.);
#3142=ORIENTED_EDGE('',*,*,#5567,.T.);
#3143=ORIENTED_EDGE('',*,*,#5564,.T.);
#3144=ORIENTED_EDGE('',*,*,#5010,.F.);
#3145=ORIENTED_EDGE('',*,*,#5568,.F.);
#3146=ORIENTED_EDGE('',*,*,#5569,.T.);
#3147=ORIENTED_EDGE('',*,*,#5566,.T.);
#3148=ORIENTED_EDGE('',*,*,#5009,.F.);
#3149=ORIENTED_EDGE('',*,*,#5570,.F.);
#3150=ORIENTED_EDGE('',*,*,#5571,.T.);
#3151=ORIENTED_EDGE('',*,*,#5568,.T.);
#3152=ORIENTED_EDGE('',*,*,#5008,.F.);
#3153=ORIENTED_EDGE('',*,*,#5572,.F.);
#3154=ORIENTED_EDGE('',*,*,#5573,.T.);
#3155=ORIENTED_EDGE('',*,*,#5570,.T.);
#3156=ORIENTED_EDGE('',*,*,#5007,.F.);
#3157=ORIENTED_EDGE('',*,*,#5574,.F.);
#3158=ORIENTED_EDGE('',*,*,#5575,.T.);
#3159=ORIENTED_EDGE('',*,*,#5572,.T.);
#3160=ORIENTED_EDGE('',*,*,#5006,.F.);
#3161=ORIENTED_EDGE('',*,*,#5576,.F.);
#3162=ORIENTED_EDGE('',*,*,#5577,.T.);
#3163=ORIENTED_EDGE('',*,*,#5574,.T.);
#3164=ORIENTED_EDGE('',*,*,#5005,.F.);
#3165=ORIENTED_EDGE('',*,*,#5578,.F.);
#3166=ORIENTED_EDGE('',*,*,#5579,.T.);
#3167=ORIENTED_EDGE('',*,*,#5576,.T.);
#3168=ORIENTED_EDGE('',*,*,#5004,.F.);
#3169=ORIENTED_EDGE('',*,*,#5580,.F.);
#3170=ORIENTED_EDGE('',*,*,#5581,.T.);
#3171=ORIENTED_EDGE('',*,*,#5578,.T.);
#3172=ORIENTED_EDGE('',*,*,#5003,.F.);
#3173=ORIENTED_EDGE('',*,*,#5582,.F.);
#3174=ORIENTED_EDGE('',*,*,#5583,.T.);
#3175=ORIENTED_EDGE('',*,*,#5580,.T.);
#3176=ORIENTED_EDGE('',*,*,#5002,.F.);
#3177=ORIENTED_EDGE('',*,*,#5584,.F.);
#3178=ORIENTED_EDGE('',*,*,#5585,.T.);
#3179=ORIENTED_EDGE('',*,*,#5582,.T.);
#3180=ORIENTED_EDGE('',*,*,#5001,.F.);
#3181=ORIENTED_EDGE('',*,*,#5519,.F.);
#3182=ORIENTED_EDGE('',*,*,#5586,.T.);
#3183=ORIENTED_EDGE('',*,*,#5584,.T.);
#3184=ORIENTED_EDGE('',*,*,#5518,.F.);
#3185=ORIENTED_EDGE('',*,*,#5521,.F.);
#3186=ORIENTED_EDGE('',*,*,#5523,.F.);
#3187=ORIENTED_EDGE('',*,*,#5525,.F.);
#3188=ORIENTED_EDGE('',*,*,#5527,.F.);
#3189=ORIENTED_EDGE('',*,*,#5529,.F.);
#3190=ORIENTED_EDGE('',*,*,#5531,.F.);
#3191=ORIENTED_EDGE('',*,*,#5533,.F.);
#3192=ORIENTED_EDGE('',*,*,#5535,.F.);
#3193=ORIENTED_EDGE('',*,*,#5537,.F.);
#3194=ORIENTED_EDGE('',*,*,#5539,.F.);
#3195=ORIENTED_EDGE('',*,*,#5541,.F.);
#3196=ORIENTED_EDGE('',*,*,#5543,.F.);
#3197=ORIENTED_EDGE('',*,*,#5545,.F.);
#3198=ORIENTED_EDGE('',*,*,#5547,.F.);
#3199=ORIENTED_EDGE('',*,*,#5549,.F.);
#3200=ORIENTED_EDGE('',*,*,#5551,.F.);
#3201=ORIENTED_EDGE('',*,*,#5553,.F.);
#3202=ORIENTED_EDGE('',*,*,#5555,.F.);
#3203=ORIENTED_EDGE('',*,*,#5557,.F.);
#3204=ORIENTED_EDGE('',*,*,#5559,.F.);
#3205=ORIENTED_EDGE('',*,*,#5561,.F.);
#3206=ORIENTED_EDGE('',*,*,#5563,.F.);
#3207=ORIENTED_EDGE('',*,*,#5565,.F.);
#3208=ORIENTED_EDGE('',*,*,#5567,.F.);
#3209=ORIENTED_EDGE('',*,*,#5569,.F.);
#3210=ORIENTED_EDGE('',*,*,#5571,.F.);
#3211=ORIENTED_EDGE('',*,*,#5573,.F.);
#3212=ORIENTED_EDGE('',*,*,#5575,.F.);
#3213=ORIENTED_EDGE('',*,*,#5577,.F.);
#3214=ORIENTED_EDGE('',*,*,#5579,.F.);
#3215=ORIENTED_EDGE('',*,*,#5581,.F.);
#3216=ORIENTED_EDGE('',*,*,#5583,.F.);
#3217=ORIENTED_EDGE('',*,*,#5585,.F.);
#3218=ORIENTED_EDGE('',*,*,#5586,.F.);
#3219=ORIENTED_EDGE('',*,*,#5035,.F.);
#3220=ORIENTED_EDGE('',*,*,#5587,.F.);
#3221=ORIENTED_EDGE('',*,*,#5588,.T.);
#3222=ORIENTED_EDGE('',*,*,#5589,.T.);
#3223=ORIENTED_EDGE('',*,*,#5034,.F.);
#3224=ORIENTED_EDGE('',*,*,#5590,.F.);
#3225=ORIENTED_EDGE('',*,*,#5591,.T.);
#3226=ORIENTED_EDGE('',*,*,#5587,.T.);
#3227=ORIENTED_EDGE('',*,*,#5052,.F.);
#3228=ORIENTED_EDGE('',*,*,#5592,.F.);
#3229=ORIENTED_EDGE('',*,*,#5593,.T.);
#3230=ORIENTED_EDGE('',*,*,#5590,.T.);
#3231=ORIENTED_EDGE('',*,*,#5051,.F.);
#3232=ORIENTED_EDGE('',*,*,#5594,.F.);
#3233=ORIENTED_EDGE('',*,*,#5595,.T.);
#3234=ORIENTED_EDGE('',*,*,#5592,.T.);
#3235=ORIENTED_EDGE('',*,*,#5050,.F.);
#3236=ORIENTED_EDGE('',*,*,#5596,.F.);
#3237=ORIENTED_EDGE('',*,*,#5597,.T.);
#3238=ORIENTED_EDGE('',*,*,#5594,.T.);
#3239=ORIENTED_EDGE('',*,*,#5049,.F.);
#3240=ORIENTED_EDGE('',*,*,#5598,.F.);
#3241=ORIENTED_EDGE('',*,*,#5599,.T.);
#3242=ORIENTED_EDGE('',*,*,#5596,.T.);
#3243=ORIENTED_EDGE('',*,*,#5048,.F.);
#3244=ORIENTED_EDGE('',*,*,#5600,.F.);
#3245=ORIENTED_EDGE('',*,*,#5601,.T.);
#3246=ORIENTED_EDGE('',*,*,#5598,.T.);
#3247=ORIENTED_EDGE('',*,*,#5047,.F.);
#3248=ORIENTED_EDGE('',*,*,#5602,.F.);
#3249=ORIENTED_EDGE('',*,*,#5603,.T.);
#3250=ORIENTED_EDGE('',*,*,#5600,.T.);
#3251=ORIENTED_EDGE('',*,*,#5046,.F.);
#3252=ORIENTED_EDGE('',*,*,#5604,.F.);
#3253=ORIENTED_EDGE('',*,*,#5605,.T.);
#3254=ORIENTED_EDGE('',*,*,#5602,.T.);
#3255=ORIENTED_EDGE('',*,*,#5045,.F.);
#3256=ORIENTED_EDGE('',*,*,#5606,.F.);
#3257=ORIENTED_EDGE('',*,*,#5607,.T.);
#3258=ORIENTED_EDGE('',*,*,#5604,.T.);
#3259=ORIENTED_EDGE('',*,*,#5044,.F.);
#3260=ORIENTED_EDGE('',*,*,#5608,.F.);
#3261=ORIENTED_EDGE('',*,*,#5609,.T.);
#3262=ORIENTED_EDGE('',*,*,#5606,.T.);
#3263=ORIENTED_EDGE('',*,*,#5043,.F.);
#3264=ORIENTED_EDGE('',*,*,#5610,.F.);
#3265=ORIENTED_EDGE('',*,*,#5611,.T.);
#3266=ORIENTED_EDGE('',*,*,#5608,.T.);
#3267=ORIENTED_EDGE('',*,*,#5042,.F.);
#3268=ORIENTED_EDGE('',*,*,#5612,.F.);
#3269=ORIENTED_EDGE('',*,*,#5613,.T.);
#3270=ORIENTED_EDGE('',*,*,#5610,.T.);
#3271=ORIENTED_EDGE('',*,*,#5041,.F.);
#3272=ORIENTED_EDGE('',*,*,#5614,.F.);
#3273=ORIENTED_EDGE('',*,*,#5615,.T.);
#3274=ORIENTED_EDGE('',*,*,#5612,.T.);
#3275=ORIENTED_EDGE('',*,*,#5040,.F.);
#3276=ORIENTED_EDGE('',*,*,#5616,.F.);
#3277=ORIENTED_EDGE('',*,*,#5617,.T.);
#3278=ORIENTED_EDGE('',*,*,#5614,.T.);
#3279=ORIENTED_EDGE('',*,*,#5039,.F.);
#3280=ORIENTED_EDGE('',*,*,#5618,.F.);
#3281=ORIENTED_EDGE('',*,*,#5619,.T.);
#3282=ORIENTED_EDGE('',*,*,#5616,.T.);
#3283=ORIENTED_EDGE('',*,*,#5038,.F.);
#3284=ORIENTED_EDGE('',*,*,#5620,.F.);
#3285=ORIENTED_EDGE('',*,*,#5621,.T.);
#3286=ORIENTED_EDGE('',*,*,#5618,.T.);
#3287=ORIENTED_EDGE('',*,*,#5037,.F.);
#3288=ORIENTED_EDGE('',*,*,#5622,.F.);
#3289=ORIENTED_EDGE('',*,*,#5623,.T.);
#3290=ORIENTED_EDGE('',*,*,#5620,.T.);
#3291=ORIENTED_EDGE('',*,*,#5036,.F.);
#3292=ORIENTED_EDGE('',*,*,#5589,.F.);
#3293=ORIENTED_EDGE('',*,*,#5624,.T.);
#3294=ORIENTED_EDGE('',*,*,#5622,.T.);
#3295=ORIENTED_EDGE('',*,*,#5588,.F.);
#3296=ORIENTED_EDGE('',*,*,#5591,.F.);
#3297=ORIENTED_EDGE('',*,*,#5593,.F.);
#3298=ORIENTED_EDGE('',*,*,#5595,.F.);
#3299=ORIENTED_EDGE('',*,*,#5597,.F.);
#3300=ORIENTED_EDGE('',*,*,#5599,.F.);
#3301=ORIENTED_EDGE('',*,*,#5601,.F.);
#3302=ORIENTED_EDGE('',*,*,#5603,.F.);
#3303=ORIENTED_EDGE('',*,*,#5605,.F.);
#3304=ORIENTED_EDGE('',*,*,#5607,.F.);
#3305=ORIENTED_EDGE('',*,*,#5609,.F.);
#3306=ORIENTED_EDGE('',*,*,#5611,.F.);
#3307=ORIENTED_EDGE('',*,*,#5613,.F.);
#3308=ORIENTED_EDGE('',*,*,#5615,.F.);
#3309=ORIENTED_EDGE('',*,*,#5617,.F.);
#3310=ORIENTED_EDGE('',*,*,#5619,.F.);
#3311=ORIENTED_EDGE('',*,*,#5621,.F.);
#3312=ORIENTED_EDGE('',*,*,#5623,.F.);
#3313=ORIENTED_EDGE('',*,*,#5624,.F.);
#3314=ORIENTED_EDGE('',*,*,#5054,.F.);
#3315=ORIENTED_EDGE('',*,*,#5625,.F.);
#3316=ORIENTED_EDGE('',*,*,#5626,.T.);
#3317=ORIENTED_EDGE('',*,*,#5627,.T.);
#3318=ORIENTED_EDGE('',*,*,#5053,.F.);
#3319=ORIENTED_EDGE('',*,*,#5628,.F.);
#3320=ORIENTED_EDGE('',*,*,#5629,.T.);
#3321=ORIENTED_EDGE('',*,*,#5625,.T.);
#3322=ORIENTED_EDGE('',*,*,#5059,.F.);
#3323=ORIENTED_EDGE('',*,*,#5630,.F.);
#3324=ORIENTED_EDGE('',*,*,#5631,.T.);
#3325=ORIENTED_EDGE('',*,*,#5628,.T.);
#3326=ORIENTED_EDGE('',*,*,#5058,.F.);
#3327=ORIENTED_EDGE('',*,*,#5632,.F.);
#3328=ORIENTED_EDGE('',*,*,#5633,.T.);
#3329=ORIENTED_EDGE('',*,*,#5630,.T.);
#3330=ORIENTED_EDGE('',*,*,#5057,.F.);
#3331=ORIENTED_EDGE('',*,*,#5634,.F.);
#3332=ORIENTED_EDGE('',*,*,#5635,.T.);
#3333=ORIENTED_EDGE('',*,*,#5632,.T.);
#3334=ORIENTED_EDGE('',*,*,#5056,.F.);
#3335=ORIENTED_EDGE('',*,*,#5636,.F.);
#3336=ORIENTED_EDGE('',*,*,#5637,.T.);
#3337=ORIENTED_EDGE('',*,*,#5634,.T.);
#3338=ORIENTED_EDGE('',*,*,#5055,.F.);
#3339=ORIENTED_EDGE('',*,*,#5627,.F.);
#3340=ORIENTED_EDGE('',*,*,#5638,.T.);
#3341=ORIENTED_EDGE('',*,*,#5636,.T.);
#3342=ORIENTED_EDGE('',*,*,#5626,.F.);
#3343=ORIENTED_EDGE('',*,*,#5629,.F.);
#3344=ORIENTED_EDGE('',*,*,#5631,.F.);
#3345=ORIENTED_EDGE('',*,*,#5633,.F.);
#3346=ORIENTED_EDGE('',*,*,#5635,.F.);
#3347=ORIENTED_EDGE('',*,*,#5637,.F.);
#3348=ORIENTED_EDGE('',*,*,#5638,.F.);
#3349=ORIENTED_EDGE('',*,*,#5061,.F.);
#3350=ORIENTED_EDGE('',*,*,#5639,.F.);
#3351=ORIENTED_EDGE('',*,*,#5640,.T.);
#3352=ORIENTED_EDGE('',*,*,#5641,.T.);
#3353=ORIENTED_EDGE('',*,*,#5060,.F.);
#3354=ORIENTED_EDGE('',*,*,#5642,.F.);
#3355=ORIENTED_EDGE('',*,*,#5643,.T.);
#3356=ORIENTED_EDGE('',*,*,#5639,.T.);
#3357=ORIENTED_EDGE('',*,*,#5076,.F.);
#3358=ORIENTED_EDGE('',*,*,#5644,.F.);
#3359=ORIENTED_EDGE('',*,*,#5645,.T.);
#3360=ORIENTED_EDGE('',*,*,#5642,.T.);
#3361=ORIENTED_EDGE('',*,*,#5075,.F.);
#3362=ORIENTED_EDGE('',*,*,#5646,.F.);
#3363=ORIENTED_EDGE('',*,*,#5647,.T.);
#3364=ORIENTED_EDGE('',*,*,#5644,.T.);
#3365=ORIENTED_EDGE('',*,*,#5074,.F.);
#3366=ORIENTED_EDGE('',*,*,#5648,.F.);
#3367=ORIENTED_EDGE('',*,*,#5649,.T.);
#3368=ORIENTED_EDGE('',*,*,#5646,.T.);
#3369=ORIENTED_EDGE('',*,*,#5073,.F.);
#3370=ORIENTED_EDGE('',*,*,#5650,.F.);
#3371=ORIENTED_EDGE('',*,*,#5651,.T.);
#3372=ORIENTED_EDGE('',*,*,#5648,.T.);
#3373=ORIENTED_EDGE('',*,*,#5072,.F.);
#3374=ORIENTED_EDGE('',*,*,#5652,.F.);
#3375=ORIENTED_EDGE('',*,*,#5653,.T.);
#3376=ORIENTED_EDGE('',*,*,#5650,.T.);
#3377=ORIENTED_EDGE('',*,*,#5071,.F.);
#3378=ORIENTED_EDGE('',*,*,#5654,.F.);
#3379=ORIENTED_EDGE('',*,*,#5655,.T.);
#3380=ORIENTED_EDGE('',*,*,#5652,.T.);
#3381=ORIENTED_EDGE('',*,*,#5070,.F.);
#3382=ORIENTED_EDGE('',*,*,#5656,.F.);
#3383=ORIENTED_EDGE('',*,*,#5657,.T.);
#3384=ORIENTED_EDGE('',*,*,#5654,.T.);
#3385=ORIENTED_EDGE('',*,*,#5069,.F.);
#3386=ORIENTED_EDGE('',*,*,#5658,.F.);
#3387=ORIENTED_EDGE('',*,*,#5659,.T.);
#3388=ORIENTED_EDGE('',*,*,#5656,.T.);
#3389=ORIENTED_EDGE('',*,*,#5068,.F.);
#3390=ORIENTED_EDGE('',*,*,#5660,.F.);
#3391=ORIENTED_EDGE('',*,*,#5661,.T.);
#3392=ORIENTED_EDGE('',*,*,#5658,.T.);
#3393=ORIENTED_EDGE('',*,*,#5067,.F.);
#3394=ORIENTED_EDGE('',*,*,#5662,.F.);
#3395=ORIENTED_EDGE('',*,*,#5663,.T.);
#3396=ORIENTED_EDGE('',*,*,#5660,.T.);
#3397=ORIENTED_EDGE('',*,*,#5066,.F.);
#3398=ORIENTED_EDGE('',*,*,#5664,.F.);
#3399=ORIENTED_EDGE('',*,*,#5665,.T.);
#3400=ORIENTED_EDGE('',*,*,#5662,.T.);
#3401=ORIENTED_EDGE('',*,*,#5065,.F.);
#3402=ORIENTED_EDGE('',*,*,#5666,.F.);
#3403=ORIENTED_EDGE('',*,*,#5667,.T.);
#3404=ORIENTED_EDGE('',*,*,#5664,.T.);
#3405=ORIENTED_EDGE('',*,*,#5064,.F.);
#3406=ORIENTED_EDGE('',*,*,#5668,.F.);
#3407=ORIENTED_EDGE('',*,*,#5669,.T.);
#3408=ORIENTED_EDGE('',*,*,#5666,.T.);
#3409=ORIENTED_EDGE('',*,*,#5063,.F.);
#3410=ORIENTED_EDGE('',*,*,#5670,.F.);
#3411=ORIENTED_EDGE('',*,*,#5671,.T.);
#3412=ORIENTED_EDGE('',*,*,#5668,.T.);
#3413=ORIENTED_EDGE('',*,*,#5062,.F.);
#3414=ORIENTED_EDGE('',*,*,#5641,.F.);
#3415=ORIENTED_EDGE('',*,*,#5672,.T.);
#3416=ORIENTED_EDGE('',*,*,#5670,.T.);
#3417=ORIENTED_EDGE('',*,*,#5640,.F.);
#3418=ORIENTED_EDGE('',*,*,#5643,.F.);
#3419=ORIENTED_EDGE('',*,*,#5645,.F.);
#3420=ORIENTED_EDGE('',*,*,#5647,.F.);
#3421=ORIENTED_EDGE('',*,*,#5649,.F.);
#3422=ORIENTED_EDGE('',*,*,#5651,.F.);
#3423=ORIENTED_EDGE('',*,*,#5653,.F.);
#3424=ORIENTED_EDGE('',*,*,#5655,.F.);
#3425=ORIENTED_EDGE('',*,*,#5657,.F.);
#3426=ORIENTED_EDGE('',*,*,#5659,.F.);
#3427=ORIENTED_EDGE('',*,*,#5661,.F.);
#3428=ORIENTED_EDGE('',*,*,#5663,.F.);
#3429=ORIENTED_EDGE('',*,*,#5665,.F.);
#3430=ORIENTED_EDGE('',*,*,#5667,.F.);
#3431=ORIENTED_EDGE('',*,*,#5669,.F.);
#3432=ORIENTED_EDGE('',*,*,#5671,.F.);
#3433=ORIENTED_EDGE('',*,*,#5672,.F.);
#3434=ORIENTED_EDGE('',*,*,#5078,.F.);
#3435=ORIENTED_EDGE('',*,*,#5673,.F.);
#3436=ORIENTED_EDGE('',*,*,#5674,.T.);
#3437=ORIENTED_EDGE('',*,*,#5675,.T.);
#3438=ORIENTED_EDGE('',*,*,#5077,.F.);
#3439=ORIENTED_EDGE('',*,*,#5676,.F.);
#3440=ORIENTED_EDGE('',*,*,#5677,.T.);
#3441=ORIENTED_EDGE('',*,*,#5673,.T.);
#3442=ORIENTED_EDGE('',*,*,#5080,.F.);
#3443=ORIENTED_EDGE('',*,*,#5678,.F.);
#3444=ORIENTED_EDGE('',*,*,#5679,.T.);
#3445=ORIENTED_EDGE('',*,*,#5676,.T.);
#3446=ORIENTED_EDGE('',*,*,#5079,.F.);
#3447=ORIENTED_EDGE('',*,*,#5675,.F.);
#3448=ORIENTED_EDGE('',*,*,#5680,.T.);
#3449=ORIENTED_EDGE('',*,*,#5678,.T.);
#3450=ORIENTED_EDGE('',*,*,#5674,.F.);
#3451=ORIENTED_EDGE('',*,*,#5677,.F.);
#3452=ORIENTED_EDGE('',*,*,#5679,.F.);
#3453=ORIENTED_EDGE('',*,*,#5680,.F.);
#3454=ORIENTED_EDGE('',*,*,#5082,.F.);
#3455=ORIENTED_EDGE('',*,*,#5681,.F.);
#3456=ORIENTED_EDGE('',*,*,#5682,.T.);
#3457=ORIENTED_EDGE('',*,*,#5683,.T.);
#3458=ORIENTED_EDGE('',*,*,#5081,.F.);
#3459=ORIENTED_EDGE('',*,*,#5684,.F.);
#3460=ORIENTED_EDGE('',*,*,#5685,.T.);
#3461=ORIENTED_EDGE('',*,*,#5681,.T.);
#3462=ORIENTED_EDGE('',*,*,#5097,.F.);
#3463=ORIENTED_EDGE('',*,*,#5686,.F.);
#3464=ORIENTED_EDGE('',*,*,#5687,.T.);
#3465=ORIENTED_EDGE('',*,*,#5684,.T.);
#3466=ORIENTED_EDGE('',*,*,#5096,.F.);
#3467=ORIENTED_EDGE('',*,*,#5688,.F.);
#3468=ORIENTED_EDGE('',*,*,#5689,.T.);
#3469=ORIENTED_EDGE('',*,*,#5686,.T.);
#3470=ORIENTED_EDGE('',*,*,#5095,.F.);
#3471=ORIENTED_EDGE('',*,*,#5690,.F.);
#3472=ORIENTED_EDGE('',*,*,#5691,.T.);
#3473=ORIENTED_EDGE('',*,*,#5688,.T.);
#3474=ORIENTED_EDGE('',*,*,#5094,.F.);
#3475=ORIENTED_EDGE('',*,*,#5692,.F.);
#3476=ORIENTED_EDGE('',*,*,#5693,.T.);
#3477=ORIENTED_EDGE('',*,*,#5690,.T.);
#3478=ORIENTED_EDGE('',*,*,#5093,.F.);
#3479=ORIENTED_EDGE('',*,*,#5694,.F.);
#3480=ORIENTED_EDGE('',*,*,#5695,.T.);
#3481=ORIENTED_EDGE('',*,*,#5692,.T.);
#3482=ORIENTED_EDGE('',*,*,#5092,.F.);
#3483=ORIENTED_EDGE('',*,*,#5696,.F.);
#3484=ORIENTED_EDGE('',*,*,#5697,.T.);
#3485=ORIENTED_EDGE('',*,*,#5694,.T.);
#3486=ORIENTED_EDGE('',*,*,#5091,.F.);
#3487=ORIENTED_EDGE('',*,*,#5698,.F.);
#3488=ORIENTED_EDGE('',*,*,#5699,.T.);
#3489=ORIENTED_EDGE('',*,*,#5696,.T.);
#3490=ORIENTED_EDGE('',*,*,#5090,.F.);
#3491=ORIENTED_EDGE('',*,*,#5700,.F.);
#3492=ORIENTED_EDGE('',*,*,#5701,.T.);
#3493=ORIENTED_EDGE('',*,*,#5698,.T.);
#3494=ORIENTED_EDGE('',*,*,#5089,.F.);
#3495=ORIENTED_EDGE('',*,*,#5702,.F.);
#3496=ORIENTED_EDGE('',*,*,#5703,.T.);
#3497=ORIENTED_EDGE('',*,*,#5700,.T.);
#3498=ORIENTED_EDGE('',*,*,#5088,.F.);
#3499=ORIENTED_EDGE('',*,*,#5704,.F.);
#3500=ORIENTED_EDGE('',*,*,#5705,.T.);
#3501=ORIENTED_EDGE('',*,*,#5702,.T.);
#3502=ORIENTED_EDGE('',*,*,#5087,.F.);
#3503=ORIENTED_EDGE('',*,*,#5706,.F.);
#3504=ORIENTED_EDGE('',*,*,#5707,.T.);
#3505=ORIENTED_EDGE('',*,*,#5704,.T.);
#3506=ORIENTED_EDGE('',*,*,#5086,.F.);
#3507=ORIENTED_EDGE('',*,*,#5708,.F.);
#3508=ORIENTED_EDGE('',*,*,#5709,.T.);
#3509=ORIENTED_EDGE('',*,*,#5706,.T.);
#3510=ORIENTED_EDGE('',*,*,#5085,.F.);
#3511=ORIENTED_EDGE('',*,*,#5710,.F.);
#3512=ORIENTED_EDGE('',*,*,#5711,.T.);
#3513=ORIENTED_EDGE('',*,*,#5708,.T.);
#3514=ORIENTED_EDGE('',*,*,#5084,.F.);
#3515=ORIENTED_EDGE('',*,*,#5712,.F.);
#3516=ORIENTED_EDGE('',*,*,#5713,.T.);
#3517=ORIENTED_EDGE('',*,*,#5710,.T.);
#3518=ORIENTED_EDGE('',*,*,#5083,.F.);
#3519=ORIENTED_EDGE('',*,*,#5683,.F.);
#3520=ORIENTED_EDGE('',*,*,#5714,.T.);
#3521=ORIENTED_EDGE('',*,*,#5712,.T.);
#3522=ORIENTED_EDGE('',*,*,#5682,.F.);
#3523=ORIENTED_EDGE('',*,*,#5685,.F.);
#3524=ORIENTED_EDGE('',*,*,#5687,.F.);
#3525=ORIENTED_EDGE('',*,*,#5689,.F.);
#3526=ORIENTED_EDGE('',*,*,#5691,.F.);
#3527=ORIENTED_EDGE('',*,*,#5693,.F.);
#3528=ORIENTED_EDGE('',*,*,#5695,.F.);
#3529=ORIENTED_EDGE('',*,*,#5697,.F.);
#3530=ORIENTED_EDGE('',*,*,#5699,.F.);
#3531=ORIENTED_EDGE('',*,*,#5701,.F.);
#3532=ORIENTED_EDGE('',*,*,#5703,.F.);
#3533=ORIENTED_EDGE('',*,*,#5705,.F.);
#3534=ORIENTED_EDGE('',*,*,#5707,.F.);
#3535=ORIENTED_EDGE('',*,*,#5709,.F.);
#3536=ORIENTED_EDGE('',*,*,#5711,.F.);
#3537=ORIENTED_EDGE('',*,*,#5713,.F.);
#3538=ORIENTED_EDGE('',*,*,#5714,.F.);
#3539=ORIENTED_EDGE('',*,*,#5099,.F.);
#3540=ORIENTED_EDGE('',*,*,#5715,.F.);
#3541=ORIENTED_EDGE('',*,*,#5716,.T.);
#3542=ORIENTED_EDGE('',*,*,#5717,.T.);
#3543=ORIENTED_EDGE('',*,*,#5098,.F.);
#3544=ORIENTED_EDGE('',*,*,#5718,.F.);
#3545=ORIENTED_EDGE('',*,*,#5719,.T.);
#3546=ORIENTED_EDGE('',*,*,#5715,.T.);
#3547=ORIENTED_EDGE('',*,*,#5132,.F.);
#3548=ORIENTED_EDGE('',*,*,#5720,.F.);
#3549=ORIENTED_EDGE('',*,*,#5721,.T.);
#3550=ORIENTED_EDGE('',*,*,#5718,.T.);
#3551=ORIENTED_EDGE('',*,*,#5131,.F.);
#3552=ORIENTED_EDGE('',*,*,#5722,.F.);
#3553=ORIENTED_EDGE('',*,*,#5723,.T.);
#3554=ORIENTED_EDGE('',*,*,#5720,.T.);
#3555=ORIENTED_EDGE('',*,*,#5130,.F.);
#3556=ORIENTED_EDGE('',*,*,#5724,.F.);
#3557=ORIENTED_EDGE('',*,*,#5725,.T.);
#3558=ORIENTED_EDGE('',*,*,#5722,.T.);
#3559=ORIENTED_EDGE('',*,*,#5129,.F.);
#3560=ORIENTED_EDGE('',*,*,#5726,.F.);
#3561=ORIENTED_EDGE('',*,*,#5727,.T.);
#3562=ORIENTED_EDGE('',*,*,#5724,.T.);
#3563=ORIENTED_EDGE('',*,*,#5128,.F.);
#3564=ORIENTED_EDGE('',*,*,#5728,.F.);
#3565=ORIENTED_EDGE('',*,*,#5729,.T.);
#3566=ORIENTED_EDGE('',*,*,#5726,.T.);
#3567=ORIENTED_EDGE('',*,*,#5127,.F.);
#3568=ORIENTED_EDGE('',*,*,#5730,.F.);
#3569=ORIENTED_EDGE('',*,*,#5731,.T.);
#3570=ORIENTED_EDGE('',*,*,#5728,.T.);
#3571=ORIENTED_EDGE('',*,*,#5126,.F.);
#3572=ORIENTED_EDGE('',*,*,#5732,.F.);
#3573=ORIENTED_EDGE('',*,*,#5733,.T.);
#3574=ORIENTED_EDGE('',*,*,#5730,.T.);
#3575=ORIENTED_EDGE('',*,*,#5125,.F.);
#3576=ORIENTED_EDGE('',*,*,#5734,.F.);
#3577=ORIENTED_EDGE('',*,*,#5735,.T.);
#3578=ORIENTED_EDGE('',*,*,#5732,.T.);
#3579=ORIENTED_EDGE('',*,*,#5124,.F.);
#3580=ORIENTED_EDGE('',*,*,#5736,.F.);
#3581=ORIENTED_EDGE('',*,*,#5737,.T.);
#3582=ORIENTED_EDGE('',*,*,#5734,.T.);
#3583=ORIENTED_EDGE('',*,*,#5123,.F.);
#3584=ORIENTED_EDGE('',*,*,#5738,.F.);
#3585=ORIENTED_EDGE('',*,*,#5739,.T.);
#3586=ORIENTED_EDGE('',*,*,#5736,.T.);
#3587=ORIENTED_EDGE('',*,*,#5122,.F.);
#3588=ORIENTED_EDGE('',*,*,#5740,.F.);
#3589=ORIENTED_EDGE('',*,*,#5741,.T.);
#3590=ORIENTED_EDGE('',*,*,#5738,.T.);
#3591=ORIENTED_EDGE('',*,*,#5121,.F.);
#3592=ORIENTED_EDGE('',*,*,#5742,.F.);
#3593=ORIENTED_EDGE('',*,*,#5743,.T.);
#3594=ORIENTED_EDGE('',*,*,#5740,.T.);
#3595=ORIENTED_EDGE('',*,*,#5120,.F.);
#3596=ORIENTED_EDGE('',*,*,#5744,.F.);
#3597=ORIENTED_EDGE('',*,*,#5745,.T.);
#3598=ORIENTED_EDGE('',*,*,#5742,.T.);
#3599=ORIENTED_EDGE('',*,*,#5119,.F.);
#3600=ORIENTED_EDGE('',*,*,#5746,.F.);
#3601=ORIENTED_EDGE('',*,*,#5747,.T.);
#3602=ORIENTED_EDGE('',*,*,#5744,.T.);
#3603=ORIENTED_EDGE('',*,*,#5118,.F.);
#3604=ORIENTED_EDGE('',*,*,#5748,.F.);
#3605=ORIENTED_EDGE('',*,*,#5749,.T.);
#3606=ORIENTED_EDGE('',*,*,#5746,.T.);
#3607=ORIENTED_EDGE('',*,*,#5117,.F.);
#3608=ORIENTED_EDGE('',*,*,#5750,.F.);
#3609=ORIENTED_EDGE('',*,*,#5751,.T.);
#3610=ORIENTED_EDGE('',*,*,#5748,.T.);
#3611=ORIENTED_EDGE('',*,*,#5116,.F.);
#3612=ORIENTED_EDGE('',*,*,#5752,.F.);
#3613=ORIENTED_EDGE('',*,*,#5753,.T.);
#3614=ORIENTED_EDGE('',*,*,#5750,.T.);
#3615=ORIENTED_EDGE('',*,*,#5115,.F.);
#3616=ORIENTED_EDGE('',*,*,#5754,.F.);
#3617=ORIENTED_EDGE('',*,*,#5755,.T.);
#3618=ORIENTED_EDGE('',*,*,#5752,.T.);
#3619=ORIENTED_EDGE('',*,*,#5114,.F.);
#3620=ORIENTED_EDGE('',*,*,#5756,.F.);
#3621=ORIENTED_EDGE('',*,*,#5757,.T.);
#3622=ORIENTED_EDGE('',*,*,#5754,.T.);
#3623=ORIENTED_EDGE('',*,*,#5113,.F.);
#3624=ORIENTED_EDGE('',*,*,#5758,.F.);
#3625=ORIENTED_EDGE('',*,*,#5759,.T.);
#3626=ORIENTED_EDGE('',*,*,#5756,.T.);
#3627=ORIENTED_EDGE('',*,*,#5112,.F.);
#3628=ORIENTED_EDGE('',*,*,#5760,.F.);
#3629=ORIENTED_EDGE('',*,*,#5761,.T.);
#3630=ORIENTED_EDGE('',*,*,#5758,.T.);
#3631=ORIENTED_EDGE('',*,*,#5111,.F.);
#3632=ORIENTED_EDGE('',*,*,#5762,.F.);
#3633=ORIENTED_EDGE('',*,*,#5763,.T.);
#3634=ORIENTED_EDGE('',*,*,#5760,.T.);
#3635=ORIENTED_EDGE('',*,*,#5110,.F.);
#3636=ORIENTED_EDGE('',*,*,#5764,.F.);
#3637=ORIENTED_EDGE('',*,*,#5765,.T.);
#3638=ORIENTED_EDGE('',*,*,#5762,.T.);
#3639=ORIENTED_EDGE('',*,*,#5109,.F.);
#3640=ORIENTED_EDGE('',*,*,#5766,.F.);
#3641=ORIENTED_EDGE('',*,*,#5767,.T.);
#3642=ORIENTED_EDGE('',*,*,#5764,.T.);
#3643=ORIENTED_EDGE('',*,*,#5108,.F.);
#3644=ORIENTED_EDGE('',*,*,#5768,.F.);
#3645=ORIENTED_EDGE('',*,*,#5769,.T.);
#3646=ORIENTED_EDGE('',*,*,#5766,.T.);
#3647=ORIENTED_EDGE('',*,*,#5107,.F.);
#3648=ORIENTED_EDGE('',*,*,#5770,.F.);
#3649=ORIENTED_EDGE('',*,*,#5771,.T.);
#3650=ORIENTED_EDGE('',*,*,#5768,.T.);
#3651=ORIENTED_EDGE('',*,*,#5106,.F.);
#3652=ORIENTED_EDGE('',*,*,#5772,.F.);
#3653=ORIENTED_EDGE('',*,*,#5773,.T.);
#3654=ORIENTED_EDGE('',*,*,#5770,.T.);
#3655=ORIENTED_EDGE('',*,*,#5105,.F.);
#3656=ORIENTED_EDGE('',*,*,#5774,.F.);
#3657=ORIENTED_EDGE('',*,*,#5775,.T.);
#3658=ORIENTED_EDGE('',*,*,#5772,.T.);
#3659=ORIENTED_EDGE('',*,*,#5104,.F.);
#3660=ORIENTED_EDGE('',*,*,#5776,.F.);
#3661=ORIENTED_EDGE('',*,*,#5777,.T.);
#3662=ORIENTED_EDGE('',*,*,#5774,.T.);
#3663=ORIENTED_EDGE('',*,*,#5103,.F.);
#3664=ORIENTED_EDGE('',*,*,#5778,.F.);
#3665=ORIENTED_EDGE('',*,*,#5779,.T.);
#3666=ORIENTED_EDGE('',*,*,#5776,.T.);
#3667=ORIENTED_EDGE('',*,*,#5102,.F.);
#3668=ORIENTED_EDGE('',*,*,#5780,.F.);
#3669=ORIENTED_EDGE('',*,*,#5781,.T.);
#3670=ORIENTED_EDGE('',*,*,#5778,.T.);
#3671=ORIENTED_EDGE('',*,*,#5101,.F.);
#3672=ORIENTED_EDGE('',*,*,#5782,.F.);
#3673=ORIENTED_EDGE('',*,*,#5783,.T.);
#3674=ORIENTED_EDGE('',*,*,#5780,.T.);
#3675=ORIENTED_EDGE('',*,*,#5100,.F.);
#3676=ORIENTED_EDGE('',*,*,#5717,.F.);
#3677=ORIENTED_EDGE('',*,*,#5784,.T.);
#3678=ORIENTED_EDGE('',*,*,#5782,.T.);
#3679=ORIENTED_EDGE('',*,*,#5716,.F.);
#3680=ORIENTED_EDGE('',*,*,#5719,.F.);
#3681=ORIENTED_EDGE('',*,*,#5721,.F.);
#3682=ORIENTED_EDGE('',*,*,#5723,.F.);
#3683=ORIENTED_EDGE('',*,*,#5725,.F.);
#3684=ORIENTED_EDGE('',*,*,#5727,.F.);
#3685=ORIENTED_EDGE('',*,*,#5729,.F.);
#3686=ORIENTED_EDGE('',*,*,#5731,.F.);
#3687=ORIENTED_EDGE('',*,*,#5733,.F.);
#3688=ORIENTED_EDGE('',*,*,#5735,.F.);
#3689=ORIENTED_EDGE('',*,*,#5737,.F.);
#3690=ORIENTED_EDGE('',*,*,#5739,.F.);
#3691=ORIENTED_EDGE('',*,*,#5741,.F.);
#3692=ORIENTED_EDGE('',*,*,#5743,.F.);
#3693=ORIENTED_EDGE('',*,*,#5745,.F.);
#3694=ORIENTED_EDGE('',*,*,#5747,.F.);
#3695=ORIENTED_EDGE('',*,*,#5749,.F.);
#3696=ORIENTED_EDGE('',*,*,#5751,.F.);
#3697=ORIENTED_EDGE('',*,*,#5753,.F.);
#3698=ORIENTED_EDGE('',*,*,#5755,.F.);
#3699=ORIENTED_EDGE('',*,*,#5757,.F.);
#3700=ORIENTED_EDGE('',*,*,#5759,.F.);
#3701=ORIENTED_EDGE('',*,*,#5761,.F.);
#3702=ORIENTED_EDGE('',*,*,#5763,.F.);
#3703=ORIENTED_EDGE('',*,*,#5765,.F.);
#3704=ORIENTED_EDGE('',*,*,#5767,.F.);
#3705=ORIENTED_EDGE('',*,*,#5769,.F.);
#3706=ORIENTED_EDGE('',*,*,#5771,.F.);
#3707=ORIENTED_EDGE('',*,*,#5773,.F.);
#3708=ORIENTED_EDGE('',*,*,#5775,.F.);
#3709=ORIENTED_EDGE('',*,*,#5777,.F.);
#3710=ORIENTED_EDGE('',*,*,#5779,.F.);
#3711=ORIENTED_EDGE('',*,*,#5781,.F.);
#3712=ORIENTED_EDGE('',*,*,#5783,.F.);
#3713=ORIENTED_EDGE('',*,*,#5784,.F.);
#3714=ORIENTED_EDGE('',*,*,#5134,.F.);
#3715=ORIENTED_EDGE('',*,*,#5785,.F.);
#3716=ORIENTED_EDGE('',*,*,#5786,.T.);
#3717=ORIENTED_EDGE('',*,*,#5787,.T.);
#3718=ORIENTED_EDGE('',*,*,#5133,.F.);
#3719=ORIENTED_EDGE('',*,*,#5788,.F.);
#3720=ORIENTED_EDGE('',*,*,#5789,.T.);
#3721=ORIENTED_EDGE('',*,*,#5785,.T.);
#3722=ORIENTED_EDGE('',*,*,#5151,.F.);
#3723=ORIENTED_EDGE('',*,*,#5790,.F.);
#3724=ORIENTED_EDGE('',*,*,#5791,.T.);
#3725=ORIENTED_EDGE('',*,*,#5788,.T.);
#3726=ORIENTED_EDGE('',*,*,#5150,.F.);
#3727=ORIENTED_EDGE('',*,*,#5792,.F.);
#3728=ORIENTED_EDGE('',*,*,#5793,.T.);
#3729=ORIENTED_EDGE('',*,*,#5790,.T.);
#3730=ORIENTED_EDGE('',*,*,#5149,.F.);
#3731=ORIENTED_EDGE('',*,*,#5794,.F.);
#3732=ORIENTED_EDGE('',*,*,#5795,.T.);
#3733=ORIENTED_EDGE('',*,*,#5792,.T.);
#3734=ORIENTED_EDGE('',*,*,#5148,.F.);
#3735=ORIENTED_EDGE('',*,*,#5796,.F.);
#3736=ORIENTED_EDGE('',*,*,#5797,.T.);
#3737=ORIENTED_EDGE('',*,*,#5794,.T.);
#3738=ORIENTED_EDGE('',*,*,#5147,.F.);
#3739=ORIENTED_EDGE('',*,*,#5798,.F.);
#3740=ORIENTED_EDGE('',*,*,#5799,.T.);
#3741=ORIENTED_EDGE('',*,*,#5796,.T.);
#3742=ORIENTED_EDGE('',*,*,#5146,.F.);
#3743=ORIENTED_EDGE('',*,*,#5800,.F.);
#3744=ORIENTED_EDGE('',*,*,#5801,.T.);
#3745=ORIENTED_EDGE('',*,*,#5798,.T.);
#3746=ORIENTED_EDGE('',*,*,#5145,.F.);
#3747=ORIENTED_EDGE('',*,*,#5802,.F.);
#3748=ORIENTED_EDGE('',*,*,#5803,.T.);
#3749=ORIENTED_EDGE('',*,*,#5800,.T.);
#3750=ORIENTED_EDGE('',*,*,#5144,.F.);
#3751=ORIENTED_EDGE('',*,*,#5804,.F.);
#3752=ORIENTED_EDGE('',*,*,#5805,.T.);
#3753=ORIENTED_EDGE('',*,*,#5802,.T.);
#3754=ORIENTED_EDGE('',*,*,#5143,.F.);
#3755=ORIENTED_EDGE('',*,*,#5806,.F.);
#3756=ORIENTED_EDGE('',*,*,#5807,.T.);
#3757=ORIENTED_EDGE('',*,*,#5804,.T.);
#3758=ORIENTED_EDGE('',*,*,#5142,.F.);
#3759=ORIENTED_EDGE('',*,*,#5808,.F.);
#3760=ORIENTED_EDGE('',*,*,#5809,.T.);
#3761=ORIENTED_EDGE('',*,*,#5806,.T.);
#3762=ORIENTED_EDGE('',*,*,#5141,.F.);
#3763=ORIENTED_EDGE('',*,*,#5810,.F.);
#3764=ORIENTED_EDGE('',*,*,#5811,.T.);
#3765=ORIENTED_EDGE('',*,*,#5808,.T.);
#3766=ORIENTED_EDGE('',*,*,#5140,.F.);
#3767=ORIENTED_EDGE('',*,*,#5812,.F.);
#3768=ORIENTED_EDGE('',*,*,#5813,.T.);
#3769=ORIENTED_EDGE('',*,*,#5810,.T.);
#3770=ORIENTED_EDGE('',*,*,#5139,.F.);
#3771=ORIENTED_EDGE('',*,*,#5814,.F.);
#3772=ORIENTED_EDGE('',*,*,#5815,.T.);
#3773=ORIENTED_EDGE('',*,*,#5812,.T.);
#3774=ORIENTED_EDGE('',*,*,#5138,.F.);
#3775=ORIENTED_EDGE('',*,*,#5816,.F.);
#3776=ORIENTED_EDGE('',*,*,#5817,.T.);
#3777=ORIENTED_EDGE('',*,*,#5814,.T.);
#3778=ORIENTED_EDGE('',*,*,#5137,.F.);
#3779=ORIENTED_EDGE('',*,*,#5818,.F.);
#3780=ORIENTED_EDGE('',*,*,#5819,.T.);
#3781=ORIENTED_EDGE('',*,*,#5816,.T.);
#3782=ORIENTED_EDGE('',*,*,#5136,.F.);
#3783=ORIENTED_EDGE('',*,*,#5820,.F.);
#3784=ORIENTED_EDGE('',*,*,#5821,.T.);
#3785=ORIENTED_EDGE('',*,*,#5818,.T.);
#3786=ORIENTED_EDGE('',*,*,#5135,.F.);
#3787=ORIENTED_EDGE('',*,*,#5787,.F.);
#3788=ORIENTED_EDGE('',*,*,#5822,.T.);
#3789=ORIENTED_EDGE('',*,*,#5820,.T.);
#3790=ORIENTED_EDGE('',*,*,#5786,.F.);
#3791=ORIENTED_EDGE('',*,*,#5789,.F.);
#3792=ORIENTED_EDGE('',*,*,#5791,.F.);
#3793=ORIENTED_EDGE('',*,*,#5793,.F.);
#3794=ORIENTED_EDGE('',*,*,#5795,.F.);
#3795=ORIENTED_EDGE('',*,*,#5797,.F.);
#3796=ORIENTED_EDGE('',*,*,#5799,.F.);
#3797=ORIENTED_EDGE('',*,*,#5801,.F.);
#3798=ORIENTED_EDGE('',*,*,#5803,.F.);
#3799=ORIENTED_EDGE('',*,*,#5805,.F.);
#3800=ORIENTED_EDGE('',*,*,#5807,.F.);
#3801=ORIENTED_EDGE('',*,*,#5809,.F.);
#3802=ORIENTED_EDGE('',*,*,#5811,.F.);
#3803=ORIENTED_EDGE('',*,*,#5813,.F.);
#3804=ORIENTED_EDGE('',*,*,#5815,.F.);
#3805=ORIENTED_EDGE('',*,*,#5817,.F.);
#3806=ORIENTED_EDGE('',*,*,#5819,.F.);
#3807=ORIENTED_EDGE('',*,*,#5821,.F.);
#3808=ORIENTED_EDGE('',*,*,#5822,.F.);
#3809=ORIENTED_EDGE('',*,*,#5153,.F.);
#3810=ORIENTED_EDGE('',*,*,#5823,.F.);
#3811=ORIENTED_EDGE('',*,*,#5824,.T.);
#3812=ORIENTED_EDGE('',*,*,#5825,.T.);
#3813=ORIENTED_EDGE('',*,*,#5152,.F.);
#3814=ORIENTED_EDGE('',*,*,#5826,.F.);
#3815=ORIENTED_EDGE('',*,*,#5827,.T.);
#3816=ORIENTED_EDGE('',*,*,#5823,.T.);
#3817=ORIENTED_EDGE('',*,*,#5156,.F.);
#3818=ORIENTED_EDGE('',*,*,#5828,.F.);
#3819=ORIENTED_EDGE('',*,*,#5829,.T.);
#3820=ORIENTED_EDGE('',*,*,#5826,.T.);
#3821=ORIENTED_EDGE('',*,*,#5155,.F.);
#3822=ORIENTED_EDGE('',*,*,#5830,.F.);
#3823=ORIENTED_EDGE('',*,*,#5831,.T.);
#3824=ORIENTED_EDGE('',*,*,#5828,.T.);
#3825=ORIENTED_EDGE('',*,*,#5154,.F.);
#3826=ORIENTED_EDGE('',*,*,#5825,.F.);
#3827=ORIENTED_EDGE('',*,*,#5832,.T.);
#3828=ORIENTED_EDGE('',*,*,#5830,.T.);
#3829=ORIENTED_EDGE('',*,*,#5824,.F.);
#3830=ORIENTED_EDGE('',*,*,#5827,.F.);
#3831=ORIENTED_EDGE('',*,*,#5829,.F.);
#3832=ORIENTED_EDGE('',*,*,#5831,.F.);
#3833=ORIENTED_EDGE('',*,*,#5832,.F.);
#3834=ORIENTED_EDGE('',*,*,#5158,.F.);
#3835=ORIENTED_EDGE('',*,*,#5833,.F.);
#3836=ORIENTED_EDGE('',*,*,#5834,.T.);
#3837=ORIENTED_EDGE('',*,*,#5835,.T.);
#3838=ORIENTED_EDGE('',*,*,#5157,.F.);
#3839=ORIENTED_EDGE('',*,*,#5836,.F.);
#3840=ORIENTED_EDGE('',*,*,#5837,.T.);
#3841=ORIENTED_EDGE('',*,*,#5833,.T.);
#3842=ORIENTED_EDGE('',*,*,#5163,.F.);
#3843=ORIENTED_EDGE('',*,*,#5838,.F.);
#3844=ORIENTED_EDGE('',*,*,#5839,.T.);
#3845=ORIENTED_EDGE('',*,*,#5836,.T.);
#3846=ORIENTED_EDGE('',*,*,#5162,.F.);
#3847=ORIENTED_EDGE('',*,*,#5840,.F.);
#3848=ORIENTED_EDGE('',*,*,#5841,.T.);
#3849=ORIENTED_EDGE('',*,*,#5838,.T.);
#3850=ORIENTED_EDGE('',*,*,#5161,.F.);
#3851=ORIENTED_EDGE('',*,*,#5842,.F.);
#3852=ORIENTED_EDGE('',*,*,#5843,.T.);
#3853=ORIENTED_EDGE('',*,*,#5840,.T.);
#3854=ORIENTED_EDGE('',*,*,#5160,.F.);
#3855=ORIENTED_EDGE('',*,*,#5844,.F.);
#3856=ORIENTED_EDGE('',*,*,#5845,.T.);
#3857=ORIENTED_EDGE('',*,*,#5842,.T.);
#3858=ORIENTED_EDGE('',*,*,#5159,.F.);
#3859=ORIENTED_EDGE('',*,*,#5835,.F.);
#3860=ORIENTED_EDGE('',*,*,#5846,.T.);
#3861=ORIENTED_EDGE('',*,*,#5844,.T.);
#3862=ORIENTED_EDGE('',*,*,#5834,.F.);
#3863=ORIENTED_EDGE('',*,*,#5837,.F.);
#3864=ORIENTED_EDGE('',*,*,#5839,.F.);
#3865=ORIENTED_EDGE('',*,*,#5841,.F.);
#3866=ORIENTED_EDGE('',*,*,#5843,.F.);
#3867=ORIENTED_EDGE('',*,*,#5845,.F.);
#3868=ORIENTED_EDGE('',*,*,#5846,.F.);
#3869=ORIENTED_EDGE('',*,*,#5165,.F.);
#3870=ORIENTED_EDGE('',*,*,#5847,.F.);
#3871=ORIENTED_EDGE('',*,*,#5848,.T.);
#3872=ORIENTED_EDGE('',*,*,#5849,.T.);
#3873=ORIENTED_EDGE('',*,*,#5164,.F.);
#3874=ORIENTED_EDGE('',*,*,#5850,.F.);
#3875=ORIENTED_EDGE('',*,*,#5851,.T.);
#3876=ORIENTED_EDGE('',*,*,#5847,.T.);
#3877=ORIENTED_EDGE('',*,*,#5187,.F.);
#3878=ORIENTED_EDGE('',*,*,#5852,.F.);
#3879=ORIENTED_EDGE('',*,*,#5853,.T.);
#3880=ORIENTED_EDGE('',*,*,#5850,.T.);
#3881=ORIENTED_EDGE('',*,*,#5186,.F.);
#3882=ORIENTED_EDGE('',*,*,#5854,.F.);
#3883=ORIENTED_EDGE('',*,*,#5855,.T.);
#3884=ORIENTED_EDGE('',*,*,#5852,.T.);
#3885=ORIENTED_EDGE('',*,*,#5185,.F.);
#3886=ORIENTED_EDGE('',*,*,#5856,.F.);
#3887=ORIENTED_EDGE('',*,*,#5857,.T.);
#3888=ORIENTED_EDGE('',*,*,#5854,.T.);
#3889=ORIENTED_EDGE('',*,*,#5184,.F.);
#3890=ORIENTED_EDGE('',*,*,#5858,.F.);
#3891=ORIENTED_EDGE('',*,*,#5859,.T.);
#3892=ORIENTED_EDGE('',*,*,#5856,.T.);
#3893=ORIENTED_EDGE('',*,*,#5183,.F.);
#3894=ORIENTED_EDGE('',*,*,#5860,.F.);
#3895=ORIENTED_EDGE('',*,*,#5861,.T.);
#3896=ORIENTED_EDGE('',*,*,#5858,.T.);
#3897=ORIENTED_EDGE('',*,*,#5182,.F.);
#3898=ORIENTED_EDGE('',*,*,#5862,.F.);
#3899=ORIENTED_EDGE('',*,*,#5863,.T.);
#3900=ORIENTED_EDGE('',*,*,#5860,.T.);
#3901=ORIENTED_EDGE('',*,*,#5181,.F.);
#3902=ORIENTED_EDGE('',*,*,#5864,.F.);
#3903=ORIENTED_EDGE('',*,*,#5865,.T.);
#3904=ORIENTED_EDGE('',*,*,#5862,.T.);
#3905=ORIENTED_EDGE('',*,*,#5180,.F.);
#3906=ORIENTED_EDGE('',*,*,#5866,.F.);
#3907=ORIENTED_EDGE('',*,*,#5867,.T.);
#3908=ORIENTED_EDGE('',*,*,#5864,.T.);
#3909=ORIENTED_EDGE('',*,*,#5179,.F.);
#3910=ORIENTED_EDGE('',*,*,#5868,.F.);
#3911=ORIENTED_EDGE('',*,*,#5869,.T.);
#3912=ORIENTED_EDGE('',*,*,#5866,.T.);
#3913=ORIENTED_EDGE('',*,*,#5178,.F.);
#3914=ORIENTED_EDGE('',*,*,#5870,.F.);
#3915=ORIENTED_EDGE('',*,*,#5871,.T.);
#3916=ORIENTED_EDGE('',*,*,#5868,.T.);
#3917=ORIENTED_EDGE('',*,*,#5177,.F.);
#3918=ORIENTED_EDGE('',*,*,#5872,.F.);
#3919=ORIENTED_EDGE('',*,*,#5873,.T.);
#3920=ORIENTED_EDGE('',*,*,#5870,.T.);
#3921=ORIENTED_EDGE('',*,*,#5176,.F.);
#3922=ORIENTED_EDGE('',*,*,#5874,.F.);
#3923=ORIENTED_EDGE('',*,*,#5875,.T.);
#3924=ORIENTED_EDGE('',*,*,#5872,.T.);
#3925=ORIENTED_EDGE('',*,*,#5175,.F.);
#3926=ORIENTED_EDGE('',*,*,#5876,.F.);
#3927=ORIENTED_EDGE('',*,*,#5877,.T.);
#3928=ORIENTED_EDGE('',*,*,#5874,.T.);
#3929=ORIENTED_EDGE('',*,*,#5174,.F.);
#3930=ORIENTED_EDGE('',*,*,#5878,.F.);
#3931=ORIENTED_EDGE('',*,*,#5879,.T.);
#3932=ORIENTED_EDGE('',*,*,#5876,.T.);
#3933=ORIENTED_EDGE('',*,*,#5173,.F.);
#3934=ORIENTED_EDGE('',*,*,#5880,.F.);
#3935=ORIENTED_EDGE('',*,*,#5881,.T.);
#3936=ORIENTED_EDGE('',*,*,#5878,.T.);
#3937=ORIENTED_EDGE('',*,*,#5172,.F.);
#3938=ORIENTED_EDGE('',*,*,#5882,.F.);
#3939=ORIENTED_EDGE('',*,*,#5883,.T.);
#3940=ORIENTED_EDGE('',*,*,#5880,.T.);
#3941=ORIENTED_EDGE('',*,*,#5171,.F.);
#3942=ORIENTED_EDGE('',*,*,#5884,.F.);
#3943=ORIENTED_EDGE('',*,*,#5885,.T.);
#3944=ORIENTED_EDGE('',*,*,#5882,.T.);
#3945=ORIENTED_EDGE('',*,*,#5170,.F.);
#3946=ORIENTED_EDGE('',*,*,#5886,.F.);
#3947=ORIENTED_EDGE('',*,*,#5887,.T.);
#3948=ORIENTED_EDGE('',*,*,#5884,.T.);
#3949=ORIENTED_EDGE('',*,*,#5169,.F.);
#3950=ORIENTED_EDGE('',*,*,#5888,.F.);
#3951=ORIENTED_EDGE('',*,*,#5889,.T.);
#3952=ORIENTED_EDGE('',*,*,#5886,.T.);
#3953=ORIENTED_EDGE('',*,*,#5168,.F.);
#3954=ORIENTED_EDGE('',*,*,#5890,.F.);
#3955=ORIENTED_EDGE('',*,*,#5891,.T.);
#3956=ORIENTED_EDGE('',*,*,#5888,.T.);
#3957=ORIENTED_EDGE('',*,*,#5167,.F.);
#3958=ORIENTED_EDGE('',*,*,#5892,.F.);
#3959=ORIENTED_EDGE('',*,*,#5893,.T.);
#3960=ORIENTED_EDGE('',*,*,#5890,.T.);
#3961=ORIENTED_EDGE('',*,*,#5166,.F.);
#3962=ORIENTED_EDGE('',*,*,#5849,.F.);
#3963=ORIENTED_EDGE('',*,*,#5894,.T.);
#3964=ORIENTED_EDGE('',*,*,#5892,.T.);
#3965=ORIENTED_EDGE('',*,*,#5848,.F.);
#3966=ORIENTED_EDGE('',*,*,#5851,.F.);
#3967=ORIENTED_EDGE('',*,*,#5853,.F.);
#3968=ORIENTED_EDGE('',*,*,#5855,.F.);
#3969=ORIENTED_EDGE('',*,*,#5857,.F.);
#3970=ORIENTED_EDGE('',*,*,#5859,.F.);
#3971=ORIENTED_EDGE('',*,*,#5861,.F.);
#3972=ORIENTED_EDGE('',*,*,#5863,.F.);
#3973=ORIENTED_EDGE('',*,*,#5865,.F.);
#3974=ORIENTED_EDGE('',*,*,#5867,.F.);
#3975=ORIENTED_EDGE('',*,*,#5869,.F.);
#3976=ORIENTED_EDGE('',*,*,#5871,.F.);
#3977=ORIENTED_EDGE('',*,*,#5873,.F.);
#3978=ORIENTED_EDGE('',*,*,#5875,.F.);
#3979=ORIENTED_EDGE('',*,*,#5877,.F.);
#3980=ORIENTED_EDGE('',*,*,#5879,.F.);
#3981=ORIENTED_EDGE('',*,*,#5881,.F.);
#3982=ORIENTED_EDGE('',*,*,#5883,.F.);
#3983=ORIENTED_EDGE('',*,*,#5885,.F.);
#3984=ORIENTED_EDGE('',*,*,#5887,.F.);
#3985=ORIENTED_EDGE('',*,*,#5889,.F.);
#3986=ORIENTED_EDGE('',*,*,#5891,.F.);
#3987=ORIENTED_EDGE('',*,*,#5893,.F.);
#3988=ORIENTED_EDGE('',*,*,#5894,.F.);
#3989=ORIENTED_EDGE('',*,*,#5189,.F.);
#3990=ORIENTED_EDGE('',*,*,#5895,.F.);
#3991=ORIENTED_EDGE('',*,*,#5896,.T.);
#3992=ORIENTED_EDGE('',*,*,#5897,.T.);
#3993=ORIENTED_EDGE('',*,*,#5188,.F.);
#3994=ORIENTED_EDGE('',*,*,#5898,.F.);
#3995=ORIENTED_EDGE('',*,*,#5899,.T.);
#3996=ORIENTED_EDGE('',*,*,#5895,.T.);
#3997=ORIENTED_EDGE('',*,*,#5200,.F.);
#3998=ORIENTED_EDGE('',*,*,#5900,.F.);
#3999=ORIENTED_EDGE('',*,*,#5901,.T.);
#4000=ORIENTED_EDGE('',*,*,#5898,.T.);
#4001=ORIENTED_EDGE('',*,*,#5199,.F.);
#4002=ORIENTED_EDGE('',*,*,#5902,.F.);
#4003=ORIENTED_EDGE('',*,*,#5903,.T.);
#4004=ORIENTED_EDGE('',*,*,#5900,.T.);
#4005=ORIENTED_EDGE('',*,*,#5198,.F.);
#4006=ORIENTED_EDGE('',*,*,#5904,.F.);
#4007=ORIENTED_EDGE('',*,*,#5905,.T.);
#4008=ORIENTED_EDGE('',*,*,#5902,.T.);
#4009=ORIENTED_EDGE('',*,*,#5197,.F.);
#4010=ORIENTED_EDGE('',*,*,#5906,.F.);
#4011=ORIENTED_EDGE('',*,*,#5907,.T.);
#4012=ORIENTED_EDGE('',*,*,#5904,.T.);
#4013=ORIENTED_EDGE('',*,*,#5196,.F.);
#4014=ORIENTED_EDGE('',*,*,#5908,.F.);
#4015=ORIENTED_EDGE('',*,*,#5909,.T.);
#4016=ORIENTED_EDGE('',*,*,#5906,.T.);
#4017=ORIENTED_EDGE('',*,*,#5195,.F.);
#4018=ORIENTED_EDGE('',*,*,#5910,.F.);
#4019=ORIENTED_EDGE('',*,*,#5911,.T.);
#4020=ORIENTED_EDGE('',*,*,#5908,.T.);
#4021=ORIENTED_EDGE('',*,*,#5194,.F.);
#4022=ORIENTED_EDGE('',*,*,#5912,.F.);
#4023=ORIENTED_EDGE('',*,*,#5913,.T.);
#4024=ORIENTED_EDGE('',*,*,#5910,.T.);
#4025=ORIENTED_EDGE('',*,*,#5193,.F.);
#4026=ORIENTED_EDGE('',*,*,#5914,.F.);
#4027=ORIENTED_EDGE('',*,*,#5915,.T.);
#4028=ORIENTED_EDGE('',*,*,#5912,.T.);
#4029=ORIENTED_EDGE('',*,*,#5192,.F.);
#4030=ORIENTED_EDGE('',*,*,#5916,.F.);
#4031=ORIENTED_EDGE('',*,*,#5917,.T.);
#4032=ORIENTED_EDGE('',*,*,#5914,.T.);
#4033=ORIENTED_EDGE('',*,*,#5191,.F.);
#4034=ORIENTED_EDGE('',*,*,#5918,.F.);
#4035=ORIENTED_EDGE('',*,*,#5919,.T.);
#4036=ORIENTED_EDGE('',*,*,#5916,.T.);
#4037=ORIENTED_EDGE('',*,*,#5190,.F.);
#4038=ORIENTED_EDGE('',*,*,#5897,.F.);
#4039=ORIENTED_EDGE('',*,*,#5920,.T.);
#4040=ORIENTED_EDGE('',*,*,#5918,.T.);
#4041=ORIENTED_EDGE('',*,*,#5896,.F.);
#4042=ORIENTED_EDGE('',*,*,#5899,.F.);
#4043=ORIENTED_EDGE('',*,*,#5901,.F.);
#4044=ORIENTED_EDGE('',*,*,#5903,.F.);
#4045=ORIENTED_EDGE('',*,*,#5905,.F.);
#4046=ORIENTED_EDGE('',*,*,#5907,.F.);
#4047=ORIENTED_EDGE('',*,*,#5909,.F.);
#4048=ORIENTED_EDGE('',*,*,#5911,.F.);
#4049=ORIENTED_EDGE('',*,*,#5913,.F.);
#4050=ORIENTED_EDGE('',*,*,#5915,.F.);
#4051=ORIENTED_EDGE('',*,*,#5917,.F.);
#4052=ORIENTED_EDGE('',*,*,#5919,.F.);
#4053=ORIENTED_EDGE('',*,*,#5920,.F.);
#4054=ORIENTED_EDGE('',*,*,#5202,.F.);
#4055=ORIENTED_EDGE('',*,*,#5921,.F.);
#4056=ORIENTED_EDGE('',*,*,#5922,.T.);
#4057=ORIENTED_EDGE('',*,*,#5923,.T.);
#4058=ORIENTED_EDGE('',*,*,#5201,.F.);
#4059=ORIENTED_EDGE('',*,*,#5924,.F.);
#4060=ORIENTED_EDGE('',*,*,#5925,.T.);
#4061=ORIENTED_EDGE('',*,*,#5921,.T.);
#4062=ORIENTED_EDGE('',*,*,#5205,.F.);
#4063=ORIENTED_EDGE('',*,*,#5926,.F.);
#4064=ORIENTED_EDGE('',*,*,#5927,.T.);
#4065=ORIENTED_EDGE('',*,*,#5924,.T.);
#4066=ORIENTED_EDGE('',*,*,#5204,.F.);
#4067=ORIENTED_EDGE('',*,*,#5928,.F.);
#4068=ORIENTED_EDGE('',*,*,#5929,.T.);
#4069=ORIENTED_EDGE('',*,*,#5926,.T.);
#4070=ORIENTED_EDGE('',*,*,#5203,.F.);
#4071=ORIENTED_EDGE('',*,*,#5923,.F.);
#4072=ORIENTED_EDGE('',*,*,#5930,.T.);
#4073=ORIENTED_EDGE('',*,*,#5928,.T.);
#4074=ORIENTED_EDGE('',*,*,#5922,.F.);
#4075=ORIENTED_EDGE('',*,*,#5925,.F.);
#4076=ORIENTED_EDGE('',*,*,#5927,.F.);
#4077=ORIENTED_EDGE('',*,*,#5929,.F.);
#4078=ORIENTED_EDGE('',*,*,#5930,.F.);
#4079=ORIENTED_EDGE('',*,*,#5207,.F.);
#4080=ORIENTED_EDGE('',*,*,#5931,.F.);
#4081=ORIENTED_EDGE('',*,*,#5932,.T.);
#4082=ORIENTED_EDGE('',*,*,#5933,.T.);
#4083=ORIENTED_EDGE('',*,*,#5206,.F.);
#4084=ORIENTED_EDGE('',*,*,#5934,.F.);
#4085=ORIENTED_EDGE('',*,*,#5935,.T.);
#4086=ORIENTED_EDGE('',*,*,#5931,.T.);
#4087=ORIENTED_EDGE('',*,*,#5229,.F.);
#4088=ORIENTED_EDGE('',*,*,#5936,.F.);
#4089=ORIENTED_EDGE('',*,*,#5937,.T.);
#4090=ORIENTED_EDGE('',*,*,#5934,.T.);
#4091=ORIENTED_EDGE('',*,*,#5228,.F.);
#4092=ORIENTED_EDGE('',*,*,#5938,.F.);
#4093=ORIENTED_EDGE('',*,*,#5939,.T.);
#4094=ORIENTED_EDGE('',*,*,#5936,.T.);
#4095=ORIENTED_EDGE('',*,*,#5227,.F.);
#4096=ORIENTED_EDGE('',*,*,#5940,.F.);
#4097=ORIENTED_EDGE('',*,*,#5941,.T.);
#4098=ORIENTED_EDGE('',*,*,#5938,.T.);
#4099=ORIENTED_EDGE('',*,*,#5226,.F.);
#4100=ORIENTED_EDGE('',*,*,#5942,.F.);
#4101=ORIENTED_EDGE('',*,*,#5943,.T.);
#4102=ORIENTED_EDGE('',*,*,#5940,.T.);
#4103=ORIENTED_EDGE('',*,*,#5225,.F.);
#4104=ORIENTED_EDGE('',*,*,#5944,.F.);
#4105=ORIENTED_EDGE('',*,*,#5945,.T.);
#4106=ORIENTED_EDGE('',*,*,#5942,.T.);
#4107=ORIENTED_EDGE('',*,*,#5224,.F.);
#4108=ORIENTED_EDGE('',*,*,#5946,.F.);
#4109=ORIENTED_EDGE('',*,*,#5947,.T.);
#4110=ORIENTED_EDGE('',*,*,#5944,.T.);
#4111=ORIENTED_EDGE('',*,*,#5223,.F.);
#4112=ORIENTED_EDGE('',*,*,#5948,.F.);
#4113=ORIENTED_EDGE('',*,*,#5949,.T.);
#4114=ORIENTED_EDGE('',*,*,#5946,.T.);
#4115=ORIENTED_EDGE('',*,*,#5222,.F.);
#4116=ORIENTED_EDGE('',*,*,#5950,.F.);
#4117=ORIENTED_EDGE('',*,*,#5951,.T.);
#4118=ORIENTED_EDGE('',*,*,#5948,.T.);
#4119=ORIENTED_EDGE('',*,*,#5221,.F.);
#4120=ORIENTED_EDGE('',*,*,#5952,.F.);
#4121=ORIENTED_EDGE('',*,*,#5953,.T.);
#4122=ORIENTED_EDGE('',*,*,#5950,.T.);
#4123=ORIENTED_EDGE('',*,*,#5220,.F.);
#4124=ORIENTED_EDGE('',*,*,#5954,.F.);
#4125=ORIENTED_EDGE('',*,*,#5955,.T.);
#4126=ORIENTED_EDGE('',*,*,#5952,.T.);
#4127=ORIENTED_EDGE('',*,*,#5219,.F.);
#4128=ORIENTED_EDGE('',*,*,#5956,.F.);
#4129=ORIENTED_EDGE('',*,*,#5957,.T.);
#4130=ORIENTED_EDGE('',*,*,#5954,.T.);
#4131=ORIENTED_EDGE('',*,*,#5218,.F.);
#4132=ORIENTED_EDGE('',*,*,#5958,.F.);
#4133=ORIENTED_EDGE('',*,*,#5959,.T.);
#4134=ORIENTED_EDGE('',*,*,#5956,.T.);
#4135=ORIENTED_EDGE('',*,*,#5217,.F.);
#4136=ORIENTED_EDGE('',*,*,#5960,.F.);
#4137=ORIENTED_EDGE('',*,*,#5961,.T.);
#4138=ORIENTED_EDGE('',*,*,#5958,.T.);
#4139=ORIENTED_EDGE('',*,*,#5216,.F.);
#4140=ORIENTED_EDGE('',*,*,#5962,.F.);
#4141=ORIENTED_EDGE('',*,*,#5963,.T.);
#4142=ORIENTED_EDGE('',*,*,#5960,.T.);
#4143=ORIENTED_EDGE('',*,*,#5215,.F.);
#4144=ORIENTED_EDGE('',*,*,#5964,.F.);
#4145=ORIENTED_EDGE('',*,*,#5965,.T.);
#4146=ORIENTED_EDGE('',*,*,#5962,.T.);
#4147=ORIENTED_EDGE('',*,*,#5214,.F.);
#4148=ORIENTED_EDGE('',*,*,#5966,.F.);
#4149=ORIENTED_EDGE('',*,*,#5967,.T.);
#4150=ORIENTED_EDGE('',*,*,#5964,.T.);
#4151=ORIENTED_EDGE('',*,*,#5213,.F.);
#4152=ORIENTED_EDGE('',*,*,#5968,.F.);
#4153=ORIENTED_EDGE('',*,*,#5969,.T.);
#4154=ORIENTED_EDGE('',*,*,#5966,.T.);
#4155=ORIENTED_EDGE('',*,*,#5212,.F.);
#4156=ORIENTED_EDGE('',*,*,#5970,.F.);
#4157=ORIENTED_EDGE('',*,*,#5971,.T.);
#4158=ORIENTED_EDGE('',*,*,#5968,.T.);
#4159=ORIENTED_EDGE('',*,*,#5211,.F.);
#4160=ORIENTED_EDGE('',*,*,#5972,.F.);
#4161=ORIENTED_EDGE('',*,*,#5973,.T.);
#4162=ORIENTED_EDGE('',*,*,#5970,.T.);
#4163=ORIENTED_EDGE('',*,*,#5210,.F.);
#4164=ORIENTED_EDGE('',*,*,#5974,.F.);
#4165=ORIENTED_EDGE('',*,*,#5975,.T.);
#4166=ORIENTED_EDGE('',*,*,#5972,.T.);
#4167=ORIENTED_EDGE('',*,*,#5209,.F.);
#4168=ORIENTED_EDGE('',*,*,#5976,.F.);
#4169=ORIENTED_EDGE('',*,*,#5977,.T.);
#4170=ORIENTED_EDGE('',*,*,#5974,.T.);
#4171=ORIENTED_EDGE('',*,*,#5208,.F.);
#4172=ORIENTED_EDGE('',*,*,#5933,.F.);
#4173=ORIENTED_EDGE('',*,*,#5978,.T.);
#4174=ORIENTED_EDGE('',*,*,#5976,.T.);
#4175=ORIENTED_EDGE('',*,*,#5932,.F.);
#4176=ORIENTED_EDGE('',*,*,#5935,.F.);
#4177=ORIENTED_EDGE('',*,*,#5937,.F.);
#4178=ORIENTED_EDGE('',*,*,#5939,.F.);
#4179=ORIENTED_EDGE('',*,*,#5941,.F.);
#4180=ORIENTED_EDGE('',*,*,#5943,.F.);
#4181=ORIENTED_EDGE('',*,*,#5945,.F.);
#4182=ORIENTED_EDGE('',*,*,#5947,.F.);
#4183=ORIENTED_EDGE('',*,*,#5949,.F.);
#4184=ORIENTED_EDGE('',*,*,#5951,.F.);
#4185=ORIENTED_EDGE('',*,*,#5953,.F.);
#4186=ORIENTED_EDGE('',*,*,#5955,.F.);
#4187=ORIENTED_EDGE('',*,*,#5957,.F.);
#4188=ORIENTED_EDGE('',*,*,#5959,.F.);
#4189=ORIENTED_EDGE('',*,*,#5961,.F.);
#4190=ORIENTED_EDGE('',*,*,#5963,.F.);
#4191=ORIENTED_EDGE('',*,*,#5965,.F.);
#4192=ORIENTED_EDGE('',*,*,#5967,.F.);
#4193=ORIENTED_EDGE('',*,*,#5969,.F.);
#4194=ORIENTED_EDGE('',*,*,#5971,.F.);
#4195=ORIENTED_EDGE('',*,*,#5973,.F.);
#4196=ORIENTED_EDGE('',*,*,#5975,.F.);
#4197=ORIENTED_EDGE('',*,*,#5977,.F.);
#4198=ORIENTED_EDGE('',*,*,#5978,.F.);
#4199=ORIENTED_EDGE('',*,*,#5231,.F.);
#4200=ORIENTED_EDGE('',*,*,#5979,.F.);
#4201=ORIENTED_EDGE('',*,*,#5980,.T.);
#4202=ORIENTED_EDGE('',*,*,#5981,.T.);
#4203=ORIENTED_EDGE('',*,*,#5230,.F.);
#4204=ORIENTED_EDGE('',*,*,#5982,.F.);
#4205=ORIENTED_EDGE('',*,*,#5983,.T.);
#4206=ORIENTED_EDGE('',*,*,#5979,.T.);
#4207=ORIENTED_EDGE('',*,*,#5234,.F.);
#4208=ORIENTED_EDGE('',*,*,#5984,.F.);
#4209=ORIENTED_EDGE('',*,*,#5985,.T.);
#4210=ORIENTED_EDGE('',*,*,#5982,.T.);
#4211=ORIENTED_EDGE('',*,*,#5233,.F.);
#4212=ORIENTED_EDGE('',*,*,#5986,.F.);
#4213=ORIENTED_EDGE('',*,*,#5987,.T.);
#4214=ORIENTED_EDGE('',*,*,#5984,.T.);
#4215=ORIENTED_EDGE('',*,*,#5232,.F.);
#4216=ORIENTED_EDGE('',*,*,#5981,.F.);
#4217=ORIENTED_EDGE('',*,*,#5988,.T.);
#4218=ORIENTED_EDGE('',*,*,#5986,.T.);
#4219=ORIENTED_EDGE('',*,*,#5980,.F.);
#4220=ORIENTED_EDGE('',*,*,#5983,.F.);
#4221=ORIENTED_EDGE('',*,*,#5985,.F.);
#4222=ORIENTED_EDGE('',*,*,#5987,.F.);
#4223=ORIENTED_EDGE('',*,*,#5988,.F.);
#4224=ORIENTED_EDGE('',*,*,#5236,.F.);
#4225=ORIENTED_EDGE('',*,*,#5989,.F.);
#4226=ORIENTED_EDGE('',*,*,#5990,.T.);
#4227=ORIENTED_EDGE('',*,*,#5991,.T.);
#4228=ORIENTED_EDGE('',*,*,#5235,.F.);
#4229=ORIENTED_EDGE('',*,*,#5992,.F.);
#4230=ORIENTED_EDGE('',*,*,#5993,.T.);
#4231=ORIENTED_EDGE('',*,*,#5989,.T.);
#4232=ORIENTED_EDGE('',*,*,#5258,.F.);
#4233=ORIENTED_EDGE('',*,*,#5994,.F.);
#4234=ORIENTED_EDGE('',*,*,#5995,.T.);
#4235=ORIENTED_EDGE('',*,*,#5992,.T.);
#4236=ORIENTED_EDGE('',*,*,#5257,.F.);
#4237=ORIENTED_EDGE('',*,*,#5996,.F.);
#4238=ORIENTED_EDGE('',*,*,#5997,.T.);
#4239=ORIENTED_EDGE('',*,*,#5994,.T.);
#4240=ORIENTED_EDGE('',*,*,#5256,.F.);
#4241=ORIENTED_EDGE('',*,*,#5998,.F.);
#4242=ORIENTED_EDGE('',*,*,#5999,.T.);
#4243=ORIENTED_EDGE('',*,*,#5996,.T.);
#4244=ORIENTED_EDGE('',*,*,#5255,.F.);
#4245=ORIENTED_EDGE('',*,*,#6000,.F.);
#4246=ORIENTED_EDGE('',*,*,#6001,.T.);
#4247=ORIENTED_EDGE('',*,*,#5998,.T.);
#4248=ORIENTED_EDGE('',*,*,#5254,.F.);
#4249=ORIENTED_EDGE('',*,*,#6002,.F.);
#4250=ORIENTED_EDGE('',*,*,#6003,.T.);
#4251=ORIENTED_EDGE('',*,*,#6000,.T.);
#4252=ORIENTED_EDGE('',*,*,#5253,.F.);
#4253=ORIENTED_EDGE('',*,*,#6004,.F.);
#4254=ORIENTED_EDGE('',*,*,#6005,.T.);
#4255=ORIENTED_EDGE('',*,*,#6002,.T.);
#4256=ORIENTED_EDGE('',*,*,#5252,.F.);
#4257=ORIENTED_EDGE('',*,*,#6006,.F.);
#4258=ORIENTED_EDGE('',*,*,#6007,.T.);
#4259=ORIENTED_EDGE('',*,*,#6004,.T.);
#4260=ORIENTED_EDGE('',*,*,#5251,.F.);
#4261=ORIENTED_EDGE('',*,*,#6008,.F.);
#4262=ORIENTED_EDGE('',*,*,#6009,.T.);
#4263=ORIENTED_EDGE('',*,*,#6006,.T.);
#4264=ORIENTED_EDGE('',*,*,#5250,.F.);
#4265=ORIENTED_EDGE('',*,*,#6010,.F.);
#4266=ORIENTED_EDGE('',*,*,#6011,.T.);
#4267=ORIENTED_EDGE('',*,*,#6008,.T.);
#4268=ORIENTED_EDGE('',*,*,#5249,.F.);
#4269=ORIENTED_EDGE('',*,*,#6012,.F.);
#4270=ORIENTED_EDGE('',*,*,#6013,.T.);
#4271=ORIENTED_EDGE('',*,*,#6010,.T.);
#4272=ORIENTED_EDGE('',*,*,#5248,.F.);
#4273=ORIENTED_EDGE('',*,*,#6014,.F.);
#4274=ORIENTED_EDGE('',*,*,#6015,.T.);
#4275=ORIENTED_EDGE('',*,*,#6012,.T.);
#4276=ORIENTED_EDGE('',*,*,#5247,.F.);
#4277=ORIENTED_EDGE('',*,*,#6016,.F.);
#4278=ORIENTED_EDGE('',*,*,#6017,.T.);
#4279=ORIENTED_EDGE('',*,*,#6014,.T.);
#4280=ORIENTED_EDGE('',*,*,#5246,.F.);
#4281=ORIENTED_EDGE('',*,*,#6018,.F.);
#4282=ORIENTED_EDGE('',*,*,#6019,.T.);
#4283=ORIENTED_EDGE('',*,*,#6016,.T.);
#4284=ORIENTED_EDGE('',*,*,#5245,.F.);
#4285=ORIENTED_EDGE('',*,*,#6020,.F.);
#4286=ORIENTED_EDGE('',*,*,#6021,.T.);
#4287=ORIENTED_EDGE('',*,*,#6018,.T.);
#4288=ORIENTED_EDGE('',*,*,#5244,.F.);
#4289=ORIENTED_EDGE('',*,*,#6022,.F.);
#4290=ORIENTED_EDGE('',*,*,#6023,.T.);
#4291=ORIENTED_EDGE('',*,*,#6020,.T.);
#4292=ORIENTED_EDGE('',*,*,#5243,.F.);
#4293=ORIENTED_EDGE('',*,*,#6024,.F.);
#4294=ORIENTED_EDGE('',*,*,#6025,.T.);
#4295=ORIENTED_EDGE('',*,*,#6022,.T.);
#4296=ORIENTED_EDGE('',*,*,#5242,.F.);
#4297=ORIENTED_EDGE('',*,*,#6026,.F.);
#4298=ORIENTED_EDGE('',*,*,#6027,.T.);
#4299=ORIENTED_EDGE('',*,*,#6024,.T.);
#4300=ORIENTED_EDGE('',*,*,#5241,.F.);
#4301=ORIENTED_EDGE('',*,*,#6028,.F.);
#4302=ORIENTED_EDGE('',*,*,#6029,.T.);
#4303=ORIENTED_EDGE('',*,*,#6026,.T.);
#4304=ORIENTED_EDGE('',*,*,#5240,.F.);
#4305=ORIENTED_EDGE('',*,*,#6030,.F.);
#4306=ORIENTED_EDGE('',*,*,#6031,.T.);
#4307=ORIENTED_EDGE('',*,*,#6028,.T.);
#4308=ORIENTED_EDGE('',*,*,#5239,.F.);
#4309=ORIENTED_EDGE('',*,*,#6032,.F.);
#4310=ORIENTED_EDGE('',*,*,#6033,.T.);
#4311=ORIENTED_EDGE('',*,*,#6030,.T.);
#4312=ORIENTED_EDGE('',*,*,#5238,.F.);
#4313=ORIENTED_EDGE('',*,*,#6034,.F.);
#4314=ORIENTED_EDGE('',*,*,#6035,.T.);
#4315=ORIENTED_EDGE('',*,*,#6032,.T.);
#4316=ORIENTED_EDGE('',*,*,#5237,.F.);
#4317=ORIENTED_EDGE('',*,*,#5991,.F.);
#4318=ORIENTED_EDGE('',*,*,#6036,.T.);
#4319=ORIENTED_EDGE('',*,*,#6034,.T.);
#4320=ORIENTED_EDGE('',*,*,#5990,.F.);
#4321=ORIENTED_EDGE('',*,*,#5993,.F.);
#4322=ORIENTED_EDGE('',*,*,#5995,.F.);
#4323=ORIENTED_EDGE('',*,*,#5997,.F.);
#4324=ORIENTED_EDGE('',*,*,#5999,.F.);
#4325=ORIENTED_EDGE('',*,*,#6001,.F.);
#4326=ORIENTED_EDGE('',*,*,#6003,.F.);
#4327=ORIENTED_EDGE('',*,*,#6005,.F.);
#4328=ORIENTED_EDGE('',*,*,#6007,.F.);
#4329=ORIENTED_EDGE('',*,*,#6009,.F.);
#4330=ORIENTED_EDGE('',*,*,#6011,.F.);
#4331=ORIENTED_EDGE('',*,*,#6013,.F.);
#4332=ORIENTED_EDGE('',*,*,#6015,.F.);
#4333=ORIENTED_EDGE('',*,*,#6017,.F.);
#4334=ORIENTED_EDGE('',*,*,#6019,.F.);
#4335=ORIENTED_EDGE('',*,*,#6021,.F.);
#4336=ORIENTED_EDGE('',*,*,#6023,.F.);
#4337=ORIENTED_EDGE('',*,*,#6025,.F.);
#4338=ORIENTED_EDGE('',*,*,#6027,.F.);
#4339=ORIENTED_EDGE('',*,*,#6029,.F.);
#4340=ORIENTED_EDGE('',*,*,#6031,.F.);
#4341=ORIENTED_EDGE('',*,*,#6033,.F.);
#4342=ORIENTED_EDGE('',*,*,#6035,.F.);
#4343=ORIENTED_EDGE('',*,*,#6036,.F.);
#4344=ORIENTED_EDGE('',*,*,#5260,.F.);
#4345=ORIENTED_EDGE('',*,*,#6037,.F.);
#4346=ORIENTED_EDGE('',*,*,#6038,.T.);
#4347=ORIENTED_EDGE('',*,*,#6039,.T.);
#4348=ORIENTED_EDGE('',*,*,#5259,.F.);
#4349=ORIENTED_EDGE('',*,*,#6040,.F.);
#4350=ORIENTED_EDGE('',*,*,#6041,.T.);
#4351=ORIENTED_EDGE('',*,*,#6037,.T.);
#4352=ORIENTED_EDGE('',*,*,#5263,.F.);
#4353=ORIENTED_EDGE('',*,*,#6042,.F.);
#4354=ORIENTED_EDGE('',*,*,#6043,.T.);
#4355=ORIENTED_EDGE('',*,*,#6040,.T.);
#4356=ORIENTED_EDGE('',*,*,#5262,.F.);
#4357=ORIENTED_EDGE('',*,*,#6044,.F.);
#4358=ORIENTED_EDGE('',*,*,#6045,.T.);
#4359=ORIENTED_EDGE('',*,*,#6042,.T.);
#4360=ORIENTED_EDGE('',*,*,#5261,.F.);
#4361=ORIENTED_EDGE('',*,*,#6039,.F.);
#4362=ORIENTED_EDGE('',*,*,#6046,.T.);
#4363=ORIENTED_EDGE('',*,*,#6044,.T.);
#4364=ORIENTED_EDGE('',*,*,#6038,.F.);
#4365=ORIENTED_EDGE('',*,*,#6041,.F.);
#4366=ORIENTED_EDGE('',*,*,#6043,.F.);
#4367=ORIENTED_EDGE('',*,*,#6045,.F.);
#4368=ORIENTED_EDGE('',*,*,#6046,.F.);
#4369=ORIENTED_EDGE('',*,*,#5265,.F.);
#4370=ORIENTED_EDGE('',*,*,#6047,.F.);
#4371=ORIENTED_EDGE('',*,*,#6048,.T.);
#4372=ORIENTED_EDGE('',*,*,#6049,.T.);
#4373=ORIENTED_EDGE('',*,*,#5264,.F.);
#4374=ORIENTED_EDGE('',*,*,#6050,.F.);
#4375=ORIENTED_EDGE('',*,*,#6051,.T.);
#4376=ORIENTED_EDGE('',*,*,#6047,.T.);
#4377=ORIENTED_EDGE('',*,*,#5267,.F.);
#4378=ORIENTED_EDGE('',*,*,#6052,.F.);
#4379=ORIENTED_EDGE('',*,*,#6053,.T.);
#4380=ORIENTED_EDGE('',*,*,#6050,.T.);
#4381=ORIENTED_EDGE('',*,*,#5266,.F.);
#4382=ORIENTED_EDGE('',*,*,#6049,.F.);
#4383=ORIENTED_EDGE('',*,*,#6054,.T.);
#4384=ORIENTED_EDGE('',*,*,#6052,.T.);
#4385=ORIENTED_EDGE('',*,*,#6048,.F.);
#4386=ORIENTED_EDGE('',*,*,#6051,.F.);
#4387=ORIENTED_EDGE('',*,*,#6053,.F.);
#4388=ORIENTED_EDGE('',*,*,#6054,.F.);
#4389=ORIENTED_EDGE('',*,*,#5269,.F.);
#4390=ORIENTED_EDGE('',*,*,#6055,.F.);
#4391=ORIENTED_EDGE('',*,*,#6056,.T.);
#4392=ORIENTED_EDGE('',*,*,#6057,.T.);
#4393=ORIENTED_EDGE('',*,*,#5268,.F.);
#4394=ORIENTED_EDGE('',*,*,#6058,.F.);
#4395=ORIENTED_EDGE('',*,*,#6059,.T.);
#4396=ORIENTED_EDGE('',*,*,#6055,.T.);
#4397=ORIENTED_EDGE('',*,*,#5274,.F.);
#4398=ORIENTED_EDGE('',*,*,#6060,.F.);
#4399=ORIENTED_EDGE('',*,*,#6061,.T.);
#4400=ORIENTED_EDGE('',*,*,#6058,.T.);
#4401=ORIENTED_EDGE('',*,*,#5273,.F.);
#4402=ORIENTED_EDGE('',*,*,#6062,.F.);
#4403=ORIENTED_EDGE('',*,*,#6063,.T.);
#4404=ORIENTED_EDGE('',*,*,#6060,.T.);
#4405=ORIENTED_EDGE('',*,*,#5272,.F.);
#4406=ORIENTED_EDGE('',*,*,#6064,.F.);
#4407=ORIENTED_EDGE('',*,*,#6065,.T.);
#4408=ORIENTED_EDGE('',*,*,#6062,.T.);
#4409=ORIENTED_EDGE('',*,*,#5271,.F.);
#4410=ORIENTED_EDGE('',*,*,#6066,.F.);
#4411=ORIENTED_EDGE('',*,*,#6067,.T.);
#4412=ORIENTED_EDGE('',*,*,#6064,.T.);
#4413=ORIENTED_EDGE('',*,*,#5270,.F.);
#4414=ORIENTED_EDGE('',*,*,#6057,.F.);
#4415=ORIENTED_EDGE('',*,*,#6068,.T.);
#4416=ORIENTED_EDGE('',*,*,#6066,.T.);
#4417=ORIENTED_EDGE('',*,*,#6056,.F.);
#4418=ORIENTED_EDGE('',*,*,#6059,.F.);
#4419=ORIENTED_EDGE('',*,*,#6061,.F.);
#4420=ORIENTED_EDGE('',*,*,#6063,.F.);
#4421=ORIENTED_EDGE('',*,*,#6065,.F.);
#4422=ORIENTED_EDGE('',*,*,#6067,.F.);
#4423=ORIENTED_EDGE('',*,*,#6068,.F.);
#4424=ORIENTED_EDGE('',*,*,#5276,.F.);
#4425=ORIENTED_EDGE('',*,*,#6069,.F.);
#4426=ORIENTED_EDGE('',*,*,#6070,.T.);
#4427=ORIENTED_EDGE('',*,*,#6071,.T.);
#4428=ORIENTED_EDGE('',*,*,#5275,.F.);
#4429=ORIENTED_EDGE('',*,*,#6072,.F.);
#4430=ORIENTED_EDGE('',*,*,#6073,.T.);
#4431=ORIENTED_EDGE('',*,*,#6069,.T.);
#4432=ORIENTED_EDGE('',*,*,#5278,.F.);
#4433=ORIENTED_EDGE('',*,*,#6074,.F.);
#4434=ORIENTED_EDGE('',*,*,#6075,.T.);
#4435=ORIENTED_EDGE('',*,*,#6072,.T.);
#4436=ORIENTED_EDGE('',*,*,#5277,.F.);
#4437=ORIENTED_EDGE('',*,*,#6071,.F.);
#4438=ORIENTED_EDGE('',*,*,#6076,.T.);
#4439=ORIENTED_EDGE('',*,*,#6074,.T.);
#4440=ORIENTED_EDGE('',*,*,#6070,.F.);
#4441=ORIENTED_EDGE('',*,*,#6073,.F.);
#4442=ORIENTED_EDGE('',*,*,#6075,.F.);
#4443=ORIENTED_EDGE('',*,*,#6076,.F.);
#4444=ORIENTED_EDGE('',*,*,#6077,.F.);
#4445=ORIENTED_EDGE('',*,*,#6078,.F.);
#4446=ORIENTED_EDGE('',*,*,#6079,.T.);
#4447=ORIENTED_EDGE('',*,*,#6080,.T.);
#4448=ORIENTED_EDGE('',*,*,#6081,.F.);
#4449=ORIENTED_EDGE('',*,*,#6082,.T.);
#4450=ORIENTED_EDGE('',*,*,#6083,.F.);
#4451=ORIENTED_EDGE('',*,*,#6084,.F.);
#4452=ORIENTED_EDGE('',*,*,#6085,.T.);
#4453=ORIENTED_EDGE('',*,*,#6086,.T.);
#4454=ORIENTED_EDGE('',*,*,#6087,.T.);
#4455=ORIENTED_EDGE('',*,*,#6088,.T.);
#4456=ORIENTED_EDGE('',*,*,#6089,.T.);
#4457=ORIENTED_EDGE('',*,*,#6090,.F.);
#4458=ORIENTED_EDGE('',*,*,#6091,.F.);
#4459=ORIENTED_EDGE('',*,*,#6092,.F.);
#4460=ORIENTED_EDGE('',*,*,#6093,.T.);
#4461=ORIENTED_EDGE('',*,*,#6094,.F.);
#4462=ORIENTED_EDGE('',*,*,#6095,.F.);
#4463=ORIENTED_EDGE('',*,*,#6096,.T.);
#4464=ORIENTED_EDGE('',*,*,#6097,.F.);
#4465=ORIENTED_EDGE('',*,*,#6098,.T.);
#4466=ORIENTED_EDGE('',*,*,#6099,.F.);
#4467=ORIENTED_EDGE('',*,*,#6100,.F.);
#4468=ORIENTED_EDGE('',*,*,#6101,.F.);
#4469=ORIENTED_EDGE('',*,*,#6102,.F.);
#4470=ORIENTED_EDGE('',*,*,#6103,.F.);
#4471=ORIENTED_EDGE('',*,*,#6104,.T.);
#4472=ORIENTED_EDGE('',*,*,#6105,.T.);
#4473=ORIENTED_EDGE('',*,*,#6106,.F.);
#4474=ORIENTED_EDGE('',*,*,#6107,.F.);
#4475=ORIENTED_EDGE('',*,*,#6108,.T.);
#4476=ORIENTED_EDGE('',*,*,#6109,.T.);
#4477=ORIENTED_EDGE('',*,*,#6110,.F.);
#4478=ORIENTED_EDGE('',*,*,#6111,.F.);
#4479=ORIENTED_EDGE('',*,*,#6112,.T.);
#4480=ORIENTED_EDGE('',*,*,#6113,.T.);
#4481=ORIENTED_EDGE('',*,*,#6114,.F.);
#4482=ORIENTED_EDGE('',*,*,#6115,.F.);
#4483=ORIENTED_EDGE('',*,*,#6111,.T.);
#4484=ORIENTED_EDGE('',*,*,#6116,.T.);
#4485=ORIENTED_EDGE('',*,*,#6117,.F.);
#4486=ORIENTED_EDGE('',*,*,#6118,.F.);
#4487=ORIENTED_EDGE('',*,*,#6117,.T.);
#4488=ORIENTED_EDGE('',*,*,#6119,.T.);
#4489=ORIENTED_EDGE('',*,*,#6120,.F.);
#4490=ORIENTED_EDGE('',*,*,#6113,.F.);
#4491=ORIENTED_EDGE('',*,*,#6121,.T.);
#4492=ORIENTED_EDGE('',*,*,#6120,.T.);
#4493=ORIENTED_EDGE('',*,*,#6122,.F.);
#4494=ORIENTED_EDGE('',*,*,#6123,.T.);
#4495=ORIENTED_EDGE('',*,*,#6084,.T.);
#4496=ORIENTED_EDGE('',*,*,#6124,.F.);
#4497=ORIENTED_EDGE('',*,*,#6104,.F.);
#4498=ORIENTED_EDGE('',*,*,#6114,.T.);
#4499=ORIENTED_EDGE('',*,*,#6122,.T.);
#4500=ORIENTED_EDGE('',*,*,#6119,.F.);
#4501=ORIENTED_EDGE('',*,*,#6116,.F.);
#4502=ORIENTED_EDGE('',*,*,#6125,.T.);
#4503=ORIENTED_EDGE('',*,*,#6126,.T.);
#4504=ORIENTED_EDGE('',*,*,#6127,.T.);
#4505=ORIENTED_EDGE('',*,*,#6128,.F.);
#4506=ORIENTED_EDGE('',*,*,#6129,.T.);
#4507=ORIENTED_EDGE('',*,*,#6130,.T.);
#4508=ORIENTED_EDGE('',*,*,#6131,.F.);
#4509=ORIENTED_EDGE('',*,*,#6132,.T.);
#4510=ORIENTED_EDGE('',*,*,#6133,.T.);
#4511=ORIENTED_EDGE('',*,*,#6134,.T.);
#4512=ORIENTED_EDGE('',*,*,#6135,.F.);
#4513=ORIENTED_EDGE('',*,*,#6136,.T.);
#4514=ORIENTED_EDGE('',*,*,#6137,.F.);
#4515=ORIENTED_EDGE('',*,*,#6138,.F.);
#4516=ORIENTED_EDGE('',*,*,#6085,.F.);
#4517=ORIENTED_EDGE('',*,*,#6123,.F.);
#4518=ORIENTED_EDGE('',*,*,#6103,.T.);
#4519=ORIENTED_EDGE('',*,*,#6139,.T.);
#4520=ORIENTED_EDGE('',*,*,#6140,.F.);
#4521=ORIENTED_EDGE('',*,*,#6141,.T.);
#4522=ORIENTED_EDGE('',*,*,#6129,.F.);
#4523=ORIENTED_EDGE('',*,*,#6142,.F.);
#4524=ORIENTED_EDGE('',*,*,#6143,.F.);
#4525=ORIENTED_EDGE('',*,*,#6144,.T.);
#4526=ORIENTED_EDGE('',*,*,#6132,.F.);
#4527=ORIENTED_EDGE('',*,*,#6145,.F.);
#4528=ORIENTED_EDGE('',*,*,#6146,.F.);
#4529=ORIENTED_EDGE('',*,*,#6139,.F.);
#4530=ORIENTED_EDGE('',*,*,#6106,.T.);
#4531=ORIENTED_EDGE('',*,*,#6147,.T.);
#4532=ORIENTED_EDGE('',*,*,#6136,.F.);
#4533=ORIENTED_EDGE('',*,*,#6148,.F.);
#4534=ORIENTED_EDGE('',*,*,#6149,.F.);
#4535=ORIENTED_EDGE('',*,*,#6150,.T.);
#4536=ORIENTED_EDGE('',*,*,#6124,.T.);
#4537=ORIENTED_EDGE('',*,*,#6083,.T.);
#4538=ORIENTED_EDGE('',*,*,#6151,.F.);
#4539=ORIENTED_EDGE('',*,*,#6152,.T.);
#4540=ORIENTED_EDGE('',*,*,#6153,.T.);
#4541=ORIENTED_EDGE('',*,*,#6137,.T.);
#4542=ORIENTED_EDGE('',*,*,#6147,.F.);
#4543=ORIENTED_EDGE('',*,*,#6105,.F.);
#4544=ORIENTED_EDGE('',*,*,#6086,.F.);
#4545=ORIENTED_EDGE('',*,*,#6144,.F.);
#4546=ORIENTED_EDGE('',*,*,#6154,.T.);
#4547=ORIENTED_EDGE('',*,*,#6155,.T.);
#4548=ORIENTED_EDGE('',*,*,#6128,.T.);
#4549=ORIENTED_EDGE('',*,*,#6156,.F.);
#4550=ORIENTED_EDGE('',*,*,#6157,.F.);
#4551=ORIENTED_EDGE('',*,*,#6142,.T.);
#4552=ORIENTED_EDGE('',*,*,#6127,.F.);
#4553=ORIENTED_EDGE('',*,*,#6158,.F.);
#4554=ORIENTED_EDGE('',*,*,#6155,.F.);
#4555=ORIENTED_EDGE('',*,*,#6159,.T.);
#4556=ORIENTED_EDGE('',*,*,#6156,.T.);
#4557=ORIENTED_EDGE('',*,*,#6154,.F.);
#4558=ORIENTED_EDGE('',*,*,#6143,.T.);
#4559=ORIENTED_EDGE('',*,*,#6157,.T.);
#4560=ORIENTED_EDGE('',*,*,#6159,.F.);
#4561=ORIENTED_EDGE('',*,*,#6125,.F.);
#4562=ORIENTED_EDGE('',*,*,#6160,.F.);
#4563=ORIENTED_EDGE('',*,*,#6161,.T.);
#4564=ORIENTED_EDGE('',*,*,#6162,.T.);
#4565=ORIENTED_EDGE('',*,*,#6163,.T.);
#4566=ORIENTED_EDGE('',*,*,#6138,.T.);
#4567=ORIENTED_EDGE('',*,*,#6153,.F.);
#4568=ORIENTED_EDGE('',*,*,#6164,.F.);
#4569=ORIENTED_EDGE('',*,*,#6160,.T.);
#4570=ORIENTED_EDGE('',*,*,#6082,.F.);
#4571=ORIENTED_EDGE('',*,*,#6162,.F.);
#4572=ORIENTED_EDGE('',*,*,#6165,.T.);
#4573=ORIENTED_EDGE('',*,*,#6151,.T.);
#4574=ORIENTED_EDGE('',*,*,#6161,.F.);
#4575=ORIENTED_EDGE('',*,*,#6164,.T.);
#4576=ORIENTED_EDGE('',*,*,#6152,.F.);
#4577=ORIENTED_EDGE('',*,*,#6165,.F.);
#4578=ORIENTED_EDGE('',*,*,#6135,.T.);
#4579=ORIENTED_EDGE('',*,*,#6166,.F.);
#4580=ORIENTED_EDGE('',*,*,#6167,.F.);
#4581=ORIENTED_EDGE('',*,*,#6148,.T.);
#4582=ORIENTED_EDGE('',*,*,#6134,.F.);
#4583=ORIENTED_EDGE('',*,*,#6168,.F.);
#4584=ORIENTED_EDGE('',*,*,#6169,.T.);
#4585=ORIENTED_EDGE('',*,*,#6166,.T.);
#4586=ORIENTED_EDGE('',*,*,#6133,.F.);
#4587=ORIENTED_EDGE('',*,*,#6150,.F.);
#4588=ORIENTED_EDGE('',*,*,#6170,.T.);
#4589=ORIENTED_EDGE('',*,*,#6168,.T.);
#4590=ORIENTED_EDGE('',*,*,#6149,.T.);
#4591=ORIENTED_EDGE('',*,*,#6167,.T.);
#4592=ORIENTED_EDGE('',*,*,#6169,.F.);
#4593=ORIENTED_EDGE('',*,*,#6170,.F.);
#4594=ORIENTED_EDGE('',*,*,#6130,.F.);
#4595=ORIENTED_EDGE('',*,*,#6141,.F.);
#4596=ORIENTED_EDGE('',*,*,#6171,.T.);
#4597=ORIENTED_EDGE('',*,*,#6172,.T.);
#4598=ORIENTED_EDGE('',*,*,#6131,.T.);
#4599=ORIENTED_EDGE('',*,*,#6172,.F.);
#4600=ORIENTED_EDGE('',*,*,#6173,.F.);
#4601=ORIENTED_EDGE('',*,*,#6145,.T.);
#4602=ORIENTED_EDGE('',*,*,#6171,.F.);
#4603=ORIENTED_EDGE('',*,*,#6140,.T.);
#4604=ORIENTED_EDGE('',*,*,#6146,.T.);
#4605=ORIENTED_EDGE('',*,*,#6173,.T.);
#4606=ORIENTED_EDGE('',*,*,#6126,.F.);
#4607=ORIENTED_EDGE('',*,*,#6163,.F.);
#4608=ORIENTED_EDGE('',*,*,#6081,.T.);
#4609=ORIENTED_EDGE('',*,*,#6158,.T.);
#4610=ORIENTED_EDGE('',*,*,#6115,.T.);
#4611=ORIENTED_EDGE('',*,*,#6118,.T.);
#4612=ORIENTED_EDGE('',*,*,#6121,.F.);
#4613=ORIENTED_EDGE('',*,*,#6112,.F.);
#4614=ORIENTED_EDGE('',*,*,#6098,.F.);
#4615=ORIENTED_EDGE('',*,*,#6174,.F.);
#4616=ORIENTED_EDGE('',*,*,#6107,.T.);
#4617=ORIENTED_EDGE('',*,*,#6175,.T.);
#4618=ORIENTED_EDGE('',*,*,#6097,.T.);
#4619=ORIENTED_EDGE('',*,*,#6176,.F.);
#4620=ORIENTED_EDGE('',*,*,#6177,.T.);
#4621=ORIENTED_EDGE('',*,*,#6178,.F.);
#4622=ORIENTED_EDGE('',*,*,#6108,.F.);
#4623=ORIENTED_EDGE('',*,*,#6174,.T.);
#4624=ORIENTED_EDGE('',*,*,#6179,.T.);
#4625=ORIENTED_EDGE('',*,*,#6180,.T.);
#4626=ORIENTED_EDGE('',*,*,#6181,.F.);
#4627=ORIENTED_EDGE('',*,*,#6182,.F.);
#4628=ORIENTED_EDGE('',*,*,#6178,.T.);
#4629=ORIENTED_EDGE('',*,*,#6183,.T.);
#4630=ORIENTED_EDGE('',*,*,#6184,.T.);
#4631=ORIENTED_EDGE('',*,*,#6092,.T.);
#4632=ORIENTED_EDGE('',*,*,#6185,.F.);
#4633=ORIENTED_EDGE('',*,*,#6186,.T.);
#4634=ORIENTED_EDGE('',*,*,#6187,.F.);
#4635=ORIENTED_EDGE('',*,*,#6109,.F.);
#4636=ORIENTED_EDGE('',*,*,#6087,.F.);
#4637=ORIENTED_EDGE('',*,*,#6175,.F.);
#4638=ORIENTED_EDGE('',*,*,#6110,.T.);
#4639=ORIENTED_EDGE('',*,*,#6187,.T.);
#4640=ORIENTED_EDGE('',*,*,#6188,.F.);
#4641=ORIENTED_EDGE('',*,*,#6189,.T.);
#4642=ORIENTED_EDGE('',*,*,#6190,.F.);
#4643=ORIENTED_EDGE('',*,*,#6191,.T.);
#4644=ORIENTED_EDGE('',*,*,#6192,.T.);
#4645=ORIENTED_EDGE('',*,*,#6193,.F.);
#4646=ORIENTED_EDGE('',*,*,#6180,.F.);
#4647=ORIENTED_EDGE('',*,*,#6194,.F.);
#4648=ORIENTED_EDGE('',*,*,#6193,.T.);
#4649=ORIENTED_EDGE('',*,*,#6195,.T.);
#4650=ORIENTED_EDGE('',*,*,#6196,.T.);
#4651=ORIENTED_EDGE('',*,*,#6181,.T.);
#4652=ORIENTED_EDGE('',*,*,#6195,.F.);
#4653=ORIENTED_EDGE('',*,*,#6192,.F.);
#4654=ORIENTED_EDGE('',*,*,#6197,.T.);
#4655=ORIENTED_EDGE('',*,*,#6182,.T.);
#4656=ORIENTED_EDGE('',*,*,#6196,.F.);
#4657=ORIENTED_EDGE('',*,*,#6191,.F.);
#4658=ORIENTED_EDGE('',*,*,#6179,.F.);
#4659=ORIENTED_EDGE('',*,*,#6197,.F.);
#4660=ORIENTED_EDGE('',*,*,#6190,.T.);
#4661=ORIENTED_EDGE('',*,*,#6194,.T.);
#4662=ORIENTED_EDGE('',*,*,#6096,.F.);
#4663=ORIENTED_EDGE('',*,*,#6198,.F.);
#4664=ORIENTED_EDGE('',*,*,#6199,.T.);
#4665=ORIENTED_EDGE('',*,*,#6176,.T.);
#4666=ORIENTED_EDGE('',*,*,#6095,.T.);
#4667=ORIENTED_EDGE('',*,*,#6200,.F.);
#4668=ORIENTED_EDGE('',*,*,#6201,.F.);
#4669=ORIENTED_EDGE('',*,*,#6198,.T.);
#4670=ORIENTED_EDGE('',*,*,#6094,.T.);
#4671=ORIENTED_EDGE('',*,*,#6202,.F.);
#4672=ORIENTED_EDGE('',*,*,#6203,.F.);
#4673=ORIENTED_EDGE('',*,*,#6200,.T.);
#4674=ORIENTED_EDGE('',*,*,#6093,.F.);
#4675=ORIENTED_EDGE('',*,*,#6184,.F.);
#4676=ORIENTED_EDGE('',*,*,#6204,.T.);
#4677=ORIENTED_EDGE('',*,*,#6202,.T.);
#4678=ORIENTED_EDGE('',*,*,#6205,.T.);
#4679=ORIENTED_EDGE('',*,*,#6206,.T.);
#4680=ORIENTED_EDGE('',*,*,#6205,.F.);
#4681=ORIENTED_EDGE('',*,*,#6199,.F.);
#4682=ORIENTED_EDGE('',*,*,#6201,.T.);
#4683=ORIENTED_EDGE('',*,*,#6203,.T.);
#4684=ORIENTED_EDGE('',*,*,#6204,.F.);
#4685=ORIENTED_EDGE('',*,*,#6183,.F.);
#4686=ORIENTED_EDGE('',*,*,#6177,.F.);
#4687=ORIENTED_EDGE('',*,*,#6206,.F.);
#4688=ORIENTED_EDGE('',*,*,#6088,.F.);
#4689=ORIENTED_EDGE('',*,*,#6189,.F.);
#4690=ORIENTED_EDGE('',*,*,#6207,.T.);
#4691=ORIENTED_EDGE('',*,*,#6208,.T.);
#4692=ORIENTED_EDGE('',*,*,#6091,.T.);
#4693=ORIENTED_EDGE('',*,*,#6209,.F.);
#4694=ORIENTED_EDGE('',*,*,#6210,.F.);
#4695=ORIENTED_EDGE('',*,*,#6185,.T.);
#4696=ORIENTED_EDGE('',*,*,#6090,.T.);
#4697=ORIENTED_EDGE('',*,*,#6211,.F.);
#4698=ORIENTED_EDGE('',*,*,#6212,.F.);
#4699=ORIENTED_EDGE('',*,*,#6209,.T.);
#4700=ORIENTED_EDGE('',*,*,#6213,.T.);
#4701=ORIENTED_EDGE('',*,*,#6214,.T.);
#4702=ORIENTED_EDGE('',*,*,#6089,.F.);
#4703=ORIENTED_EDGE('',*,*,#6208,.F.);
#4704=ORIENTED_EDGE('',*,*,#6215,.T.);
#4705=ORIENTED_EDGE('',*,*,#6211,.T.);
#4706=ORIENTED_EDGE('',*,*,#6213,.F.);
#4707=ORIENTED_EDGE('',*,*,#6207,.F.);
#4708=ORIENTED_EDGE('',*,*,#6188,.T.);
#4709=ORIENTED_EDGE('',*,*,#6186,.F.);
#4710=ORIENTED_EDGE('',*,*,#6210,.T.);
#4711=ORIENTED_EDGE('',*,*,#6212,.T.);
#4712=ORIENTED_EDGE('',*,*,#6215,.F.);
#4713=ORIENTED_EDGE('',*,*,#6214,.F.);
#4714=ORIENTED_EDGE('',*,*,#6078,.T.);
#4715=ORIENTED_EDGE('',*,*,#6216,.F.);
#4716=ORIENTED_EDGE('',*,*,#6217,.F.);
#4717=ORIENTED_EDGE('',*,*,#6218,.T.);
#4718=ORIENTED_EDGE('',*,*,#6077,.T.);
#4719=ORIENTED_EDGE('',*,*,#6219,.F.);
#4720=ORIENTED_EDGE('',*,*,#6220,.F.);
#4721=ORIENTED_EDGE('',*,*,#6216,.T.);
#4722=ORIENTED_EDGE('',*,*,#6080,.F.);
#4723=ORIENTED_EDGE('',*,*,#6221,.F.);
#4724=ORIENTED_EDGE('',*,*,#6222,.T.);
#4725=ORIENTED_EDGE('',*,*,#6219,.T.);
#4726=ORIENTED_EDGE('',*,*,#6079,.F.);
#4727=ORIENTED_EDGE('',*,*,#6218,.F.);
#4728=ORIENTED_EDGE('',*,*,#6223,.T.);
#4729=ORIENTED_EDGE('',*,*,#6221,.T.);
#4730=ORIENTED_EDGE('',*,*,#6224,.T.);
#4731=ORIENTED_EDGE('',*,*,#6225,.T.);
#4732=ORIENTED_EDGE('',*,*,#6217,.T.);
#4733=ORIENTED_EDGE('',*,*,#6220,.T.);
#4734=ORIENTED_EDGE('',*,*,#6222,.F.);
#4735=ORIENTED_EDGE('',*,*,#6223,.F.);
#4736=ORIENTED_EDGE('',*,*,#6224,.F.);
#4737=ORIENTED_EDGE('',*,*,#6225,.F.);
#4738=ORIENTED_EDGE('',*,*,#6100,.T.);
#4739=ORIENTED_EDGE('',*,*,#6226,.F.);
#4740=ORIENTED_EDGE('',*,*,#6227,.F.);
#4741=ORIENTED_EDGE('',*,*,#6228,.T.);
#4742=ORIENTED_EDGE('',*,*,#6099,.T.);
#4743=ORIENTED_EDGE('',*,*,#6229,.F.);
#4744=ORIENTED_EDGE('',*,*,#6230,.F.);
#4745=ORIENTED_EDGE('',*,*,#6226,.T.);
#4746=ORIENTED_EDGE('',*,*,#6102,.T.);
#4747=ORIENTED_EDGE('',*,*,#6231,.F.);
#4748=ORIENTED_EDGE('',*,*,#6232,.F.);
#4749=ORIENTED_EDGE('',*,*,#6229,.T.);
#4750=ORIENTED_EDGE('',*,*,#6233,.T.);
#4751=ORIENTED_EDGE('',*,*,#6234,.F.);
#4752=ORIENTED_EDGE('',*,*,#6101,.T.);
#4753=ORIENTED_EDGE('',*,*,#6228,.F.);
#4754=ORIENTED_EDGE('',*,*,#6235,.F.);
#4755=ORIENTED_EDGE('',*,*,#6231,.T.);
#4756=ORIENTED_EDGE('',*,*,#6233,.F.);
#4757=ORIENTED_EDGE('',*,*,#6227,.T.);
#4758=ORIENTED_EDGE('',*,*,#6230,.T.);
#4759=ORIENTED_EDGE('',*,*,#6232,.T.);
#4760=ORIENTED_EDGE('',*,*,#6235,.T.);
#4761=ORIENTED_EDGE('',*,*,#6236,.F.);
#4762=ORIENTED_EDGE('',*,*,#6234,.T.);
#4763=ORIENTED_EDGE('',*,*,#6237,.F.);
#4764=ORIENTED_EDGE('',*,*,#6236,.T.);
#4765=ORIENTED_EDGE('',*,*,#6237,.T.);
#4766=ORIENTED_EDGE('',*,*,#6238,.T.);
#4767=ORIENTED_EDGE('',*,*,#6239,.F.);
#4768=ORIENTED_EDGE('',*,*,#6240,.F.);
#4769=ORIENTED_EDGE('',*,*,#6241,.T.);
#4770=ORIENTED_EDGE('',*,*,#6242,.T.);
#4771=ORIENTED_EDGE('',*,*,#6243,.T.);
#4772=ORIENTED_EDGE('',*,*,#6244,.F.);
#4773=ORIENTED_EDGE('',*,*,#6245,.F.);
#4774=ORIENTED_EDGE('',*,*,#6246,.T.);
#4775=ORIENTED_EDGE('',*,*,#6247,.T.);
#4776=ORIENTED_EDGE('',*,*,#6248,.F.);
#4777=ORIENTED_EDGE('',*,*,#6249,.F.);
#4778=ORIENTED_EDGE('',*,*,#6250,.T.);
#4779=ORIENTED_EDGE('',*,*,#6251,.T.);
#4780=ORIENTED_EDGE('',*,*,#6252,.F.);
#4781=ORIENTED_EDGE('',*,*,#6253,.F.);
#4782=ORIENTED_EDGE('',*,*,#6254,.T.);
#4783=ORIENTED_EDGE('',*,*,#6255,.F.);
#4784=ORIENTED_EDGE('',*,*,#6256,.F.);
#4785=ORIENTED_EDGE('',*,*,#6257,.F.);
#4786=ORIENTED_EDGE('',*,*,#6258,.T.);
#4787=ORIENTED_EDGE('',*,*,#6259,.T.);
#4788=ORIENTED_EDGE('',*,*,#6260,.F.);
#4789=ORIENTED_EDGE('',*,*,#6261,.F.);
#4790=ORIENTED_EDGE('',*,*,#6240,.T.);
#4791=ORIENTED_EDGE('',*,*,#6262,.T.);
#4792=ORIENTED_EDGE('',*,*,#6258,.F.);
#4793=ORIENTED_EDGE('',*,*,#6263,.F.);
#4794=ORIENTED_EDGE('',*,*,#6264,.F.);
#4795=ORIENTED_EDGE('',*,*,#6265,.T.);
#4796=ORIENTED_EDGE('',*,*,#6266,.F.);
#4797=ORIENTED_EDGE('',*,*,#6267,.F.);
#4798=ORIENTED_EDGE('',*,*,#6268,.T.);
#4799=ORIENTED_EDGE('',*,*,#6269,.F.);
#4800=ORIENTED_EDGE('',*,*,#6270,.F.);
#4801=ORIENTED_EDGE('',*,*,#6271,.T.);
#4802=ORIENTED_EDGE('',*,*,#6248,.T.);
#4803=ORIENTED_EDGE('',*,*,#6272,.T.);
#4804=ORIENTED_EDGE('',*,*,#6268,.F.);
#4805=ORIENTED_EDGE('',*,*,#6273,.F.);
#4806=ORIENTED_EDGE('',*,*,#6270,.T.);
#4807=ORIENTED_EDGE('',*,*,#6274,.F.);
#4808=ORIENTED_EDGE('',*,*,#6246,.F.);
#4809=ORIENTED_EDGE('',*,*,#6275,.T.);
#4810=ORIENTED_EDGE('',*,*,#6260,.T.);
#4811=ORIENTED_EDGE('',*,*,#6276,.F.);
#4812=ORIENTED_EDGE('',*,*,#6238,.F.);
#4813=ORIENTED_EDGE('',*,*,#6277,.T.);
#4814=ORIENTED_EDGE('',*,*,#6271,.F.);
#4815=ORIENTED_EDGE('',*,*,#6275,.F.);
#4816=ORIENTED_EDGE('',*,*,#6249,.T.);
#4817=ORIENTED_EDGE('',*,*,#6273,.T.);
#4818=ORIENTED_EDGE('',*,*,#6261,.T.);
#4819=ORIENTED_EDGE('',*,*,#6277,.F.);
#4820=ORIENTED_EDGE('',*,*,#6241,.F.);
#4821=ORIENTED_EDGE('',*,*,#6263,.T.);
#4822=ORIENTED_EDGE('',*,*,#6255,.T.);
#4823=ORIENTED_EDGE('',*,*,#6278,.T.);
#4824=ORIENTED_EDGE('',*,*,#6264,.T.);
#4825=ORIENTED_EDGE('',*,*,#6279,.F.);
#4826=ORIENTED_EDGE('',*,*,#6256,.T.);
#4827=ORIENTED_EDGE('',*,*,#6279,.T.);
#4828=ORIENTED_EDGE('',*,*,#6267,.T.);
#4829=ORIENTED_EDGE('',*,*,#6280,.F.);
#4830=ORIENTED_EDGE('',*,*,#6281,.T.);
#4831=ORIENTED_EDGE('',*,*,#6265,.F.);
#4832=ORIENTED_EDGE('',*,*,#6278,.F.);
#4833=ORIENTED_EDGE('',*,*,#6254,.F.);
#4834=ORIENTED_EDGE('',*,*,#6257,.T.);
#4835=ORIENTED_EDGE('',*,*,#6280,.T.);
#4836=ORIENTED_EDGE('',*,*,#6266,.T.);
#4837=ORIENTED_EDGE('',*,*,#6281,.F.);
#4838=ORIENTED_EDGE('',*,*,#6282,.F.);
#4839=ORIENTED_EDGE('',*,*,#6283,.F.);
#4840=ORIENTED_EDGE('',*,*,#6284,.F.);
#4841=ORIENTED_EDGE('',*,*,#6285,.F.);
#4842=ORIENTED_EDGE('',*,*,#6259,.F.);
#4843=ORIENTED_EDGE('',*,*,#6262,.F.);
#4844=ORIENTED_EDGE('',*,*,#6239,.T.);
#4845=ORIENTED_EDGE('',*,*,#6276,.T.);
#4846=ORIENTED_EDGE('',*,*,#6274,.T.);
#4847=ORIENTED_EDGE('',*,*,#6269,.T.);
#4848=ORIENTED_EDGE('',*,*,#6272,.F.);
#4849=ORIENTED_EDGE('',*,*,#6247,.F.);
#4850=ORIENTED_EDGE('',*,*,#6286,.T.);
#4851=ORIENTED_EDGE('',*,*,#6250,.F.);
#4852=ORIENTED_EDGE('',*,*,#6287,.F.);
#4853=ORIENTED_EDGE('',*,*,#6243,.F.);
#4854=ORIENTED_EDGE('',*,*,#6244,.T.);
#4855=ORIENTED_EDGE('',*,*,#6287,.T.);
#4856=ORIENTED_EDGE('',*,*,#6253,.T.);
#4857=ORIENTED_EDGE('',*,*,#6288,.F.);
#4858=ORIENTED_EDGE('',*,*,#6245,.T.);
#4859=ORIENTED_EDGE('',*,*,#6288,.T.);
#4860=ORIENTED_EDGE('',*,*,#6252,.T.);
#4861=ORIENTED_EDGE('',*,*,#6289,.F.);
#4862=ORIENTED_EDGE('',*,*,#6289,.T.);
#4863=ORIENTED_EDGE('',*,*,#6251,.F.);
#4864=ORIENTED_EDGE('',*,*,#6286,.F.);
#4865=ORIENTED_EDGE('',*,*,#6242,.F.);
#4866=ORIENTED_EDGE('',*,*,#6285,.T.);
#4867=ORIENTED_EDGE('',*,*,#6290,.F.);
#4868=ORIENTED_EDGE('',*,*,#6290,.T.);
#4869=ORIENTED_EDGE('',*,*,#6284,.T.);
#4870=ORIENTED_EDGE('',*,*,#6291,.F.);
#4871=ORIENTED_EDGE('',*,*,#6291,.T.);
#4872=ORIENTED_EDGE('',*,*,#6283,.T.);
#4873=ORIENTED_EDGE('',*,*,#6292,.F.);
#4874=ORIENTED_EDGE('',*,*,#6292,.T.);
#4875=ORIENTED_EDGE('',*,*,#6282,.T.);
#4876=ORIENTED_EDGE('',*,*,#6293,.F.);
#4877=ORIENTED_EDGE('',*,*,#6293,.T.);
#4878=EDGE_CURVE('',#6294,#6294,#7246,.T.);
#4879=EDGE_CURVE('',#6295,#6295,#7247,.T.);
#4880=EDGE_CURVE('',#6296,#6296,#7248,.T.);
#4881=EDGE_CURVE('',#6297,#6297,#7249,.T.);
#4882=EDGE_CURVE('',#6298,#6299,#370,.T.);
#4883=EDGE_CURVE('',#6298,#6300,#371,.T.);
#4884=EDGE_CURVE('',#6300,#6301,#372,.T.);
#4885=EDGE_CURVE('',#6299,#6301,#373,.T.);
#4886=EDGE_CURVE('',#6302,#6303,#7250,.F.);
#4887=EDGE_CURVE('',#6303,#6304,#7251,.F.);
#4888=EDGE_CURVE('',#6304,#6305,#7252,.F.);
#4889=EDGE_CURVE('',#6305,#6306,#7253,.F.);
#4890=EDGE_CURVE('',#6306,#6307,#7254,.F.);
#4891=EDGE_CURVE('',#6307,#6308,#320,.T.);
#4892=EDGE_CURVE('',#6308,#6309,#7255,.F.);
#4893=EDGE_CURVE('',#6309,#6310,#7256,.F.);
#4894=EDGE_CURVE('',#6310,#6311,#7257,.F.);
#4895=EDGE_CURVE('',#6311,#6312,#7258,.F.);
#4896=EDGE_CURVE('',#6312,#6313,#7259,.F.);
#4897=EDGE_CURVE('',#6313,#6314,#374,.T.);
#4898=EDGE_CURVE('',#6314,#6315,#375,.T.);
#4899=EDGE_CURVE('',#6315,#6316,#376,.T.);
#4900=EDGE_CURVE('',#6316,#6317,#321,.T.);
#4901=EDGE_CURVE('',#6317,#6318,#322,.T.);
#4902=EDGE_CURVE('',#6318,#6319,#323,.T.);
#4903=EDGE_CURVE('',#6319,#6320,#324,.T.);
#4904=EDGE_CURVE('',#6320,#6321,#377,.T.);
#4905=EDGE_CURVE('',#6321,#6322,#378,.T.);
#4906=EDGE_CURVE('',#6322,#6323,#379,.T.);
#4907=EDGE_CURVE('',#6323,#6324,#7260,.T.);
#4908=EDGE_CURVE('',#6324,#6325,#7261,.T.);
#4909=EDGE_CURVE('',#6325,#6326,#7262,.T.);
#4910=EDGE_CURVE('',#6326,#6327,#325,.T.);
#4911=EDGE_CURVE('',#6327,#6328,#7263,.T.);
#4912=EDGE_CURVE('',#6328,#6329,#7264,.T.);
#4913=EDGE_CURVE('',#6329,#6330,#326,.T.);
#4914=EDGE_CURVE('',#6330,#6331,#327,.T.);
#4915=EDGE_CURVE('',#6331,#6332,#380,.T.);
#4916=EDGE_CURVE('',#6332,#6333,#381,.T.);
#4917=EDGE_CURVE('',#6333,#6334,#382,.T.);
#4918=EDGE_CURVE('',#6334,#6335,#7265,.F.);
#4919=EDGE_CURVE('',#6335,#6336,#7266,.F.);
#4920=EDGE_CURVE('',#6336,#6337,#7267,.F.);
#4921=EDGE_CURVE('',#6337,#6338,#328,.T.);
#4922=EDGE_CURVE('',#6338,#6339,#7268,.F.);
#4923=EDGE_CURVE('',#6339,#6340,#7269,.F.);
#4924=EDGE_CURVE('',#6340,#6302,#7270,.F.);
#4925=EDGE_CURVE('',#6341,#6342,#7271,.F.);
#4926=EDGE_CURVE('',#6342,#6343,#7272,.F.);
#4927=EDGE_CURVE('',#6343,#6344,#7273,.T.);
#4928=EDGE_CURVE('',#6344,#6345,#7274,.T.);
#4929=EDGE_CURVE('',#6345,#6346,#7275,.T.);
#4930=EDGE_CURVE('',#6346,#6347,#383,.T.);
#4931=EDGE_CURVE('',#6347,#6348,#384,.T.);
#4932=EDGE_CURVE('',#6348,#6349,#385,.T.);
#4933=EDGE_CURVE('',#6349,#6350,#7276,.T.);
#4934=EDGE_CURVE('',#6350,#6351,#7277,.T.);
#4935=EDGE_CURVE('',#6351,#6352,#7278,.T.);
#4936=EDGE_CURVE('',#6352,#6353,#7279,.T.);
#4937=EDGE_CURVE('',#6353,#6354,#7280,.T.);
#4938=EDGE_CURVE('',#6354,#6355,#7281,.T.);
#4939=EDGE_CURVE('',#6355,#6356,#386,.T.);
#4940=EDGE_CURVE('',#6356,#6357,#7282,.F.);
#4941=EDGE_CURVE('',#6357,#6358,#7283,.F.);
#4942=EDGE_CURVE('',#6358,#6341,#7284,.F.);
#4943=EDGE_CURVE('',#6359,#6360,#387,.T.);
#4944=EDGE_CURVE('',#6360,#6361,#7285,.T.);
#4945=EDGE_CURVE('',#6361,#6362,#7286,.T.);
#4946=EDGE_CURVE('',#6362,#6363,#7287,.T.);
#4947=EDGE_CURVE('',#6363,#6364,#7288,.T.);
#4948=EDGE_CURVE('',#6364,#6365,#7289,.T.);
#4949=EDGE_CURVE('',#6365,#6366,#329,.T.);
#4950=EDGE_CURVE('',#6366,#6367,#388,.T.);
#4951=EDGE_CURVE('',#6367,#6368,#7290,.F.);
#4952=EDGE_CURVE('',#6368,#6369,#7291,.F.);
#4953=EDGE_CURVE('',#6369,#6370,#7292,.F.);
#4954=EDGE_CURVE('',#6370,#6371,#7293,.F.);
#4955=EDGE_CURVE('',#6371,#6372,#7294,.T.);
#4956=EDGE_CURVE('',#6372,#6373,#7295,.F.);
#4957=EDGE_CURVE('',#6373,#6374,#7296,.F.);
#4958=EDGE_CURVE('',#6374,#6375,#7297,.T.);
#4959=EDGE_CURVE('',#6375,#6376,#7298,.T.);
#4960=EDGE_CURVE('',#6376,#6377,#389,.T.);
#4961=EDGE_CURVE('',#6377,#6378,#390,.T.);
#4962=EDGE_CURVE('',#6378,#6359,#391,.T.);
#4963=EDGE_CURVE('',#6379,#6380,#392,.T.);
#4964=EDGE_CURVE('',#6380,#6381,#393,.T.);
#4965=EDGE_CURVE('',#6381,#6382,#394,.T.);
#4966=EDGE_CURVE('',#6382,#6383,#395,.T.);
#4967=EDGE_CURVE('',#6383,#6379,#396,.T.);
#4968=EDGE_CURVE('',#6384,#6385,#397,.T.);
#4969=EDGE_CURVE('',#6385,#6386,#398,.T.);
#4970=EDGE_CURVE('',#6386,#6387,#399,.T.);
#4971=EDGE_CURVE('',#6387,#6388,#400,.T.);
#4972=EDGE_CURVE('',#6388,#6384,#401,.T.);
#4973=EDGE_CURVE('',#6389,#6390,#7299,.F.);
#4974=EDGE_CURVE('',#6390,#6391,#7300,.F.);
#4975=EDGE_CURVE('',#6391,#6392,#7301,.F.);
#4976=EDGE_CURVE('',#6392,#6393,#7302,.F.);
#4977=EDGE_CURVE('',#6393,#6394,#7303,.F.);
#4978=EDGE_CURVE('',#6394,#6395,#7304,.F.);
#4979=EDGE_CURVE('',#6395,#6396,#7305,.F.);
#4980=EDGE_CURVE('',#6396,#6397,#7306,.F.);
#4981=EDGE_CURVE('',#6397,#6398,#7307,.F.);
#4982=EDGE_CURVE('',#6398,#6399,#7308,.F.);
#4983=EDGE_CURVE('',#6399,#6400,#7309,.F.);
#4984=EDGE_CURVE('',#6400,#6401,#402,.T.);
#4985=EDGE_CURVE('',#6401,#6402,#7310,.T.);
#4986=EDGE_CURVE('',#6402,#6403,#7311,.T.);
#4987=EDGE_CURVE('',#6403,#6404,#7312,.T.);
#4988=EDGE_CURVE('',#6404,#6405,#7313,.T.);
#4989=EDGE_CURVE('',#6405,#6406,#7314,.T.);
#4990=EDGE_CURVE('',#6406,#6407,#7315,.T.);
#4991=EDGE_CURVE('',#6407,#6408,#7316,.T.);
#4992=EDGE_CURVE('',#6408,#6409,#7317,.T.);
#4993=EDGE_CURVE('',#6409,#6410,#7318,.T.);
#4994=EDGE_CURVE('',#6410,#6411,#7319,.T.);
#4995=EDGE_CURVE('',#6411,#6412,#7320,.T.);
#4996=EDGE_CURVE('',#6412,#6413,#7321,.T.);
#4997=EDGE_CURVE('',#6413,#6414,#403,.T.);
#4998=EDGE_CURVE('',#6414,#6389,#7322,.F.);
#4999=EDGE_CURVE('',#6415,#6416,#404,.T.);
#5000=EDGE_CURVE('',#6416,#6417,#405,.T.);
#5001=EDGE_CURVE('',#6417,#6418,#7323,.T.);
#5002=EDGE_CURVE('',#6418,#6419,#7324,.T.);
#5003=EDGE_CURVE('',#6419,#6420,#7325,.T.);
#5004=EDGE_CURVE('',#6420,#6421,#406,.T.);
#5005=EDGE_CURVE('',#6421,#6422,#7326,.F.);
#5006=EDGE_CURVE('',#6422,#6423,#7327,.F.);
#5007=EDGE_CURVE('',#6423,#6424,#7328,.F.);
#5008=EDGE_CURVE('',#6424,#6425,#7329,.T.);
#5009=EDGE_CURVE('',#6425,#6426,#7330,.F.);
#5010=EDGE_CURVE('',#6426,#6427,#7331,.F.);
#5011=EDGE_CURVE('',#6427,#6428,#407,.T.);
#5012=EDGE_CURVE('',#6428,#6429,#7332,.T.);
#5013=EDGE_CURVE('',#6429,#6430,#7333,.T.);
#5014=EDGE_CURVE('',#6430,#6431,#408,.T.);
#5015=EDGE_CURVE('',#6431,#6432,#7334,.T.);
#5016=EDGE_CURVE('',#6432,#6433,#7335,.T.);
#5017=EDGE_CURVE('',#6433,#6434,#7336,.T.);
#5018=EDGE_CURVE('',#6434,#6435,#7337,.T.);
#5019=EDGE_CURVE('',#6435,#6436,#7338,.T.);
#5020=EDGE_CURVE('',#6436,#6437,#7339,.T.);
#5021=EDGE_CURVE('',#6437,#6438,#7340,.T.);
#5022=EDGE_CURVE('',#6438,#6439,#409,.T.);
#5023=EDGE_CURVE('',#6439,#6440,#410,.T.);
#5024=EDGE_CURVE('',#6440,#6441,#7341,.F.);
#5025=EDGE_CURVE('',#6441,#6442,#7342,.F.);
#5026=EDGE_CURVE('',#6442,#6443,#7343,.F.);
#5027=EDGE_CURVE('',#6443,#6444,#7344,.F.);
#5028=EDGE_CURVE('',#6444,#6445,#7345,.F.);
#5029=EDGE_CURVE('',#6445,#6446,#7346,.F.);
#5030=EDGE_CURVE('',#6446,#6447,#7347,.F.);
#5031=EDGE_CURVE('',#6447,#6448,#7348,.F.);
#5032=EDGE_CURVE('',#6448,#6449,#7349,.T.);
#5033=EDGE_CURVE('',#6449,#6415,#7350,.T.);
#5034=EDGE_CURVE('',#6450,#6451,#7351,.T.);
#5035=EDGE_CURVE('',#6451,#6452,#7352,.T.);
#5036=EDGE_CURVE('',#6452,#6453,#7353,.T.);
#5037=EDGE_CURVE('',#6453,#6454,#411,.T.);
#5038=EDGE_CURVE('',#6454,#6455,#412,.T.);
#5039=EDGE_CURVE('',#6455,#6456,#7354,.F.);
#5040=EDGE_CURVE('',#6456,#6457,#7355,.F.);
#5041=EDGE_CURVE('',#6457,#6458,#7356,.F.);
#5042=EDGE_CURVE('',#6458,#6459,#7357,.F.);
#5043=EDGE_CURVE('',#6459,#6460,#7358,.F.);
#5044=EDGE_CURVE('',#6460,#6461,#7359,.F.);
#5045=EDGE_CURVE('',#6461,#6462,#7360,.F.);
#5046=EDGE_CURVE('',#6462,#6463,#7361,.F.);
#5047=EDGE_CURVE('',#6463,#6464,#413,.T.);
#5048=EDGE_CURVE('',#6464,#6465,#414,.T.);
#5049=EDGE_CURVE('',#6465,#6466,#415,.T.);
#5050=EDGE_CURVE('',#6466,#6467,#7362,.T.);
#5051=EDGE_CURVE('',#6467,#6468,#7363,.T.);
#5052=EDGE_CURVE('',#6468,#6450,#7364,.T.);
#5053=EDGE_CURVE('',#6469,#6470,#416,.T.);
#5054=EDGE_CURVE('',#6470,#6471,#7365,.F.);
#5055=EDGE_CURVE('',#6471,#6472,#7366,.F.);
#5056=EDGE_CURVE('',#6472,#6473,#417,.T.);
#5057=EDGE_CURVE('',#6473,#6474,#7367,.T.);
#5058=EDGE_CURVE('',#6474,#6475,#7368,.T.);
#5059=EDGE_CURVE('',#6475,#6469,#7369,.T.);
#5060=EDGE_CURVE('',#6476,#6477,#418,.T.);
#5061=EDGE_CURVE('',#6477,#6478,#419,.T.);
#5062=EDGE_CURVE('',#6478,#6479,#7370,.F.);
#5063=EDGE_CURVE('',#6479,#6480,#7371,.F.);
#5064=EDGE_CURVE('',#6480,#6481,#7372,.F.);
#5065=EDGE_CURVE('',#6481,#6482,#7373,.F.);
#5066=EDGE_CURVE('',#6482,#6483,#7374,.F.);
#5067=EDGE_CURVE('',#6483,#6484,#7375,.F.);
#5068=EDGE_CURVE('',#6484,#6485,#420,.T.);
#5069=EDGE_CURVE('',#6485,#6486,#7376,.T.);
#5070=EDGE_CURVE('',#6486,#6487,#7377,.T.);
#5071=EDGE_CURVE('',#6487,#6488,#7378,.T.);
#5072=EDGE_CURVE('',#6488,#6489,#7379,.T.);
#5073=EDGE_CURVE('',#6489,#6490,#7380,.T.);
#5074=EDGE_CURVE('',#6490,#6491,#330,.T.);
#5075=EDGE_CURVE('',#6491,#6492,#421,.T.);
#5076=EDGE_CURVE('',#6492,#6476,#422,.T.);
#5077=EDGE_CURVE('',#6493,#6494,#423,.T.);
#5078=EDGE_CURVE('',#6494,#6495,#424,.T.);
#5079=EDGE_CURVE('',#6495,#6496,#425,.T.);
#5080=EDGE_CURVE('',#6496,#6493,#426,.T.);
#5081=EDGE_CURVE('',#6497,#6498,#427,.T.);
#5082=EDGE_CURVE('',#6498,#6499,#331,.T.);
#5083=EDGE_CURVE('',#6499,#6500,#7381,.T.);
#5084=EDGE_CURVE('',#6500,#6501,#7382,.T.);
#5085=EDGE_CURVE('',#6501,#6502,#7383,.T.);
#5086=EDGE_CURVE('',#6502,#6503,#428,.T.);
#5087=EDGE_CURVE('',#6503,#6504,#7384,.F.);
#5088=EDGE_CURVE('',#6504,#6505,#7385,.F.);
#5089=EDGE_CURVE('',#6505,#6506,#7386,.T.);
#5090=EDGE_CURVE('',#6506,#6507,#7387,.T.);
#5091=EDGE_CURVE('',#6507,#6508,#7388,.F.);
#5092=EDGE_CURVE('',#6508,#6509,#332,.T.);
#5093=EDGE_CURVE('',#6509,#6510,#7389,.F.);
#5094=EDGE_CURVE('',#6510,#6511,#7390,.F.);
#5095=EDGE_CURVE('',#6511,#6512,#7391,.F.);
#5096=EDGE_CURVE('',#6512,#6513,#429,.T.);
#5097=EDGE_CURVE('',#6513,#6497,#430,.T.);
#5098=EDGE_CURVE('',#6514,#6515,#431,.T.);
#5099=EDGE_CURVE('',#6515,#6516,#7392,.T.);
#5100=EDGE_CURVE('',#6516,#6517,#7393,.T.);
#5101=EDGE_CURVE('',#6517,#6518,#7394,.T.);
#5102=EDGE_CURVE('',#6518,#6519,#7395,.T.);
#5103=EDGE_CURVE('',#6519,#6520,#432,.T.);
#5104=EDGE_CURVE('',#6520,#6521,#7396,.F.);
#5105=EDGE_CURVE('',#6521,#6522,#7397,.F.);
#5106=EDGE_CURVE('',#6522,#6523,#7398,.F.);
#5107=EDGE_CURVE('',#6523,#6524,#7399,.F.);
#5108=EDGE_CURVE('',#6524,#6525,#333,.T.);
#5109=EDGE_CURVE('',#6525,#6526,#7400,.F.);
#5110=EDGE_CURVE('',#6526,#6527,#433,.T.);
#5111=EDGE_CURVE('',#6527,#6528,#7401,.T.);
#5112=EDGE_CURVE('',#6528,#6529,#7402,.T.);
#5113=EDGE_CURVE('',#6529,#6530,#434,.T.);
#5114=EDGE_CURVE('',#6530,#6531,#7403,.T.);
#5115=EDGE_CURVE('',#6531,#6532,#334,.T.);
#5116=EDGE_CURVE('',#6532,#6533,#7404,.T.);
#5117=EDGE_CURVE('',#6533,#6534,#7405,.T.);
#5118=EDGE_CURVE('',#6534,#6535,#7406,.T.);
#5119=EDGE_CURVE('',#6535,#6536,#7407,.T.);
#5120=EDGE_CURVE('',#6536,#6537,#7408,.T.);
#5121=EDGE_CURVE('',#6537,#6538,#7409,.T.);
#5122=EDGE_CURVE('',#6538,#6539,#435,.T.);
#5123=EDGE_CURVE('',#6539,#6540,#7410,.F.);
#5124=EDGE_CURVE('',#6540,#6541,#7411,.F.);
#5125=EDGE_CURVE('',#6541,#6542,#7412,.F.);
#5126=EDGE_CURVE('',#6542,#6543,#7413,.F.);
#5127=EDGE_CURVE('',#6543,#6544,#7414,.F.);
#5128=EDGE_CURVE('',#6544,#6545,#7415,.F.);
#5129=EDGE_CURVE('',#6545,#6546,#7416,.F.);
#5130=EDGE_CURVE('',#6546,#6547,#7417,.F.);
#5131=EDGE_CURVE('',#6547,#6548,#7418,.T.);
#5132=EDGE_CURVE('',#6548,#6514,#7419,.F.);
#5133=EDGE_CURVE('',#6549,#6550,#335,.T.);
#5134=EDGE_CURVE('',#6550,#6551,#336,.T.);
#5135=EDGE_CURVE('',#6551,#6552,#337,.T.);
#5136=EDGE_CURVE('',#6552,#6553,#436,.T.);
#5137=EDGE_CURVE('',#6553,#6554,#7420,.F.);
#5138=EDGE_CURVE('',#6554,#6555,#7421,.F.);
#5139=EDGE_CURVE('',#6555,#6556,#7422,.F.);
#5140=EDGE_CURVE('',#6556,#6557,#7423,.F.);
#5141=EDGE_CURVE('',#6557,#6558,#338,.T.);
#5142=EDGE_CURVE('',#6558,#6559,#339,.T.);
#5143=EDGE_CURVE('',#6559,#6560,#7424,.F.);
#5144=EDGE_CURVE('',#6560,#6561,#7425,.F.);
#5145=EDGE_CURVE('',#6561,#6562,#7426,.F.);
#5146=EDGE_CURVE('',#6562,#6563,#437,.T.);
#5147=EDGE_CURVE('',#6563,#6564,#438,.T.);
#5148=EDGE_CURVE('',#6564,#6565,#439,.T.);
#5149=EDGE_CURVE('',#6565,#6566,#7427,.T.);
#5150=EDGE_CURVE('',#6566,#6567,#7428,.T.);
#5151=EDGE_CURVE('',#6567,#6549,#7429,.T.);
#5152=EDGE_CURVE('',#6568,#6569,#440,.T.);
#5153=EDGE_CURVE('',#6569,#6570,#441,.T.);
#5154=EDGE_CURVE('',#6570,#6571,#442,.T.);
#5155=EDGE_CURVE('',#6571,#6572,#443,.T.);
#5156=EDGE_CURVE('',#6572,#6568,#444,.T.);
#5157=EDGE_CURVE('',#6573,#6574,#445,.T.);
#5158=EDGE_CURVE('',#6574,#6575,#7430,.F.);
#5159=EDGE_CURVE('',#6575,#6576,#340,.T.);
#5160=EDGE_CURVE('',#6576,#6577,#446,.T.);
#5161=EDGE_CURVE('',#6577,#6578,#7431,.T.);
#5162=EDGE_CURVE('',#6578,#6579,#7432,.T.);
#5163=EDGE_CURVE('',#6579,#6573,#7433,.T.);
#5164=EDGE_CURVE('',#6580,#6581,#341,.T.);
#5165=EDGE_CURVE('',#6581,#6582,#7434,.T.);
#5166=EDGE_CURVE('',#6582,#6583,#7435,.T.);
#5167=EDGE_CURVE('',#6583,#6584,#7436,.T.);
#5168=EDGE_CURVE('',#6584,#6585,#7437,.T.);
#5169=EDGE_CURVE('',#6585,#6586,#447,.T.);
#5170=EDGE_CURVE('',#6586,#6587,#7438,.F.);
#5171=EDGE_CURVE('',#6587,#6588,#342,.T.);
#5172=EDGE_CURVE('',#6588,#6589,#7439,.F.);
#5173=EDGE_CURVE('',#6589,#6590,#7440,.F.);
#5174=EDGE_CURVE('',#6590,#6591,#7441,.F.);
#5175=EDGE_CURVE('',#6591,#6592,#7442,.F.);
#5176=EDGE_CURVE('',#6592,#6593,#7443,.F.);
#5177=EDGE_CURVE('',#6593,#6594,#7444,.F.);
#5178=EDGE_CURVE('',#6594,#6595,#7445,.F.);
#5179=EDGE_CURVE('',#6595,#6596,#7446,.F.);
#5180=EDGE_CURVE('',#6596,#6597,#448,.T.);
#5181=EDGE_CURVE('',#6597,#6598,#7447,.T.);
#5182=EDGE_CURVE('',#6598,#6599,#7448,.T.);
#5183=EDGE_CURVE('',#6599,#6600,#7449,.T.);
#5184=EDGE_CURVE('',#6600,#6601,#7450,.T.);
#5185=EDGE_CURVE('',#6601,#6602,#7451,.T.);
#5186=EDGE_CURVE('',#6602,#6603,#7452,.T.);
#5187=EDGE_CURVE('',#6603,#6580,#7453,.T.);
#5188=EDGE_CURVE('',#6604,#6605,#449,.T.);
#5189=EDGE_CURVE('',#6605,#6606,#7454,.F.);
#5190=EDGE_CURVE('',#6606,#6607,#7455,.F.);
#5191=EDGE_CURVE('',#6607,#6608,#7456,.F.);
#5192=EDGE_CURVE('',#6608,#6609,#7457,.F.);
#5193=EDGE_CURVE('',#6609,#6610,#7458,.T.);
#5194=EDGE_CURVE('',#6610,#6611,#450,.T.);
#5195=EDGE_CURVE('',#6611,#6612,#451,.T.);
#5196=EDGE_CURVE('',#6612,#6613,#452,.T.);
#5197=EDGE_CURVE('',#6613,#6614,#7459,.T.);
#5198=EDGE_CURVE('',#6614,#6615,#7460,.T.);
#5199=EDGE_CURVE('',#6615,#6616,#7461,.T.);
#5200=EDGE_CURVE('',#6616,#6604,#7462,.T.);
#5201=EDGE_CURVE('',#6617,#6618,#453,.T.);
#5202=EDGE_CURVE('',#6618,#6619,#454,.T.);
#5203=EDGE_CURVE('',#6619,#6620,#455,.T.);
#5204=EDGE_CURVE('',#6620,#6621,#456,.T.);
#5205=EDGE_CURVE('',#6621,#6617,#457,.T.);
#5206=EDGE_CURVE('',#6622,#6623,#458,.T.);
#5207=EDGE_CURVE('',#6623,#6624,#7463,.F.);
#5208=EDGE_CURVE('',#6624,#6625,#7464,.T.);
#5209=EDGE_CURVE('',#6625,#6626,#7465,.F.);
#5210=EDGE_CURVE('',#6626,#6627,#7466,.F.);
#5211=EDGE_CURVE('',#6627,#6628,#343,.T.);
#5212=EDGE_CURVE('',#6628,#6629,#7467,.F.);
#5213=EDGE_CURVE('',#6629,#6630,#7468,.F.);
#5214=EDGE_CURVE('',#6630,#6631,#7469,.F.);
#5215=EDGE_CURVE('',#6631,#6632,#7470,.F.);
#5216=EDGE_CURVE('',#6632,#6633,#7471,.T.);
#5217=EDGE_CURVE('',#6633,#6634,#7472,.F.);
#5218=EDGE_CURVE('',#6634,#6635,#459,.T.);
#5219=EDGE_CURVE('',#6635,#6636,#7473,.F.);
#5220=EDGE_CURVE('',#6636,#6637,#7474,.F.);
#5221=EDGE_CURVE('',#6637,#6638,#7475,.F.);
#5222=EDGE_CURVE('',#6638,#6639,#7476,.F.);
#5223=EDGE_CURVE('',#6639,#6640,#7477,.T.);
#5224=EDGE_CURVE('',#6640,#6641,#7478,.T.);
#5225=EDGE_CURVE('',#6641,#6642,#7479,.T.);
#5226=EDGE_CURVE('',#6642,#6643,#7480,.T.);
#5227=EDGE_CURVE('',#6643,#6644,#7481,.T.);
#5228=EDGE_CURVE('',#6644,#6645,#460,.T.);
#5229=EDGE_CURVE('',#6645,#6622,#461,.T.);
#5230=EDGE_CURVE('',#6646,#6647,#462,.T.);
#5231=EDGE_CURVE('',#6647,#6648,#463,.T.);
#5232=EDGE_CURVE('',#6648,#6649,#464,.T.);
#5233=EDGE_CURVE('',#6649,#6650,#465,.T.);
#5234=EDGE_CURVE('',#6650,#6646,#466,.T.);
#5235=EDGE_CURVE('',#6651,#6652,#467,.T.);
#5236=EDGE_CURVE('',#6652,#6653,#7482,.F.);
#5237=EDGE_CURVE('',#6653,#6654,#7483,.T.);
#5238=EDGE_CURVE('',#6654,#6655,#7484,.F.);
#5239=EDGE_CURVE('',#6655,#6656,#7485,.F.);
#5240=EDGE_CURVE('',#6656,#6657,#344,.T.);
#5241=EDGE_CURVE('',#6657,#6658,#7486,.F.);
#5242=EDGE_CURVE('',#6658,#6659,#7487,.F.);
#5243=EDGE_CURVE('',#6659,#6660,#7488,.F.);
#5244=EDGE_CURVE('',#6660,#6661,#7489,.F.);
#5245=EDGE_CURVE('',#6661,#6662,#7490,.T.);
#5246=EDGE_CURVE('',#6662,#6663,#7491,.F.);
#5247=EDGE_CURVE('',#6663,#6664,#468,.T.);
#5248=EDGE_CURVE('',#6664,#6665,#7492,.F.);
#5249=EDGE_CURVE('',#6665,#6666,#7493,.F.);
#5250=EDGE_CURVE('',#6666,#6667,#7494,.F.);
#5251=EDGE_CURVE('',#6667,#6668,#7495,.F.);
#5252=EDGE_CURVE('',#6668,#6669,#7496,.T.);
#5253=EDGE_CURVE('',#6669,#6670,#7497,.T.);
#5254=EDGE_CURVE('',#6670,#6671,#7498,.T.);
#5255=EDGE_CURVE('',#6671,#6672,#7499,.T.);
#5256=EDGE_CURVE('',#6672,#6673,#7500,.T.);
#5257=EDGE_CURVE('',#6673,#6674,#469,.T.);
#5258=EDGE_CURVE('',#6674,#6651,#470,.T.);
#5259=EDGE_CURVE('',#6675,#6676,#471,.T.);
#5260=EDGE_CURVE('',#6676,#6677,#472,.T.);
#5261=EDGE_CURVE('',#6677,#6678,#473,.T.);
#5262=EDGE_CURVE('',#6678,#6679,#474,.T.);
#5263=EDGE_CURVE('',#6679,#6675,#475,.T.);
#5264=EDGE_CURVE('',#6680,#6681,#476,.T.);
#5265=EDGE_CURVE('',#6681,#6682,#477,.T.);
#5266=EDGE_CURVE('',#6682,#6683,#478,.T.);
#5267=EDGE_CURVE('',#6683,#6680,#479,.T.);
#5268=EDGE_CURVE('',#6684,#6685,#480,.T.);
#5269=EDGE_CURVE('',#6685,#6686,#481,.T.);
#5270=EDGE_CURVE('',#6686,#6687,#482,.T.);
#5271=EDGE_CURVE('',#6687,#6688,#483,.T.);
#5272=EDGE_CURVE('',#6688,#6689,#484,.T.);
#5273=EDGE_CURVE('',#6689,#6690,#485,.T.);
#5274=EDGE_CURVE('',#6690,#6684,#486,.T.);
#5275=EDGE_CURVE('',#6691,#6692,#487,.T.);
#5276=EDGE_CURVE('',#6692,#6693,#488,.T.);
#5277=EDGE_CURVE('',#6693,#6694,#489,.T.);
#5278=EDGE_CURVE('',#6694,#6691,#490,.T.);
#5279=EDGE_CURVE('',#6695,#6696,#491,.T.);
#5280=EDGE_CURVE('',#6298,#6695,#492,.T.);
#5281=EDGE_CURVE('',#6299,#6696,#493,.T.);
#5282=EDGE_CURVE('',#6695,#6697,#494,.T.);
#5283=EDGE_CURVE('',#6300,#6697,#495,.T.);
#5284=EDGE_CURVE('',#6697,#6698,#496,.T.);
#5285=EDGE_CURVE('',#6301,#6698,#497,.T.);
#5286=EDGE_CURVE('',#6696,#6698,#498,.T.);
#5287=EDGE_CURVE('',#6699,#6699,#7501,.T.);
#5288=EDGE_CURVE('',#6700,#6700,#7502,.T.);
#5289=EDGE_CURVE('',#6701,#6701,#7503,.T.);
#5290=EDGE_CURVE('',#6702,#6702,#7504,.T.);
#5291=EDGE_CURVE('',#6703,#6303,#499,.T.);
#5292=EDGE_CURVE('',#6703,#6704,#7505,.F.);
#5293=EDGE_CURVE('',#6704,#6304,#500,.T.);
#5294=EDGE_CURVE('',#6705,#6302,#501,.T.);
#5295=EDGE_CURVE('',#6705,#6703,#7506,.F.);
#5296=EDGE_CURVE('',#6706,#6340,#502,.T.);
#5297=EDGE_CURVE('',#6706,#6705,#7507,.F.);
#5298=EDGE_CURVE('',#6707,#6339,#503,.T.);
#5299=EDGE_CURVE('',#6707,#6706,#7508,.F.);
#5300=EDGE_CURVE('',#6708,#6338,#504,.T.);
#5301=EDGE_CURVE('',#6708,#6707,#7509,.F.);
#5302=EDGE_CURVE('',#6709,#6337,#505,.T.);
#5303=EDGE_CURVE('',#6709,#6708,#345,.T.);
#5304=EDGE_CURVE('',#6710,#6336,#506,.T.);
#5305=EDGE_CURVE('',#6710,#6709,#7510,.F.);
#5306=EDGE_CURVE('',#6711,#6335,#507,.T.);
#5307=EDGE_CURVE('',#6711,#6710,#7511,.F.);
#5308=EDGE_CURVE('',#6712,#6334,#508,.T.);
#5309=EDGE_CURVE('',#6712,#6711,#7512,.F.);
#5310=EDGE_CURVE('',#6713,#6333,#509,.T.);
#5311=EDGE_CURVE('',#6713,#6712,#510,.T.);
#5312=EDGE_CURVE('',#6714,#6332,#511,.T.);
#5313=EDGE_CURVE('',#6714,#6713,#512,.T.);
#5314=EDGE_CURVE('',#6715,#6331,#513,.T.);
#5315=EDGE_CURVE('',#6715,#6714,#514,.T.);
#5316=EDGE_CURVE('',#6716,#6330,#515,.T.);
#5317=EDGE_CURVE('',#6716,#6715,#346,.T.);
#5318=EDGE_CURVE('',#6717,#6329,#516,.T.);
#5319=EDGE_CURVE('',#6717,#6716,#347,.T.);
#5320=EDGE_CURVE('',#6718,#6328,#517,.T.);
#5321=EDGE_CURVE('',#6718,#6717,#7513,.T.);
#5322=EDGE_CURVE('',#6719,#6327,#518,.T.);
#5323=EDGE_CURVE('',#6719,#6718,#7514,.T.);
#5324=EDGE_CURVE('',#6720,#6326,#519,.T.);
#5325=EDGE_CURVE('',#6720,#6719,#348,.T.);
#5326=EDGE_CURVE('',#6721,#6325,#520,.T.);
#5327=EDGE_CURVE('',#6721,#6720,#7515,.T.);
#5328=EDGE_CURVE('',#6722,#6324,#521,.T.);
#5329=EDGE_CURVE('',#6722,#6721,#7516,.T.);
#5330=EDGE_CURVE('',#6723,#6323,#522,.T.);
#5331=EDGE_CURVE('',#6723,#6722,#7517,.T.);
#5332=EDGE_CURVE('',#6724,#6322,#523,.T.);
#5333=EDGE_CURVE('',#6724,#6723,#524,.T.);
#5334=EDGE_CURVE('',#6725,#6321,#525,.T.);
#5335=EDGE_CURVE('',#6725,#6724,#526,.T.);
#5336=EDGE_CURVE('',#6726,#6320,#527,.T.);
#5337=EDGE_CURVE('',#6726,#6725,#528,.T.);
#5338=EDGE_CURVE('',#6727,#6319,#529,.T.);
#5339=EDGE_CURVE('',#6727,#6726,#349,.T.);
#5340=EDGE_CURVE('',#6728,#6318,#530,.T.);
#5341=EDGE_CURVE('',#6728,#6727,#350,.T.);
#5342=EDGE_CURVE('',#6729,#6317,#531,.T.);
#5343=EDGE_CURVE('',#6729,#6728,#351,.T.);
#5344=EDGE_CURVE('',#6730,#6316,#532,.T.);
#5345=EDGE_CURVE('',#6730,#6729,#352,.T.);
#5346=EDGE_CURVE('',#6731,#6315,#533,.T.);
#5347=EDGE_CURVE('',#6731,#6730,#534,.T.);
#5348=EDGE_CURVE('',#6732,#6314,#535,.T.);
#5349=EDGE_CURVE('',#6732,#6731,#536,.T.);
#5350=EDGE_CURVE('',#6733,#6313,#537,.T.);
#5351=EDGE_CURVE('',#6733,#6732,#538,.T.);
#5352=EDGE_CURVE('',#6734,#6312,#539,.T.);
#5353=EDGE_CURVE('',#6734,#6733,#7518,.F.);
#5354=EDGE_CURVE('',#6735,#6311,#540,.T.);
#5355=EDGE_CURVE('',#6735,#6734,#7519,.F.);
#5356=EDGE_CURVE('',#6736,#6310,#541,.T.);
#5357=EDGE_CURVE('',#6736,#6735,#7520,.F.);
#5358=EDGE_CURVE('',#6737,#6309,#542,.T.);
#5359=EDGE_CURVE('',#6737,#6736,#7521,.F.);
#5360=EDGE_CURVE('',#6738,#6308,#543,.T.);
#5361=EDGE_CURVE('',#6738,#6737,#7522,.F.);
#5362=EDGE_CURVE('',#6739,#6307,#544,.T.);
#5363=EDGE_CURVE('',#6739,#6738,#353,.T.);
#5364=EDGE_CURVE('',#6740,#6306,#545,.T.);
#5365=EDGE_CURVE('',#6740,#6739,#7523,.F.);
#5366=EDGE_CURVE('',#6741,#6305,#546,.T.);
#5367=EDGE_CURVE('',#6741,#6740,#7524,.F.);
#5368=EDGE_CURVE('',#6704,#6741,#7525,.F.);
#5369=EDGE_CURVE('',#6742,#6342,#547,.T.);
#5370=EDGE_CURVE('',#6742,#6743,#7526,.F.);
#5371=EDGE_CURVE('',#6743,#6343,#548,.T.);
#5372=EDGE_CURVE('',#6744,#6341,#549,.T.);
#5373=EDGE_CURVE('',#6744,#6742,#7527,.F.);
#5374=EDGE_CURVE('',#6745,#6358,#550,.T.);
#5375=EDGE_CURVE('',#6745,#6744,#7528,.F.);
#5376=EDGE_CURVE('',#6746,#6357,#551,.T.);
#5377=EDGE_CURVE('',#6746,#6745,#7529,.F.);
#5378=EDGE_CURVE('',#6747,#6356,#552,.T.);
#5379=EDGE_CURVE('',#6747,#6746,#7530,.F.);
#5380=EDGE_CURVE('',#6748,#6355,#553,.T.);
#5381=EDGE_CURVE('',#6748,#6747,#554,.T.);
#5382=EDGE_CURVE('',#6749,#6354,#555,.T.);
#5383=EDGE_CURVE('',#6749,#6748,#7531,.T.);
#5384=EDGE_CURVE('',#6750,#6353,#556,.T.);
#5385=EDGE_CURVE('',#6750,#6749,#7532,.T.);
#5386=EDGE_CURVE('',#6751,#6352,#557,.T.);
#5387=EDGE_CURVE('',#6751,#6750,#7533,.T.);
#5388=EDGE_CURVE('',#6752,#6351,#558,.T.);
#5389=EDGE_CURVE('',#6752,#6751,#7534,.T.);
#5390=EDGE_CURVE('',#6753,#6350,#559,.T.);
#5391=EDGE_CURVE('',#6753,#6752,#7535,.T.);
#5392=EDGE_CURVE('',#6754,#6349,#560,.T.);
#5393=EDGE_CURVE('',#6754,#6753,#7536,.T.);
#5394=EDGE_CURVE('',#6755,#6348,#561,.T.);
#5395=EDGE_CURVE('',#6755,#6754,#562,.T.);
#5396=EDGE_CURVE('',#6756,#6347,#563,.T.);
#5397=EDGE_CURVE('',#6756,#6755,#564,.T.);
#5398=EDGE_CURVE('',#6757,#6346,#565,.T.);
#5399=EDGE_CURVE('',#6757,#6756,#566,.T.);
#5400=EDGE_CURVE('',#6758,#6345,#567,.T.);
#5401=EDGE_CURVE('',#6758,#6757,#7537,.T.);
#5402=EDGE_CURVE('',#6759,#6344,#568,.T.);
#5403=EDGE_CURVE('',#6759,#6758,#7538,.T.);
#5404=EDGE_CURVE('',#6743,#6759,#7539,.T.);
#5405=EDGE_CURVE('',#6760,#6360,#569,.T.);
#5406=EDGE_CURVE('',#6760,#6761,#7540,.T.);
#5407=EDGE_CURVE('',#6761,#6361,#570,.T.);
#5408=EDGE_CURVE('',#6762,#6359,#571,.T.);
#5409=EDGE_CURVE('',#6762,#6760,#572,.T.);
#5410=EDGE_CURVE('',#6763,#6378,#573,.T.);
#5411=EDGE_CURVE('',#6763,#6762,#574,.T.);
#5412=EDGE_CURVE('',#6764,#6377,#575,.T.);
#5413=EDGE_CURVE('',#6764,#6763,#576,.T.);
#5414=EDGE_CURVE('',#6765,#6376,#577,.T.);
#5415=EDGE_CURVE('',#6765,#6764,#578,.F.);
#5416=EDGE_CURVE('',#6766,#6375,#579,.T.);
#5417=EDGE_CURVE('',#6766,#6765,#7541,.T.);
#5418=EDGE_CURVE('',#6767,#6374,#580,.T.);
#5419=EDGE_CURVE('',#6767,#6766,#7542,.T.);
#5420=EDGE_CURVE('',#6768,#6373,#581,.T.);
#5421=EDGE_CURVE('',#6768,#6767,#7543,.F.);
#5422=EDGE_CURVE('',#6769,#6372,#582,.T.);
#5423=EDGE_CURVE('',#6769,#6768,#7544,.F.);
#5424=EDGE_CURVE('',#6770,#6371,#583,.T.);
#5425=EDGE_CURVE('',#6770,#6769,#7545,.T.);
#5426=EDGE_CURVE('',#6771,#6370,#584,.T.);
#5427=EDGE_CURVE('',#6771,#6770,#7546,.F.);
#5428=EDGE_CURVE('',#6772,#6369,#585,.T.);
#5429=EDGE_CURVE('',#6772,#6771,#7547,.F.);
#5430=EDGE_CURVE('',#6773,#6368,#586,.T.);
#5431=EDGE_CURVE('',#6773,#6772,#7548,.F.);
#5432=EDGE_CURVE('',#6774,#6367,#587,.T.);
#5433=EDGE_CURVE('',#6774,#6773,#7549,.F.);
#5434=EDGE_CURVE('',#6775,#6366,#588,.T.);
#5435=EDGE_CURVE('',#6775,#6774,#589,.T.);
#5436=EDGE_CURVE('',#6776,#6365,#590,.T.);
#5437=EDGE_CURVE('',#6776,#6775,#354,.T.);
#5438=EDGE_CURVE('',#6777,#6364,#591,.T.);
#5439=EDGE_CURVE('',#6777,#6776,#7550,.T.);
#5440=EDGE_CURVE('',#6778,#6363,#592,.T.);
#5441=EDGE_CURVE('',#6778,#6777,#7551,.T.);
#5442=EDGE_CURVE('',#6779,#6362,#593,.T.);
#5443=EDGE_CURVE('',#6779,#6778,#7552,.T.);
#5444=EDGE_CURVE('',#6761,#6779,#7553,.T.);
#5445=EDGE_CURVE('',#6780,#6380,#594,.T.);
#5446=EDGE_CURVE('',#6780,#6781,#595,.T.);
#5447=EDGE_CURVE('',#6781,#6381,#596,.T.);
#5448=EDGE_CURVE('',#6782,#6379,#597,.T.);
#5449=EDGE_CURVE('',#6782,#6780,#598,.T.);
#5450=EDGE_CURVE('',#6783,#6383,#599,.T.);
#5451=EDGE_CURVE('',#6783,#6782,#600,.T.);
#5452=EDGE_CURVE('',#6784,#6382,#601,.T.);
#5453=EDGE_CURVE('',#6784,#6783,#602,.T.);
#5454=EDGE_CURVE('',#6781,#6784,#603,.T.);
#5455=EDGE_CURVE('',#6785,#6385,#604,.T.);
#5456=EDGE_CURVE('',#6785,#6786,#605,.T.);
#5457=EDGE_CURVE('',#6786,#6386,#606,.T.);
#5458=EDGE_CURVE('',#6787,#6384,#607,.T.);
#5459=EDGE_CURVE('',#6787,#6785,#608,.T.);
#5460=EDGE_CURVE('',#6788,#6388,#609,.T.);
#5461=EDGE_CURVE('',#6788,#6787,#610,.T.);
#5462=EDGE_CURVE('',#6789,#6387,#611,.T.);
#5463=EDGE_CURVE('',#6789,#6788,#612,.T.);
#5464=EDGE_CURVE('',#6786,#6789,#613,.T.);
#5465=EDGE_CURVE('',#6790,#6390,#614,.T.);
#5466=EDGE_CURVE('',#6790,#6791,#7554,.F.);
#5467=EDGE_CURVE('',#6791,#6391,#615,.T.);
#5468=EDGE_CURVE('',#6792,#6389,#616,.T.);
#5469=EDGE_CURVE('',#6792,#6790,#7555,.F.);
#5470=EDGE_CURVE('',#6793,#6414,#617,.T.);
#5471=EDGE_CURVE('',#6793,#6792,#7556,.F.);
#5472=EDGE_CURVE('',#6794,#6413,#618,.T.);
#5473=EDGE_CURVE('',#6794,#6793,#619,.T.);
#5474=EDGE_CURVE('',#6795,#6412,#620,.T.);
#5475=EDGE_CURVE('',#6795,#6794,#7557,.T.);
#5476=EDGE_CURVE('',#6796,#6411,#621,.T.);
#5477=EDGE_CURVE('',#6796,#6795,#7558,.T.);
#5478=EDGE_CURVE('',#6797,#6410,#622,.T.);
#5479=EDGE_CURVE('',#6797,#6796,#7559,.T.);
#5480=EDGE_CURVE('',#6798,#6409,#623,.T.);
#5481=EDGE_CURVE('',#6798,#6797,#7560,.T.);
#5482=EDGE_CURVE('',#6799,#6408,#624,.T.);
#5483=EDGE_CURVE('',#6799,#6798,#7561,.T.);
#5484=EDGE_CURVE('',#6800,#6407,#625,.T.);
#5485=EDGE_CURVE('',#6800,#6799,#7562,.T.);
#5486=EDGE_CURVE('',#6801,#6406,#626,.T.);
#5487=EDGE_CURVE('',#6801,#6800,#7563,.T.);
#5488=EDGE_CURVE('',#6802,#6405,#627,.T.);
#5489=EDGE_CURVE('',#6802,#6801,#7564,.T.);
#5490=EDGE_CURVE('',#6803,#6404,#628,.T.);
#5491=EDGE_CURVE('',#6803,#6802,#7565,.T.);
#5492=EDGE_CURVE('',#6804,#6403,#629,.T.);
#5493=EDGE_CURVE('',#6804,#6803,#7566,.T.);
#5494=EDGE_CURVE('',#6805,#6402,#630,.T.);
#5495=EDGE_CURVE('',#6805,#6804,#7567,.T.);
#5496=EDGE_CURVE('',#6806,#6401,#631,.T.);
#5497=EDGE_CURVE('',#6806,#6805,#7568,.T.);
#5498=EDGE_CURVE('',#6807,#6400,#632,.T.);
#5499=EDGE_CURVE('',#6807,#6806,#633,.T.);
#5500=EDGE_CURVE('',#6808,#6399,#634,.T.);
#5501=EDGE_CURVE('',#6808,#6807,#7569,.F.);
#5502=EDGE_CURVE('',#6809,#6398,#635,.T.);
#5503=EDGE_CURVE('',#6809,#6808,#7570,.F.);
#5504=EDGE_CURVE('',#6810,#6397,#636,.T.);
#5505=EDGE_CURVE('',#6810,#6809,#7571,.F.);
#5506=EDGE_CURVE('',#6811,#6396,#637,.T.);
#5507=EDGE_CURVE('',#6811,#6810,#7572,.F.);
#5508=EDGE_CURVE('',#6812,#6395,#638,.T.);
#5509=EDGE_CURVE('',#6812,#6811,#7573,.F.);
#5510=EDGE_CURVE('',#6813,#6394,#639,.T.);
#5511=EDGE_CURVE('',#6813,#6812,#7574,.F.);
#5512=EDGE_CURVE('',#6814,#6393,#640,.T.);
#5513=EDGE_CURVE('',#6814,#6813,#7575,.F.);
#5514=EDGE_CURVE('',#6815,#6392,#641,.T.);
#5515=EDGE_CURVE('',#6815,#6814,#7576,.F.);
#5516=EDGE_CURVE('',#6791,#6815,#7577,.F.);
#5517=EDGE_CURVE('',#6816,#6416,#642,.T.);
#5518=EDGE_CURVE('',#6816,#6817,#643,.T.);
#5519=EDGE_CURVE('',#6817,#6417,#644,.T.);
#5520=EDGE_CURVE('',#6818,#6415,#645,.T.);
#5521=EDGE_CURVE('',#6818,#6816,#646,.T.);
#5522=EDGE_CURVE('',#6819,#6449,#647,.T.);
#5523=EDGE_CURVE('',#6819,#6818,#7578,.T.);
#5524=EDGE_CURVE('',#6820,#6448,#648,.T.);
#5525=EDGE_CURVE('',#6820,#6819,#7579,.T.);
#5526=EDGE_CURVE('',#6821,#6447,#649,.T.);
#5527=EDGE_CURVE('',#6821,#6820,#7580,.F.);
#5528=EDGE_CURVE('',#6822,#6446,#650,.T.);
#5529=EDGE_CURVE('',#6822,#6821,#7581,.F.);
#5530=EDGE_CURVE('',#6823,#6445,#651,.T.);
#5531=EDGE_CURVE('',#6823,#6822,#7582,.F.);
#5532=EDGE_CURVE('',#6824,#6444,#652,.T.);
#5533=EDGE_CURVE('',#6824,#6823,#7583,.F.);
#5534=EDGE_CURVE('',#6825,#6443,#653,.T.);
#5535=EDGE_CURVE('',#6825,#6824,#7584,.F.);
#5536=EDGE_CURVE('',#6826,#6442,#654,.T.);
#5537=EDGE_CURVE('',#6826,#6825,#7585,.F.);
#5538=EDGE_CURVE('',#6827,#6441,#655,.T.);
#5539=EDGE_CURVE('',#6827,#6826,#7586,.F.);
#5540=EDGE_CURVE('',#6828,#6440,#656,.T.);
#5541=EDGE_CURVE('',#6828,#6827,#7587,.F.);
#5542=EDGE_CURVE('',#6829,#6439,#657,.T.);
#5543=EDGE_CURVE('',#6829,#6828,#658,.T.);
#5544=EDGE_CURVE('',#6830,#6438,#659,.T.);
#5545=EDGE_CURVE('',#6830,#6829,#660,.T.);
#5546=EDGE_CURVE('',#6831,#6437,#661,.T.);
#5547=EDGE_CURVE('',#6831,#6830,#7588,.T.);
#5548=EDGE_CURVE('',#6832,#6436,#662,.T.);
#5549=EDGE_CURVE('',#6832,#6831,#7589,.T.);
#5550=EDGE_CURVE('',#6833,#6435,#663,.T.);
#5551=EDGE_CURVE('',#6833,#6832,#7590,.T.);
#5552=EDGE_CURVE('',#6834,#6434,#664,.T.);
#5553=EDGE_CURVE('',#6834,#6833,#7591,.T.);
#5554=EDGE_CURVE('',#6835,#6433,#665,.T.);
#5555=EDGE_CURVE('',#6835,#6834,#7592,.T.);
#5556=EDGE_CURVE('',#6836,#6432,#666,.T.);
#5557=EDGE_CURVE('',#6836,#6835,#7593,.T.);
#5558=EDGE_CURVE('',#6837,#6431,#667,.T.);
#5559=EDGE_CURVE('',#6837,#6836,#7594,.T.);
#5560=EDGE_CURVE('',#6838,#6430,#668,.T.);
#5561=EDGE_CURVE('',#6838,#6837,#669,.T.);
#5562=EDGE_CURVE('',#6839,#6429,#670,.T.);
#5563=EDGE_CURVE('',#6839,#6838,#7595,.T.);
#5564=EDGE_CURVE('',#6840,#6428,#671,.T.);
#5565=EDGE_CURVE('',#6840,#6839,#7596,.T.);
#5566=EDGE_CURVE('',#6841,#6427,#672,.T.);
#5567=EDGE_CURVE('',#6841,#6840,#673,.T.);
#5568=EDGE_CURVE('',#6842,#6426,#674,.T.);
#5569=EDGE_CURVE('',#6842,#6841,#7597,.F.);
#5570=EDGE_CURVE('',#6843,#6425,#675,.T.);
#5571=EDGE_CURVE('',#6843,#6842,#7598,.F.);
#5572=EDGE_CURVE('',#6844,#6424,#676,.T.);
#5573=EDGE_CURVE('',#6844,#6843,#7599,.T.);
#5574=EDGE_CURVE('',#6845,#6423,#677,.T.);
#5575=EDGE_CURVE('',#6845,#6844,#7600,.F.);
#5576=EDGE_CURVE('',#6846,#6422,#678,.T.);
#5577=EDGE_CURVE('',#6846,#6845,#7601,.F.);
#5578=EDGE_CURVE('',#6847,#6421,#679,.T.);
#5579=EDGE_CURVE('',#6847,#6846,#7602,.F.);
#5580=EDGE_CURVE('',#6848,#6420,#680,.T.);
#5581=EDGE_CURVE('',#6848,#6847,#681,.T.);
#5582=EDGE_CURVE('',#6849,#6419,#682,.T.);
#5583=EDGE_CURVE('',#6849,#6848,#7603,.T.);
#5584=EDGE_CURVE('',#6850,#6418,#683,.T.);
#5585=EDGE_CURVE('',#6850,#6849,#7604,.T.);
#5586=EDGE_CURVE('',#6817,#6850,#7605,.T.);
#5587=EDGE_CURVE('',#6851,#6451,#684,.T.);
#5588=EDGE_CURVE('',#6851,#6852,#7606,.T.);
#5589=EDGE_CURVE('',#6852,#6452,#685,.T.);
#5590=EDGE_CURVE('',#6853,#6450,#686,.T.);
#5591=EDGE_CURVE('',#6853,#6851,#7607,.T.);
#5592=EDGE_CURVE('',#6854,#6468,#687,.T.);
#5593=EDGE_CURVE('',#6854,#6853,#7608,.T.);
#5594=EDGE_CURVE('',#6855,#6467,#688,.T.);
#5595=EDGE_CURVE('',#6855,#6854,#7609,.T.);
#5596=EDGE_CURVE('',#6856,#6466,#689,.T.);
#5597=EDGE_CURVE('',#6856,#6855,#7610,.T.);
#5598=EDGE_CURVE('',#6857,#6465,#690,.T.);
#5599=EDGE_CURVE('',#6857,#6856,#691,.T.);
#5600=EDGE_CURVE('',#6858,#6464,#692,.T.);
#5601=EDGE_CURVE('',#6858,#6857,#693,.T.);
#5602=EDGE_CURVE('',#6859,#6463,#694,.T.);
#5603=EDGE_CURVE('',#6859,#6858,#695,.T.);
#5604=EDGE_CURVE('',#6860,#6462,#696,.T.);
#5605=EDGE_CURVE('',#6860,#6859,#7611,.F.);
#5606=EDGE_CURVE('',#6861,#6461,#697,.T.);
#5607=EDGE_CURVE('',#6861,#6860,#7612,.F.);
#5608=EDGE_CURVE('',#6862,#6460,#698,.T.);
#5609=EDGE_CURVE('',#6862,#6861,#7613,.F.);
#5610=EDGE_CURVE('',#6863,#6459,#699,.T.);
#5611=EDGE_CURVE('',#6863,#6862,#7614,.F.);
#5612=EDGE_CURVE('',#6864,#6458,#700,.T.);
#5613=EDGE_CURVE('',#6864,#6863,#7615,.F.);
#5614=EDGE_CURVE('',#6865,#6457,#701,.T.);
#5615=EDGE_CURVE('',#6865,#6864,#7616,.F.);
#5616=EDGE_CURVE('',#6866,#6456,#702,.T.);
#5617=EDGE_CURVE('',#6866,#6865,#7617,.F.);
#5618=EDGE_CURVE('',#6867,#6455,#703,.T.);
#5619=EDGE_CURVE('',#6867,#6866,#7618,.F.);
#5620=EDGE_CURVE('',#6868,#6454,#704,.T.);
#5621=EDGE_CURVE('',#6868,#6867,#705,.T.);
#5622=EDGE_CURVE('',#6869,#6453,#706,.T.);
#5623=EDGE_CURVE('',#6869,#6868,#707,.T.);
#5624=EDGE_CURVE('',#6852,#6869,#7619,.T.);
#5625=EDGE_CURVE('',#6870,#6470,#708,.T.);
#5626=EDGE_CURVE('',#6870,#6871,#7620,.F.);
#5627=EDGE_CURVE('',#6871,#6471,#709,.T.);
#5628=EDGE_CURVE('',#6872,#6469,#710,.T.);
#5629=EDGE_CURVE('',#6872,#6870,#711,.T.);
#5630=EDGE_CURVE('',#6873,#6475,#712,.T.);
#5631=EDGE_CURVE('',#6873,#6872,#7621,.T.);
#5632=EDGE_CURVE('',#6874,#6474,#713,.T.);
#5633=EDGE_CURVE('',#6874,#6873,#7622,.T.);
#5634=EDGE_CURVE('',#6875,#6473,#714,.T.);
#5635=EDGE_CURVE('',#6875,#6874,#7623,.T.);
#5636=EDGE_CURVE('',#6876,#6472,#715,.T.);
#5637=EDGE_CURVE('',#6876,#6875,#716,.T.);
#5638=EDGE_CURVE('',#6871,#6876,#7624,.F.);
#5639=EDGE_CURVE('',#6877,#6477,#717,.T.);
#5640=EDGE_CURVE('',#6877,#6878,#718,.T.);
#5641=EDGE_CURVE('',#6878,#6478,#719,.T.);
#5642=EDGE_CURVE('',#6879,#6476,#720,.T.);
#5643=EDGE_CURVE('',#6879,#6877,#721,.T.);
#5644=EDGE_CURVE('',#6880,#6492,#722,.T.);
#5645=EDGE_CURVE('',#6880,#6879,#723,.T.);
#5646=EDGE_CURVE('',#6881,#6491,#724,.T.);
#5647=EDGE_CURVE('',#6881,#6880,#725,.T.);
#5648=EDGE_CURVE('',#6882,#6490,#726,.T.);
#5649=EDGE_CURVE('',#6882,#6881,#355,.T.);
#5650=EDGE_CURVE('',#6883,#6489,#727,.T.);
#5651=EDGE_CURVE('',#6883,#6882,#7625,.T.);
#5652=EDGE_CURVE('',#6884,#6488,#728,.T.);
#5653=EDGE_CURVE('',#6884,#6883,#7626,.T.);
#5654=EDGE_CURVE('',#6885,#6487,#729,.T.);
#5655=EDGE_CURVE('',#6885,#6884,#7627,.T.);
#5656=EDGE_CURVE('',#6886,#6486,#730,.T.);
#5657=EDGE_CURVE('',#6886,#6885,#7628,.T.);
#5658=EDGE_CURVE('',#6887,#6485,#731,.T.);
#5659=EDGE_CURVE('',#6887,#6886,#7629,.T.);
#5660=EDGE_CURVE('',#6888,#6484,#732,.T.);
#5661=EDGE_CURVE('',#6888,#6887,#733,.T.);
#5662=EDGE_CURVE('',#6889,#6483,#734,.T.);
#5663=EDGE_CURVE('',#6889,#6888,#7630,.F.);
#5664=EDGE_CURVE('',#6890,#6482,#735,.T.);
#5665=EDGE_CURVE('',#6890,#6889,#7631,.F.);
#5666=EDGE_CURVE('',#6891,#6481,#736,.T.);
#5667=EDGE_CURVE('',#6891,#6890,#7632,.F.);
#5668=EDGE_CURVE('',#6892,#6480,#737,.T.);
#5669=EDGE_CURVE('',#6892,#6891,#7633,.F.);
#5670=EDGE_CURVE('',#6893,#6479,#738,.T.);
#5671=EDGE_CURVE('',#6893,#6892,#7634,.F.);
#5672=EDGE_CURVE('',#6878,#6893,#7635,.F.);
#5673=EDGE_CURVE('',#6894,#6494,#739,.T.);
#5674=EDGE_CURVE('',#6894,#6895,#740,.T.);
#5675=EDGE_CURVE('',#6895,#6495,#741,.T.);
#5676=EDGE_CURVE('',#6896,#6493,#742,.T.);
#5677=EDGE_CURVE('',#6896,#6894,#743,.T.);
#5678=EDGE_CURVE('',#6897,#6496,#744,.T.);
#5679=EDGE_CURVE('',#6897,#6896,#745,.T.);
#5680=EDGE_CURVE('',#6895,#6897,#746,.T.);
#5681=EDGE_CURVE('',#6898,#6498,#747,.T.);
#5682=EDGE_CURVE('',#6898,#6899,#356,.T.);
#5683=EDGE_CURVE('',#6899,#6499,#748,.T.);
#5684=EDGE_CURVE('',#6900,#6497,#749,.T.);
#5685=EDGE_CURVE('',#6900,#6898,#750,.T.);
#5686=EDGE_CURVE('',#6901,#6513,#751,.T.);
#5687=EDGE_CURVE('',#6901,#6900,#752,.T.);
#5688=EDGE_CURVE('',#6902,#6512,#753,.T.);
#5689=EDGE_CURVE('',#6902,#6901,#754,.T.);
#5690=EDGE_CURVE('',#6903,#6511,#755,.T.);
#5691=EDGE_CURVE('',#6903,#6902,#7636,.F.);
#5692=EDGE_CURVE('',#6904,#6510,#756,.T.);
#5693=EDGE_CURVE('',#6904,#6903,#7637,.F.);
#5694=EDGE_CURVE('',#6905,#6509,#757,.T.);
#5695=EDGE_CURVE('',#6905,#6904,#7638,.F.);
#5696=EDGE_CURVE('',#6906,#6508,#758,.T.);
#5697=EDGE_CURVE('',#6906,#6905,#357,.T.);
#5698=EDGE_CURVE('',#6907,#6507,#759,.T.);
#5699=EDGE_CURVE('',#6907,#6906,#7639,.F.);
#5700=EDGE_CURVE('',#6908,#6506,#760,.T.);
#5701=EDGE_CURVE('',#6908,#6907,#7640,.T.);
#5702=EDGE_CURVE('',#6909,#6505,#761,.T.);
#5703=EDGE_CURVE('',#6909,#6908,#7641,.T.);
#5704=EDGE_CURVE('',#6910,#6504,#762,.T.);
#5705=EDGE_CURVE('',#6910,#6909,#7642,.F.);
#5706=EDGE_CURVE('',#6911,#6503,#763,.T.);
#5707=EDGE_CURVE('',#6911,#6910,#7643,.F.);
#5708=EDGE_CURVE('',#6912,#6502,#764,.T.);
#5709=EDGE_CURVE('',#6912,#6911,#765,.T.);
#5710=EDGE_CURVE('',#6913,#6501,#766,.T.);
#5711=EDGE_CURVE('',#6913,#6912,#7644,.T.);
#5712=EDGE_CURVE('',#6914,#6500,#767,.T.);
#5713=EDGE_CURVE('',#6914,#6913,#7645,.T.);
#5714=EDGE_CURVE('',#6899,#6914,#7646,.T.);
#5715=EDGE_CURVE('',#6915,#6515,#768,.T.);
#5716=EDGE_CURVE('',#6915,#6916,#7647,.T.);
#5717=EDGE_CURVE('',#6916,#6516,#769,.T.);
#5718=EDGE_CURVE('',#6917,#6514,#770,.T.);
#5719=EDGE_CURVE('',#6917,#6915,#771,.T.);
#5720=EDGE_CURVE('',#6918,#6548,#772,.T.);
#5721=EDGE_CURVE('',#6918,#6917,#7648,.F.);
#5722=EDGE_CURVE('',#6919,#6547,#773,.T.);
#5723=EDGE_CURVE('',#6919,#6918,#7649,.T.);
#5724=EDGE_CURVE('',#6920,#6546,#774,.T.);
#5725=EDGE_CURVE('',#6920,#6919,#7650,.F.);
#5726=EDGE_CURVE('',#6921,#6545,#775,.T.);
#5727=EDGE_CURVE('',#6921,#6920,#7651,.F.);
#5728=EDGE_CURVE('',#6922,#6544,#776,.T.);
#5729=EDGE_CURVE('',#6922,#6921,#7652,.F.);
#5730=EDGE_CURVE('',#6923,#6543,#777,.T.);
#5731=EDGE_CURVE('',#6923,#6922,#7653,.F.);
#5732=EDGE_CURVE('',#6924,#6542,#778,.T.);
#5733=EDGE_CURVE('',#6924,#6923,#7654,.F.);
#5734=EDGE_CURVE('',#6925,#6541,#779,.T.);
#5735=EDGE_CURVE('',#6925,#6924,#7655,.F.);
#5736=EDGE_CURVE('',#6926,#6540,#780,.T.);
#5737=EDGE_CURVE('',#6926,#6925,#7656,.F.);
#5738=EDGE_CURVE('',#6927,#6539,#781,.T.);
#5739=EDGE_CURVE('',#6927,#6926,#7657,.F.);
#5740=EDGE_CURVE('',#6928,#6538,#782,.T.);
#5741=EDGE_CURVE('',#6928,#6927,#783,.T.);
#5742=EDGE_CURVE('',#6929,#6537,#784,.T.);
#5743=EDGE_CURVE('',#6929,#6928,#7658,.T.);
#5744=EDGE_CURVE('',#6930,#6536,#785,.T.);
#5745=EDGE_CURVE('',#6930,#6929,#7659,.T.);
#5746=EDGE_CURVE('',#6931,#6535,#786,.T.);
#5747=EDGE_CURVE('',#6931,#6930,#7660,.T.);
#5748=EDGE_CURVE('',#6932,#6534,#787,.T.);
#5749=EDGE_CURVE('',#6932,#6931,#7661,.T.);
#5750=EDGE_CURVE('',#6933,#6533,#788,.T.);
#5751=EDGE_CURVE('',#6933,#6932,#7662,.T.);
#5752=EDGE_CURVE('',#6934,#6532,#789,.T.);
#5753=EDGE_CURVE('',#6934,#6933,#7663,.T.);
#5754=EDGE_CURVE('',#6935,#6531,#790,.T.);
#5755=EDGE_CURVE('',#6935,#6934,#358,.T.);
#5756=EDGE_CURVE('',#6936,#6530,#791,.T.);
#5757=EDGE_CURVE('',#6936,#6935,#7664,.T.);
#5758=EDGE_CURVE('',#6937,#6529,#792,.T.);
#5759=EDGE_CURVE('',#6937,#6936,#793,.T.);
#5760=EDGE_CURVE('',#6938,#6528,#794,.T.);
#5761=EDGE_CURVE('',#6938,#6937,#7665,.T.);
#5762=EDGE_CURVE('',#6939,#6527,#795,.T.);
#5763=EDGE_CURVE('',#6939,#6938,#7666,.T.);
#5764=EDGE_CURVE('',#6940,#6526,#796,.T.);
#5765=EDGE_CURVE('',#6940,#6939,#797,.T.);
#5766=EDGE_CURVE('',#6941,#6525,#798,.T.);
#5767=EDGE_CURVE('',#6941,#6940,#7667,.F.);
#5768=EDGE_CURVE('',#6942,#6524,#799,.T.);
#5769=EDGE_CURVE('',#6942,#6941,#359,.T.);
#5770=EDGE_CURVE('',#6943,#6523,#800,.T.);
#5771=EDGE_CURVE('',#6943,#6942,#7668,.F.);
#5772=EDGE_CURVE('',#6944,#6522,#801,.T.);
#5773=EDGE_CURVE('',#6944,#6943,#7669,.F.);
#5774=EDGE_CURVE('',#6945,#6521,#802,.T.);
#5775=EDGE_CURVE('',#6945,#6944,#7670,.F.);
#5776=EDGE_CURVE('',#6946,#6520,#803,.T.);
#5777=EDGE_CURVE('',#6946,#6945,#7671,.F.);
#5778=EDGE_CURVE('',#6947,#6519,#804,.T.);
#5779=EDGE_CURVE('',#6947,#6946,#805,.T.);
#5780=EDGE_CURVE('',#6948,#6518,#806,.T.);
#5781=EDGE_CURVE('',#6948,#6947,#7672,.T.);
#5782=EDGE_CURVE('',#6949,#6517,#807,.T.);
#5783=EDGE_CURVE('',#6949,#6948,#7673,.T.);
#5784=EDGE_CURVE('',#6916,#6949,#7674,.T.);
#5785=EDGE_CURVE('',#6950,#6550,#808,.T.);
#5786=EDGE_CURVE('',#6950,#6951,#360,.T.);
#5787=EDGE_CURVE('',#6951,#6551,#809,.T.);
#5788=EDGE_CURVE('',#6952,#6549,#810,.T.);
#5789=EDGE_CURVE('',#6952,#6950,#361,.T.);
#5790=EDGE_CURVE('',#6953,#6567,#811,.T.);
#5791=EDGE_CURVE('',#6953,#6952,#7675,.T.);
#5792=EDGE_CURVE('',#6954,#6566,#812,.T.);
#5793=EDGE_CURVE('',#6954,#6953,#7676,.T.);
#5794=EDGE_CURVE('',#6955,#6565,#813,.T.);
#5795=EDGE_CURVE('',#6955,#6954,#7677,.T.);
#5796=EDGE_CURVE('',#6956,#6564,#814,.T.);
#5797=EDGE_CURVE('',#6956,#6955,#815,.T.);
#5798=EDGE_CURVE('',#6957,#6563,#816,.T.);
#5799=EDGE_CURVE('',#6957,#6956,#817,.T.);
#5800=EDGE_CURVE('',#6958,#6562,#818,.T.);
#5801=EDGE_CURVE('',#6958,#6957,#819,.T.);
#5802=EDGE_CURVE('',#6959,#6561,#820,.T.);
#5803=EDGE_CURVE('',#6959,#6958,#7678,.F.);
#5804=EDGE_CURVE('',#6960,#6560,#821,.T.);
#5805=EDGE_CURVE('',#6960,#6959,#7679,.F.);
#5806=EDGE_CURVE('',#6961,#6559,#822,.T.);
#5807=EDGE_CURVE('',#6961,#6960,#7680,.F.);
#5808=EDGE_CURVE('',#6962,#6558,#823,.T.);
#5809=EDGE_CURVE('',#6962,#6961,#362,.T.);
#5810=EDGE_CURVE('',#6963,#6557,#824,.T.);
#5811=EDGE_CURVE('',#6963,#6962,#363,.T.);
#5812=EDGE_CURVE('',#6964,#6556,#825,.T.);
#5813=EDGE_CURVE('',#6964,#6963,#7681,.F.);
#5814=EDGE_CURVE('',#6965,#6555,#826,.T.);
#5815=EDGE_CURVE('',#6965,#6964,#7682,.F.);
#5816=EDGE_CURVE('',#6966,#6554,#827,.T.);
#5817=EDGE_CURVE('',#6966,#6965,#7683,.F.);
#5818=EDGE_CURVE('',#6967,#6553,#828,.T.);
#5819=EDGE_CURVE('',#6967,#6966,#7684,.F.);
#5820=EDGE_CURVE('',#6968,#6552,#829,.T.);
#5821=EDGE_CURVE('',#6968,#6967,#830,.T.);
#5822=EDGE_CURVE('',#6951,#6968,#364,.T.);
#5823=EDGE_CURVE('',#6969,#6569,#831,.T.);
#5824=EDGE_CURVE('',#6969,#6970,#832,.T.);
#5825=EDGE_CURVE('',#6970,#6570,#833,.T.);
#5826=EDGE_CURVE('',#6971,#6568,#834,.T.);
#5827=EDGE_CURVE('',#6971,#6969,#835,.T.);
#5828=EDGE_CURVE('',#6972,#6572,#836,.T.);
#5829=EDGE_CURVE('',#6972,#6971,#837,.T.);
#5830=EDGE_CURVE('',#6973,#6571,#838,.T.);
#5831=EDGE_CURVE('',#6973,#6972,#839,.T.);
#5832=EDGE_CURVE('',#6970,#6973,#840,.T.);
#5833=EDGE_CURVE('',#6974,#6574,#841,.T.);
#5834=EDGE_CURVE('',#6974,#6975,#7685,.F.);
#5835=EDGE_CURVE('',#6975,#6575,#842,.T.);
#5836=EDGE_CURVE('',#6976,#6573,#843,.T.);
#5837=EDGE_CURVE('',#6976,#6974,#844,.T.);
#5838=EDGE_CURVE('',#6977,#6579,#845,.T.);
#5839=EDGE_CURVE('',#6977,#6976,#7686,.T.);
#5840=EDGE_CURVE('',#6978,#6578,#846,.T.);
#5841=EDGE_CURVE('',#6978,#6977,#7687,.T.);
#5842=EDGE_CURVE('',#6979,#6577,#847,.T.);
#5843=EDGE_CURVE('',#6979,#6978,#7688,.T.);
#5844=EDGE_CURVE('',#6980,#6576,#848,.T.);
#5845=EDGE_CURVE('',#6980,#6979,#849,.T.);
#5846=EDGE_CURVE('',#6975,#6980,#365,.T.);
#5847=EDGE_CURVE('',#6981,#6581,#850,.T.);
#5848=EDGE_CURVE('',#6981,#6982,#7689,.T.);
#5849=EDGE_CURVE('',#6982,#6582,#851,.T.);
#5850=EDGE_CURVE('',#6983,#6580,#852,.T.);
#5851=EDGE_CURVE('',#6983,#6981,#366,.T.);
#5852=EDGE_CURVE('',#6984,#6603,#853,.T.);
#5853=EDGE_CURVE('',#6984,#6983,#7690,.T.);
#5854=EDGE_CURVE('',#6985,#6602,#854,.T.);
#5855=EDGE_CURVE('',#6985,#6984,#7691,.T.);
#5856=EDGE_CURVE('',#6986,#6601,#855,.T.);
#5857=EDGE_CURVE('',#6986,#6985,#7692,.T.);
#5858=EDGE_CURVE('',#6987,#6600,#856,.T.);
#5859=EDGE_CURVE('',#6987,#6986,#7693,.T.);
#5860=EDGE_CURVE('',#6988,#6599,#857,.T.);
#5861=EDGE_CURVE('',#6988,#6987,#7694,.T.);
#5862=EDGE_CURVE('',#6989,#6598,#858,.T.);
#5863=EDGE_CURVE('',#6989,#6988,#7695,.T.);
#5864=EDGE_CURVE('',#6990,#6597,#859,.T.);
#5865=EDGE_CURVE('',#6990,#6989,#7696,.T.);
#5866=EDGE_CURVE('',#6991,#6596,#860,.T.);
#5867=EDGE_CURVE('',#6991,#6990,#861,.T.);
#5868=EDGE_CURVE('',#6992,#6595,#862,.T.);
#5869=EDGE_CURVE('',#6992,#6991,#7697,.F.);
#5870=EDGE_CURVE('',#6993,#6594,#863,.T.);
#5871=EDGE_CURVE('',#6993,#6992,#7698,.F.);
#5872=EDGE_CURVE('',#6994,#6593,#864,.T.);
#5873=EDGE_CURVE('',#6994,#6993,#7699,.F.);
#5874=EDGE_CURVE('',#6995,#6592,#865,.T.);
#5875=EDGE_CURVE('',#6995,#6994,#7700,.F.);
#5876=EDGE_CURVE('',#6996,#6591,#866,.T.);
#5877=EDGE_CURVE('',#6996,#6995,#7701,.F.);
#5878=EDGE_CURVE('',#6997,#6590,#867,.T.);
#5879=EDGE_CURVE('',#6997,#6996,#7702,.F.);
#5880=EDGE_CURVE('',#6998,#6589,#868,.T.);
#5881=EDGE_CURVE('',#6998,#6997,#7703,.F.);
#5882=EDGE_CURVE('',#6999,#6588,#869,.T.);
#5883=EDGE_CURVE('',#6999,#6998,#7704,.F.);
#5884=EDGE_CURVE('',#7000,#6587,#870,.T.);
#5885=EDGE_CURVE('',#7000,#6999,#367,.T.);
#5886=EDGE_CURVE('',#7001,#6586,#871,.T.);
#5887=EDGE_CURVE('',#7001,#7000,#7705,.F.);
#5888=EDGE_CURVE('',#7002,#6585,#872,.T.);
#5889=EDGE_CURVE('',#7002,#7001,#873,.T.);
#5890=EDGE_CURVE('',#7003,#6584,#874,.T.);
#5891=EDGE_CURVE('',#7003,#7002,#7706,.T.);
#5892=EDGE_CURVE('',#7004,#6583,#875,.T.);
#5893=EDGE_CURVE('',#7004,#7003,#7707,.T.);
#5894=EDGE_CURVE('',#6982,#7004,#7708,.T.);
#5895=EDGE_CURVE('',#7005,#6605,#876,.T.);
#5896=EDGE_CURVE('',#7005,#7006,#7709,.F.);
#5897=EDGE_CURVE('',#7006,#6606,#877,.T.);
#5898=EDGE_CURVE('',#7007,#6604,#878,.T.);
#5899=EDGE_CURVE('',#7007,#7005,#879,.T.);
#5900=EDGE_CURVE('',#7008,#6616,#880,.T.);
#5901=EDGE_CURVE('',#7008,#7007,#7710,.T.);
#5902=EDGE_CURVE('',#7009,#6615,#881,.T.);
#5903=EDGE_CURVE('',#7009,#7008,#7711,.T.);
#5904=EDGE_CURVE('',#7010,#6614,#882,.T.);
#5905=EDGE_CURVE('',#7010,#7009,#7712,.T.);
#5906=EDGE_CURVE('',#7011,#6613,#883,.T.);
#5907=EDGE_CURVE('',#7011,#7010,#7713,.T.);
#5908=EDGE_CURVE('',#7012,#6612,#884,.T.);
#5909=EDGE_CURVE('',#7012,#7011,#885,.T.);
#5910=EDGE_CURVE('',#7013,#6611,#886,.T.);
#5911=EDGE_CURVE('',#7013,#7012,#887,.T.);
#5912=EDGE_CURVE('',#7014,#6610,#888,.T.);
#5913=EDGE_CURVE('',#7014,#7013,#889,.T.);
#5914=EDGE_CURVE('',#7015,#6609,#890,.T.);
#5915=EDGE_CURVE('',#7015,#7014,#7714,.T.);
#5916=EDGE_CURVE('',#7016,#6608,#891,.T.);
#5917=EDGE_CURVE('',#7016,#7015,#7715,.F.);
#5918=EDGE_CURVE('',#7017,#6607,#892,.T.);
#5919=EDGE_CURVE('',#7017,#7016,#7716,.F.);
#5920=EDGE_CURVE('',#7006,#7017,#7717,.F.);
#5921=EDGE_CURVE('',#7018,#6618,#893,.T.);
#5922=EDGE_CURVE('',#7018,#7019,#894,.T.);
#5923=EDGE_CURVE('',#7019,#6619,#895,.T.);
#5924=EDGE_CURVE('',#7020,#6617,#896,.T.);
#5925=EDGE_CURVE('',#7020,#7018,#897,.T.);
#5926=EDGE_CURVE('',#7021,#6621,#898,.T.);
#5927=EDGE_CURVE('',#7021,#7020,#899,.T.);
#5928=EDGE_CURVE('',#7022,#6620,#900,.T.);
#5929=EDGE_CURVE('',#7022,#7021,#901,.T.);
#5930=EDGE_CURVE('',#7019,#7022,#902,.T.);
#5931=EDGE_CURVE('',#7023,#6623,#903,.T.);
#5932=EDGE_CURVE('',#7023,#7024,#7718,.F.);
#5933=EDGE_CURVE('',#7024,#6624,#904,.T.);
#5934=EDGE_CURVE('',#7025,#6622,#905,.T.);
#5935=EDGE_CURVE('',#7025,#7023,#906,.T.);
#5936=EDGE_CURVE('',#7026,#6645,#907,.T.);
#5937=EDGE_CURVE('',#7026,#7025,#908,.T.);
#5938=EDGE_CURVE('',#7027,#6644,#909,.T.);
#5939=EDGE_CURVE('',#7027,#7026,#910,.T.);
#5940=EDGE_CURVE('',#7028,#6643,#911,.T.);
#5941=EDGE_CURVE('',#7028,#7027,#7719,.T.);
#5942=EDGE_CURVE('',#7029,#6642,#912,.T.);
#5943=EDGE_CURVE('',#7029,#7028,#7720,.T.);
#5944=EDGE_CURVE('',#7030,#6641,#913,.T.);
#5945=EDGE_CURVE('',#7030,#7029,#7721,.T.);
#5946=EDGE_CURVE('',#7031,#6640,#914,.T.);
#5947=EDGE_CURVE('',#7031,#7030,#7722,.T.);
#5948=EDGE_CURVE('',#7032,#6639,#915,.T.);
#5949=EDGE_CURVE('',#7032,#7031,#7723,.T.);
#5950=EDGE_CURVE('',#7033,#6638,#916,.T.);
#5951=EDGE_CURVE('',#7033,#7032,#7724,.F.);
#5952=EDGE_CURVE('',#7034,#6637,#917,.T.);
#5953=EDGE_CURVE('',#7034,#7033,#7725,.F.);
#5954=EDGE_CURVE('',#7035,#6636,#918,.T.);
#5955=EDGE_CURVE('',#7035,#7034,#7726,.F.);
#5956=EDGE_CURVE('',#7036,#6635,#919,.T.);
#5957=EDGE_CURVE('',#7036,#7035,#7727,.F.);
#5958=EDGE_CURVE('',#7037,#6634,#920,.T.);
#5959=EDGE_CURVE('',#7037,#7036,#921,.T.);
#5960=EDGE_CURVE('',#7038,#6633,#922,.T.);
#5961=EDGE_CURVE('',#7038,#7037,#7728,.F.);
#5962=EDGE_CURVE('',#7039,#6632,#923,.T.);
#5963=EDGE_CURVE('',#7039,#7038,#7729,.T.);
#5964=EDGE_CURVE('',#7040,#6631,#924,.T.);
#5965=EDGE_CURVE('',#7040,#7039,#7730,.F.);
#5966=EDGE_CURVE('',#7041,#6630,#925,.T.);
#5967=EDGE_CURVE('',#7041,#7040,#7731,.F.);
#5968=EDGE_CURVE('',#7042,#6629,#926,.T.);
#5969=EDGE_CURVE('',#7042,#7041,#7732,.F.);
#5970=EDGE_CURVE('',#7043,#6628,#927,.T.);
#5971=EDGE_CURVE('',#7043,#7042,#7733,.F.);
#5972=EDGE_CURVE('',#7044,#6627,#928,.T.);
#5973=EDGE_CURVE('',#7044,#7043,#368,.T.);
#5974=EDGE_CURVE('',#7045,#6626,#929,.T.);
#5975=EDGE_CURVE('',#7045,#7044,#7734,.F.);
#5976=EDGE_CURVE('',#7046,#6625,#930,.T.);
#5977=EDGE_CURVE('',#7046,#7045,#7735,.F.);
#5978=EDGE_CURVE('',#7024,#7046,#7736,.T.);
#5979=EDGE_CURVE('',#7047,#6647,#931,.T.);
#5980=EDGE_CURVE('',#7047,#7048,#932,.T.);
#5981=EDGE_CURVE('',#7048,#6648,#933,.T.);
#5982=EDGE_CURVE('',#7049,#6646,#934,.T.);
#5983=EDGE_CURVE('',#7049,#7047,#935,.T.);
#5984=EDGE_CURVE('',#7050,#6650,#936,.T.);
#5985=EDGE_CURVE('',#7050,#7049,#937,.T.);
#5986=EDGE_CURVE('',#7051,#6649,#938,.T.);
#5987=EDGE_CURVE('',#7051,#7050,#939,.T.);
#5988=EDGE_CURVE('',#7048,#7051,#940,.T.);
#5989=EDGE_CURVE('',#7052,#6652,#941,.T.);
#5990=EDGE_CURVE('',#7052,#7053,#7737,.F.);
#5991=EDGE_CURVE('',#7053,#6653,#942,.T.);
#5992=EDGE_CURVE('',#7054,#6651,#943,.T.);
#5993=EDGE_CURVE('',#7054,#7052,#944,.T.);
#5994=EDGE_CURVE('',#7055,#6674,#945,.T.);
#5995=EDGE_CURVE('',#7055,#7054,#946,.T.);
#5996=EDGE_CURVE('',#7056,#6673,#947,.T.);
#5997=EDGE_CURVE('',#7056,#7055,#948,.T.);
#5998=EDGE_CURVE('',#7057,#6672,#949,.T.);
#5999=EDGE_CURVE('',#7057,#7056,#7738,.T.);
#6000=EDGE_CURVE('',#7058,#6671,#950,.T.);
#6001=EDGE_CURVE('',#7058,#7057,#7739,.T.);
#6002=EDGE_CURVE('',#7059,#6670,#951,.T.);
#6003=EDGE_CURVE('',#7059,#7058,#7740,.T.);
#6004=EDGE_CURVE('',#7060,#6669,#952,.T.);
#6005=EDGE_CURVE('',#7060,#7059,#7741,.T.);
#6006=EDGE_CURVE('',#7061,#6668,#953,.T.);
#6007=EDGE_CURVE('',#7061,#7060,#7742,.T.);
#6008=EDGE_CURVE('',#7062,#6667,#954,.T.);
#6009=EDGE_CURVE('',#7062,#7061,#7743,.F.);
#6010=EDGE_CURVE('',#7063,#6666,#955,.T.);
#6011=EDGE_CURVE('',#7063,#7062,#7744,.F.);
#6012=EDGE_CURVE('',#7064,#6665,#956,.T.);
#6013=EDGE_CURVE('',#7064,#7063,#7745,.F.);
#6014=EDGE_CURVE('',#7065,#6664,#957,.T.);
#6015=EDGE_CURVE('',#7065,#7064,#7746,.F.);
#6016=EDGE_CURVE('',#7066,#6663,#958,.T.);
#6017=EDGE_CURVE('',#7066,#7065,#959,.T.);
#6018=EDGE_CURVE('',#7067,#6662,#960,.T.);
#6019=EDGE_CURVE('',#7067,#7066,#7747,.F.);
#6020=EDGE_CURVE('',#7068,#6661,#961,.T.);
#6021=EDGE_CURVE('',#7068,#7067,#7748,.T.);
#6022=EDGE_CURVE('',#7069,#6660,#962,.T.);
#6023=EDGE_CURVE('',#7069,#7068,#7749,.F.);
#6024=EDGE_CURVE('',#7070,#6659,#963,.T.);
#6025=EDGE_CURVE('',#7070,#7069,#7750,.F.);
#6026=EDGE_CURVE('',#7071,#6658,#964,.T.);
#6027=EDGE_CURVE('',#7071,#7070,#7751,.F.);
#6028=EDGE_CURVE('',#7072,#6657,#965,.T.);
#6029=EDGE_CURVE('',#7072,#7071,#7752,.F.);
#6030=EDGE_CURVE('',#7073,#6656,#966,.T.);
#6031=EDGE_CURVE('',#7073,#7072,#369,.T.);
#6032=EDGE_CURVE('',#7074,#6655,#967,.T.);
#6033=EDGE_CURVE('',#7074,#7073,#7753,.F.);
#6034=EDGE_CURVE('',#7075,#6654,#968,.T.);
#6035=EDGE_CURVE('',#7075,#7074,#7754,.F.);
#6036=EDGE_CURVE('',#7053,#7075,#7755,.T.);
#6037=EDGE_CURVE('',#7076,#6676,#969,.T.);
#6038=EDGE_CURVE('',#7076,#7077,#970,.T.);
#6039=EDGE_CURVE('',#7077,#6677,#971,.T.);
#6040=EDGE_CURVE('',#7078,#6675,#972,.T.);
#6041=EDGE_CURVE('',#7078,#7076,#973,.T.);
#6042=EDGE_CURVE('',#7079,#6679,#974,.T.);
#6043=EDGE_CURVE('',#7079,#7078,#975,.T.);
#6044=EDGE_CURVE('',#7080,#6678,#976,.T.);
#6045=EDGE_CURVE('',#7080,#7079,#977,.T.);
#6046=EDGE_CURVE('',#7077,#7080,#978,.T.);
#6047=EDGE_CURVE('',#7081,#6681,#979,.T.);
#6048=EDGE_CURVE('',#7081,#7082,#980,.T.);
#6049=EDGE_CURVE('',#7082,#6682,#981,.T.);
#6050=EDGE_CURVE('',#7083,#6680,#982,.T.);
#6051=EDGE_CURVE('',#7083,#7081,#983,.T.);
#6052=EDGE_CURVE('',#7084,#6683,#984,.T.);
#6053=EDGE_CURVE('',#7084,#7083,#985,.T.);
#6054=EDGE_CURVE('',#7082,#7084,#986,.T.);
#6055=EDGE_CURVE('',#7085,#6685,#987,.T.);
#6056=EDGE_CURVE('',#7085,#7086,#988,.T.);
#6057=EDGE_CURVE('',#7086,#6686,#989,.T.);
#6058=EDGE_CURVE('',#7087,#6684,#990,.T.);
#6059=EDGE_CURVE('',#7087,#7085,#991,.T.);
#6060=EDGE_CURVE('',#7088,#6690,#992,.T.);
#6061=EDGE_CURVE('',#7088,#7087,#993,.T.);
#6062=EDGE_CURVE('',#7089,#6689,#994,.T.);
#6063=EDGE_CURVE('',#7089,#7088,#995,.T.);
#6064=EDGE_CURVE('',#7090,#6688,#996,.T.);
#6065=EDGE_CURVE('',#7090,#7089,#997,.T.);
#6066=EDGE_CURVE('',#7091,#6687,#998,.T.);
#6067=EDGE_CURVE('',#7091,#7090,#999,.T.);
#6068=EDGE_CURVE('',#7086,#7091,#1000,.T.);
#6069=EDGE_CURVE('',#7092,#6692,#1001,.T.);
#6070=EDGE_CURVE('',#7092,#7093,#1002,.T.);
#6071=EDGE_CURVE('',#7093,#6693,#1003,.T.);
#6072=EDGE_CURVE('',#7094,#6691,#1004,.T.);
#6073=EDGE_CURVE('',#7094,#7092,#1005,.T.);
#6074=EDGE_CURVE('',#7095,#6694,#1006,.T.);
#6075=EDGE_CURVE('',#7095,#7094,#1007,.T.);
#6076=EDGE_CURVE('',#7093,#7095,#1008,.T.);
#6077=EDGE_CURVE('',#7096,#7097,#1009,.T.);
#6078=EDGE_CURVE('',#7098,#7096,#1010,.T.);
#6079=EDGE_CURVE('',#7098,#7099,#1011,.T.);
#6080=EDGE_CURVE('',#7099,#7097,#1012,.T.);
#6081=EDGE_CURVE('',#7100,#7101,#1013,.T.);
#6082=EDGE_CURVE('',#7100,#7102,#1014,.T.);
#6083=EDGE_CURVE('',#7103,#7102,#1015,.T.);
#6084=EDGE_CURVE('',#7104,#7103,#1016,.T.);
#6085=EDGE_CURVE('',#7104,#7105,#1017,.T.);
#6086=EDGE_CURVE('',#7105,#7101,#1018,.T.);
#6087=EDGE_CURVE('',#7106,#7107,#1019,.T.);
#6088=EDGE_CURVE('',#7107,#7108,#1020,.T.);
#6089=EDGE_CURVE('',#7108,#7109,#1021,.T.);
#6090=EDGE_CURVE('',#7110,#7109,#1022,.T.);
#6091=EDGE_CURVE('',#7111,#7110,#1023,.T.);
#6092=EDGE_CURVE('',#7112,#7111,#1024,.T.);
#6093=EDGE_CURVE('',#7112,#7113,#1025,.T.);
#6094=EDGE_CURVE('',#7114,#7113,#1026,.T.);
#6095=EDGE_CURVE('',#7115,#7114,#1027,.T.);
#6096=EDGE_CURVE('',#7115,#7116,#1028,.T.);
#6097=EDGE_CURVE('',#7117,#7116,#1029,.T.);
#6098=EDGE_CURVE('',#7117,#7106,#1030,.T.);
#6099=EDGE_CURVE('',#7118,#7119,#1031,.T.);
#6100=EDGE_CURVE('',#7120,#7118,#1032,.T.);
#6101=EDGE_CURVE('',#7121,#7120,#1033,.T.);
#6102=EDGE_CURVE('',#7119,#7121,#1034,.T.);
#6103=EDGE_CURVE('',#7122,#7123,#1035,.T.);
#6104=EDGE_CURVE('',#7122,#7124,#1036,.T.);
#6105=EDGE_CURVE('',#7124,#7125,#1037,.T.);
#6106=EDGE_CURVE('',#7123,#7125,#1038,.T.);
#6107=EDGE_CURVE('',#7126,#7127,#1039,.T.);
#6108=EDGE_CURVE('',#7126,#7128,#1040,.T.);
#6109=EDGE_CURVE('',#7128,#7129,#1041,.T.);
#6110=EDGE_CURVE('',#7127,#7129,#1042,.T.);
#6111=EDGE_CURVE('',#7130,#7131,#1043,.T.);
#6112=EDGE_CURVE('',#7130,#7132,#1044,.T.);
#6113=EDGE_CURVE('',#7132,#7133,#1045,.T.);
#6114=EDGE_CURVE('',#7131,#7133,#1046,.T.);
#6115=EDGE_CURVE('',#7130,#7134,#1047,.T.);
#6116=EDGE_CURVE('',#7131,#7135,#1048,.T.);
#6117=EDGE_CURVE('',#7134,#7135,#1049,.T.);
#6118=EDGE_CURVE('',#7134,#7136,#1050,.T.);
#6119=EDGE_CURVE('',#7135,#7137,#1051,.T.);
#6120=EDGE_CURVE('',#7136,#7137,#1052,.T.);
#6121=EDGE_CURVE('',#7132,#7136,#1053,.T.);
#6122=EDGE_CURVE('',#7133,#7137,#1054,.T.);
#6123=EDGE_CURVE('',#7122,#7104,#1055,.T.);
#6124=EDGE_CURVE('',#7124,#7103,#1056,.T.);
#6125=EDGE_CURVE('',#7138,#7139,#1057,.T.);
#6126=EDGE_CURVE('',#7139,#7140,#1058,.T.);
#6127=EDGE_CURVE('',#7140,#7141,#1059,.T.);
#6128=EDGE_CURVE('',#7142,#7141,#1060,.T.);
#6129=EDGE_CURVE('',#7142,#7143,#1061,.T.);
#6130=EDGE_CURVE('',#7143,#7144,#1062,.T.);
#6131=EDGE_CURVE('',#7145,#7144,#1063,.T.);
#6132=EDGE_CURVE('',#7145,#7146,#1064,.T.);
#6133=EDGE_CURVE('',#7146,#7147,#1065,.T.);
#6134=EDGE_CURVE('',#7147,#7148,#1066,.T.);
#6135=EDGE_CURVE('',#7149,#7148,#1067,.T.);
#6136=EDGE_CURVE('',#7149,#7150,#1068,.T.);
#6137=EDGE_CURVE('',#7151,#7150,#1069,.T.);
#6138=EDGE_CURVE('',#7138,#7151,#1070,.T.);
#6139=EDGE_CURVE('',#7123,#7152,#1071,.T.);
#6140=EDGE_CURVE('',#7153,#7152,#1072,.T.);
#6141=EDGE_CURVE('',#7153,#7143,#1073,.T.);
#6142=EDGE_CURVE('',#7154,#7142,#1074,.T.);
#6143=EDGE_CURVE('',#7155,#7154,#1075,.T.);
#6144=EDGE_CURVE('',#7155,#7105,#1076,.T.);
#6145=EDGE_CURVE('',#7156,#7145,#1077,.T.);
#6146=EDGE_CURVE('',#7152,#7156,#1078,.T.);
#6147=EDGE_CURVE('',#7125,#7150,#1079,.T.);
#6148=EDGE_CURVE('',#7157,#7149,#1080,.T.);
#6149=EDGE_CURVE('',#7158,#7157,#1081,.T.);
#6150=EDGE_CURVE('',#7158,#7146,#1082,.T.);
#6151=EDGE_CURVE('',#7159,#7102,#1083,.T.);
#6152=EDGE_CURVE('',#7159,#7160,#1084,.T.);
#6153=EDGE_CURVE('',#7160,#7151,#1085,.T.);
#6154=EDGE_CURVE('',#7155,#7161,#1086,.T.);
#6155=EDGE_CURVE('',#7161,#7101,#1087,.T.);
#6156=EDGE_CURVE('',#7162,#7141,#1088,.T.);
#6157=EDGE_CURVE('',#7154,#7162,#1089,.T.);
#6158=EDGE_CURVE('',#7101,#7140,#1090,.T.);
#6159=EDGE_CURVE('',#7161,#7162,#1091,.T.);
#6160=EDGE_CURVE('',#7163,#7138,#1092,.T.);
#6161=EDGE_CURVE('',#7163,#7164,#1093,.T.);
#6162=EDGE_CURVE('',#7164,#7100,#1094,.T.);
#6163=EDGE_CURVE('',#7100,#7139,#1095,.T.);
#6164=EDGE_CURVE('',#7163,#7160,#1096,.T.);
#6165=EDGE_CURVE('',#7164,#7159,#1097,.T.);
#6166=EDGE_CURVE('',#7165,#7148,#1098,.T.);
#6167=EDGE_CURVE('',#7157,#7165,#1099,.T.);
#6168=EDGE_CURVE('',#7166,#7147,#1100,.T.);
#6169=EDGE_CURVE('',#7166,#7165,#1101,.T.);
#6170=EDGE_CURVE('',#7158,#7166,#1102,.T.);
#6171=EDGE_CURVE('',#7153,#7167,#1103,.T.);
#6172=EDGE_CURVE('',#7167,#7144,#1104,.T.);
#6173=EDGE_CURVE('',#7156,#7167,#1105,.T.);
#6174=EDGE_CURVE('',#7126,#7117,#1106,.T.);
#6175=EDGE_CURVE('',#7127,#7106,#1107,.T.);
#6176=EDGE_CURVE('',#7168,#7116,#1108,.T.);
#6177=EDGE_CURVE('',#7168,#7169,#1109,.T.);
#6178=EDGE_CURVE('',#7128,#7169,#1110,.T.);
#6179=EDGE_CURVE('',#7170,#7171,#1111,.T.);
#6180=EDGE_CURVE('',#7171,#7172,#1112,.T.);
#6181=EDGE_CURVE('',#7173,#7172,#1113,.T.);
#6182=EDGE_CURVE('',#7170,#7173,#1114,.T.);
#6183=EDGE_CURVE('',#7169,#7174,#1115,.T.);
#6184=EDGE_CURVE('',#7174,#7112,#1116,.T.);
#6185=EDGE_CURVE('',#7175,#7111,#1117,.T.);
#6186=EDGE_CURVE('',#7175,#7176,#1118,.T.);
#6187=EDGE_CURVE('',#7129,#7176,#1119,.T.);
#6188=EDGE_CURVE('',#7177,#7176,#1120,.T.);
#6189=EDGE_CURVE('',#7177,#7107,#1121,.T.);
#6190=EDGE_CURVE('',#7178,#7179,#1122,.T.);
#6191=EDGE_CURVE('',#7178,#7180,#1123,.T.);
#6192=EDGE_CURVE('',#7180,#7181,#1124,.T.);
#6193=EDGE_CURVE('',#7179,#7181,#1125,.T.);
#6194=EDGE_CURVE('',#7179,#7171,#1126,.T.);
#6195=EDGE_CURVE('',#7181,#7172,#1127,.T.);
#6196=EDGE_CURVE('',#7180,#7173,#1128,.T.);
#6197=EDGE_CURVE('',#7178,#7170,#1129,.T.);
#6198=EDGE_CURVE('',#7182,#7115,#1130,.T.);
#6199=EDGE_CURVE('',#7182,#7168,#1131,.T.);
#6200=EDGE_CURVE('',#7183,#7114,#1132,.T.);
#6201=EDGE_CURVE('',#7182,#7183,#1133,.T.);
#6202=EDGE_CURVE('',#7184,#7113,#1134,.T.);
#6203=EDGE_CURVE('',#7183,#7184,#1135,.T.);
#6204=EDGE_CURVE('',#7174,#7184,#1136,.T.);
#6205=EDGE_CURVE('',#7185,#7185,#7756,.T.);
#6206=EDGE_CURVE('',#7186,#7186,#7757,.F.);
#6207=EDGE_CURVE('',#7177,#7187,#1137,.T.);
#6208=EDGE_CURVE('',#7187,#7108,#1138,.T.);
#6209=EDGE_CURVE('',#7188,#7110,#1139,.T.);
#6210=EDGE_CURVE('',#7175,#7188,#1140,.T.);
#6211=EDGE_CURVE('',#7189,#7109,#1141,.T.);
#6212=EDGE_CURVE('',#7188,#7189,#1142,.T.);
#6213=EDGE_CURVE('',#7190,#7190,#7758,.T.);
#6214=EDGE_CURVE('',#7191,#7191,#7759,.F.);
#6215=EDGE_CURVE('',#7187,#7189,#1143,.T.);
#6216=EDGE_CURVE('',#7192,#7096,#1144,.T.);
#6217=EDGE_CURVE('',#7193,#7192,#1145,.T.);
#6218=EDGE_CURVE('',#7193,#7098,#1146,.T.);
#6219=EDGE_CURVE('',#7194,#7097,#1147,.T.);
#6220=EDGE_CURVE('',#7192,#7194,#1148,.T.);
#6221=EDGE_CURVE('',#7195,#7099,#1149,.T.);
#6222=EDGE_CURVE('',#7195,#7194,#1150,.T.);
#6223=EDGE_CURVE('',#7193,#7195,#1151,.T.);
#6224=EDGE_CURVE('',#7196,#7196,#7760,.T.);
#6225=EDGE_CURVE('',#7197,#7197,#7761,.F.);
#6226=EDGE_CURVE('',#7198,#7118,#1152,.T.);
#6227=EDGE_CURVE('',#7199,#7198,#1153,.T.);
#6228=EDGE_CURVE('',#7199,#7120,#1154,.T.);
#6229=EDGE_CURVE('',#7200,#7119,#1155,.T.);
#6230=EDGE_CURVE('',#7198,#7200,#1156,.T.);
#6231=EDGE_CURVE('',#7201,#7121,#1157,.T.);
#6232=EDGE_CURVE('',#7200,#7201,#1158,.T.);
#6233=EDGE_CURVE('',#7202,#7202,#11,.T.);
#6234=EDGE_CURVE('',#7203,#7203,#12,.T.);
#6235=EDGE_CURVE('',#7201,#7199,#1159,.T.);
#6236=EDGE_CURVE('',#7204,#7204,#7762,.T.);
#6237=EDGE_CURVE('',#7205,#7205,#7763,.T.);
#6238=EDGE_CURVE('',#7206,#7207,#1160,.T.);
#6239=EDGE_CURVE('',#7208,#7207,#1161,.T.);
#6240=EDGE_CURVE('',#7209,#7208,#1162,.T.);
#6241=EDGE_CURVE('',#7209,#7206,#1163,.T.);
#6242=EDGE_CURVE('',#7210,#7211,#1164,.T.);
#6243=EDGE_CURVE('',#7211,#7212,#1165,.T.);
#6244=EDGE_CURVE('',#7213,#7212,#1166,.T.);
#6245=EDGE_CURVE('',#7210,#7213,#1167,.T.);
#6246=EDGE_CURVE('',#7214,#7215,#1168,.T.);
#6247=EDGE_CURVE('',#7215,#7216,#1169,.T.);
#6248=EDGE_CURVE('',#7217,#7216,#1170,.T.);
#6249=EDGE_CURVE('',#7214,#7217,#1171,.T.);
#6250=EDGE_CURVE('',#7218,#7219,#1172,.T.);
#6251=EDGE_CURVE('',#7219,#7220,#1173,.T.);
#6252=EDGE_CURVE('',#7221,#7220,#1174,.T.);
#6253=EDGE_CURVE('',#7218,#7221,#1175,.T.);
#6254=EDGE_CURVE('',#7222,#7223,#1176,.T.);
#6255=EDGE_CURVE('',#7224,#7223,#1177,.T.);
#6256=EDGE_CURVE('',#7225,#7224,#1178,.T.);
#6257=EDGE_CURVE('',#7222,#7225,#1179,.T.);
#6258=EDGE_CURVE('',#7226,#7227,#1180,.T.);
#6259=EDGE_CURVE('',#7227,#7228,#1181,.T.);
#6260=EDGE_CURVE('',#7229,#7228,#1182,.T.);
#6261=EDGE_CURVE('',#7226,#7229,#1183,.T.);
#6262=EDGE_CURVE('',#7208,#7227,#1184,.T.);
#6263=EDGE_CURVE('',#7209,#7226,#1185,.T.);
#6264=EDGE_CURVE('',#7230,#7231,#1186,.T.);
#6265=EDGE_CURVE('',#7230,#7232,#1187,.T.);
#6266=EDGE_CURVE('',#7233,#7232,#1188,.T.);
#6267=EDGE_CURVE('',#7231,#7233,#1189,.T.);
#6268=EDGE_CURVE('',#7234,#7235,#1190,.T.);
#6269=EDGE_CURVE('',#7236,#7235,#1191,.T.);
#6270=EDGE_CURVE('',#7237,#7236,#1192,.T.);
#6271=EDGE_CURVE('',#7237,#7234,#1193,.T.);
#6272=EDGE_CURVE('',#7216,#7235,#1194,.T.);
#6273=EDGE_CURVE('',#7217,#7234,#1195,.T.);
#6274=EDGE_CURVE('',#7215,#7236,#1196,.T.);
#6275=EDGE_CURVE('',#7214,#7237,#1197,.T.);
#6276=EDGE_CURVE('',#7207,#7228,#1198,.T.);
#6277=EDGE_CURVE('',#7206,#7229,#1199,.T.);
#6278=EDGE_CURVE('',#7223,#7230,#1200,.T.);
#6279=EDGE_CURVE('',#7224,#7231,#1201,.T.);
#6280=EDGE_CURVE('',#7225,#7233,#1202,.T.);
#6281=EDGE_CURVE('',#7222,#7232,#1203,.T.);
#6282=EDGE_CURVE('',#7238,#7238,#7764,.T.);
#6283=EDGE_CURVE('',#7239,#7239,#7765,.T.);
#6284=EDGE_CURVE('',#7240,#7240,#7766,.T.);
#6285=EDGE_CURVE('',#7241,#7241,#7767,.T.);
#6286=EDGE_CURVE('',#7211,#7219,#1204,.T.);
#6287=EDGE_CURVE('',#7212,#7218,#1205,.T.);
#6288=EDGE_CURVE('',#7213,#7221,#1206,.T.);
#6289=EDGE_CURVE('',#7210,#7220,#1207,.T.);
#6290=EDGE_CURVE('',#7242,#7242,#7768,.T.);
#6291=EDGE_CURVE('',#7243,#7243,#7769,.T.);
#6292=EDGE_CURVE('',#7244,#7244,#7770,.T.);
#6293=EDGE_CURVE('',#7245,#7245,#7771,.T.);
#6294=VERTEX_POINT('',#13669);
#6295=VERTEX_POINT('',#13671);
#6296=VERTEX_POINT('',#13673);
#6297=VERTEX_POINT('',#13675);
#6298=VERTEX_POINT('',#13677);
#6299=VERTEX_POINT('',#13678);
#6300=VERTEX_POINT('',#13680);
#6301=VERTEX_POINT('',#13682);
#6302=VERTEX_POINT('',#13685);
#6303=VERTEX_POINT('',#13686);
#6304=VERTEX_POINT('',#13688);
#6305=VERTEX_POINT('',#13690);
#6306=VERTEX_POINT('',#13692);
#6307=VERTEX_POINT('',#13694);
#6308=VERTEX_POINT('',#13698);
#6309=VERTEX_POINT('',#13700);
#6310=VERTEX_POINT('',#13702);
#6311=VERTEX_POINT('',#13704);
#6312=VERTEX_POINT('',#13706);
#6313=VERTEX_POINT('',#13708);
#6314=VERTEX_POINT('',#13710);
#6315=VERTEX_POINT('',#13712);
#6316=VERTEX_POINT('',#13714);
#6317=VERTEX_POINT('',#13718);
#6318=VERTEX_POINT('',#13722);
#6319=VERTEX_POINT('',#13726);
#6320=VERTEX_POINT('',#13730);
#6321=VERTEX_POINT('',#13732);
#6322=VERTEX_POINT('',#13734);
#6323=VERTEX_POINT('',#13736);
#6324=VERTEX_POINT('',#13738);
#6325=VERTEX_POINT('',#13740);
#6326=VERTEX_POINT('',#13742);
#6327=VERTEX_POINT('',#13746);
#6328=VERTEX_POINT('',#13748);
#6329=VERTEX_POINT('',#13750);
#6330=VERTEX_POINT('',#13754);
#6331=VERTEX_POINT('',#13758);
#6332=VERTEX_POINT('',#13760);
#6333=VERTEX_POINT('',#13762);
#6334=VERTEX_POINT('',#13764);
#6335=VERTEX_POINT('',#13766);
#6336=VERTEX_POINT('',#13768);
#6337=VERTEX_POINT('',#13770);
#6338=VERTEX_POINT('',#13774);
#6339=VERTEX_POINT('',#13776);
#6340=VERTEX_POINT('',#13778);
#6341=VERTEX_POINT('',#13781);
#6342=VERTEX_POINT('',#13782);
#6343=VERTEX_POINT('',#13784);
#6344=VERTEX_POINT('',#13786);
#6345=VERTEX_POINT('',#13788);
#6346=VERTEX_POINT('',#13790);
#6347=VERTEX_POINT('',#13792);
#6348=VERTEX_POINT('',#13794);
#6349=VERTEX_POINT('',#13796);
#6350=VERTEX_POINT('',#13798);
#6351=VERTEX_POINT('',#13800);
#6352=VERTEX_POINT('',#13802);
#6353=VERTEX_POINT('',#13804);
#6354=VERTEX_POINT('',#13806);
#6355=VERTEX_POINT('',#13808);
#6356=VERTEX_POINT('',#13810);
#6357=VERTEX_POINT('',#13812);
#6358=VERTEX_POINT('',#13814);
#6359=VERTEX_POINT('',#13817);
#6360=VERTEX_POINT('',#13818);
#6361=VERTEX_POINT('',#13820);
#6362=VERTEX_POINT('',#13822);
#6363=VERTEX_POINT('',#13824);
#6364=VERTEX_POINT('',#13826);
#6365=VERTEX_POINT('',#13828);
#6366=VERTEX_POINT('',#13834);
#6367=VERTEX_POINT('',#13836);
#6368=VERTEX_POINT('',#13838);
#6369=VERTEX_POINT('',#13840);
#6370=VERTEX_POINT('',#13842);
#6371=VERTEX_POINT('',#13844);
#6372=VERTEX_POINT('',#13846);
#6373=VERTEX_POINT('',#13848);
#6374=VERTEX_POINT('',#13850);
#6375=VERTEX_POINT('',#13852);
#6376=VERTEX_POINT('',#13854);
#6377=VERTEX_POINT('',#13856);
#6378=VERTEX_POINT('',#13858);
#6379=VERTEX_POINT('',#13861);
#6380=VERTEX_POINT('',#13862);
#6381=VERTEX_POINT('',#13864);
#6382=VERTEX_POINT('',#13866);
#6383=VERTEX_POINT('',#13868);
#6384=VERTEX_POINT('',#13871);
#6385=VERTEX_POINT('',#13872);
#6386=VERTEX_POINT('',#13874);
#6387=VERTEX_POINT('',#13876);
#6388=VERTEX_POINT('',#13878);
#6389=VERTEX_POINT('',#13881);
#6390=VERTEX_POINT('',#13882);
#6391=VERTEX_POINT('',#13884);
#6392=VERTEX_POINT('',#13886);
#6393=VERTEX_POINT('',#13888);
#6394=VERTEX_POINT('',#13890);
#6395=VERTEX_POINT('',#13892);
#6396=VERTEX_POINT('',#13894);
#6397=VERTEX_POINT('',#13896);
#6398=VERTEX_POINT('',#13898);
#6399=VERTEX_POINT('',#13900);
#6400=VERTEX_POINT('',#13902);
#6401=VERTEX_POINT('',#13904);
#6402=VERTEX_POINT('',#13906);
#6403=VERTEX_POINT('',#13908);
#6404=VERTEX_POINT('',#13910);
#6405=VERTEX_POINT('',#13912);
#6406=VERTEX_POINT('',#13914);
#6407=VERTEX_POINT('',#13916);
#6408=VERTEX_POINT('',#13918);
#6409=VERTEX_POINT('',#13920);
#6410=VERTEX_POINT('',#13922);
#6411=VERTEX_POINT('',#13924);
#6412=VERTEX_POINT('',#13926);
#6413=VERTEX_POINT('',#13928);
#6414=VERTEX_POINT('',#13930);
#6415=VERTEX_POINT('',#13933);
#6416=VERTEX_POINT('',#13934);
#6417=VERTEX_POINT('',#13936);
#6418=VERTEX_POINT('',#13938);
#6419=VERTEX_POINT('',#13940);
#6420=VERTEX_POINT('',#13942);
#6421=VERTEX_POINT('',#13944);
#6422=VERTEX_POINT('',#13946);
#6423=VERTEX_POINT('',#13948);
#6424=VERTEX_POINT('',#13950);
#6425=VERTEX_POINT('',#13952);
#6426=VERTEX_POINT('',#13954);
#6427=VERTEX_POINT('',#13956);
#6428=VERTEX_POINT('',#13958);
#6429=VERTEX_POINT('',#13960);
#6430=VERTEX_POINT('',#13962);
#6431=VERTEX_POINT('',#13964);
#6432=VERTEX_POINT('',#13966);
#6433=VERTEX_POINT('',#13968);
#6434=VERTEX_POINT('',#13970);
#6435=VERTEX_POINT('',#13972);
#6436=VERTEX_POINT('',#13974);
#6437=VERTEX_POINT('',#13976);
#6438=VERTEX_POINT('',#13978);
#6439=VERTEX_POINT('',#13980);
#6440=VERTEX_POINT('',#13982);
#6441=VERTEX_POINT('',#13984);
#6442=VERTEX_POINT('',#13986);
#6443=VERTEX_POINT('',#13988);
#6444=VERTEX_POINT('',#13990);
#6445=VERTEX_POINT('',#13992);
#6446=VERTEX_POINT('',#13994);
#6447=VERTEX_POINT('',#13996);
#6448=VERTEX_POINT('',#13998);
#6449=VERTEX_POINT('',#14000);
#6450=VERTEX_POINT('',#14003);
#6451=VERTEX_POINT('',#14004);
#6452=VERTEX_POINT('',#14006);
#6453=VERTEX_POINT('',#14008);
#6454=VERTEX_POINT('',#14010);
#6455=VERTEX_POINT('',#14012);
#6456=VERTEX_POINT('',#14014);
#6457=VERTEX_POINT('',#14016);
#6458=VERTEX_POINT('',#14018);
#6459=VERTEX_POINT('',#14020);
#6460=VERTEX_POINT('',#14022);
#6461=VERTEX_POINT('',#14024);
#6462=VERTEX_POINT('',#14026);
#6463=VERTEX_POINT('',#14028);
#6464=VERTEX_POINT('',#14030);
#6465=VERTEX_POINT('',#14032);
#6466=VERTEX_POINT('',#14034);
#6467=VERTEX_POINT('',#14036);
#6468=VERTEX_POINT('',#14038);
#6469=VERTEX_POINT('',#14041);
#6470=VERTEX_POINT('',#14042);
#6471=VERTEX_POINT('',#14044);
#6472=VERTEX_POINT('',#14046);
#6473=VERTEX_POINT('',#14048);
#6474=VERTEX_POINT('',#14050);
#6475=VERTEX_POINT('',#14052);
#6476=VERTEX_POINT('',#14055);
#6477=VERTEX_POINT('',#14056);
#6478=VERTEX_POINT('',#14058);
#6479=VERTEX_POINT('',#14060);
#6480=VERTEX_POINT('',#14062);
#6481=VERTEX_POINT('',#14064);
#6482=VERTEX_POINT('',#14066);
#6483=VERTEX_POINT('',#14068);
#6484=VERTEX_POINT('',#14070);
#6485=VERTEX_POINT('',#14072);
#6486=VERTEX_POINT('',#14074);
#6487=VERTEX_POINT('',#14076);
#6488=VERTEX_POINT('',#14078);
#6489=VERTEX_POINT('',#14080);
#6490=VERTEX_POINT('',#14082);
#6491=VERTEX_POINT('',#14086);
#6492=VERTEX_POINT('',#14088);
#6493=VERTEX_POINT('',#14091);
#6494=VERTEX_POINT('',#14092);
#6495=VERTEX_POINT('',#14094);
#6496=VERTEX_POINT('',#14096);
#6497=VERTEX_POINT('',#14099);
#6498=VERTEX_POINT('',#14100);
#6499=VERTEX_POINT('',#14104);
#6500=VERTEX_POINT('',#14106);
#6501=VERTEX_POINT('',#14108);
#6502=VERTEX_POINT('',#14110);
#6503=VERTEX_POINT('',#14112);
#6504=VERTEX_POINT('',#14114);
#6505=VERTEX_POINT('',#14116);
#6506=VERTEX_POINT('',#14118);
#6507=VERTEX_POINT('',#14120);
#6508=VERTEX_POINT('',#14122);
#6509=VERTEX_POINT('',#14126);
#6510=VERTEX_POINT('',#14128);
#6511=VERTEX_POINT('',#14130);
#6512=VERTEX_POINT('',#14132);
#6513=VERTEX_POINT('',#14134);
#6514=VERTEX_POINT('',#14137);
#6515=VERTEX_POINT('',#14138);
#6516=VERTEX_POINT('',#14140);
#6517=VERTEX_POINT('',#14142);
#6518=VERTEX_POINT('',#14144);
#6519=VERTEX_POINT('',#14146);
#6520=VERTEX_POINT('',#14148);
#6521=VERTEX_POINT('',#14150);
#6522=VERTEX_POINT('',#14152);
#6523=VERTEX_POINT('',#14154);
#6524=VERTEX_POINT('',#14156);
#6525=VERTEX_POINT('',#14160);
#6526=VERTEX_POINT('',#14162);
#6527=VERTEX_POINT('',#14164);
#6528=VERTEX_POINT('',#14166);
#6529=VERTEX_POINT('',#14168);
#6530=VERTEX_POINT('',#14170);
#6531=VERTEX_POINT('',#14172);
#6532=VERTEX_POINT('',#14176);
#6533=VERTEX_POINT('',#14178);
#6534=VERTEX_POINT('',#14180);
#6535=VERTEX_POINT('',#14182);
#6536=VERTEX_POINT('',#14184);
#6537=VERTEX_POINT('',#14186);
#6538=VERTEX_POINT('',#14188);
#6539=VERTEX_POINT('',#14190);
#6540=VERTEX_POINT('',#14192);
#6541=VERTEX_POINT('',#14194);
#6542=VERTEX_POINT('',#14196);
#6543=VERTEX_POINT('',#14198);
#6544=VERTEX_POINT('',#14200);
#6545=VERTEX_POINT('',#14202);
#6546=VERTEX_POINT('',#14204);
#6547=VERTEX_POINT('',#14206);
#6548=VERTEX_POINT('',#14208);
#6549=VERTEX_POINT('',#14213);
#6550=VERTEX_POINT('',#14214);
#6551=VERTEX_POINT('',#14218);
#6552=VERTEX_POINT('',#14222);
#6553=VERTEX_POINT('',#14224);
#6554=VERTEX_POINT('',#14226);
#6555=VERTEX_POINT('',#14228);
#6556=VERTEX_POINT('',#14230);
#6557=VERTEX_POINT('',#14232);
#6558=VERTEX_POINT('',#14236);
#6559=VERTEX_POINT('',#14240);
#6560=VERTEX_POINT('',#14242);
#6561=VERTEX_POINT('',#14244);
#6562=VERTEX_POINT('',#14246);
#6563=VERTEX_POINT('',#14248);
#6564=VERTEX_POINT('',#14250);
#6565=VERTEX_POINT('',#14252);
#6566=VERTEX_POINT('',#14254);
#6567=VERTEX_POINT('',#14256);
#6568=VERTEX_POINT('',#14259);
#6569=VERTEX_POINT('',#14260);
#6570=VERTEX_POINT('',#14262);
#6571=VERTEX_POINT('',#14264);
#6572=VERTEX_POINT('',#14266);
#6573=VERTEX_POINT('',#14269);
#6574=VERTEX_POINT('',#14270);
#6575=VERTEX_POINT('',#14272);
#6576=VERTEX_POINT('',#14276);
#6577=VERTEX_POINT('',#14278);
#6578=VERTEX_POINT('',#14280);
#6579=VERTEX_POINT('',#14282);
#6580=VERTEX_POINT('',#14287);
#6581=VERTEX_POINT('',#14288);
#6582=VERTEX_POINT('',#14290);
#6583=VERTEX_POINT('',#14292);
#6584=VERTEX_POINT('',#14294);
#6585=VERTEX_POINT('',#14296);
#6586=VERTEX_POINT('',#14298);
#6587=VERTEX_POINT('',#14300);
#6588=VERTEX_POINT('',#14304);
#6589=VERTEX_POINT('',#14306);
#6590=VERTEX_POINT('',#14308);
#6591=VERTEX_POINT('',#14310);
#6592=VERTEX_POINT('',#14312);
#6593=VERTEX_POINT('',#14314);
#6594=VERTEX_POINT('',#14316);
#6595=VERTEX_POINT('',#14318);
#6596=VERTEX_POINT('',#14320);
#6597=VERTEX_POINT('',#14322);
#6598=VERTEX_POINT('',#14324);
#6599=VERTEX_POINT('',#14326);
#6600=VERTEX_POINT('',#14328);
#6601=VERTEX_POINT('',#14330);
#6602=VERTEX_POINT('',#14332);
#6603=VERTEX_POINT('',#14334);
#6604=VERTEX_POINT('',#14337);
#6605=VERTEX_POINT('',#14338);
#6606=VERTEX_POINT('',#14340);
#6607=VERTEX_POINT('',#14342);
#6608=VERTEX_POINT('',#14344);
#6609=VERTEX_POINT('',#14346);
#6610=VERTEX_POINT('',#14348);
#6611=VERTEX_POINT('',#14350);
#6612=VERTEX_POINT('',#14352);
#6613=VERTEX_POINT('',#14354);
#6614=VERTEX_POINT('',#14356);
#6615=VERTEX_POINT('',#14358);
#6616=VERTEX_POINT('',#14360);
#6617=VERTEX_POINT('',#14363);
#6618=VERTEX_POINT('',#14364);
#6619=VERTEX_POINT('',#14366);
#6620=VERTEX_POINT('',#14368);
#6621=VERTEX_POINT('',#14370);
#6622=VERTEX_POINT('',#14373);
#6623=VERTEX_POINT('',#14374);
#6624=VERTEX_POINT('',#14376);
#6625=VERTEX_POINT('',#14378);
#6626=VERTEX_POINT('',#14380);
#6627=VERTEX_POINT('',#14382);
#6628=VERTEX_POINT('',#14386);
#6629=VERTEX_POINT('',#14388);
#6630=VERTEX_POINT('',#14390);
#6631=VERTEX_POINT('',#14392);
#6632=VERTEX_POINT('',#14394);
#6633=VERTEX_POINT('',#14396);
#6634=VERTEX_POINT('',#14398);
#6635=VERTEX_POINT('',#14400);
#6636=VERTEX_POINT('',#14402);
#6637=VERTEX_POINT('',#14404);
#6638=VERTEX_POINT('',#14406);
#6639=VERTEX_POINT('',#14408);
#6640=VERTEX_POINT('',#14410);
#6641=VERTEX_POINT('',#14412);
#6642=VERTEX_POINT('',#14414);
#6643=VERTEX_POINT('',#14416);
#6644=VERTEX_POINT('',#14418);
#6645=VERTEX_POINT('',#14420);
#6646=VERTEX_POINT('',#14423);
#6647=VERTEX_POINT('',#14424);
#6648=VERTEX_POINT('',#14426);
#6649=VERTEX_POINT('',#14428);
#6650=VERTEX_POINT('',#14430);
#6651=VERTEX_POINT('',#14433);
#6652=VERTEX_POINT('',#14434);
#6653=VERTEX_POINT('',#14436);
#6654=VERTEX_POINT('',#14438);
#6655=VERTEX_POINT('',#14440);
#6656=VERTEX_POINT('',#14442);
#6657=VERTEX_POINT('',#14446);
#6658=VERTEX_POINT('',#14448);
#6659=VERTEX_POINT('',#14450);
#6660=VERTEX_POINT('',#14452);
#6661=VERTEX_POINT('',#14454);
#6662=VERTEX_POINT('',#14456);
#6663=VERTEX_POINT('',#14458);
#6664=VERTEX_POINT('',#14460);
#6665=VERTEX_POINT('',#14462);
#6666=VERTEX_POINT('',#14464);
#6667=VERTEX_POINT('',#14466);
#6668=VERTEX_POINT('',#14468);
#6669=VERTEX_POINT('',#14470);
#6670=VERTEX_POINT('',#14472);
#6671=VERTEX_POINT('',#14474);
#6672=VERTEX_POINT('',#14476);
#6673=VERTEX_POINT('',#14478);
#6674=VERTEX_POINT('',#14480);
#6675=VERTEX_POINT('',#14483);
#6676=VERTEX_POINT('',#14484);
#6677=VERTEX_POINT('',#14486);
#6678=VERTEX_POINT('',#14488);
#6679=VERTEX_POINT('',#14490);
#6680=VERTEX_POINT('',#14493);
#6681=VERTEX_POINT('',#14494);
#6682=VERTEX_POINT('',#14496);
#6683=VERTEX_POINT('',#14498);
#6684=VERTEX_POINT('',#14501);
#6685=VERTEX_POINT('',#14502);
#6686=VERTEX_POINT('',#14504);
#6687=VERTEX_POINT('',#14506);
#6688=VERTEX_POINT('',#14508);
#6689=VERTEX_POINT('',#14510);
#6690=VERTEX_POINT('',#14512);
#6691=VERTEX_POINT('',#14515);
#6692=VERTEX_POINT('',#14516);
#6693=VERTEX_POINT('',#14518);
#6694=VERTEX_POINT('',#14520);
#6695=VERTEX_POINT('',#14524);
#6696=VERTEX_POINT('',#14525);
#6697=VERTEX_POINT('',#14530);
#6698=VERTEX_POINT('',#14534);
#6699=VERTEX_POINT('',#14540);
#6700=VERTEX_POINT('',#14542);
#6701=VERTEX_POINT('',#14544);
#6702=VERTEX_POINT('',#14546);
#6703=VERTEX_POINT('',#14553);
#6704=VERTEX_POINT('',#14555);
#6705=VERTEX_POINT('',#14559);
#6706=VERTEX_POINT('',#14563);
#6707=VERTEX_POINT('',#14567);
#6708=VERTEX_POINT('',#14571);
#6709=VERTEX_POINT('',#14582);
#6710=VERTEX_POINT('',#14588);
#6711=VERTEX_POINT('',#14592);
#6712=VERTEX_POINT('',#14596);
#6713=VERTEX_POINT('',#14600);
#6714=VERTEX_POINT('',#14604);
#6715=VERTEX_POINT('',#14608);
#6716=VERTEX_POINT('',#14619);
#6717=VERTEX_POINT('',#14632);
#6718=VERTEX_POINT('',#14638);
#6719=VERTEX_POINT('',#14642);
#6720=VERTEX_POINT('',#14653);
#6721=VERTEX_POINT('',#14659);
#6722=VERTEX_POINT('',#14663);
#6723=VERTEX_POINT('',#14667);
#6724=VERTEX_POINT('',#14671);
#6725=VERTEX_POINT('',#14675);
#6726=VERTEX_POINT('',#14679);
#6727=VERTEX_POINT('',#14690);
#6728=VERTEX_POINT('',#14703);
#6729=VERTEX_POINT('',#14716);
#6730=VERTEX_POINT('',#14729);
#6731=VERTEX_POINT('',#14735);
#6732=VERTEX_POINT('',#14739);
#6733=VERTEX_POINT('',#14743);
#6734=VERTEX_POINT('',#14747);
#6735=VERTEX_POINT('',#14751);
#6736=VERTEX_POINT('',#14755);
#6737=VERTEX_POINT('',#14759);
#6738=VERTEX_POINT('',#14763);
#6739=VERTEX_POINT('',#14774);
#6740=VERTEX_POINT('',#14780);
#6741=VERTEX_POINT('',#14784);
#6742=VERTEX_POINT('',#14791);
#6743=VERTEX_POINT('',#14793);
#6744=VERTEX_POINT('',#14797);
#6745=VERTEX_POINT('',#14801);
#6746=VERTEX_POINT('',#14805);
#6747=VERTEX_POINT('',#14809);
#6748=VERTEX_POINT('',#14813);
#6749=VERTEX_POINT('',#14817);
#6750=VERTEX_POINT('',#14821);
#6751=VERTEX_POINT('',#14825);
#6752=VERTEX_POINT('',#14829);
#6753=VERTEX_POINT('',#14833);
#6754=VERTEX_POINT('',#14837);
#6755=VERTEX_POINT('',#14841);
#6756=VERTEX_POINT('',#14845);
#6757=VERTEX_POINT('',#14849);
#6758=VERTEX_POINT('',#14853);
#6759=VERTEX_POINT('',#14857);
#6760=VERTEX_POINT('',#14864);
#6761=VERTEX_POINT('',#14866);
#6762=VERTEX_POINT('',#14870);
#6763=VERTEX_POINT('',#14874);
#6764=VERTEX_POINT('',#14878);
#6765=VERTEX_POINT('',#14882);
#6766=VERTEX_POINT('',#14886);
#6767=VERTEX_POINT('',#14890);
#6768=VERTEX_POINT('',#14894);
#6769=VERTEX_POINT('',#14898);
#6770=VERTEX_POINT('',#14902);
#6771=VERTEX_POINT('',#14906);
#6772=VERTEX_POINT('',#14910);
#6773=VERTEX_POINT('',#14914);
#6774=VERTEX_POINT('',#14918);
#6775=VERTEX_POINT('',#14922);
#6776=VERTEX_POINT('',#14926);
#6777=VERTEX_POINT('',#14934);
#6778=VERTEX_POINT('',#14938);
#6779=VERTEX_POINT('',#14942);
#6780=VERTEX_POINT('',#14949);
#6781=VERTEX_POINT('',#14951);
#6782=VERTEX_POINT('',#14955);
#6783=VERTEX_POINT('',#14959);
#6784=VERTEX_POINT('',#14963);
#6785=VERTEX_POINT('',#14970);
#6786=VERTEX_POINT('',#14972);
#6787=VERTEX_POINT('',#14976);
#6788=VERTEX_POINT('',#14980);
#6789=VERTEX_POINT('',#14984);
#6790=VERTEX_POINT('',#14991);
#6791=VERTEX_POINT('',#14993);
#6792=VERTEX_POINT('',#14997);
#6793=VERTEX_POINT('',#15001);
#6794=VERTEX_POINT('',#15005);
#6795=VERTEX_POINT('',#15009);
#6796=VERTEX_POINT('',#15013);
#6797=VERTEX_POINT('',#15017);
#6798=VERTEX_POINT('',#15021);
#6799=VERTEX_POINT('',#15025);
#6800=VERTEX_POINT('',#15029);
#6801=VERTEX_POINT('',#15033);
#6802=VERTEX_POINT('',#15037);
#6803=VERTEX_POINT('',#15041);
#6804=VERTEX_POINT('',#15045);
#6805=VERTEX_POINT('',#15049);
#6806=VERTEX_POINT('',#15053);
#6807=VERTEX_POINT('',#15057);
#6808=VERTEX_POINT('',#15061);
#6809=VERTEX_POINT('',#15065);
#6810=VERTEX_POINT('',#15069);
#6811=VERTEX_POINT('',#15073);
#6812=VERTEX_POINT('',#15077);
#6813=VERTEX_POINT('',#15081);
#6814=VERTEX_POINT('',#15085);
#6815=VERTEX_POINT('',#15089);
#6816=VERTEX_POINT('',#15096);
#6817=VERTEX_POINT('',#15098);
#6818=VERTEX_POINT('',#15102);
#6819=VERTEX_POINT('',#15106);
#6820=VERTEX_POINT('',#15110);
#6821=VERTEX_POINT('',#15114);
#6822=VERTEX_POINT('',#15118);
#6823=VERTEX_POINT('',#15122);
#6824=VERTEX_POINT('',#15126);
#6825=VERTEX_POINT('',#15130);
#6826=VERTEX_POINT('',#15134);
#6827=VERTEX_POINT('',#15138);
#6828=VERTEX_POINT('',#15142);
#6829=VERTEX_POINT('',#15146);
#6830=VERTEX_POINT('',#15150);
#6831=VERTEX_POINT('',#15154);
#6832=VERTEX_POINT('',#15158);
#6833=VERTEX_POINT('',#15162);
#6834=VERTEX_POINT('',#15166);
#6835=VERTEX_POINT('',#15170);
#6836=VERTEX_POINT('',#15174);
#6837=VERTEX_POINT('',#15178);
#6838=VERTEX_POINT('',#15182);
#6839=VERTEX_POINT('',#15186);
#6840=VERTEX_POINT('',#15190);
#6841=VERTEX_POINT('',#15194);
#6842=VERTEX_POINT('',#15198);
#6843=VERTEX_POINT('',#15202);
#6844=VERTEX_POINT('',#15206);
#6845=VERTEX_POINT('',#15210);
#6846=VERTEX_POINT('',#15214);
#6847=VERTEX_POINT('',#15218);
#6848=VERTEX_POINT('',#15222);
#6849=VERTEX_POINT('',#15226);
#6850=VERTEX_POINT('',#15230);
#6851=VERTEX_POINT('',#15237);
#6852=VERTEX_POINT('',#15239);
#6853=VERTEX_POINT('',#15243);
#6854=VERTEX_POINT('',#15247);
#6855=VERTEX_POINT('',#15251);
#6856=VERTEX_POINT('',#15255);
#6857=VERTEX_POINT('',#15259);
#6858=VERTEX_POINT('',#15263);
#6859=VERTEX_POINT('',#15267);
#6860=VERTEX_POINT('',#15271);
#6861=VERTEX_POINT('',#15275);
#6862=VERTEX_POINT('',#15279);
#6863=VERTEX_POINT('',#15283);
#6864=VERTEX_POINT('',#15287);
#6865=VERTEX_POINT('',#15291);
#6866=VERTEX_POINT('',#15295);
#6867=VERTEX_POINT('',#15299);
#6868=VERTEX_POINT('',#15303);
#6869=VERTEX_POINT('',#15307);
#6870=VERTEX_POINT('',#15314);
#6871=VERTEX_POINT('',#15316);
#6872=VERTEX_POINT('',#15320);
#6873=VERTEX_POINT('',#15324);
#6874=VERTEX_POINT('',#15328);
#6875=VERTEX_POINT('',#15332);
#6876=VERTEX_POINT('',#15336);
#6877=VERTEX_POINT('',#15343);
#6878=VERTEX_POINT('',#15345);
#6879=VERTEX_POINT('',#15349);
#6880=VERTEX_POINT('',#15353);
#6881=VERTEX_POINT('',#15357);
#6882=VERTEX_POINT('',#15368);
#6883=VERTEX_POINT('',#15374);
#6884=VERTEX_POINT('',#15378);
#6885=VERTEX_POINT('',#15382);
#6886=VERTEX_POINT('',#15386);
#6887=VERTEX_POINT('',#15390);
#6888=VERTEX_POINT('',#15394);
#6889=VERTEX_POINT('',#15398);
#6890=VERTEX_POINT('',#15402);
#6891=VERTEX_POINT('',#15406);
#6892=VERTEX_POINT('',#15410);
#6893=VERTEX_POINT('',#15414);
#6894=VERTEX_POINT('',#15421);
#6895=VERTEX_POINT('',#15423);
#6896=VERTEX_POINT('',#15427);
#6897=VERTEX_POINT('',#15431);
#6898=VERTEX_POINT('',#15445);
#6899=VERTEX_POINT('',#15449);
#6900=VERTEX_POINT('',#15453);
#6901=VERTEX_POINT('',#15457);
#6902=VERTEX_POINT('',#15461);
#6903=VERTEX_POINT('',#15465);
#6904=VERTEX_POINT('',#15469);
#6905=VERTEX_POINT('',#15473);
#6906=VERTEX_POINT('',#15484);
#6907=VERTEX_POINT('',#15490);
#6908=VERTEX_POINT('',#15494);
#6909=VERTEX_POINT('',#15498);
#6910=VERTEX_POINT('',#15502);
#6911=VERTEX_POINT('',#15506);
#6912=VERTEX_POINT('',#15510);
#6913=VERTEX_POINT('',#15514);
#6914=VERTEX_POINT('',#15518);
#6915=VERTEX_POINT('',#15525);
#6916=VERTEX_POINT('',#15527);
#6917=VERTEX_POINT('',#15531);
#6918=VERTEX_POINT('',#15535);
#6919=VERTEX_POINT('',#15539);
#6920=VERTEX_POINT('',#15543);
#6921=VERTEX_POINT('',#15547);
#6922=VERTEX_POINT('',#15551);
#6923=VERTEX_POINT('',#15555);
#6924=VERTEX_POINT('',#15559);
#6925=VERTEX_POINT('',#15563);
#6926=VERTEX_POINT('',#15567);
#6927=VERTEX_POINT('',#15571);
#6928=VERTEX_POINT('',#15575);
#6929=VERTEX_POINT('',#15579);
#6930=VERTEX_POINT('',#15583);
#6931=VERTEX_POINT('',#15587);
#6932=VERTEX_POINT('',#15591);
#6933=VERTEX_POINT('',#15595);
#6934=VERTEX_POINT('',#15599);
#6935=VERTEX_POINT('',#15610);
#6936=VERTEX_POINT('',#15616);
#6937=VERTEX_POINT('',#15620);
#6938=VERTEX_POINT('',#15624);
#6939=VERTEX_POINT('',#15628);
#6940=VERTEX_POINT('',#15632);
#6941=VERTEX_POINT('',#15636);
#6942=VERTEX_POINT('',#15647);
#6943=VERTEX_POINT('',#15653);
#6944=VERTEX_POINT('',#15657);
#6945=VERTEX_POINT('',#15661);
#6946=VERTEX_POINT('',#15665);
#6947=VERTEX_POINT('',#15669);
#6948=VERTEX_POINT('',#15673);
#6949=VERTEX_POINT('',#15677);
#6950=VERTEX_POINT('',#15691);
#6951=VERTEX_POINT('',#15695);
#6952=VERTEX_POINT('',#15706);
#6953=VERTEX_POINT('',#15712);
#6954=VERTEX_POINT('',#15716);
#6955=VERTEX_POINT('',#15720);
#6956=VERTEX_POINT('',#15724);
#6957=VERTEX_POINT('',#15728);
#6958=VERTEX_POINT('',#15732);
#6959=VERTEX_POINT('',#15736);
#6960=VERTEX_POINT('',#15740);
#6961=VERTEX_POINT('',#15744);
#6962=VERTEX_POINT('',#15755);
#6963=VERTEX_POINT('',#15768);
#6964=VERTEX_POINT('',#15774);
#6965=VERTEX_POINT('',#15778);
#6966=VERTEX_POINT('',#15782);
#6967=VERTEX_POINT('',#15786);
#6968=VERTEX_POINT('',#15790);
#6969=VERTEX_POINT('',#15806);
#6970=VERTEX_POINT('',#15808);
#6971=VERTEX_POINT('',#15812);
#6972=VERTEX_POINT('',#15816);
#6973=VERTEX_POINT('',#15820);
#6974=VERTEX_POINT('',#15827);
#6975=VERTEX_POINT('',#15829);
#6976=VERTEX_POINT('',#15833);
#6977=VERTEX_POINT('',#15837);
#6978=VERTEX_POINT('',#15841);
#6979=VERTEX_POINT('',#15845);
#6980=VERTEX_POINT('',#15849);
#6981=VERTEX_POINT('',#15865);
#6982=VERTEX_POINT('',#15867);
#6983=VERTEX_POINT('',#15878);
#6984=VERTEX_POINT('',#15884);
#6985=VERTEX_POINT('',#15888);
#6986=VERTEX_POINT('',#15892);
#6987=VERTEX_POINT('',#15896);
#6988=VERTEX_POINT('',#15900);
#6989=VERTEX_POINT('',#15904);
#6990=VERTEX_POINT('',#15908);
#6991=VERTEX_POINT('',#15912);
#6992=VERTEX_POINT('',#15916);
#6993=VERTEX_POINT('',#15920);
#6994=VERTEX_POINT('',#15924);
#6995=VERTEX_POINT('',#15928);
#6996=VERTEX_POINT('',#15932);
#6997=VERTEX_POINT('',#15936);
#6998=VERTEX_POINT('',#15940);
#6999=VERTEX_POINT('',#15944);
#7000=VERTEX_POINT('',#15955);
#7001=VERTEX_POINT('',#15961);
#7002=VERTEX_POINT('',#15965);
#7003=VERTEX_POINT('',#15969);
#7004=VERTEX_POINT('',#15973);
#7005=VERTEX_POINT('',#15980);
#7006=VERTEX_POINT('',#15982);
#7007=VERTEX_POINT('',#15986);
#7008=VERTEX_POINT('',#15990);
#7009=VERTEX_POINT('',#15994);
#7010=VERTEX_POINT('',#15998);
#7011=VERTEX_POINT('',#16002);
#7012=VERTEX_POINT('',#16006);
#7013=VERTEX_POINT('',#16010);
#7014=VERTEX_POINT('',#16014);
#7015=VERTEX_POINT('',#16018);
#7016=VERTEX_POINT('',#16022);
#7017=VERTEX_POINT('',#16026);
#7018=VERTEX_POINT('',#16033);
#7019=VERTEX_POINT('',#16035);
#7020=VERTEX_POINT('',#16039);
#7021=VERTEX_POINT('',#16043);
#7022=VERTEX_POINT('',#16047);
#7023=VERTEX_POINT('',#16054);
#7024=VERTEX_POINT('',#16056);
#7025=VERTEX_POINT('',#16060);
#7026=VERTEX_POINT('',#16064);
#7027=VERTEX_POINT('',#16068);
#7028=VERTEX_POINT('',#16072);
#7029=VERTEX_POINT('',#16076);
#7030=VERTEX_POINT('',#16080);
#7031=VERTEX_POINT('',#16084);
#7032=VERTEX_POINT('',#16088);
#7033=VERTEX_POINT('',#16092);
#7034=VERTEX_POINT('',#16096);
#7035=VERTEX_POINT('',#16100);
#7036=VERTEX_POINT('',#16104);
#7037=VERTEX_POINT('',#16108);
#7038=VERTEX_POINT('',#16112);
#7039=VERTEX_POINT('',#16116);
#7040=VERTEX_POINT('',#16120);
#7041=VERTEX_POINT('',#16124);
#7042=VERTEX_POINT('',#16128);
#7043=VERTEX_POINT('',#16132);
#7044=VERTEX_POINT('',#16143);
#7045=VERTEX_POINT('',#16149);
#7046=VERTEX_POINT('',#16153);
#7047=VERTEX_POINT('',#16160);
#7048=VERTEX_POINT('',#16162);
#7049=VERTEX_POINT('',#16166);
#7050=VERTEX_POINT('',#16170);
#7051=VERTEX_POINT('',#16174);
#7052=VERTEX_POINT('',#16181);
#7053=VERTEX_POINT('',#16183);
#7054=VERTEX_POINT('',#16187);
#7055=VERTEX_POINT('',#16191);
#7056=VERTEX_POINT('',#16195);
#7057=VERTEX_POINT('',#16199);
#7058=VERTEX_POINT('',#16203);
#7059=VERTEX_POINT('',#16207);
#7060=VERTEX_POINT('',#16211);
#7061=VERTEX_POINT('',#16215);
#7062=VERTEX_POINT('',#16219);
#7063=VERTEX_POINT('',#16223);
#7064=VERTEX_POINT('',#16227);
#7065=VERTEX_POINT('',#16231);
#7066=VERTEX_POINT('',#16235);
#7067=VERTEX_POINT('',#16239);
#7068=VERTEX_POINT('',#16243);
#7069=VERTEX_POINT('',#16247);
#7070=VERTEX_POINT('',#16251);
#7071=VERTEX_POINT('',#16255);
#7072=VERTEX_POINT('',#16259);
#7073=VERTEX_POINT('',#16270);
#7074=VERTEX_POINT('',#16276);
#7075=VERTEX_POINT('',#16280);
#7076=VERTEX_POINT('',#16287);
#7077=VERTEX_POINT('',#16289);
#7078=VERTEX_POINT('',#16293);
#7079=VERTEX_POINT('',#16297);
#7080=VERTEX_POINT('',#16301);
#7081=VERTEX_POINT('',#16308);
#7082=VERTEX_POINT('',#16310);
#7083=VERTEX_POINT('',#16314);
#7084=VERTEX_POINT('',#16318);
#7085=VERTEX_POINT('',#16325);
#7086=VERTEX_POINT('',#16327);
#7087=VERTEX_POINT('',#16331);
#7088=VERTEX_POINT('',#16335);
#7089=VERTEX_POINT('',#16339);
#7090=VERTEX_POINT('',#16343);
#7091=VERTEX_POINT('',#16347);
#7092=VERTEX_POINT('',#16354);
#7093=VERTEX_POINT('',#16356);
#7094=VERTEX_POINT('',#16360);
#7095=VERTEX_POINT('',#16364);
#7096=VERTEX_POINT('',#16372);
#7097=VERTEX_POINT('',#16373);
#7098=VERTEX_POINT('',#16375);
#7099=VERTEX_POINT('',#16377);
#7100=VERTEX_POINT('',#16380);
#7101=VERTEX_POINT('',#16381);
#7102=VERTEX_POINT('',#16383);
#7103=VERTEX_POINT('',#16385);
#7104=VERTEX_POINT('',#16387);
#7105=VERTEX_POINT('',#16389);
#7106=VERTEX_POINT('',#16392);
#7107=VERTEX_POINT('',#16393);
#7108=VERTEX_POINT('',#16395);
#7109=VERTEX_POINT('',#16397);
#7110=VERTEX_POINT('',#16399);
#7111=VERTEX_POINT('',#16401);
#7112=VERTEX_POINT('',#16403);
#7113=VERTEX_POINT('',#16405);
#7114=VERTEX_POINT('',#16407);
#7115=VERTEX_POINT('',#16409);
#7116=VERTEX_POINT('',#16411);
#7117=VERTEX_POINT('',#16413);
#7118=VERTEX_POINT('',#16416);
#7119=VERTEX_POINT('',#16417);
#7120=VERTEX_POINT('',#16419);
#7121=VERTEX_POINT('',#16421);
#7122=VERTEX_POINT('',#16425);
#7123=VERTEX_POINT('',#16426);
#7124=VERTEX_POINT('',#16428);
#7125=VERTEX_POINT('',#16430);
#7126=VERTEX_POINT('',#16433);
#7127=VERTEX_POINT('',#16434);
#7128=VERTEX_POINT('',#16436);
#7129=VERTEX_POINT('',#16438);
#7130=VERTEX_POINT('',#16442);
#7131=VERTEX_POINT('',#16443);
#7132=VERTEX_POINT('',#16445);
#7133=VERTEX_POINT('',#16447);
#7134=VERTEX_POINT('',#16451);
#7135=VERTEX_POINT('',#16453);
#7136=VERTEX_POINT('',#16457);
#7137=VERTEX_POINT('',#16459);
#7138=VERTEX_POINT('',#16469);
#7139=VERTEX_POINT('',#16470);
#7140=VERTEX_POINT('',#16472);
#7141=VERTEX_POINT('',#16474);
#7142=VERTEX_POINT('',#16476);
#7143=VERTEX_POINT('',#16478);
#7144=VERTEX_POINT('',#16480);
#7145=VERTEX_POINT('',#16482);
#7146=VERTEX_POINT('',#16484);
#7147=VERTEX_POINT('',#16486);
#7148=VERTEX_POINT('',#16488);
#7149=VERTEX_POINT('',#16490);
#7150=VERTEX_POINT('',#16492);
#7151=VERTEX_POINT('',#16494);
#7152=VERTEX_POINT('',#16498);
#7153=VERTEX_POINT('',#16500);
#7154=VERTEX_POINT('',#16503);
#7155=VERTEX_POINT('',#16505);
#7156=VERTEX_POINT('',#16509);
#7157=VERTEX_POINT('',#16513);
#7158=VERTEX_POINT('',#16515);
#7159=VERTEX_POINT('',#16519);
#7160=VERTEX_POINT('',#16521);
#7161=VERTEX_POINT('',#16525);
#7162=VERTEX_POINT('',#16529);
#7163=VERTEX_POINT('',#16537);
#7164=VERTEX_POINT('',#16539);
#7165=VERTEX_POINT('',#16549);
#7166=VERTEX_POINT('',#16553);
#7167=VERTEX_POINT('',#16560);
#7168=VERTEX_POINT('',#16571);
#7169=VERTEX_POINT('',#16573);
#7170=VERTEX_POINT('',#16577);
#7171=VERTEX_POINT('',#16578);
#7172=VERTEX_POINT('',#16580);
#7173=VERTEX_POINT('',#16582);
#7174=VERTEX_POINT('',#16585);
#7175=VERTEX_POINT('',#16588);
#7176=VERTEX_POINT('',#16590);
#7177=VERTEX_POINT('',#16594);
#7178=VERTEX_POINT('',#16598);
#7179=VERTEX_POINT('',#16599);
#7180=VERTEX_POINT('',#16601);
#7181=VERTEX_POINT('',#16603);
#7182=VERTEX_POINT('',#16615);
#7183=VERTEX_POINT('',#16619);
#7184=VERTEX_POINT('',#16623);
#7185=VERTEX_POINT('',#16629);
#7186=VERTEX_POINT('',#16631);
#7187=VERTEX_POINT('',#16636);
#7188=VERTEX_POINT('',#16640);
#7189=VERTEX_POINT('',#16644);
#7190=VERTEX_POINT('',#16648);
#7191=VERTEX_POINT('',#16650);
#7192=VERTEX_POINT('',#16657);
#7193=VERTEX_POINT('',#16659);
#7194=VERTEX_POINT('',#16663);
#7195=VERTEX_POINT('',#16667);
#7196=VERTEX_POINT('',#16673);
#7197=VERTEX_POINT('',#16675);
#7198=VERTEX_POINT('',#16680);
#7199=VERTEX_POINT('',#16682);
#7200=VERTEX_POINT('',#16686);
#7201=VERTEX_POINT('',#16690);
#7202=VERTEX_POINT('',#16694);
#7203=VERTEX_POINT('',#16696);
#7204=VERTEX_POINT('',#16702);
#7205=VERTEX_POINT('',#16705);
#7206=VERTEX_POINT('',#16710);
#7207=VERTEX_POINT('',#16711);
#7208=VERTEX_POINT('',#16713);
#7209=VERTEX_POINT('',#16715);
#7210=VERTEX_POINT('',#16718);
#7211=VERTEX_POINT('',#16719);
#7212=VERTEX_POINT('',#16721);
#7213=VERTEX_POINT('',#16723);
#7214=VERTEX_POINT('',#16727);
#7215=VERTEX_POINT('',#16728);
#7216=VERTEX_POINT('',#16730);
#7217=VERTEX_POINT('',#16732);
#7218=VERTEX_POINT('',#16735);
#7219=VERTEX_POINT('',#16736);
#7220=VERTEX_POINT('',#16738);
#7221=VERTEX_POINT('',#16740);
#7222=VERTEX_POINT('',#16744);
#7223=VERTEX_POINT('',#16745);
#7224=VERTEX_POINT('',#16747);
#7225=VERTEX_POINT('',#16749);
#7226=VERTEX_POINT('',#16752);
#7227=VERTEX_POINT('',#16753);
#7228=VERTEX_POINT('',#16755);
#7229=VERTEX_POINT('',#16757);
#7230=VERTEX_POINT('',#16764);
#7231=VERTEX_POINT('',#16765);
#7232=VERTEX_POINT('',#16767);
#7233=VERTEX_POINT('',#16769);
#7234=VERTEX_POINT('',#16772);
#7235=VERTEX_POINT('',#16773);
#7236=VERTEX_POINT('',#16775);
#7237=VERTEX_POINT('',#16777);
#7238=VERTEX_POINT('',#16799);
#7239=VERTEX_POINT('',#16801);
#7240=VERTEX_POINT('',#16803);
#7241=VERTEX_POINT('',#16805);
#7242=VERTEX_POINT('',#16816);
#7243=VERTEX_POINT('',#16820);
#7244=VERTEX_POINT('',#16824);
#7245=VERTEX_POINT('',#16828);
#7246=CIRCLE('',#9743,0.0015);
#7247=CIRCLE('',#9744,0.0015);
#7248=CIRCLE('',#9745,0.0015);
#7249=CIRCLE('',#9746,0.0015);
#7250=CIRCLE('',#9747,0.000762453161041871);
#7251=CIRCLE('',#9748,0.00111740981590271);
#7252=CIRCLE('',#9749,0.0011230208895339);
#7253=CIRCLE('',#9750,0.00121126146508572);
#7254=CIRCLE('',#9751,0.00108184165235988);
#7255=CIRCLE('',#9752,0.00125259083281443);
#7256=CIRCLE('',#9753,0.0011859305768536);
#7257=CIRCLE('',#9754,0.00183298041403439);
#7258=CIRCLE('',#9755,0.00150397002758169);
#7259=CIRCLE('',#9756,0.00291816288632687);
#7260=CIRCLE('',#9757,0.00700105850672881);
#7261=CIRCLE('',#9758,0.000679436413335667);
#7262=CIRCLE('',#9759,0.000490051570782078);
#7263=CIRCLE('',#9760,0.000976500597141597);
#7264=CIRCLE('',#9761,0.000528085721245446);
#7265=CIRCLE('',#9762,0.00243566015419735);
#7266=CIRCLE('',#9763,0.0014957385124718);
#7267=CIRCLE('',#9764,0.00111872220366856);
#7268=CIRCLE('',#9765,0.000996498569298674);
#7269=CIRCLE('',#9766,0.00112694093564167);
#7270=CIRCLE('',#9767,0.000912923830103612);
#7271=CIRCLE('',#9768,0.000604025890831859);
#7272=CIRCLE('',#9769,0.000229680659792555);
#7273=CIRCLE('',#9770,0.000410196661352903);
#7274=CIRCLE('',#9771,0.000641943971024173);
#7275=CIRCLE('',#9772,0.00235491599493914);
#7276=CIRCLE('',#9773,0.00122727602014413);
#7277=CIRCLE('',#9774,0.000317584942981739);
#7278=CIRCLE('',#9775,0.000167957395707232);
#7279=CIRCLE('',#9776,0.000168468419108111);
#7280=CIRCLE('',#9777,0.000392220695130478);
#7281=CIRCLE('',#9778,0.000381575309478028);
#7282=CIRCLE('',#9779,0.00067443605516652);
#7283=CIRCLE('',#9780,0.000372887006994758);
#7284=CIRCLE('',#9781,0.000269028446590991);
#7285=CIRCLE('',#9782,0.00122062111173142);
#7286=CIRCLE('',#9783,0.000328390859667401);
#7287=CIRCLE('',#9784,0.000158262413759498);
#7288=CIRCLE('',#9785,0.000168150301802315);
#7289=CIRCLE('',#9786,0.000464282436619908);
#7290=CIRCLE('',#9787,0.000692993526809865);
#7291=CIRCLE('',#9788,0.000340873542229238);
#7292=CIRCLE('',#9789,0.000346336349097864);
#7293=CIRCLE('',#9790,0.000239685238884845);
#7294=CIRCLE('',#9791,0.000469043983891615);
#7295=CIRCLE('',#9792,0.000666170095976845);
#7296=CIRCLE('',#9793,0.000238761463513316);
#7297=CIRCLE('',#9794,0.000380253570861098);
#7298=CIRCLE('',#9795,0.000565362529672977);
#7299=CIRCLE('',#9796,0.000457985028725925);
#7300=CIRCLE('',#9797,0.000351838235086794);
#7301=CIRCLE('',#9798,0.000394983335288045);
#7302=CIRCLE('',#9799,0.000527667419736688);
#7303=CIRCLE('',#9800,0.000851445013979844);
#7304=CIRCLE('',#9801,0.00064926077292875);
#7305=CIRCLE('',#9802,0.000473229485893596);
#7306=CIRCLE('',#9803,0.000354557271199014);
#7307=CIRCLE('',#9804,0.000467688970009878);
#7308=CIRCLE('',#9805,0.000447503755201597);
#7309=CIRCLE('',#9806,0.000375104731803518);
#7310=CIRCLE('',#9807,0.000232115192510074);
#7311=CIRCLE('',#9808,0.00018550772267897);
#7312=CIRCLE('',#9809,0.000183514291395159);
#7313=CIRCLE('',#9810,0.00025078909515967);
#7314=CIRCLE('',#9811,0.000376669042816917);
#7315=CIRCLE('',#9812,0.000541946690286328);
#7316=CIRCLE('',#9813,0.000534793184137243);
#7317=CIRCLE('',#9814,0.00037511545728226);
#7318=CIRCLE('',#9815,0.000260793676173577);
#7319=CIRCLE('',#9816,0.000184013021442187);
#7320=CIRCLE('',#9817,0.000175455387325555);
#7321=CIRCLE('',#9818,0.000279313803726743);
#7322=CIRCLE('',#9819,0.000554208560232406);
#7323=CIRCLE('',#9820,0.00046373889899207);
#7324=CIRCLE('',#9821,0.000203658993627461);
#7325=CIRCLE('',#9822,5.90950349860852E-5);
#7326=CIRCLE('',#9823,0.000133549196471786);
#7327=CIRCLE('',#9824,0.000205452270894921);
#7328=CIRCLE('',#9825,0.000225672232457217);
#7329=CIRCLE('',#9826,0.000193039483465582);
#7330=CIRCLE('',#9827,0.000184391154541528);
#7331=CIRCLE('',#9828,0.000385244053063146);
#7332=CIRCLE('',#9829,0.000200857541628612);
#7333=CIRCLE('',#9830,0.000277087234630741);
#7334=CIRCLE('',#9831,0.000901389129387554);
#7335=CIRCLE('',#9832,0.000162496603144189);
#7336=CIRCLE('',#9833,9.52287136339531E-5);
#7337=CIRCLE('',#9834,0.000405173626583106);
#7338=CIRCLE('',#9835,0.000282811192171456);
#7339=CIRCLE('',#9836,0.000451604073203824);
#7340=CIRCLE('',#9837,0.00031071065127308);
#7341=CIRCLE('',#9838,0.000230370012695897);
#7342=CIRCLE('',#9839,0.000489548498492167);
#7343=CIRCLE('',#9840,0.000703660870772238);
#7344=CIRCLE('',#9841,0.000656325561307569);
#7345=CIRCLE('',#9842,0.000521636905043461);
#7346=CIRCLE('',#9843,0.000308813848820184);
#7347=CIRCLE('',#9844,0.000259920810378646);
#7348=CIRCLE('',#9845,0.000265919310189631);
#7349=CIRCLE('',#9846,0.00101856764348715);
#7350=CIRCLE('',#9847,0.00186268251923335);
#7351=CIRCLE('',#9848,0.000184641171444881);
#7352=CIRCLE('',#9849,0.000193152170507984);
#7353=CIRCLE('',#9850,0.000144307065913635);
#7354=CIRCLE('',#9851,0.000437449995239039);
#7355=CIRCLE('',#9852,0.000274787323603037);
#7356=CIRCLE('',#9853,0.000244951021082925);
#7357=CIRCLE('',#9854,0.000397945720797441);
#7358=CIRCLE('',#9855,0.000285887541202262);
#7359=CIRCLE('',#9856,0.000317722598949158);
#7360=CIRCLE('',#9857,0.000398998736307509);
#7361=CIRCLE('',#9858,0.000556518819603339);
#7362=CIRCLE('',#9859,0.000432650966514134);
#7363=CIRCLE('',#9860,0.000233929608339777);
#7364=CIRCLE('',#9861,0.000162755784261879);
#7365=CIRCLE('',#9862,0.000399311056799911);
#7366=CIRCLE('',#9863,0.000895592999536611);
#7367=CIRCLE('',#9864,0.000510283605574363);
#7368=CIRCLE('',#9865,0.000529194332546648);
#7369=CIRCLE('',#9866,0.000439855548850636);
#7370=CIRCLE('',#9867,0.000526846660084318);
#7371=CIRCLE('',#9868,0.00039823616484347);
#7372=CIRCLE('',#9869,0.000349598981125696);
#7373=CIRCLE('',#9870,0.000600448442892757);
#7374=CIRCLE('',#9871,0.000598162783745445);
#7375=CIRCLE('',#9872,0.00036276996775759);
#7376=CIRCLE('',#9873,0.000164273682024604);
#7377=CIRCLE('',#9874,0.0002507128837646);
#7378=CIRCLE('',#9875,0.00031319573236951);
#7379=CIRCLE('',#9876,0.000370420252732653);
#7380=CIRCLE('',#9877,0.000237933724070832);
#7381=CIRCLE('',#9878,0.000410794430749629);
#7382=CIRCLE('',#9879,0.000636276187892253);
#7383=CIRCLE('',#9880,0.00202812706595222);
#7384=CIRCLE('',#9881,0.00194677732029105);
#7385=CIRCLE('',#9882,0.00317816859046506);
#7386=CIRCLE('',#9883,0.00609094464398545);
#7387=CIRCLE('',#9884,0.00306457644636637);
#7388=CIRCLE('',#9885,0.00165882803942609);
#7389=CIRCLE('',#9886,0.00107791238759867);
#7390=CIRCLE('',#9887,0.00150304317766524);
#7391=CIRCLE('',#9888,0.00331052024770652);
#7392=CIRCLE('',#9889,0.00281003164300459);
#7393=CIRCLE('',#9890,0.00163745617250469);
#7394=CIRCLE('',#9891,0.000718860318633241);
#7395=CIRCLE('',#9892,0.000208589244990567);
#7396=CIRCLE('',#9893,0.000471391988228136);
#7397=CIRCLE('',#9894,0.000725190094911268);
#7398=CIRCLE('',#9895,0.000796561006414864);
#7399=CIRCLE('',#9896,0.000680531322182705);
#7400=CIRCLE('',#9897,0.00135980571151189);
#7401=CIRCLE('',#9898,0.00070897196240941);
#7402=CIRCLE('',#9899,0.00097677089258018);
#7403=CIRCLE('',#9900,0.00318165608707838);
#7404=CIRCLE('',#9901,0.000336131207399083);
#7405=CIRCLE('',#9902,0.001430151632971);
#7406=CIRCLE('',#9903,0.000998245842699504);
#7407=CIRCLE('',#9904,0.00159403835879752);
#7408=CIRCLE('',#9905,0.00109672327157926);
#7409=CIRCLE('',#9906,0.00299822281649823);
#7410=CIRCLE('',#9907,0.000813142880556312);
#7411=CIRCLE('',#9908,0.00172797175976906);
#7412=CIRCLE('',#9909,0.00248372963432852);
#7413=CIRCLE('',#9910,0.00231664899115516);
#7414=CIRCLE('',#9911,0.00184123502277094);
#7415=CIRCLE('',#9912,0.00109002807981314);
#7416=CIRCLE('',#9913,0.000917449081130677);
#7417=CIRCLE('',#9914,0.000938622138155042);
#7418=CIRCLE('',#9915,0.00359526406226651);
#7419=CIRCLE('',#9916,0.00657445928548334);
#7420=CIRCLE('',#9917,0.000426066631310342);
#7421=CIRCLE('',#9918,0.00154407835058655);
#7422=CIRCLE('',#9919,0.000969923790169044);
#7423=CIRCLE('',#9920,0.000864609835924565);
#7424=CIRCLE('',#9921,0.00112147352124533);
#7425=CIRCLE('',#9922,0.00140835596604788);
#7426=CIRCLE('',#9923,0.0019643586018848);
#7427=CIRCLE('',#9924,0.00152713909710522);
#7428=CIRCLE('',#9925,0.00082570727564506);
#7429=CIRCLE('',#9926,0.000574483222423586);
#7430=CIRCLE('',#9927,0.00140945837162054);
#7431=CIRCLE('',#9928,0.00180116099351805);
#7432=CIRCLE('',#9929,0.00186744540763083);
#7433=CIRCLE('',#9930,0.00155256929422224);
#7434=CIRCLE('',#9931,0.00126154475522469);
#7435=CIRCLE('',#9932,0.00125542857324293);
#7436=CIRCLE('',#9933,0.00167845310862159);
#7437=CIRCLE('',#9934,0.000883095407798438);
#7438=CIRCLE('',#9935,0.00143019125955989);
#7439=CIRCLE('',#9936,0.00155647358228716);
#7440=CIRCLE('',#9937,0.00159204031778021);
#7441=CIRCLE('',#9938,0.00196426533916237);
#7442=CIRCLE('',#9939,0.00200811735716148);
#7443=CIRCLE('',#9940,0.00204284287100545);
#7444=CIRCLE('',#9941,0.00192446220520043);
#7445=CIRCLE('',#9942,0.00173130188409141);
#7446=CIRCLE('',#9943,0.0013654687033764);
#7447=CIRCLE('',#9944,0.000762614813113825);
#7448=CIRCLE('',#9945,0.00111227677552215);
#7449=CIRCLE('',#9946,0.00161492720880409);
#7450=CIRCLE('',#9947,0.00204039132641054);
#7451=CIRCLE('',#9948,0.00172008580073706);
#7452=CIRCLE('',#9949,0.00103347850156116);
#7453=CIRCLE('',#9950,0.000947948668522545);
#7454=CIRCLE('',#9951,0.00159512423440053);
#7455=CIRCLE('',#9952,0.00164481366436605);
#7456=CIRCLE('',#9953,0.00178146563611784);
#7457=CIRCLE('',#9954,0.00206240856760538);
#7458=CIRCLE('',#9955,0.00247782648269813);
#7459=CIRCLE('',#9956,0.000968208165369905);
#7460=CIRCLE('',#9957,0.000977264406390306);
#7461=CIRCLE('',#9958,0.00102466398602524);
#7462=CIRCLE('',#9959,0.000737758243158341);
#7463=CIRCLE('',#9960,0.413569958090575);
#7464=CIRCLE('',#9961,0.30887379630023);
#7465=CIRCLE('',#9962,0.0298754662087658);
#7466=CIRCLE('',#9963,0.00859006473585612);
#7467=CIRCLE('',#9964,0.00100110086118711);
#7468=CIRCLE('',#9965,0.000627714900237627);
#7469=CIRCLE('',#9966,0.00309698712409123);
#7470=CIRCLE('',#9967,0.000691343160451838);
#7471=CIRCLE('',#9968,0.00169963536055072);
#7472=CIRCLE('',#9969,0.00191263064223527);
#7473=CIRCLE('',#9970,0.00894915916704792);
#7474=CIRCLE('',#9971,0.00243171625026411);
#7475=CIRCLE('',#9972,0.00121282577326429);
#7476=CIRCLE('',#9973,0.000656273990877821);
#7477=CIRCLE('',#9974,0.000656273990876148);
#7478=CIRCLE('',#9975,0.00155342736362234);
#7479=CIRCLE('',#9976,0.000301061108219972);
#7480=CIRCLE('',#9977,0.000516724958749524);
#7481=CIRCLE('',#9978,0.00189092428662137);
#7482=CIRCLE('',#9979,0.41356995810221);
#7483=CIRCLE('',#9980,0.308873796283554);
#7484=CIRCLE('',#9981,0.0298754662087778);
#7485=CIRCLE('',#9982,0.00859006473585613);
#7486=CIRCLE('',#9983,0.00100110086118726);
#7487=CIRCLE('',#9984,0.000627714900237619);
#7488=CIRCLE('',#9985,0.00309698712409128);
#7489=CIRCLE('',#9986,0.000691343160451818);
#7490=CIRCLE('',#9987,0.00169963536055071);
#7491=CIRCLE('',#9988,0.00191263064223454);
#7492=CIRCLE('',#9989,0.00894915916702265);
#7493=CIRCLE('',#9990,0.00243171625025835);
#7494=CIRCLE('',#9991,0.0012128257732415);
#7495=CIRCLE('',#9992,0.000656273990652391);
#7496=CIRCLE('',#9993,0.000656273990650742);
#7497=CIRCLE('',#9994,0.00155342736362234);
#7498=CIRCLE('',#9995,0.000301061108219965);
#7499=CIRCLE('',#9996,0.000516724958785415);
#7500=CIRCLE('',#9997,0.0018909242866483);
#7501=CIRCLE('',#10003,0.0015);
#7502=CIRCLE('',#10004,0.0015);
#7503=CIRCLE('',#10005,0.0015);
#7504=CIRCLE('',#10006,0.0015);
#7505=CIRCLE('',#10012,0.00111740981590271);
#7506=CIRCLE('',#10014,0.000762453161041871);
#7507=CIRCLE('',#10016,0.000912923830103612);
#7508=CIRCLE('',#10018,0.00112694093564167);
#7509=CIRCLE('',#10020,0.000996498569298674);
#7510=CIRCLE('',#10022,0.00111872220366856);
#7511=CIRCLE('',#10024,0.0014957385124718);
#7512=CIRCLE('',#10026,0.00243566015419735);
#7513=CIRCLE('',#10031,0.000528085721245446);
#7514=CIRCLE('',#10033,0.000976500597141597);
#7515=CIRCLE('',#10035,0.000490051570782078);
#7516=CIRCLE('',#10037,0.000679436413335667);
#7517=CIRCLE('',#10039,0.00700105850672881);
#7518=CIRCLE('',#10047,0.00291816288632687);
#7519=CIRCLE('',#10049,0.00150397002758169);
#7520=CIRCLE('',#10051,0.00183298041403439);
#7521=CIRCLE('',#10053,0.0011859305768536);
#7522=CIRCLE('',#10055,0.00125259083281443);
#7523=CIRCLE('',#10057,0.00108184165235988);
#7524=CIRCLE('',#10059,0.00121126146508572);
#7525=CIRCLE('',#10061,0.0011230208895339);
#7526=CIRCLE('',#10064,0.000229680659792555);
#7527=CIRCLE('',#10066,0.000604025890831859);
#7528=CIRCLE('',#10068,0.000269028446590991);
#7529=CIRCLE('',#10070,0.000372887006994758);
#7530=CIRCLE('',#10072,0.00067443605516652);
#7531=CIRCLE('',#10075,0.000381575309478028);
#7532=CIRCLE('',#10077,0.000392220695130478);
#7533=CIRCLE('',#10079,0.000168468419108111);
#7534=CIRCLE('',#10081,0.000167957395707232);
#7535=CIRCLE('',#10083,0.000317584942981739);
#7536=CIRCLE('',#10085,0.00122727602014413);
#7537=CIRCLE('',#10090,0.00235491599493914);
#7538=CIRCLE('',#10092,0.000641943971024173);
#7539=CIRCLE('',#10094,0.000410196661352903);
#7540=CIRCLE('',#10097,0.00122062111173142);
#7541=CIRCLE('',#10103,0.000565362529672977);
#7542=CIRCLE('',#10105,0.000380253570861098);
#7543=CIRCLE('',#10107,0.000238761463513316);
#7544=CIRCLE('',#10109,0.000666170095976845);
#7545=CIRCLE('',#10111,0.000469043983891615);
#7546=CIRCLE('',#10113,0.000239685238884845);
#7547=CIRCLE('',#10115,0.000346336349097864);
#7548=CIRCLE('',#10117,0.000340873542229238);
#7549=CIRCLE('',#10119,0.000692993526809865);
#7550=CIRCLE('',#10123,0.000464282436619908);
#7551=CIRCLE('',#10125,0.000168150301802315);
#7552=CIRCLE('',#10127,0.000158262413759498);
#7553=CIRCLE('',#10129,0.000328390859667401);
#7554=CIRCLE('',#10144,0.000351838235086794);
#7555=CIRCLE('',#10146,0.000457985028725925);
#7556=CIRCLE('',#10148,0.000554208560232406);
#7557=CIRCLE('',#10151,0.000279313803726743);
#7558=CIRCLE('',#10153,0.000175455387325555);
#7559=CIRCLE('',#10155,0.000184013021442187);
#7560=CIRCLE('',#10157,0.000260793676173577);
#7561=CIRCLE('',#10159,0.00037511545728226);
#7562=CIRCLE('',#10161,0.000534793184137243);
#7563=CIRCLE('',#10163,0.000541946690286328);
#7564=CIRCLE('',#10165,0.000376669042816917);
#7565=CIRCLE('',#10167,0.00025078909515967);
#7566=CIRCLE('',#10169,0.000183514291395159);
#7567=CIRCLE('',#10171,0.00018550772267897);
#7568=CIRCLE('',#10173,0.000232115192510074);
#7569=CIRCLE('',#10176,0.000375104731803518);
#7570=CIRCLE('',#10178,0.000447503755201597);
#7571=CIRCLE('',#10180,0.000467688970009878);
#7572=CIRCLE('',#10182,0.000354557271199014);
#7573=CIRCLE('',#10184,0.000473229485893596);
#7574=CIRCLE('',#10186,0.00064926077292875);
#7575=CIRCLE('',#10188,0.000851445013979844);
#7576=CIRCLE('',#10190,0.000527667419736688);
#7577=CIRCLE('',#10192,0.000394983335288045);
#7578=CIRCLE('',#10197,0.00186268251923335);
#7579=CIRCLE('',#10199,0.00101856764348715);
#7580=CIRCLE('',#10201,0.000265919310189631);
#7581=CIRCLE('',#10203,0.000259920810378646);
#7582=CIRCLE('',#10205,0.000308813848820184);
#7583=CIRCLE('',#10207,0.000521636905043461);
#7584=CIRCLE('',#10209,0.000656325561307569);
#7585=CIRCLE('',#10211,0.000703660870772238);
#7586=CIRCLE('',#10213,0.000489548498492167);
#7587=CIRCLE('',#10215,0.000230370012695897);
#7588=CIRCLE('',#10219,0.00031071065127308);
#7589=CIRCLE('',#10221,0.000451604073203824);
#7590=CIRCLE('',#10223,0.000282811192171456);
#7591=CIRCLE('',#10225,0.000405173626583106);
#7592=CIRCLE('',#10227,9.52287136339531E-5);
#7593=CIRCLE('',#10229,0.000162496603144189);
#7594=CIRCLE('',#10231,0.000901389129387554);
#7595=CIRCLE('',#10234,0.000277087234630741);
#7596=CIRCLE('',#10236,0.000200857541628612);
#7597=CIRCLE('',#10239,0.000385244053063146);
#7598=CIRCLE('',#10241,0.000184391154541528);
#7599=CIRCLE('',#10243,0.000193039483465582);
#7600=CIRCLE('',#10245,0.000225672232457217);
#7601=CIRCLE('',#10247,0.000205452270894921);
#7602=CIRCLE('',#10249,0.000133549196471786);
#7603=CIRCLE('',#10252,5.90950349860852E-5);
#7604=CIRCLE('',#10254,0.000203658993627461);
#7605=CIRCLE('',#10256,0.00046373889899207);
#7606=CIRCLE('',#10259,0.000193152170507984);
#7607=CIRCLE('',#10261,0.000184641171444881);
#7608=CIRCLE('',#10263,0.000162755784261879);
#7609=CIRCLE('',#10265,0.000233929608339777);
#7610=CIRCLE('',#10267,0.000432650966514134);
#7611=CIRCLE('',#10272,0.000556518819603339);
#7612=CIRCLE('',#10274,0.000398998736307509);
#7613=CIRCLE('',#10276,0.000317722598949158);
#7614=CIRCLE('',#10278,0.000285887541202262);
#7615=CIRCLE('',#10280,0.000397945720797441);
#7616=CIRCLE('',#10282,0.000244951021082925);
#7617=CIRCLE('',#10284,0.000274787323603037);
#7618=CIRCLE('',#10286,0.000437449995239039);
#7619=CIRCLE('',#10290,0.000144307065913635);
#7620=CIRCLE('',#10293,0.000399311056799911);
#7621=CIRCLE('',#10296,0.000439855548850636);
#7622=CIRCLE('',#10298,0.000529194332546648);
#7623=CIRCLE('',#10300,0.000510283605574363);
#7624=CIRCLE('',#10303,0.000895592999536611);
#7625=CIRCLE('',#10310,0.000237933724070832);
#7626=CIRCLE('',#10312,0.000370420252732653);
#7627=CIRCLE('',#10314,0.00031319573236951);
#7628=CIRCLE('',#10316,0.0002507128837646);
#7629=CIRCLE('',#10318,0.000164273682024604);
#7630=CIRCLE('',#10321,0.00036276996775759);
#7631=CIRCLE('',#10323,0.000598162783745445);
#7632=CIRCLE('',#10325,0.000600448442892757);
#7633=CIRCLE('',#10327,0.000349598981125696);
#7634=CIRCLE('',#10329,0.00039823616484347);
#7635=CIRCLE('',#10331,0.000526846660084318);
#7636=CIRCLE('',#10342,0.00331052024770652);
#7637=CIRCLE('',#10344,0.00150304317766524);
#7638=CIRCLE('',#10346,0.00107791238759867);
#7639=CIRCLE('',#10348,0.00165882803942609);
#7640=CIRCLE('',#10350,0.00306457644636637);
#7641=CIRCLE('',#10352,0.00609094464398545);
#7642=CIRCLE('',#10354,0.00317816859046506);
#7643=CIRCLE('',#10356,0.00194677732029105);
#7644=CIRCLE('',#10359,0.00202812706595222);
#7645=CIRCLE('',#10361,0.000636276187892253);
#7646=CIRCLE('',#10363,0.000410794430749629);
#7647=CIRCLE('',#10366,0.00281003164300459);
#7648=CIRCLE('',#10369,0.00657445928548334);
#7649=CIRCLE('',#10371,0.00359526406226651);
#7650=CIRCLE('',#10373,0.000938622138155042);
#7651=CIRCLE('',#10375,0.000917449081130677);
#7652=CIRCLE('',#10377,0.00109002807981314);
#7653=CIRCLE('',#10379,0.00184123502277094);
#7654=CIRCLE('',#10381,0.00231664899115516);
#7655=CIRCLE('',#10383,0.00248372963432852);
#7656=CIRCLE('',#10385,0.00172797175976906);
#7657=CIRCLE('',#10387,0.000813142880556312);
#7658=CIRCLE('',#10390,0.00299822281649823);
#7659=CIRCLE('',#10392,0.00109672327157926);
#7660=CIRCLE('',#10394,0.00159403835879752);
#7661=CIRCLE('',#10396,0.000998245842699504);
#7662=CIRCLE('',#10398,0.001430151632971);
#7663=CIRCLE('',#10400,0.000336131207399083);
#7664=CIRCLE('',#10402,0.00318165608707838);
#7665=CIRCLE('',#10405,0.00097677089258018);
#7666=CIRCLE('',#10407,0.00070897196240941);
#7667=CIRCLE('',#10410,0.00135980571151189);
#7668=CIRCLE('',#10412,0.000680531322182705);
#7669=CIRCLE('',#10414,0.000796561006414864);
#7670=CIRCLE('',#10416,0.000725190094911268);
#7671=CIRCLE('',#10418,0.000471391988228136);
#7672=CIRCLE('',#10421,0.000208589244990567);
#7673=CIRCLE('',#10423,0.000718860318633241);
#7674=CIRCLE('',#10425,0.00163745617250469);
#7675=CIRCLE('',#10428,0.000574483222423586);
#7676=CIRCLE('',#10430,0.00082570727564506);
#7677=CIRCLE('',#10432,0.00152713909710522);
#7678=CIRCLE('',#10437,0.0019643586018848);
#7679=CIRCLE('',#10439,0.00140835596604788);
#7680=CIRCLE('',#10441,0.00112147352124533);
#7681=CIRCLE('',#10443,0.000864609835924565);
#7682=CIRCLE('',#10445,0.000969923790169044);
#7683=CIRCLE('',#10447,0.00154407835058655);
#7684=CIRCLE('',#10449,0.000426066631310342);
#7685=CIRCLE('',#10459,0.00140945837162054);
#7686=CIRCLE('',#10462,0.00155256929422224);
#7687=CIRCLE('',#10464,0.00186744540763083);
#7688=CIRCLE('',#10466,0.00180116099351805);
#7689=CIRCLE('',#10470,0.00126154475522469);
#7690=CIRCLE('',#10472,0.000947948668522545);
#7691=CIRCLE('',#10474,0.00103347850156116);
#7692=CIRCLE('',#10476,0.00172008580073706);
#7693=CIRCLE('',#10478,0.00204039132641054);
#7694=CIRCLE('',#10480,0.00161492720880409);
#7695=CIRCLE('',#10482,0.00111227677552215);
#7696=CIRCLE('',#10484,0.000762614813113825);
#7697=CIRCLE('',#10487,0.0013654687033764);
#7698=CIRCLE('',#10489,0.00173130188409141);
#7699=CIRCLE('',#10491,0.00192446220520043);
#7700=CIRCLE('',#10493,0.00204284287100545);
#7701=CIRCLE('',#10495,0.00200811735716148);
#7702=CIRCLE('',#10497,0.00196426533916237);
#7703=CIRCLE('',#10499,0.00159204031778021);
#7704=CIRCLE('',#10501,0.00155647358228716);
#7705=CIRCLE('',#10503,0.00143019125955989);
#7706=CIRCLE('',#10506,0.000883095407798438);
#7707=CIRCLE('',#10508,0.00167845310862159);
#7708=CIRCLE('',#10510,0.00125542857324293);
#7709=CIRCLE('',#10513,0.00159512423440053);
#7710=CIRCLE('',#10516,0.000737758243158341);
#7711=CIRCLE('',#10518,0.00102466398602524);
#7712=CIRCLE('',#10520,0.000977264406390306);
#7713=CIRCLE('',#10522,0.000968208165369905);
#7714=CIRCLE('',#10527,0.00247782648269813);
#7715=CIRCLE('',#10529,0.00206240856760538);
#7716=CIRCLE('',#10531,0.00178146563611784);
#7717=CIRCLE('',#10533,0.00164481366436605);
#7718=CIRCLE('',#10542,0.413569958090575);
#7719=CIRCLE('',#10547,0.00189092428662137);
#7720=CIRCLE('',#10549,0.000516724958749524);
#7721=CIRCLE('',#10551,0.000301061108219972);
#7722=CIRCLE('',#10553,0.00155342736362234);
#7723=CIRCLE('',#10555,0.000656273990876148);
#7724=CIRCLE('',#10557,0.000656273990877821);
#7725=CIRCLE('',#10559,0.00121282577326429);
#7726=CIRCLE('',#10561,0.00243171625026411);
#7727=CIRCLE('',#10563,0.00894915916704792);
#7728=CIRCLE('',#10566,0.00191263064223527);
#7729=CIRCLE('',#10568,0.00169963536055072);
#7730=CIRCLE('',#10570,0.000691343160451838);
#7731=CIRCLE('',#10572,0.00309698712409123);
#7732=CIRCLE('',#10574,0.000627714900237627);
#7733=CIRCLE('',#10576,0.00100110086118711);
#7734=CIRCLE('',#10578,0.00859006473585612);
#7735=CIRCLE('',#10580,0.0298754662087658);
#7736=CIRCLE('',#10582,0.30887379630023);
#7737=CIRCLE('',#10591,0.41356995810221);
#7738=CIRCLE('',#10596,0.0018909242866483);
#7739=CIRCLE('',#10598,0.000516724958785415);
#7740=CIRCLE('',#10600,0.000301061108219965);
#7741=CIRCLE('',#10602,0.00155342736362234);
#7742=CIRCLE('',#10604,0.000656273990650742);
#7743=CIRCLE('',#10606,0.000656273990652391);
#7744=CIRCLE('',#10608,0.0012128257732415);
#7745=CIRCLE('',#10610,0.00243171625025835);
#7746=CIRCLE('',#10612,0.00894915916702265);
#7747=CIRCLE('',#10615,0.00191263064223454);
#7748=CIRCLE('',#10617,0.00169963536055071);
#7749=CIRCLE('',#10619,0.000691343160451818);
#7750=CIRCLE('',#10621,0.00309698712409128);
#7751=CIRCLE('',#10623,0.000627714900237619);
#7752=CIRCLE('',#10625,0.00100110086118726);
#7753=CIRCLE('',#10627,0.00859006473585613);
#7754=CIRCLE('',#10629,0.0298754662087778);
#7755=CIRCLE('',#10631,0.308873796283554);
#7756=CIRCLE('',#10699,0.0016);
#7757=CIRCLE('',#10700,0.0016);
#7758=CIRCLE('',#10707,0.0016);
#7759=CIRCLE('',#10708,0.0016);
#7760=CIRCLE('',#10717,0.0016);
#7761=CIRCLE('',#10718,0.0016);
#7762=CIRCLE('',#10730,0.0016);
#7763=CIRCLE('',#10732,0.0016);
#7764=CIRCLE('',#10749,0.0015);
#7765=CIRCLE('',#10750,0.0015);
#7766=CIRCLE('',#10751,0.0015);
#7767=CIRCLE('',#10752,0.0015);
#7768=CIRCLE('',#10758,0.0015);
#7769=CIRCLE('',#10761,0.0015);
#7770=CIRCLE('',#10764,0.0015);
#7771=CIRCLE('',#10767,0.0015);
#7772=EDGE_LOOP('',(#2046));
#7773=EDGE_LOOP('',(#2047));
#7774=EDGE_LOOP('',(#2048));
#7775=EDGE_LOOP('',(#2049));
#7776=EDGE_LOOP('',(#2050,#2051,#2052,#2053));
#7777=EDGE_LOOP('',(#2054,#2055,#2056,#2057,#2058,#2059,#2060,#2061,#2062,
#2063,#2064,#2065,#2066,#2067,#2068,#2069,#2070,#2071,#2072,#2073,#2074,
#2075,#2076,#2077,#2078,#2079,#2080,#2081,#2082,#2083,#2084,#2085,#2086,
#2087,#2088,#2089,#2090,#2091,#2092));
#7778=EDGE_LOOP('',(#2093,#2094,#2095,#2096,#2097,#2098,#2099,#2100,#2101,
#2102,#2103,#2104,#2105,#2106,#2107,#2108,#2109,#2110));
#7779=EDGE_LOOP('',(#2111,#2112,#2113,#2114,#2115,#2116,#2117,#2118,#2119,
#2120,#2121,#2122,#2123,#2124,#2125,#2126,#2127,#2128,#2129,#2130));
#7780=EDGE_LOOP('',(#2131,#2132,#2133,#2134,#2135));
#7781=EDGE_LOOP('',(#2136,#2137,#2138,#2139,#2140));
#7782=EDGE_LOOP('',(#2141,#2142,#2143,#2144,#2145,#2146,#2147,#2148,#2149,
#2150,#2151,#2152,#2153,#2154,#2155,#2156,#2157,#2158,#2159,#2160,#2161,
#2162,#2163,#2164,#2165,#2166));
#7783=EDGE_LOOP('',(#2167,#2168,#2169,#2170,#2171,#2172,#2173,#2174,#2175,
#2176,#2177,#2178,#2179,#2180,#2181,#2182,#2183,#2184,#2185,#2186,#2187,
#2188,#2189,#2190,#2191,#2192,#2193,#2194,#2195,#2196,#2197,#2198,#2199,
#2200,#2201));
#7784=EDGE_LOOP('',(#2202,#2203,#2204,#2205,#2206,#2207,#2208,#2209,#2210,
#2211,#2212,#2213,#2214,#2215,#2216,#2217,#2218,#2219,#2220));
#7785=EDGE_LOOP('',(#2221,#2222,#2223,#2224,#2225,#2226,#2227));
#7786=EDGE_LOOP('',(#2228,#2229,#2230,#2231,#2232,#2233,#2234,#2235,#2236,
#2237,#2238,#2239,#2240,#2241,#2242,#2243,#2244));
#7787=EDGE_LOOP('',(#2245,#2246,#2247,#2248));
#7788=EDGE_LOOP('',(#2249,#2250,#2251,#2252,#2253,#2254,#2255,#2256,#2257,
#2258,#2259,#2260,#2261,#2262,#2263,#2264,#2265));
#7789=EDGE_LOOP('',(#2266,#2267,#2268,#2269,#2270,#2271,#2272,#2273,#2274,
#2275,#2276,#2277,#2278,#2279,#2280,#2281,#2282,#2283,#2284,#2285,#2286,
#2287,#2288,#2289,#2290,#2291,#2292,#2293,#2294,#2295,#2296,#2297,#2298,
#2299,#2300));
#7790=EDGE_LOOP('',(#2301,#2302,#2303,#2304,#2305,#2306,#2307,#2308,#2309,
#2310,#2311,#2312,#2313,#2314,#2315,#2316,#2317,#2318,#2319));
#7791=EDGE_LOOP('',(#2320,#2321,#2322,#2323,#2324));
#7792=EDGE_LOOP('',(#2325,#2326,#2327,#2328,#2329,#2330,#2331));
#7793=EDGE_LOOP('',(#2332,#2333,#2334,#2335,#2336,#2337,#2338,#2339,#2340,
#2341,#2342,#2343,#2344,#2345,#2346,#2347,#2348,#2349,#2350,#2351,#2352,
#2353,#2354,#2355));
#7794=EDGE_LOOP('',(#2356,#2357,#2358,#2359,#2360,#2361,#2362,#2363,#2364,
#2365,#2366,#2367,#2368));
#7795=EDGE_LOOP('',(#2369,#2370,#2371,#2372,#2373));
#7796=EDGE_LOOP('',(#2374,#2375,#2376,#2377,#2378,#2379,#2380,#2381,#2382,
#2383,#2384,#2385,#2386,#2387,#2388,#2389,#2390,#2391,#2392,#2393,#2394,
#2395,#2396,#2397));
#7797=EDGE_LOOP('',(#2398,#2399,#2400,#2401,#2402));
#7798=EDGE_LOOP('',(#2403,#2404,#2405,#2406,#2407,#2408,#2409,#2410,#2411,
#2412,#2413,#2414,#2415,#2416,#2417,#2418,#2419,#2420,#2421,#2422,#2423,
#2424,#2425,#2426));
#7799=EDGE_LOOP('',(#2427,#2428,#2429,#2430,#2431));
#7800=EDGE_LOOP('',(#2432,#2433,#2434,#2435));
#7801=EDGE_LOOP('',(#2436,#2437,#2438,#2439,#2440,#2441,#2442));
#7802=EDGE_LOOP('',(#2443,#2444,#2445,#2446));
#7803=EDGE_LOOP('',(#2447,#2448,#2449,#2450));
#7804=EDGE_LOOP('',(#2451,#2452,#2453,#2454));
#7805=EDGE_LOOP('',(#2455,#2456,#2457,#2458));
#7806=EDGE_LOOP('',(#2459,#2460,#2461,#2462));
#7807=EDGE_LOOP('',(#2463));
#7808=EDGE_LOOP('',(#2464));
#7809=EDGE_LOOP('',(#2465));
#7810=EDGE_LOOP('',(#2466));
#7811=EDGE_LOOP('',(#2467,#2468,#2469,#2470));
#7812=EDGE_LOOP('',(#2471));
#7813=EDGE_LOOP('',(#2472));
#7814=EDGE_LOOP('',(#2473));
#7815=EDGE_LOOP('',(#2474));
#7816=EDGE_LOOP('',(#2475));
#7817=EDGE_LOOP('',(#2476));
#7818=EDGE_LOOP('',(#2477));
#7819=EDGE_LOOP('',(#2478));
#7820=EDGE_LOOP('',(#2479,#2480,#2481,#2482));
#7821=EDGE_LOOP('',(#2483,#2484,#2485,#2486));
#7822=EDGE_LOOP('',(#2487,#2488,#2489,#2490));
#7823=EDGE_LOOP('',(#2491,#2492,#2493,#2494));
#7824=EDGE_LOOP('',(#2495,#2496,#2497,#2498));
#7825=EDGE_LOOP('',(#2499,#2500,#2501,#2502));
#7826=EDGE_LOOP('',(#2503,#2504,#2505,#2506));
#7827=EDGE_LOOP('',(#2507,#2508,#2509,#2510));
#7828=EDGE_LOOP('',(#2511,#2512,#2513,#2514));
#7829=EDGE_LOOP('',(#2515,#2516,#2517,#2518));
#7830=EDGE_LOOP('',(#2519,#2520,#2521,#2522));
#7831=EDGE_LOOP('',(#2523,#2524,#2525,#2526));
#7832=EDGE_LOOP('',(#2527,#2528,#2529,#2530));
#7833=EDGE_LOOP('',(#2531,#2532,#2533,#2534));
#7834=EDGE_LOOP('',(#2535,#2536,#2537,#2538));
#7835=EDGE_LOOP('',(#2539,#2540,#2541,#2542));
#7836=EDGE_LOOP('',(#2543,#2544,#2545,#2546));
#7837=EDGE_LOOP('',(#2547,#2548,#2549,#2550));
#7838=EDGE_LOOP('',(#2551,#2552,#2553,#2554));
#7839=EDGE_LOOP('',(#2555,#2556,#2557,#2558));
#7840=EDGE_LOOP('',(#2559,#2560,#2561,#2562));
#7841=EDGE_LOOP('',(#2563,#2564,#2565,#2566));
#7842=EDGE_LOOP('',(#2567,#2568,#2569,#2570));
#7843=EDGE_LOOP('',(#2571,#2572,#2573,#2574));
#7844=EDGE_LOOP('',(#2575,#2576,#2577,#2578));
#7845=EDGE_LOOP('',(#2579,#2580,#2581,#2582));
#7846=EDGE_LOOP('',(#2583,#2584,#2585,#2586));
#7847=EDGE_LOOP('',(#2587,#2588,#2589,#2590));
#7848=EDGE_LOOP('',(#2591,#2592,#2593,#2594));
#7849=EDGE_LOOP('',(#2595,#2596,#2597,#2598));
#7850=EDGE_LOOP('',(#2599,#2600,#2601,#2602));
#7851=EDGE_LOOP('',(#2603,#2604,#2605,#2606));
#7852=EDGE_LOOP('',(#2607,#2608,#2609,#2610));
#7853=EDGE_LOOP('',(#2611,#2612,#2613,#2614));
#7854=EDGE_LOOP('',(#2615,#2616,#2617,#2618));
#7855=EDGE_LOOP('',(#2619,#2620,#2621,#2622));
#7856=EDGE_LOOP('',(#2623,#2624,#2625,#2626));
#7857=EDGE_LOOP('',(#2627,#2628,#2629,#2630));
#7858=EDGE_LOOP('',(#2631,#2632,#2633,#2634));
#7859=EDGE_LOOP('',(#2635,#2636,#2637,#2638,#2639,#2640,#2641,#2642,#2643,
#2644,#2645,#2646,#2647,#2648,#2649,#2650,#2651,#2652,#2653,#2654,#2655,
#2656,#2657,#2658,#2659,#2660,#2661,#2662,#2663,#2664,#2665,#2666,#2667,
#2668,#2669,#2670,#2671,#2672,#2673));
#7860=EDGE_LOOP('',(#2674,#2675,#2676,#2677));
#7861=EDGE_LOOP('',(#2678,#2679,#2680,#2681));
#7862=EDGE_LOOP('',(#2682,#2683,#2684,#2685));
#7863=EDGE_LOOP('',(#2686,#2687,#2688,#2689));
#7864=EDGE_LOOP('',(#2690,#2691,#2692,#2693));
#7865=EDGE_LOOP('',(#2694,#2695,#2696,#2697));
#7866=EDGE_LOOP('',(#2698,#2699,#2700,#2701));
#7867=EDGE_LOOP('',(#2702,#2703,#2704,#2705));
#7868=EDGE_LOOP('',(#2706,#2707,#2708,#2709));
#7869=EDGE_LOOP('',(#2710,#2711,#2712,#2713));
#7870=EDGE_LOOP('',(#2714,#2715,#2716,#2717));
#7871=EDGE_LOOP('',(#2718,#2719,#2720,#2721));
#7872=EDGE_LOOP('',(#2722,#2723,#2724,#2725));
#7873=EDGE_LOOP('',(#2726,#2727,#2728,#2729));
#7874=EDGE_LOOP('',(#2730,#2731,#2732,#2733));
#7875=EDGE_LOOP('',(#2734,#2735,#2736,#2737));
#7876=EDGE_LOOP('',(#2738,#2739,#2740,#2741));
#7877=EDGE_LOOP('',(#2742,#2743,#2744,#2745));
#7878=EDGE_LOOP('',(#2746,#2747,#2748,#2749,#2750,#2751,#2752,#2753,#2754,
#2755,#2756,#2757,#2758,#2759,#2760,#2761,#2762,#2763));
#7879=EDGE_LOOP('',(#2764,#2765,#2766,#2767));
#7880=EDGE_LOOP('',(#2768,#2769,#2770,#2771));
#7881=EDGE_LOOP('',(#2772,#2773,#2774,#2775));
#7882=EDGE_LOOP('',(#2776,#2777,#2778,#2779));
#7883=EDGE_LOOP('',(#2780,#2781,#2782,#2783));
#7884=EDGE_LOOP('',(#2784,#2785,#2786,#2787));
#7885=EDGE_LOOP('',(#2788,#2789,#2790,#2791));
#7886=EDGE_LOOP('',(#2792,#2793,#2794,#2795));
#7887=EDGE_LOOP('',(#2796,#2797,#2798,#2799));
#7888=EDGE_LOOP('',(#2800,#2801,#2802,#2803));
#7889=EDGE_LOOP('',(#2804,#2805,#2806,#2807));
#7890=EDGE_LOOP('',(#2808,#2809,#2810,#2811));
#7891=EDGE_LOOP('',(#2812,#2813,#2814,#2815));
#7892=EDGE_LOOP('',(#2816,#2817,#2818,#2819));
#7893=EDGE_LOOP('',(#2820,#2821,#2822,#2823));
#7894=EDGE_LOOP('',(#2824,#2825,#2826,#2827));
#7895=EDGE_LOOP('',(#2828,#2829,#2830,#2831));
#7896=EDGE_LOOP('',(#2832,#2833,#2834,#2835));
#7897=EDGE_LOOP('',(#2836,#2837,#2838,#2839));
#7898=EDGE_LOOP('',(#2840,#2841,#2842,#2843));
#7899=EDGE_LOOP('',(#2844,#2845,#2846,#2847,#2848,#2849,#2850,#2851,#2852,
#2853,#2854,#2855,#2856,#2857,#2858,#2859,#2860,#2861,#2862,#2863));
#7900=EDGE_LOOP('',(#2864,#2865,#2866,#2867));
#7901=EDGE_LOOP('',(#2868,#2869,#2870,#2871));
#7902=EDGE_LOOP('',(#2872,#2873,#2874,#2875));
#7903=EDGE_LOOP('',(#2876,#2877,#2878,#2879));
#7904=EDGE_LOOP('',(#2880,#2881,#2882,#2883));
#7905=EDGE_LOOP('',(#2884,#2885,#2886,#2887,#2888));
#7906=EDGE_LOOP('',(#2889,#2890,#2891,#2892));
#7907=EDGE_LOOP('',(#2893,#2894,#2895,#2896));
#7908=EDGE_LOOP('',(#2897,#2898,#2899,#2900));
#7909=EDGE_LOOP('',(#2901,#2902,#2903,#2904));
#7910=EDGE_LOOP('',(#2905,#2906,#2907,#2908));
#7911=EDGE_LOOP('',(#2909,#2910,#2911,#2912,#2913));
#7912=EDGE_LOOP('',(#2914,#2915,#2916,#2917));
#7913=EDGE_LOOP('',(#2918,#2919,#2920,#2921));
#7914=EDGE_LOOP('',(#2922,#2923,#2924,#2925));
#7915=EDGE_LOOP('',(#2926,#2927,#2928,#2929));
#7916=EDGE_LOOP('',(#2930,#2931,#2932,#2933));
#7917=EDGE_LOOP('',(#2934,#2935,#2936,#2937));
#7918=EDGE_LOOP('',(#2938,#2939,#2940,#2941));
#7919=EDGE_LOOP('',(#2942,#2943,#2944,#2945));
#7920=EDGE_LOOP('',(#2946,#2947,#2948,#2949));
#7921=EDGE_LOOP('',(#2950,#2951,#2952,#2953));
#7922=EDGE_LOOP('',(#2954,#2955,#2956,#2957));
#7923=EDGE_LOOP('',(#2958,#2959,#2960,#2961));
#7924=EDGE_LOOP('',(#2962,#2963,#2964,#2965));
#7925=EDGE_LOOP('',(#2966,#2967,#2968,#2969));
#7926=EDGE_LOOP('',(#2970,#2971,#2972,#2973));
#7927=EDGE_LOOP('',(#2974,#2975,#2976,#2977));
#7928=EDGE_LOOP('',(#2978,#2979,#2980,#2981));
#7929=EDGE_LOOP('',(#2982,#2983,#2984,#2985));
#7930=EDGE_LOOP('',(#2986,#2987,#2988,#2989));
#7931=EDGE_LOOP('',(#2990,#2991,#2992,#2993));
#7932=EDGE_LOOP('',(#2994,#2995,#2996,#2997));
#7933=EDGE_LOOP('',(#2998,#2999,#3000,#3001));
#7934=EDGE_LOOP('',(#3002,#3003,#3004,#3005));
#7935=EDGE_LOOP('',(#3006,#3007,#3008,#3009));
#7936=EDGE_LOOP('',(#3010,#3011,#3012,#3013));
#7937=EDGE_LOOP('',(#3014,#3015,#3016,#3017));
#7938=EDGE_LOOP('',(#3018,#3019,#3020,#3021,#3022,#3023,#3024,#3025,#3026,
#3027,#3028,#3029,#3030,#3031,#3032,#3033,#3034,#3035,#3036,#3037,#3038,
#3039,#3040,#3041,#3042,#3043));
#7939=EDGE_LOOP('',(#3044,#3045,#3046,#3047));
#7940=EDGE_LOOP('',(#3048,#3049,#3050,#3051));
#7941=EDGE_LOOP('',(#3052,#3053,#3054,#3055));
#7942=EDGE_LOOP('',(#3056,#3057,#3058,#3059));
#7943=EDGE_LOOP('',(#3060,#3061,#3062,#3063));
#7944=EDGE_LOOP('',(#3064,#3065,#3066,#3067));
#7945=EDGE_LOOP('',(#3068,#3069,#3070,#3071));
#7946=EDGE_LOOP('',(#3072,#3073,#3074,#3075));
#7947=EDGE_LOOP('',(#3076,#3077,#3078,#3079));
#7948=EDGE_LOOP('',(#3080,#3081,#3082,#3083));
#7949=EDGE_LOOP('',(#3084,#3085,#3086,#3087));
#7950=EDGE_LOOP('',(#3088,#3089,#3090,#3091));
#7951=EDGE_LOOP('',(#3092,#3093,#3094,#3095));
#7952=EDGE_LOOP('',(#3096,#3097,#3098,#3099));
#7953=EDGE_LOOP('',(#3100,#3101,#3102,#3103));
#7954=EDGE_LOOP('',(#3104,#3105,#3106,#3107));
#7955=EDGE_LOOP('',(#3108,#3109,#3110,#3111));
#7956=EDGE_LOOP('',(#3112,#3113,#3114,#3115));
#7957=EDGE_LOOP('',(#3116,#3117,#3118,#3119));
#7958=EDGE_LOOP('',(#3120,#3121,#3122,#3123));
#7959=EDGE_LOOP('',(#3124,#3125,#3126,#3127));
#7960=EDGE_LOOP('',(#3128,#3129,#3130,#3131));
#7961=EDGE_LOOP('',(#3132,#3133,#3134,#3135));
#7962=EDGE_LOOP('',(#3136,#3137,#3138,#3139));
#7963=EDGE_LOOP('',(#3140,#3141,#3142,#3143));
#7964=EDGE_LOOP('',(#3144,#3145,#3146,#3147));
#7965=EDGE_LOOP('',(#3148,#3149,#3150,#3151));
#7966=EDGE_LOOP('',(#3152,#3153,#3154,#3155));
#7967=EDGE_LOOP('',(#3156,#3157,#3158,#3159));
#7968=EDGE_LOOP('',(#3160,#3161,#3162,#3163));
#7969=EDGE_LOOP('',(#3164,#3165,#3166,#3167));
#7970=EDGE_LOOP('',(#3168,#3169,#3170,#3171));
#7971=EDGE_LOOP('',(#3172,#3173,#3174,#3175));
#7972=EDGE_LOOP('',(#3176,#3177,#3178,#3179));
#7973=EDGE_LOOP('',(#3180,#3181,#3182,#3183));
#7974=EDGE_LOOP('',(#3184,#3185,#3186,#3187,#3188,#3189,#3190,#3191,#3192,
#3193,#3194,#3195,#3196,#3197,#3198,#3199,#3200,#3201,#3202,#3203,#3204,
#3205,#3206,#3207,#3208,#3209,#3210,#3211,#3212,#3213,#3214,#3215,#3216,
#3217,#3218));
#7975=EDGE_LOOP('',(#3219,#3220,#3221,#3222));
#7976=EDGE_LOOP('',(#3223,#3224,#3225,#3226));
#7977=EDGE_LOOP('',(#3227,#3228,#3229,#3230));
#7978=EDGE_LOOP('',(#3231,#3232,#3233,#3234));
#7979=EDGE_LOOP('',(#3235,#3236,#3237,#3238));
#7980=EDGE_LOOP('',(#3239,#3240,#3241,#3242));
#7981=EDGE_LOOP('',(#3243,#3244,#3245,#3246));
#7982=EDGE_LOOP('',(#3247,#3248,#3249,#3250));
#7983=EDGE_LOOP('',(#3251,#3252,#3253,#3254));
#7984=EDGE_LOOP('',(#3255,#3256,#3257,#3258));
#7985=EDGE_LOOP('',(#3259,#3260,#3261,#3262));
#7986=EDGE_LOOP('',(#3263,#3264,#3265,#3266));
#7987=EDGE_LOOP('',(#3267,#3268,#3269,#3270));
#7988=EDGE_LOOP('',(#3271,#3272,#3273,#3274));
#7989=EDGE_LOOP('',(#3275,#3276,#3277,#3278));
#7990=EDGE_LOOP('',(#3279,#3280,#3281,#3282));
#7991=EDGE_LOOP('',(#3283,#3284,#3285,#3286));
#7992=EDGE_LOOP('',(#3287,#3288,#3289,#3290));
#7993=EDGE_LOOP('',(#3291,#3292,#3293,#3294));
#7994=EDGE_LOOP('',(#3295,#3296,#3297,#3298,#3299,#3300,#3301,#3302,#3303,
#3304,#3305,#3306,#3307,#3308,#3309,#3310,#3311,#3312,#3313));
#7995=EDGE_LOOP('',(#3314,#3315,#3316,#3317));
#7996=EDGE_LOOP('',(#3318,#3319,#3320,#3321));
#7997=EDGE_LOOP('',(#3322,#3323,#3324,#3325));
#7998=EDGE_LOOP('',(#3326,#3327,#3328,#3329));
#7999=EDGE_LOOP('',(#3330,#3331,#3332,#3333));
#8000=EDGE_LOOP('',(#3334,#3335,#3336,#3337));
#8001=EDGE_LOOP('',(#3338,#3339,#3340,#3341));
#8002=EDGE_LOOP('',(#3342,#3343,#3344,#3345,#3346,#3347,#3348));
#8003=EDGE_LOOP('',(#3349,#3350,#3351,#3352));
#8004=EDGE_LOOP('',(#3353,#3354,#3355,#3356));
#8005=EDGE_LOOP('',(#3357,#3358,#3359,#3360));
#8006=EDGE_LOOP('',(#3361,#3362,#3363,#3364));
#8007=EDGE_LOOP('',(#3365,#3366,#3367,#3368));
#8008=EDGE_LOOP('',(#3369,#3370,#3371,#3372));
#8009=EDGE_LOOP('',(#3373,#3374,#3375,#3376));
#8010=EDGE_LOOP('',(#3377,#3378,#3379,#3380));
#8011=EDGE_LOOP('',(#3381,#3382,#3383,#3384));
#8012=EDGE_LOOP('',(#3385,#3386,#3387,#3388));
#8013=EDGE_LOOP('',(#3389,#3390,#3391,#3392));
#8014=EDGE_LOOP('',(#3393,#3394,#3395,#3396));
#8015=EDGE_LOOP('',(#3397,#3398,#3399,#3400));
#8016=EDGE_LOOP('',(#3401,#3402,#3403,#3404));
#8017=EDGE_LOOP('',(#3405,#3406,#3407,#3408));
#8018=EDGE_LOOP('',(#3409,#3410,#3411,#3412));
#8019=EDGE_LOOP('',(#3413,#3414,#3415,#3416));
#8020=EDGE_LOOP('',(#3417,#3418,#3419,#3420,#3421,#3422,#3423,#3424,#3425,
#3426,#3427,#3428,#3429,#3430,#3431,#3432,#3433));
#8021=EDGE_LOOP('',(#3434,#3435,#3436,#3437));
#8022=EDGE_LOOP('',(#3438,#3439,#3440,#3441));
#8023=EDGE_LOOP('',(#3442,#3443,#3444,#3445));
#8024=EDGE_LOOP('',(#3446,#3447,#3448,#3449));
#8025=EDGE_LOOP('',(#3450,#3451,#3452,#3453));
#8026=EDGE_LOOP('',(#3454,#3455,#3456,#3457));
#8027=EDGE_LOOP('',(#3458,#3459,#3460,#3461));
#8028=EDGE_LOOP('',(#3462,#3463,#3464,#3465));
#8029=EDGE_LOOP('',(#3466,#3467,#3468,#3469));
#8030=EDGE_LOOP('',(#3470,#3471,#3472,#3473));
#8031=EDGE_LOOP('',(#3474,#3475,#3476,#3477));
#8032=EDGE_LOOP('',(#3478,#3479,#3480,#3481));
#8033=EDGE_LOOP('',(#3482,#3483,#3484,#3485));
#8034=EDGE_LOOP('',(#3486,#3487,#3488,#3489));
#8035=EDGE_LOOP('',(#3490,#3491,#3492,#3493));
#8036=EDGE_LOOP('',(#3494,#3495,#3496,#3497));
#8037=EDGE_LOOP('',(#3498,#3499,#3500,#3501));
#8038=EDGE_LOOP('',(#3502,#3503,#3504,#3505));
#8039=EDGE_LOOP('',(#3506,#3507,#3508,#3509));
#8040=EDGE_LOOP('',(#3510,#3511,#3512,#3513));
#8041=EDGE_LOOP('',(#3514,#3515,#3516,#3517));
#8042=EDGE_LOOP('',(#3518,#3519,#3520,#3521));
#8043=EDGE_LOOP('',(#3522,#3523,#3524,#3525,#3526,#3527,#3528,#3529,#3530,
#3531,#3532,#3533,#3534,#3535,#3536,#3537,#3538));
#8044=EDGE_LOOP('',(#3539,#3540,#3541,#3542));
#8045=EDGE_LOOP('',(#3543,#3544,#3545,#3546));
#8046=EDGE_LOOP('',(#3547,#3548,#3549,#3550));
#8047=EDGE_LOOP('',(#3551,#3552,#3553,#3554));
#8048=EDGE_LOOP('',(#3555,#3556,#3557,#3558));
#8049=EDGE_LOOP('',(#3559,#3560,#3561,#3562));
#8050=EDGE_LOOP('',(#3563,#3564,#3565,#3566));
#8051=EDGE_LOOP('',(#3567,#3568,#3569,#3570));
#8052=EDGE_LOOP('',(#3571,#3572,#3573,#3574));
#8053=EDGE_LOOP('',(#3575,#3576,#3577,#3578));
#8054=EDGE_LOOP('',(#3579,#3580,#3581,#3582));
#8055=EDGE_LOOP('',(#3583,#3584,#3585,#3586));
#8056=EDGE_LOOP('',(#3587,#3588,#3589,#3590));
#8057=EDGE_LOOP('',(#3591,#3592,#3593,#3594));
#8058=EDGE_LOOP('',(#3595,#3596,#3597,#3598));
#8059=EDGE_LOOP('',(#3599,#3600,#3601,#3602));
#8060=EDGE_LOOP('',(#3603,#3604,#3605,#3606));
#8061=EDGE_LOOP('',(#3607,#3608,#3609,#3610));
#8062=EDGE_LOOP('',(#3611,#3612,#3613,#3614));
#8063=EDGE_LOOP('',(#3615,#3616,#3617,#3618));
#8064=EDGE_LOOP('',(#3619,#3620,#3621,#3622));
#8065=EDGE_LOOP('',(#3623,#3624,#3625,#3626));
#8066=EDGE_LOOP('',(#3627,#3628,#3629,#3630));
#8067=EDGE_LOOP('',(#3631,#3632,#3633,#3634));
#8068=EDGE_LOOP('',(#3635,#3636,#3637,#3638));
#8069=EDGE_LOOP('',(#3639,#3640,#3641,#3642));
#8070=EDGE_LOOP('',(#3643,#3644,#3645,#3646));
#8071=EDGE_LOOP('',(#3647,#3648,#3649,#3650));
#8072=EDGE_LOOP('',(#3651,#3652,#3653,#3654));
#8073=EDGE_LOOP('',(#3655,#3656,#3657,#3658));
#8074=EDGE_LOOP('',(#3659,#3660,#3661,#3662));
#8075=EDGE_LOOP('',(#3663,#3664,#3665,#3666));
#8076=EDGE_LOOP('',(#3667,#3668,#3669,#3670));
#8077=EDGE_LOOP('',(#3671,#3672,#3673,#3674));
#8078=EDGE_LOOP('',(#3675,#3676,#3677,#3678));
#8079=EDGE_LOOP('',(#3679,#3680,#3681,#3682,#3683,#3684,#3685,#3686,#3687,
#3688,#3689,#3690,#3691,#3692,#3693,#3694,#3695,#3696,#3697,#3698,#3699,
#3700,#3701,#3702,#3703,#3704,#3705,#3706,#3707,#3708,#3709,#3710,#3711,
#3712,#3713));
#8080=EDGE_LOOP('',(#3714,#3715,#3716,#3717));
#8081=EDGE_LOOP('',(#3718,#3719,#3720,#3721));
#8082=EDGE_LOOP('',(#3722,#3723,#3724,#3725));
#8083=EDGE_LOOP('',(#3726,#3727,#3728,#3729));
#8084=EDGE_LOOP('',(#3730,#3731,#3732,#3733));
#8085=EDGE_LOOP('',(#3734,#3735,#3736,#3737));
#8086=EDGE_LOOP('',(#3738,#3739,#3740,#3741));
#8087=EDGE_LOOP('',(#3742,#3743,#3744,#3745));
#8088=EDGE_LOOP('',(#3746,#3747,#3748,#3749));
#8089=EDGE_LOOP('',(#3750,#3751,#3752,#3753));
#8090=EDGE_LOOP('',(#3754,#3755,#3756,#3757));
#8091=EDGE_LOOP('',(#3758,#3759,#3760,#3761));
#8092=EDGE_LOOP('',(#3762,#3763,#3764,#3765));
#8093=EDGE_LOOP('',(#3766,#3767,#3768,#3769));
#8094=EDGE_LOOP('',(#3770,#3771,#3772,#3773));
#8095=EDGE_LOOP('',(#3774,#3775,#3776,#3777));
#8096=EDGE_LOOP('',(#3778,#3779,#3780,#3781));
#8097=EDGE_LOOP('',(#3782,#3783,#3784,#3785));
#8098=EDGE_LOOP('',(#3786,#3787,#3788,#3789));
#8099=EDGE_LOOP('',(#3790,#3791,#3792,#3793,#3794,#3795,#3796,#3797,#3798,
#3799,#3800,#3801,#3802,#3803,#3804,#3805,#3806,#3807,#3808));
#8100=EDGE_LOOP('',(#3809,#3810,#3811,#3812));
#8101=EDGE_LOOP('',(#3813,#3814,#3815,#3816));
#8102=EDGE_LOOP('',(#3817,#3818,#3819,#3820));
#8103=EDGE_LOOP('',(#3821,#3822,#3823,#3824));
#8104=EDGE_LOOP('',(#3825,#3826,#3827,#3828));
#8105=EDGE_LOOP('',(#3829,#3830,#3831,#3832,#3833));
#8106=EDGE_LOOP('',(#3834,#3835,#3836,#3837));
#8107=EDGE_LOOP('',(#3838,#3839,#3840,#3841));
#8108=EDGE_LOOP('',(#3842,#3843,#3844,#3845));
#8109=EDGE_LOOP('',(#3846,#3847,#3848,#3849));
#8110=EDGE_LOOP('',(#3850,#3851,#3852,#3853));
#8111=EDGE_LOOP('',(#3854,#3855,#3856,#3857));
#8112=EDGE_LOOP('',(#3858,#3859,#3860,#3861));
#8113=EDGE_LOOP('',(#3862,#3863,#3864,#3865,#3866,#3867,#3868));
#8114=EDGE_LOOP('',(#3869,#3870,#3871,#3872));
#8115=EDGE_LOOP('',(#3873,#3874,#3875,#3876));
#8116=EDGE_LOOP('',(#3877,#3878,#3879,#3880));
#8117=EDGE_LOOP('',(#3881,#3882,#3883,#3884));
#8118=EDGE_LOOP('',(#3885,#3886,#3887,#3888));
#8119=EDGE_LOOP('',(#3889,#3890,#3891,#3892));
#8120=EDGE_LOOP('',(#3893,#3894,#3895,#3896));
#8121=EDGE_LOOP('',(#3897,#3898,#3899,#3900));
#8122=EDGE_LOOP('',(#3901,#3902,#3903,#3904));
#8123=EDGE_LOOP('',(#3905,#3906,#3907,#3908));
#8124=EDGE_LOOP('',(#3909,#3910,#3911,#3912));
#8125=EDGE_LOOP('',(#3913,#3914,#3915,#3916));
#8126=EDGE_LOOP('',(#3917,#3918,#3919,#3920));
#8127=EDGE_LOOP('',(#3921,#3922,#3923,#3924));
#8128=EDGE_LOOP('',(#3925,#3926,#3927,#3928));
#8129=EDGE_LOOP('',(#3929,#3930,#3931,#3932));
#8130=EDGE_LOOP('',(#3933,#3934,#3935,#3936));
#8131=EDGE_LOOP('',(#3937,#3938,#3939,#3940));
#8132=EDGE_LOOP('',(#3941,#3942,#3943,#3944));
#8133=EDGE_LOOP('',(#3945,#3946,#3947,#3948));
#8134=EDGE_LOOP('',(#3949,#3950,#3951,#3952));
#8135=EDGE_LOOP('',(#3953,#3954,#3955,#3956));
#8136=EDGE_LOOP('',(#3957,#3958,#3959,#3960));
#8137=EDGE_LOOP('',(#3961,#3962,#3963,#3964));
#8138=EDGE_LOOP('',(#3965,#3966,#3967,#3968,#3969,#3970,#3971,#3972,#3973,
#3974,#3975,#3976,#3977,#3978,#3979,#3980,#3981,#3982,#3983,#3984,#3985,
#3986,#3987,#3988));
#8139=EDGE_LOOP('',(#3989,#3990,#3991,#3992));
#8140=EDGE_LOOP('',(#3993,#3994,#3995,#3996));
#8141=EDGE_LOOP('',(#3997,#3998,#3999,#4000));
#8142=EDGE_LOOP('',(#4001,#4002,#4003,#4004));
#8143=EDGE_LOOP('',(#4005,#4006,#4007,#4008));
#8144=EDGE_LOOP('',(#4009,#4010,#4011,#4012));
#8145=EDGE_LOOP('',(#4013,#4014,#4015,#4016));
#8146=EDGE_LOOP('',(#4017,#4018,#4019,#4020));
#8147=EDGE_LOOP('',(#4021,#4022,#4023,#4024));
#8148=EDGE_LOOP('',(#4025,#4026,#4027,#4028));
#8149=EDGE_LOOP('',(#4029,#4030,#4031,#4032));
#8150=EDGE_LOOP('',(#4033,#4034,#4035,#4036));
#8151=EDGE_LOOP('',(#4037,#4038,#4039,#4040));
#8152=EDGE_LOOP('',(#4041,#4042,#4043,#4044,#4045,#4046,#4047,#4048,#4049,
#4050,#4051,#4052,#4053));
#8153=EDGE_LOOP('',(#4054,#4055,#4056,#4057));
#8154=EDGE_LOOP('',(#4058,#4059,#4060,#4061));
#8155=EDGE_LOOP('',(#4062,#4063,#4064,#4065));
#8156=EDGE_LOOP('',(#4066,#4067,#4068,#4069));
#8157=EDGE_LOOP('',(#4070,#4071,#4072,#4073));
#8158=EDGE_LOOP('',(#4074,#4075,#4076,#4077,#4078));
#8159=EDGE_LOOP('',(#4079,#4080,#4081,#4082));
#8160=EDGE_LOOP('',(#4083,#4084,#4085,#4086));
#8161=EDGE_LOOP('',(#4087,#4088,#4089,#4090));
#8162=EDGE_LOOP('',(#4091,#4092,#4093,#4094));
#8163=EDGE_LOOP('',(#4095,#4096,#4097,#4098));
#8164=EDGE_LOOP('',(#4099,#4100,#4101,#4102));
#8165=EDGE_LOOP('',(#4103,#4104,#4105,#4106));
#8166=EDGE_LOOP('',(#4107,#4108,#4109,#4110));
#8167=EDGE_LOOP('',(#4111,#4112,#4113,#4114));
#8168=EDGE_LOOP('',(#4115,#4116,#4117,#4118));
#8169=EDGE_LOOP('',(#4119,#4120,#4121,#4122));
#8170=EDGE_LOOP('',(#4123,#4124,#4125,#4126));
#8171=EDGE_LOOP('',(#4127,#4128,#4129,#4130));
#8172=EDGE_LOOP('',(#4131,#4132,#4133,#4134));
#8173=EDGE_LOOP('',(#4135,#4136,#4137,#4138));
#8174=EDGE_LOOP('',(#4139,#4140,#4141,#4142));
#8175=EDGE_LOOP('',(#4143,#4144,#4145,#4146));
#8176=EDGE_LOOP('',(#4147,#4148,#4149,#4150));
#8177=EDGE_LOOP('',(#4151,#4152,#4153,#4154));
#8178=EDGE_LOOP('',(#4155,#4156,#4157,#4158));
#8179=EDGE_LOOP('',(#4159,#4160,#4161,#4162));
#8180=EDGE_LOOP('',(#4163,#4164,#4165,#4166));
#8181=EDGE_LOOP('',(#4167,#4168,#4169,#4170));
#8182=EDGE_LOOP('',(#4171,#4172,#4173,#4174));
#8183=EDGE_LOOP('',(#4175,#4176,#4177,#4178,#4179,#4180,#4181,#4182,#4183,
#4184,#4185,#4186,#4187,#4188,#4189,#4190,#4191,#4192,#4193,#4194,#4195,
#4196,#4197,#4198));
#8184=EDGE_LOOP('',(#4199,#4200,#4201,#4202));
#8185=EDGE_LOOP('',(#4203,#4204,#4205,#4206));
#8186=EDGE_LOOP('',(#4207,#4208,#4209,#4210));
#8187=EDGE_LOOP('',(#4211,#4212,#4213,#4214));
#8188=EDGE_LOOP('',(#4215,#4216,#4217,#4218));
#8189=EDGE_LOOP('',(#4219,#4220,#4221,#4222,#4223));
#8190=EDGE_LOOP('',(#4224,#4225,#4226,#4227));
#8191=EDGE_LOOP('',(#4228,#4229,#4230,#4231));
#8192=EDGE_LOOP('',(#4232,#4233,#4234,#4235));
#8193=EDGE_LOOP('',(#4236,#4237,#4238,#4239));
#8194=EDGE_LOOP('',(#4240,#4241,#4242,#4243));
#8195=EDGE_LOOP('',(#4244,#4245,#4246,#4247));
#8196=EDGE_LOOP('',(#4248,#4249,#4250,#4251));
#8197=EDGE_LOOP('',(#4252,#4253,#4254,#4255));
#8198=EDGE_LOOP('',(#4256,#4257,#4258,#4259));
#8199=EDGE_LOOP('',(#4260,#4261,#4262,#4263));
#8200=EDGE_LOOP('',(#4264,#4265,#4266,#4267));
#8201=EDGE_LOOP('',(#4268,#4269,#4270,#4271));
#8202=EDGE_LOOP('',(#4272,#4273,#4274,#4275));
#8203=EDGE_LOOP('',(#4276,#4277,#4278,#4279));
#8204=EDGE_LOOP('',(#4280,#4281,#4282,#4283));
#8205=EDGE_LOOP('',(#4284,#4285,#4286,#4287));
#8206=EDGE_LOOP('',(#4288,#4289,#4290,#4291));
#8207=EDGE_LOOP('',(#4292,#4293,#4294,#4295));
#8208=EDGE_LOOP('',(#4296,#4297,#4298,#4299));
#8209=EDGE_LOOP('',(#4300,#4301,#4302,#4303));
#8210=EDGE_LOOP('',(#4304,#4305,#4306,#4307));
#8211=EDGE_LOOP('',(#4308,#4309,#4310,#4311));
#8212=EDGE_LOOP('',(#4312,#4313,#4314,#4315));
#8213=EDGE_LOOP('',(#4316,#4317,#4318,#4319));
#8214=EDGE_LOOP('',(#4320,#4321,#4322,#4323,#4324,#4325,#4326,#4327,#4328,
#4329,#4330,#4331,#4332,#4333,#4334,#4335,#4336,#4337,#4338,#4339,#4340,
#4341,#4342,#4343));
#8215=EDGE_LOOP('',(#4344,#4345,#4346,#4347));
#8216=EDGE_LOOP('',(#4348,#4349,#4350,#4351));
#8217=EDGE_LOOP('',(#4352,#4353,#4354,#4355));
#8218=EDGE_LOOP('',(#4356,#4357,#4358,#4359));
#8219=EDGE_LOOP('',(#4360,#4361,#4362,#4363));
#8220=EDGE_LOOP('',(#4364,#4365,#4366,#4367,#4368));
#8221=EDGE_LOOP('',(#4369,#4370,#4371,#4372));
#8222=EDGE_LOOP('',(#4373,#4374,#4375,#4376));
#8223=EDGE_LOOP('',(#4377,#4378,#4379,#4380));
#8224=EDGE_LOOP('',(#4381,#4382,#4383,#4384));
#8225=EDGE_LOOP('',(#4385,#4386,#4387,#4388));
#8226=EDGE_LOOP('',(#4389,#4390,#4391,#4392));
#8227=EDGE_LOOP('',(#4393,#4394,#4395,#4396));
#8228=EDGE_LOOP('',(#4397,#4398,#4399,#4400));
#8229=EDGE_LOOP('',(#4401,#4402,#4403,#4404));
#8230=EDGE_LOOP('',(#4405,#4406,#4407,#4408));
#8231=EDGE_LOOP('',(#4409,#4410,#4411,#4412));
#8232=EDGE_LOOP('',(#4413,#4414,#4415,#4416));
#8233=EDGE_LOOP('',(#4417,#4418,#4419,#4420,#4421,#4422,#4423));
#8234=EDGE_LOOP('',(#4424,#4425,#4426,#4427));
#8235=EDGE_LOOP('',(#4428,#4429,#4430,#4431));
#8236=EDGE_LOOP('',(#4432,#4433,#4434,#4435));
#8237=EDGE_LOOP('',(#4436,#4437,#4438,#4439));
#8238=EDGE_LOOP('',(#4440,#4441,#4442,#4443));
#8239=EDGE_LOOP('',(#4444,#4445,#4446,#4447));
#8240=EDGE_LOOP('',(#4448,#4449,#4450,#4451,#4452,#4453));
#8241=EDGE_LOOP('',(#4454,#4455,#4456,#4457,#4458,#4459,#4460,#4461,#4462,
#4463,#4464,#4465));
#8242=EDGE_LOOP('',(#4466,#4467,#4468,#4469));
#8243=EDGE_LOOP('',(#4470,#4471,#4472,#4473));
#8244=EDGE_LOOP('',(#4474,#4475,#4476,#4477));
#8245=EDGE_LOOP('',(#4478,#4479,#4480,#4481));
#8246=EDGE_LOOP('',(#4482,#4483,#4484,#4485));
#8247=EDGE_LOOP('',(#4486,#4487,#4488,#4489));
#8248=EDGE_LOOP('',(#4490,#4491,#4492,#4493));
#8249=EDGE_LOOP('',(#4494,#4495,#4496,#4497));
#8250=EDGE_LOOP('',(#4498,#4499,#4500,#4501));
#8251=EDGE_LOOP('',(#4502,#4503,#4504,#4505,#4506,#4507,#4508,#4509,#4510,
#4511,#4512,#4513,#4514,#4515));
#8252=EDGE_LOOP('',(#4516,#4517,#4518,#4519,#4520,#4521,#4522,#4523,#4524,
#4525));
#8253=EDGE_LOOP('',(#4526,#4527,#4528,#4529,#4530,#4531,#4532,#4533,#4534,
#4535));
#8254=EDGE_LOOP('',(#4536,#4537,#4538,#4539,#4540,#4541,#4542,#4543));
#8255=EDGE_LOOP('',(#4544,#4545,#4546,#4547));
#8256=EDGE_LOOP('',(#4548,#4549,#4550,#4551));
#8257=EDGE_LOOP('',(#4552,#4553,#4554,#4555,#4556));
#8258=EDGE_LOOP('',(#4557,#4558,#4559,#4560));
#8259=EDGE_LOOP('',(#4561,#4562,#4563,#4564,#4565));
#8260=EDGE_LOOP('',(#4566,#4567,#4568,#4569));
#8261=EDGE_LOOP('',(#4570,#4571,#4572,#4573));
#8262=EDGE_LOOP('',(#4574,#4575,#4576,#4577));
#8263=EDGE_LOOP('',(#4578,#4579,#4580,#4581));
#8264=EDGE_LOOP('',(#4582,#4583,#4584,#4585));
#8265=EDGE_LOOP('',(#4586,#4587,#4588,#4589));
#8266=EDGE_LOOP('',(#4590,#4591,#4592,#4593));
#8267=EDGE_LOOP('',(#4594,#4595,#4596,#4597));
#8268=EDGE_LOOP('',(#4598,#4599,#4600,#4601));
#8269=EDGE_LOOP('',(#4602,#4603,#4604,#4605));
#8270=EDGE_LOOP('',(#4606,#4607,#4608,#4609));
#8271=EDGE_LOOP('',(#4610,#4611,#4612,#4613));
#8272=EDGE_LOOP('',(#4614,#4615,#4616,#4617));
#8273=EDGE_LOOP('',(#4618,#4619,#4620,#4621,#4622,#4623));
#8274=EDGE_LOOP('',(#4624,#4625,#4626,#4627));
#8275=EDGE_LOOP('',(#4628,#4629,#4630,#4631,#4632,#4633,#4634,#4635));
#8276=EDGE_LOOP('',(#4636,#4637,#4638,#4639,#4640,#4641));
#8277=EDGE_LOOP('',(#4642,#4643,#4644,#4645));
#8278=EDGE_LOOP('',(#4646,#4647,#4648,#4649));
#8279=EDGE_LOOP('',(#4650,#4651,#4652,#4653));
#8280=EDGE_LOOP('',(#4654,#4655,#4656,#4657));
#8281=EDGE_LOOP('',(#4658,#4659,#4660,#4661));
#8282=EDGE_LOOP('',(#4662,#4663,#4664,#4665));
#8283=EDGE_LOOP('',(#4666,#4667,#4668,#4669));
#8284=EDGE_LOOP('',(#4670,#4671,#4672,#4673));
#8285=EDGE_LOOP('',(#4674,#4675,#4676,#4677));
#8286=EDGE_LOOP('',(#4678));
#8287=EDGE_LOOP('',(#4679));
#8288=EDGE_LOOP('',(#4680));
#8289=EDGE_LOOP('',(#4681,#4682,#4683,#4684,#4685,#4686));
#8290=EDGE_LOOP('',(#4687));
#8291=EDGE_LOOP('',(#4688,#4689,#4690,#4691));
#8292=EDGE_LOOP('',(#4692,#4693,#4694,#4695));
#8293=EDGE_LOOP('',(#4696,#4697,#4698,#4699));
#8294=EDGE_LOOP('',(#4700));
#8295=EDGE_LOOP('',(#4701));
#8296=EDGE_LOOP('',(#4702,#4703,#4704,#4705));
#8297=EDGE_LOOP('',(#4706));
#8298=EDGE_LOOP('',(#4707,#4708,#4709,#4710,#4711,#4712));
#8299=EDGE_LOOP('',(#4713));
#8300=EDGE_LOOP('',(#4714,#4715,#4716,#4717));
#8301=EDGE_LOOP('',(#4718,#4719,#4720,#4721));
#8302=EDGE_LOOP('',(#4722,#4723,#4724,#4725));
#8303=EDGE_LOOP('',(#4726,#4727,#4728,#4729));
#8304=EDGE_LOOP('',(#4730));
#8305=EDGE_LOOP('',(#4731));
#8306=EDGE_LOOP('',(#4732,#4733,#4734,#4735));
#8307=EDGE_LOOP('',(#4736));
#8308=EDGE_LOOP('',(#4737));
#8309=EDGE_LOOP('',(#4738,#4739,#4740,#4741));
#8310=EDGE_LOOP('',(#4742,#4743,#4744,#4745));
#8311=EDGE_LOOP('',(#4746,#4747,#4748,#4749));
#8312=EDGE_LOOP('',(#4750));
#8313=EDGE_LOOP('',(#4751));
#8314=EDGE_LOOP('',(#4752,#4753,#4754,#4755));
#8315=EDGE_LOOP('',(#4756));
#8316=EDGE_LOOP('',(#4757,#4758,#4759,#4760));
#8317=EDGE_LOOP('',(#4761));
#8318=EDGE_LOOP('',(#4762));
#8319=EDGE_LOOP('',(#4763));
#8320=EDGE_LOOP('',(#4764));
#8321=EDGE_LOOP('',(#4765));
#8322=EDGE_LOOP('',(#4766,#4767,#4768,#4769));
#8323=EDGE_LOOP('',(#4770,#4771,#4772,#4773));
#8324=EDGE_LOOP('',(#4774,#4775,#4776,#4777));
#8325=EDGE_LOOP('',(#4778,#4779,#4780,#4781));
#8326=EDGE_LOOP('',(#4782,#4783,#4784,#4785));
#8327=EDGE_LOOP('',(#4786,#4787,#4788,#4789));
#8328=EDGE_LOOP('',(#4790,#4791,#4792,#4793));
#8329=EDGE_LOOP('',(#4794,#4795,#4796,#4797));
#8330=EDGE_LOOP('',(#4798,#4799,#4800,#4801));
#8331=EDGE_LOOP('',(#4802,#4803,#4804,#4805));
#8332=EDGE_LOOP('',(#4806,#4807,#4808,#4809));
#8333=EDGE_LOOP('',(#4810,#4811,#4812,#4813));
#8334=EDGE_LOOP('',(#4814,#4815,#4816,#4817));
#8335=EDGE_LOOP('',(#4818,#4819,#4820,#4821));
#8336=EDGE_LOOP('',(#4822,#4823,#4824,#4825));
#8337=EDGE_LOOP('',(#4826,#4827,#4828,#4829));
#8338=EDGE_LOOP('',(#4830,#4831,#4832,#4833));
#8339=EDGE_LOOP('',(#4834,#4835,#4836,#4837));
#8340=EDGE_LOOP('',(#4838));
#8341=EDGE_LOOP('',(#4839));
#8342=EDGE_LOOP('',(#4840));
#8343=EDGE_LOOP('',(#4841));
#8344=EDGE_LOOP('',(#4842,#4843,#4844,#4845));
#8345=EDGE_LOOP('',(#4846,#4847,#4848,#4849));
#8346=EDGE_LOOP('',(#4850,#4851,#4852,#4853));
#8347=EDGE_LOOP('',(#4854,#4855,#4856,#4857));
#8348=EDGE_LOOP('',(#4858,#4859,#4860,#4861));
#8349=EDGE_LOOP('',(#4862,#4863,#4864,#4865));
#8350=EDGE_LOOP('',(#4866));
#8351=EDGE_LOOP('',(#4867));
#8352=EDGE_LOOP('',(#4868));
#8353=EDGE_LOOP('',(#4869));
#8354=EDGE_LOOP('',(#4870));
#8355=EDGE_LOOP('',(#4871));
#8356=EDGE_LOOP('',(#4872));
#8357=EDGE_LOOP('',(#4873));
#8358=EDGE_LOOP('',(#4874));
#8359=EDGE_LOOP('',(#4875));
#8360=EDGE_LOOP('',(#4876));
#8361=EDGE_LOOP('',(#4877));
#8362=FACE_BOUND('',#7772,.T.);
#8363=FACE_BOUND('',#7773,.T.);
#8364=FACE_BOUND('',#7774,.T.);
#8365=FACE_BOUND('',#7775,.T.);
#8366=FACE_BOUND('',#7776,.T.);
#8367=FACE_BOUND('',#7777,.T.);
#8368=FACE_BOUND('',#7778,.T.);
#8369=FACE_BOUND('',#7779,.T.);
#8370=FACE_BOUND('',#7780,.T.);
#8371=FACE_BOUND('',#7781,.T.);
#8372=FACE_BOUND('',#7782,.T.);
#8373=FACE_BOUND('',#7783,.T.);
#8374=FACE_BOUND('',#7784,.T.);
#8375=FACE_BOUND('',#7785,.T.);
#8376=FACE_BOUND('',#7786,.T.);
#8377=FACE_BOUND('',#7787,.T.);
#8378=FACE_BOUND('',#7788,.T.);
#8379=FACE_BOUND('',#7789,.T.);
#8380=FACE_BOUND('',#7790,.T.);
#8381=FACE_BOUND('',#7791,.T.);
#8382=FACE_BOUND('',#7792,.T.);
#8383=FACE_BOUND('',#7793,.T.);
#8384=FACE_BOUND('',#7794,.T.);
#8385=FACE_BOUND('',#7795,.T.);
#8386=FACE_BOUND('',#7796,.T.);
#8387=FACE_BOUND('',#7797,.T.);
#8388=FACE_BOUND('',#7798,.T.);
#8389=FACE_BOUND('',#7799,.T.);
#8390=FACE_BOUND('',#7800,.T.);
#8391=FACE_BOUND('',#7801,.T.);
#8392=FACE_BOUND('',#7802,.T.);
#8393=FACE_BOUND('',#7803,.T.);
#8394=FACE_BOUND('',#7804,.T.);
#8395=FACE_BOUND('',#7805,.T.);
#8396=FACE_BOUND('',#7806,.T.);
#8397=FACE_BOUND('',#7807,.T.);
#8398=FACE_BOUND('',#7808,.T.);
#8399=FACE_BOUND('',#7809,.T.);
#8400=FACE_BOUND('',#7810,.T.);
#8401=FACE_BOUND('',#7811,.T.);
#8402=FACE_BOUND('',#7812,.T.);
#8403=FACE_BOUND('',#7813,.T.);
#8404=FACE_BOUND('',#7814,.T.);
#8405=FACE_BOUND('',#7815,.T.);
#8406=FACE_BOUND('',#7816,.T.);
#8407=FACE_BOUND('',#7817,.T.);
#8408=FACE_BOUND('',#7818,.T.);
#8409=FACE_BOUND('',#7819,.T.);
#8410=FACE_BOUND('',#7820,.T.);
#8411=FACE_BOUND('',#7821,.T.);
#8412=FACE_BOUND('',#7822,.T.);
#8413=FACE_BOUND('',#7823,.T.);
#8414=FACE_BOUND('',#7824,.T.);
#8415=FACE_BOUND('',#7825,.T.);
#8416=FACE_BOUND('',#7826,.T.);
#8417=FACE_BOUND('',#7827,.T.);
#8418=FACE_BOUND('',#7828,.T.);
#8419=FACE_BOUND('',#7829,.T.);
#8420=FACE_BOUND('',#7830,.T.);
#8421=FACE_BOUND('',#7831,.T.);
#8422=FACE_BOUND('',#7832,.T.);
#8423=FACE_BOUND('',#7833,.T.);
#8424=FACE_BOUND('',#7834,.T.);
#8425=FACE_BOUND('',#7835,.T.);
#8426=FACE_BOUND('',#7836,.T.);
#8427=FACE_BOUND('',#7837,.T.);
#8428=FACE_BOUND('',#7838,.T.);
#8429=FACE_BOUND('',#7839,.T.);
#8430=FACE_BOUND('',#7840,.T.);
#8431=FACE_BOUND('',#7841,.T.);
#8432=FACE_BOUND('',#7842,.T.);
#8433=FACE_BOUND('',#7843,.T.);
#8434=FACE_BOUND('',#7844,.T.);
#8435=FACE_BOUND('',#7845,.T.);
#8436=FACE_BOUND('',#7846,.T.);
#8437=FACE_BOUND('',#7847,.T.);
#8438=FACE_BOUND('',#7848,.T.);
#8439=FACE_BOUND('',#7849,.T.);
#8440=FACE_BOUND('',#7850,.T.);
#8441=FACE_BOUND('',#7851,.T.);
#8442=FACE_BOUND('',#7852,.T.);
#8443=FACE_BOUND('',#7853,.T.);
#8444=FACE_BOUND('',#7854,.T.);
#8445=FACE_BOUND('',#7855,.T.);
#8446=FACE_BOUND('',#7856,.T.);
#8447=FACE_BOUND('',#7857,.T.);
#8448=FACE_BOUND('',#7858,.T.);
#8449=FACE_BOUND('',#7859,.T.);
#8450=FACE_BOUND('',#7860,.T.);
#8451=FACE_BOUND('',#7861,.T.);
#8452=FACE_BOUND('',#7862,.T.);
#8453=FACE_BOUND('',#7863,.T.);
#8454=FACE_BOUND('',#7864,.T.);
#8455=FACE_BOUND('',#7865,.T.);
#8456=FACE_BOUND('',#7866,.T.);
#8457=FACE_BOUND('',#7867,.T.);
#8458=FACE_BOUND('',#7868,.T.);
#8459=FACE_BOUND('',#7869,.T.);
#8460=FACE_BOUND('',#7870,.T.);
#8461=FACE_BOUND('',#7871,.T.);
#8462=FACE_BOUND('',#7872,.T.);
#8463=FACE_BOUND('',#7873,.T.);
#8464=FACE_BOUND('',#7874,.T.);
#8465=FACE_BOUND('',#7875,.T.);
#8466=FACE_BOUND('',#7876,.T.);
#8467=FACE_BOUND('',#7877,.T.);
#8468=FACE_BOUND('',#7878,.T.);
#8469=FACE_BOUND('',#7879,.T.);
#8470=FACE_BOUND('',#7880,.T.);
#8471=FACE_BOUND('',#7881,.T.);
#8472=FACE_BOUND('',#7882,.T.);
#8473=FACE_BOUND('',#7883,.T.);
#8474=FACE_BOUND('',#7884,.T.);
#8475=FACE_BOUND('',#7885,.T.);
#8476=FACE_BOUND('',#7886,.T.);
#8477=FACE_BOUND('',#7887,.T.);
#8478=FACE_BOUND('',#7888,.T.);
#8479=FACE_BOUND('',#7889,.T.);
#8480=FACE_BOUND('',#7890,.T.);
#8481=FACE_BOUND('',#7891,.T.);
#8482=FACE_BOUND('',#7892,.T.);
#8483=FACE_BOUND('',#7893,.T.);
#8484=FACE_BOUND('',#7894,.T.);
#8485=FACE_BOUND('',#7895,.T.);
#8486=FACE_BOUND('',#7896,.T.);
#8487=FACE_BOUND('',#7897,.T.);
#8488=FACE_BOUND('',#7898,.T.);
#8489=FACE_BOUND('',#7899,.T.);
#8490=FACE_BOUND('',#7900,.T.);
#8491=FACE_BOUND('',#7901,.T.);
#8492=FACE_BOUND('',#7902,.T.);
#8493=FACE_BOUND('',#7903,.T.);
#8494=FACE_BOUND('',#7904,.T.);
#8495=FACE_BOUND('',#7905,.T.);
#8496=FACE_BOUND('',#7906,.T.);
#8497=FACE_BOUND('',#7907,.T.);
#8498=FACE_BOUND('',#7908,.T.);
#8499=FACE_BOUND('',#7909,.T.);
#8500=FACE_BOUND('',#7910,.T.);
#8501=FACE_BOUND('',#7911,.T.);
#8502=FACE_BOUND('',#7912,.T.);
#8503=FACE_BOUND('',#7913,.T.);
#8504=FACE_BOUND('',#7914,.T.);
#8505=FACE_BOUND('',#7915,.T.);
#8506=FACE_BOUND('',#7916,.T.);
#8507=FACE_BOUND('',#7917,.T.);
#8508=FACE_BOUND('',#7918,.T.);
#8509=FACE_BOUND('',#7919,.T.);
#8510=FACE_BOUND('',#7920,.T.);
#8511=FACE_BOUND('',#7921,.T.);
#8512=FACE_BOUND('',#7922,.T.);
#8513=FACE_BOUND('',#7923,.T.);
#8514=FACE_BOUND('',#7924,.T.);
#8515=FACE_BOUND('',#7925,.T.);
#8516=FACE_BOUND('',#7926,.T.);
#8517=FACE_BOUND('',#7927,.T.);
#8518=FACE_BOUND('',#7928,.T.);
#8519=FACE_BOUND('',#7929,.T.);
#8520=FACE_BOUND('',#7930,.T.);
#8521=FACE_BOUND('',#7931,.T.);
#8522=FACE_BOUND('',#7932,.T.);
#8523=FACE_BOUND('',#7933,.T.);
#8524=FACE_BOUND('',#7934,.T.);
#8525=FACE_BOUND('',#7935,.T.);
#8526=FACE_BOUND('',#7936,.T.);
#8527=FACE_BOUND('',#7937,.T.);
#8528=FACE_BOUND('',#7938,.T.);
#8529=FACE_BOUND('',#7939,.T.);
#8530=FACE_BOUND('',#7940,.T.);
#8531=FACE_BOUND('',#7941,.T.);
#8532=FACE_BOUND('',#7942,.T.);
#8533=FACE_BOUND('',#7943,.T.);
#8534=FACE_BOUND('',#7944,.T.);
#8535=FACE_BOUND('',#7945,.T.);
#8536=FACE_BOUND('',#7946,.T.);
#8537=FACE_BOUND('',#7947,.T.);
#8538=FACE_BOUND('',#7948,.T.);
#8539=FACE_BOUND('',#7949,.T.);
#8540=FACE_BOUND('',#7950,.T.);
#8541=FACE_BOUND('',#7951,.T.);
#8542=FACE_BOUND('',#7952,.T.);
#8543=FACE_BOUND('',#7953,.T.);
#8544=FACE_BOUND('',#7954,.T.);
#8545=FACE_BOUND('',#7955,.T.);
#8546=FACE_BOUND('',#7956,.T.);
#8547=FACE_BOUND('',#7957,.T.);
#8548=FACE_BOUND('',#7958,.T.);
#8549=FACE_BOUND('',#7959,.T.);
#8550=FACE_BOUND('',#7960,.T.);
#8551=FACE_BOUND('',#7961,.T.);
#8552=FACE_BOUND('',#7962,.T.);
#8553=FACE_BOUND('',#7963,.T.);
#8554=FACE_BOUND('',#7964,.T.);
#8555=FACE_BOUND('',#7965,.T.);
#8556=FACE_BOUND('',#7966,.T.);
#8557=FACE_BOUND('',#7967,.T.);
#8558=FACE_BOUND('',#7968,.T.);
#8559=FACE_BOUND('',#7969,.T.);
#8560=FACE_BOUND('',#7970,.T.);
#8561=FACE_BOUND('',#7971,.T.);
#8562=FACE_BOUND('',#7972,.T.);
#8563=FACE_BOUND('',#7973,.T.);
#8564=FACE_BOUND('',#7974,.T.);
#8565=FACE_BOUND('',#7975,.T.);
#8566=FACE_BOUND('',#7976,.T.);
#8567=FACE_BOUND('',#7977,.T.);
#8568=FACE_BOUND('',#7978,.T.);
#8569=FACE_BOUND('',#7979,.T.);
#8570=FACE_BOUND('',#7980,.T.);
#8571=FACE_BOUND('',#7981,.T.);
#8572=FACE_BOUND('',#7982,.T.);
#8573=FACE_BOUND('',#7983,.T.);
#8574=FACE_BOUND('',#7984,.T.);
#8575=FACE_BOUND('',#7985,.T.);
#8576=FACE_BOUND('',#7986,.T.);
#8577=FACE_BOUND('',#7987,.T.);
#8578=FACE_BOUND('',#7988,.T.);
#8579=FACE_BOUND('',#7989,.T.);
#8580=FACE_BOUND('',#7990,.T.);
#8581=FACE_BOUND('',#7991,.T.);
#8582=FACE_BOUND('',#7992,.T.);
#8583=FACE_BOUND('',#7993,.T.);
#8584=FACE_BOUND('',#7994,.T.);
#8585=FACE_BOUND('',#7995,.T.);
#8586=FACE_BOUND('',#7996,.T.);
#8587=FACE_BOUND('',#7997,.T.);
#8588=FACE_BOUND('',#7998,.T.);
#8589=FACE_BOUND('',#7999,.T.);
#8590=FACE_BOUND('',#8000,.T.);
#8591=FACE_BOUND('',#8001,.T.);
#8592=FACE_BOUND('',#8002,.T.);
#8593=FACE_BOUND('',#8003,.T.);
#8594=FACE_BOUND('',#8004,.T.);
#8595=FACE_BOUND('',#8005,.T.);
#8596=FACE_BOUND('',#8006,.T.);
#8597=FACE_BOUND('',#8007,.T.);
#8598=FACE_BOUND('',#8008,.T.);
#8599=FACE_BOUND('',#8009,.T.);
#8600=FACE_BOUND('',#8010,.T.);
#8601=FACE_BOUND('',#8011,.T.);
#8602=FACE_BOUND('',#8012,.T.);
#8603=FACE_BOUND('',#8013,.T.);
#8604=FACE_BOUND('',#8014,.T.);
#8605=FACE_BOUND('',#8015,.T.);
#8606=FACE_BOUND('',#8016,.T.);
#8607=FACE_BOUND('',#8017,.T.);
#8608=FACE_BOUND('',#8018,.T.);
#8609=FACE_BOUND('',#8019,.T.);
#8610=FACE_BOUND('',#8020,.T.);
#8611=FACE_BOUND('',#8021,.T.);
#8612=FACE_BOUND('',#8022,.T.);
#8613=FACE_BOUND('',#8023,.T.);
#8614=FACE_BOUND('',#8024,.T.);
#8615=FACE_BOUND('',#8025,.T.);
#8616=FACE_BOUND('',#8026,.T.);
#8617=FACE_BOUND('',#8027,.T.);
#8618=FACE_BOUND('',#8028,.T.);
#8619=FACE_BOUND('',#8029,.T.);
#8620=FACE_BOUND('',#8030,.T.);
#8621=FACE_BOUND('',#8031,.T.);
#8622=FACE_BOUND('',#8032,.T.);
#8623=FACE_BOUND('',#8033,.T.);
#8624=FACE_BOUND('',#8034,.T.);
#8625=FACE_BOUND('',#8035,.T.);
#8626=FACE_BOUND('',#8036,.T.);
#8627=FACE_BOUND('',#8037,.T.);
#8628=FACE_BOUND('',#8038,.T.);
#8629=FACE_BOUND('',#8039,.T.);
#8630=FACE_BOUND('',#8040,.T.);
#8631=FACE_BOUND('',#8041,.T.);
#8632=FACE_BOUND('',#8042,.T.);
#8633=FACE_BOUND('',#8043,.T.);
#8634=FACE_BOUND('',#8044,.T.);
#8635=FACE_BOUND('',#8045,.T.);
#8636=FACE_BOUND('',#8046,.T.);
#8637=FACE_BOUND('',#8047,.T.);
#8638=FACE_BOUND('',#8048,.T.);
#8639=FACE_BOUND('',#8049,.T.);
#8640=FACE_BOUND('',#8050,.T.);
#8641=FACE_BOUND('',#8051,.T.);
#8642=FACE_BOUND('',#8052,.T.);
#8643=FACE_BOUND('',#8053,.T.);
#8644=FACE_BOUND('',#8054,.T.);
#8645=FACE_BOUND('',#8055,.T.);
#8646=FACE_BOUND('',#8056,.T.);
#8647=FACE_BOUND('',#8057,.T.);
#8648=FACE_BOUND('',#8058,.T.);
#8649=FACE_BOUND('',#8059,.T.);
#8650=FACE_BOUND('',#8060,.T.);
#8651=FACE_BOUND('',#8061,.T.);
#8652=FACE_BOUND('',#8062,.T.);
#8653=FACE_BOUND('',#8063,.T.);
#8654=FACE_BOUND('',#8064,.T.);
#8655=FACE_BOUND('',#8065,.T.);
#8656=FACE_BOUND('',#8066,.T.);
#8657=FACE_BOUND('',#8067,.T.);
#8658=FACE_BOUND('',#8068,.T.);
#8659=FACE_BOUND('',#8069,.T.);
#8660=FACE_BOUND('',#8070,.T.);
#8661=FACE_BOUND('',#8071,.T.);
#8662=FACE_BOUND('',#8072,.T.);
#8663=FACE_BOUND('',#8073,.T.);
#8664=FACE_BOUND('',#8074,.T.);
#8665=FACE_BOUND('',#8075,.T.);
#8666=FACE_BOUND('',#8076,.T.);
#8667=FACE_BOUND('',#8077,.T.);
#8668=FACE_BOUND('',#8078,.T.);
#8669=FACE_BOUND('',#8079,.T.);
#8670=FACE_BOUND('',#8080,.T.);
#8671=FACE_BOUND('',#8081,.T.);
#8672=FACE_BOUND('',#8082,.T.);
#8673=FACE_BOUND('',#8083,.T.);
#8674=FACE_BOUND('',#8084,.T.);
#8675=FACE_BOUND('',#8085,.T.);
#8676=FACE_BOUND('',#8086,.T.);
#8677=FACE_BOUND('',#8087,.T.);
#8678=FACE_BOUND('',#8088,.T.);
#8679=FACE_BOUND('',#8089,.T.);
#8680=FACE_BOUND('',#8090,.T.);
#8681=FACE_BOUND('',#8091,.T.);
#8682=FACE_BOUND('',#8092,.T.);
#8683=FACE_BOUND('',#8093,.T.);
#8684=FACE_BOUND('',#8094,.T.);
#8685=FACE_BOUND('',#8095,.T.);
#8686=FACE_BOUND('',#8096,.T.);
#8687=FACE_BOUND('',#8097,.T.);
#8688=FACE_BOUND('',#8098,.T.);
#8689=FACE_BOUND('',#8099,.T.);
#8690=FACE_BOUND('',#8100,.T.);
#8691=FACE_BOUND('',#8101,.T.);
#8692=FACE_BOUND('',#8102,.T.);
#8693=FACE_BOUND('',#8103,.T.);
#8694=FACE_BOUND('',#8104,.T.);
#8695=FACE_BOUND('',#8105,.T.);
#8696=FACE_BOUND('',#8106,.T.);
#8697=FACE_BOUND('',#8107,.T.);
#8698=FACE_BOUND('',#8108,.T.);
#8699=FACE_BOUND('',#8109,.T.);
#8700=FACE_BOUND('',#8110,.T.);
#8701=FACE_BOUND('',#8111,.T.);
#8702=FACE_BOUND('',#8112,.T.);
#8703=FACE_BOUND('',#8113,.T.);
#8704=FACE_BOUND('',#8114,.T.);
#8705=FACE_BOUND('',#8115,.T.);
#8706=FACE_BOUND('',#8116,.T.);
#8707=FACE_BOUND('',#8117,.T.);
#8708=FACE_BOUND('',#8118,.T.);
#8709=FACE_BOUND('',#8119,.T.);
#8710=FACE_BOUND('',#8120,.T.);
#8711=FACE_BOUND('',#8121,.T.);
#8712=FACE_BOUND('',#8122,.T.);
#8713=FACE_BOUND('',#8123,.T.);
#8714=FACE_BOUND('',#8124,.T.);
#8715=FACE_BOUND('',#8125,.T.);
#8716=FACE_BOUND('',#8126,.T.);
#8717=FACE_BOUND('',#8127,.T.);
#8718=FACE_BOUND('',#8128,.T.);
#8719=FACE_BOUND('',#8129,.T.);
#8720=FACE_BOUND('',#8130,.T.);
#8721=FACE_BOUND('',#8131,.T.);
#8722=FACE_BOUND('',#8132,.T.);
#8723=FACE_BOUND('',#8133,.T.);
#8724=FACE_BOUND('',#8134,.T.);
#8725=FACE_BOUND('',#8135,.T.);
#8726=FACE_BOUND('',#8136,.T.);
#8727=FACE_BOUND('',#8137,.T.);
#8728=FACE_BOUND('',#8138,.T.);
#8729=FACE_BOUND('',#8139,.T.);
#8730=FACE_BOUND('',#8140,.T.);
#8731=FACE_BOUND('',#8141,.T.);
#8732=FACE_BOUND('',#8142,.T.);
#8733=FACE_BOUND('',#8143,.T.);
#8734=FACE_BOUND('',#8144,.T.);
#8735=FACE_BOUND('',#8145,.T.);
#8736=FACE_BOUND('',#8146,.T.);
#8737=FACE_BOUND('',#8147,.T.);
#8738=FACE_BOUND('',#8148,.T.);
#8739=FACE_BOUND('',#8149,.T.);
#8740=FACE_BOUND('',#8150,.T.);
#8741=FACE_BOUND('',#8151,.T.);
#8742=FACE_BOUND('',#8152,.T.);
#8743=FACE_BOUND('',#8153,.T.);
#8744=FACE_BOUND('',#8154,.T.);
#8745=FACE_BOUND('',#8155,.T.);
#8746=FACE_BOUND('',#8156,.T.);
#8747=FACE_BOUND('',#8157,.T.);
#8748=FACE_BOUND('',#8158,.T.);
#8749=FACE_BOUND('',#8159,.T.);
#8750=FACE_BOUND('',#8160,.T.);
#8751=FACE_BOUND('',#8161,.T.);
#8752=FACE_BOUND('',#8162,.T.);
#8753=FACE_BOUND('',#8163,.T.);
#8754=FACE_BOUND('',#8164,.T.);
#8755=FACE_BOUND('',#8165,.T.);
#8756=FACE_BOUND('',#8166,.T.);
#8757=FACE_BOUND('',#8167,.T.);
#8758=FACE_BOUND('',#8168,.T.);
#8759=FACE_BOUND('',#8169,.T.);
#8760=FACE_BOUND('',#8170,.T.);
#8761=FACE_BOUND('',#8171,.T.);
#8762=FACE_BOUND('',#8172,.T.);
#8763=FACE_BOUND('',#8173,.T.);
#8764=FACE_BOUND('',#8174,.T.);
#8765=FACE_BOUND('',#8175,.T.);
#8766=FACE_BOUND('',#8176,.T.);
#8767=FACE_BOUND('',#8177,.T.);
#8768=FACE_BOUND('',#8178,.T.);
#8769=FACE_BOUND('',#8179,.T.);
#8770=FACE_BOUND('',#8180,.T.);
#8771=FACE_BOUND('',#8181,.T.);
#8772=FACE_BOUND('',#8182,.T.);
#8773=FACE_BOUND('',#8183,.T.);
#8774=FACE_BOUND('',#8184,.T.);
#8775=FACE_BOUND('',#8185,.T.);
#8776=FACE_BOUND('',#8186,.T.);
#8777=FACE_BOUND('',#8187,.T.);
#8778=FACE_BOUND('',#8188,.T.);
#8779=FACE_BOUND('',#8189,.T.);
#8780=FACE_BOUND('',#8190,.T.);
#8781=FACE_BOUND('',#8191,.T.);
#8782=FACE_BOUND('',#8192,.T.);
#8783=FACE_BOUND('',#8193,.T.);
#8784=FACE_BOUND('',#8194,.T.);
#8785=FACE_BOUND('',#8195,.T.);
#8786=FACE_BOUND('',#8196,.T.);
#8787=FACE_BOUND('',#8197,.T.);
#8788=FACE_BOUND('',#8198,.T.);
#8789=FACE_BOUND('',#8199,.T.);
#8790=FACE_BOUND('',#8200,.T.);
#8791=FACE_BOUND('',#8201,.T.);
#8792=FACE_BOUND('',#8202,.T.);
#8793=FACE_BOUND('',#8203,.T.);
#8794=FACE_BOUND('',#8204,.T.);
#8795=FACE_BOUND('',#8205,.T.);
#8796=FACE_BOUND('',#8206,.T.);
#8797=FACE_BOUND('',#8207,.T.);
#8798=FACE_BOUND('',#8208,.T.);
#8799=FACE_BOUND('',#8209,.T.);
#8800=FACE_BOUND('',#8210,.T.);
#8801=FACE_BOUND('',#8211,.T.);
#8802=FACE_BOUND('',#8212,.T.);
#8803=FACE_BOUND('',#8213,.T.);
#8804=FACE_BOUND('',#8214,.T.);
#8805=FACE_BOUND('',#8215,.T.);
#8806=FACE_BOUND('',#8216,.T.);
#8807=FACE_BOUND('',#8217,.T.);
#8808=FACE_BOUND('',#8218,.T.);
#8809=FACE_BOUND('',#8219,.T.);
#8810=FACE_BOUND('',#8220,.T.);
#8811=FACE_BOUND('',#8221,.T.);
#8812=FACE_BOUND('',#8222,.T.);
#8813=FACE_BOUND('',#8223,.T.);
#8814=FACE_BOUND('',#8224,.T.);
#8815=FACE_BOUND('',#8225,.T.);
#8816=FACE_BOUND('',#8226,.T.);
#8817=FACE_BOUND('',#8227,.T.);
#8818=FACE_BOUND('',#8228,.T.);
#8819=FACE_BOUND('',#8229,.T.);
#8820=FACE_BOUND('',#8230,.T.);
#8821=FACE_BOUND('',#8231,.T.);
#8822=FACE_BOUND('',#8232,.T.);
#8823=FACE_BOUND('',#8233,.T.);
#8824=FACE_BOUND('',#8234,.T.);
#8825=FACE_BOUND('',#8235,.T.);
#8826=FACE_BOUND('',#8236,.T.);
#8827=FACE_BOUND('',#8237,.T.);
#8828=FACE_BOUND('',#8238,.T.);
#8829=FACE_BOUND('',#8239,.T.);
#8830=FACE_BOUND('',#8240,.T.);
#8831=FACE_BOUND('',#8241,.T.);
#8832=FACE_BOUND('',#8242,.T.);
#8833=FACE_BOUND('',#8243,.T.);
#8834=FACE_BOUND('',#8244,.T.);
#8835=FACE_BOUND('',#8245,.T.);
#8836=FACE_BOUND('',#8246,.T.);
#8837=FACE_BOUND('',#8247,.T.);
#8838=FACE_BOUND('',#8248,.T.);
#8839=FACE_BOUND('',#8249,.T.);
#8840=FACE_BOUND('',#8250,.T.);
#8841=FACE_BOUND('',#8251,.T.);
#8842=FACE_BOUND('',#8252,.T.);
#8843=FACE_BOUND('',#8253,.T.);
#8844=FACE_BOUND('',#8254,.T.);
#8845=FACE_BOUND('',#8255,.T.);
#8846=FACE_BOUND('',#8256,.T.);
#8847=FACE_BOUND('',#8257,.T.);
#8848=FACE_BOUND('',#8258,.T.);
#8849=FACE_BOUND('',#8259,.T.);
#8850=FACE_BOUND('',#8260,.T.);
#8851=FACE_BOUND('',#8261,.T.);
#8852=FACE_BOUND('',#8262,.T.);
#8853=FACE_BOUND('',#8263,.T.);
#8854=FACE_BOUND('',#8264,.T.);
#8855=FACE_BOUND('',#8265,.T.);
#8856=FACE_BOUND('',#8266,.T.);
#8857=FACE_BOUND('',#8267,.T.);
#8858=FACE_BOUND('',#8268,.T.);
#8859=FACE_BOUND('',#8269,.T.);
#8860=FACE_BOUND('',#8270,.T.);
#8861=FACE_BOUND('',#8271,.T.);
#8862=FACE_BOUND('',#8272,.T.);
#8863=FACE_BOUND('',#8273,.T.);
#8864=FACE_BOUND('',#8274,.T.);
#8865=FACE_BOUND('',#8275,.T.);
#8866=FACE_BOUND('',#8276,.T.);
#8867=FACE_BOUND('',#8277,.T.);
#8868=FACE_BOUND('',#8278,.T.);
#8869=FACE_BOUND('',#8279,.T.);
#8870=FACE_BOUND('',#8280,.T.);
#8871=FACE_BOUND('',#8281,.T.);
#8872=FACE_BOUND('',#8282,.T.);
#8873=FACE_BOUND('',#8283,.T.);
#8874=FACE_BOUND('',#8284,.T.);
#8875=FACE_BOUND('',#8285,.T.);
#8876=FACE_BOUND('',#8286,.T.);
#8877=FACE_BOUND('',#8287,.T.);
#8878=FACE_BOUND('',#8288,.T.);
#8879=FACE_BOUND('',#8289,.T.);
#8880=FACE_BOUND('',#8290,.T.);
#8881=FACE_BOUND('',#8291,.T.);
#8882=FACE_BOUND('',#8292,.T.);
#8883=FACE_BOUND('',#8293,.T.);
#8884=FACE_BOUND('',#8294,.T.);
#8885=FACE_BOUND('',#8295,.T.);
#8886=FACE_BOUND('',#8296,.T.);
#8887=FACE_BOUND('',#8297,.T.);
#8888=FACE_BOUND('',#8298,.T.);
#8889=FACE_BOUND('',#8299,.T.);
#8890=FACE_BOUND('',#8300,.T.);
#8891=FACE_BOUND('',#8301,.T.);
#8892=FACE_BOUND('',#8302,.T.);
#8893=FACE_BOUND('',#8303,.T.);
#8894=FACE_BOUND('',#8304,.T.);
#8895=FACE_BOUND('',#8305,.T.);
#8896=FACE_BOUND('',#8306,.T.);
#8897=FACE_BOUND('',#8307,.T.);
#8898=FACE_BOUND('',#8308,.T.);
#8899=FACE_BOUND('',#8309,.T.);
#8900=FACE_BOUND('',#8310,.T.);
#8901=FACE_BOUND('',#8311,.T.);
#8902=FACE_BOUND('',#8312,.T.);
#8903=FACE_BOUND('',#8313,.T.);
#8904=FACE_BOUND('',#8314,.T.);
#8905=FACE_BOUND('',#8315,.T.);
#8906=FACE_BOUND('',#8316,.T.);
#8907=FACE_BOUND('',#8317,.T.);
#8908=FACE_BOUND('',#8318,.T.);
#8909=FACE_BOUND('',#8319,.T.);
#8910=FACE_BOUND('',#8320,.T.);
#8911=FACE_BOUND('',#8321,.T.);
#8912=FACE_BOUND('',#8322,.T.);
#8913=FACE_BOUND('',#8323,.T.);
#8914=FACE_BOUND('',#8324,.T.);
#8915=FACE_BOUND('',#8325,.T.);
#8916=FACE_BOUND('',#8326,.T.);
#8917=FACE_BOUND('',#8327,.T.);
#8918=FACE_BOUND('',#8328,.T.);
#8919=FACE_BOUND('',#8329,.T.);
#8920=FACE_BOUND('',#8330,.T.);
#8921=FACE_BOUND('',#8331,.T.);
#8922=FACE_BOUND('',#8332,.T.);
#8923=FACE_BOUND('',#8333,.T.);
#8924=FACE_BOUND('',#8334,.T.);
#8925=FACE_BOUND('',#8335,.T.);
#8926=FACE_BOUND('',#8336,.T.);
#8927=FACE_BOUND('',#8337,.T.);
#8928=FACE_BOUND('',#8338,.T.);
#8929=FACE_BOUND('',#8339,.T.);
#8930=FACE_BOUND('',#8340,.T.);
#8931=FACE_BOUND('',#8341,.T.);
#8932=FACE_BOUND('',#8342,.T.);
#8933=FACE_BOUND('',#8343,.T.);
#8934=FACE_BOUND('',#8344,.T.);
#8935=FACE_BOUND('',#8345,.T.);
#8936=FACE_BOUND('',#8346,.T.);
#8937=FACE_BOUND('',#8347,.T.);
#8938=FACE_BOUND('',#8348,.T.);
#8939=FACE_BOUND('',#8349,.T.);
#8940=FACE_BOUND('',#8350,.T.);
#8941=FACE_BOUND('',#8351,.T.);
#8942=FACE_BOUND('',#8352,.T.);
#8943=FACE_BOUND('',#8353,.T.);
#8944=FACE_BOUND('',#8354,.T.);
#8945=FACE_BOUND('',#8355,.T.);
#8946=FACE_BOUND('',#8356,.T.);
#8947=FACE_BOUND('',#8357,.T.);
#8948=FACE_BOUND('',#8358,.T.);
#8949=FACE_BOUND('',#8359,.T.);
#8950=FACE_BOUND('',#8360,.T.);
#8951=FACE_BOUND('',#8361,.T.);
#8952=PLANE('',#9742);
#8953=PLANE('',#9998);
#8954=PLANE('',#9999);
#8955=PLANE('',#10000);
#8956=PLANE('',#10001);
#8957=PLANE('',#10002);
#8958=PLANE('',#10027);
#8959=PLANE('',#10028);
#8960=PLANE('',#10029);
#8961=PLANE('',#10040);
#8962=PLANE('',#10041);
#8963=PLANE('',#10042);
#8964=PLANE('',#10043);
#8965=PLANE('',#10044);
#8966=PLANE('',#10045);
#8967=PLANE('',#10062);
#8968=PLANE('',#10073);
#8969=PLANE('',#10086);
#8970=PLANE('',#10087);
#8971=PLANE('',#10088);
#8972=PLANE('',#10095);
#8973=PLANE('',#10098);
#8974=PLANE('',#10099);
#8975=PLANE('',#10100);
#8976=PLANE('',#10101);
#8977=PLANE('',#10120);
#8978=PLANE('',#10130);
#8979=PLANE('',#10131);
#8980=PLANE('',#10132);
#8981=PLANE('',#10133);
#8982=PLANE('',#10134);
#8983=PLANE('',#10135);
#8984=PLANE('',#10136);
#8985=PLANE('',#10137);
#8986=PLANE('',#10138);
#8987=PLANE('',#10139);
#8988=PLANE('',#10140);
#8989=PLANE('',#10141);
#8990=PLANE('',#10142);
#8991=PLANE('',#10149);
#8992=PLANE('',#10174);
#8993=PLANE('',#10193);
#8994=PLANE('',#10194);
#8995=PLANE('',#10195);
#8996=PLANE('',#10216);
#8997=PLANE('',#10217);
#8998=PLANE('',#10232);
#8999=PLANE('',#10237);
#9000=PLANE('',#10250);
#9001=PLANE('',#10257);
#9002=PLANE('',#10268);
#9003=PLANE('',#10269);
#9004=PLANE('',#10270);
#9005=PLANE('',#10287);
#9006=PLANE('',#10288);
#9007=PLANE('',#10291);
#9008=PLANE('',#10294);
#9009=PLANE('',#10301);
#9010=PLANE('',#10304);
#9011=PLANE('',#10305);
#9012=PLANE('',#10306);
#9013=PLANE('',#10307);
#9014=PLANE('',#10308);
#9015=PLANE('',#10319);
#9016=PLANE('',#10332);
#9017=PLANE('',#10333);
#9018=PLANE('',#10334);
#9019=PLANE('',#10335);
#9020=PLANE('',#10336);
#9021=PLANE('',#10337);
#9022=PLANE('',#10338);
#9023=PLANE('',#10339);
#9024=PLANE('',#10340);
#9025=PLANE('',#10357);
#9026=PLANE('',#10364);
#9027=PLANE('',#10367);
#9028=PLANE('',#10388);
#9029=PLANE('',#10403);
#9030=PLANE('',#10408);
#9031=PLANE('',#10419);
#9032=PLANE('',#10426);
#9033=PLANE('',#10433);
#9034=PLANE('',#10434);
#9035=PLANE('',#10435);
#9036=PLANE('',#10450);
#9037=PLANE('',#10451);
#9038=PLANE('',#10452);
#9039=PLANE('',#10453);
#9040=PLANE('',#10454);
#9041=PLANE('',#10455);
#9042=PLANE('',#10456);
#9043=PLANE('',#10457);
#9044=PLANE('',#10460);
#9045=PLANE('',#10467);
#9046=PLANE('',#10468);
#9047=PLANE('',#10485);
#9048=PLANE('',#10504);
#9049=PLANE('',#10511);
#9050=PLANE('',#10514);
#9051=PLANE('',#10523);
#9052=PLANE('',#10524);
#9053=PLANE('',#10525);
#9054=PLANE('',#10534);
#9055=PLANE('',#10535);
#9056=PLANE('',#10536);
#9057=PLANE('',#10537);
#9058=PLANE('',#10538);
#9059=PLANE('',#10539);
#9060=PLANE('',#10540);
#9061=PLANE('',#10543);
#9062=PLANE('',#10544);
#9063=PLANE('',#10545);
#9064=PLANE('',#10564);
#9065=PLANE('',#10583);
#9066=PLANE('',#10584);
#9067=PLANE('',#10585);
#9068=PLANE('',#10586);
#9069=PLANE('',#10587);
#9070=PLANE('',#10588);
#9071=PLANE('',#10589);
#9072=PLANE('',#10592);
#9073=PLANE('',#10593);
#9074=PLANE('',#10594);
#9075=PLANE('',#10613);
#9076=PLANE('',#10632);
#9077=PLANE('',#10633);
#9078=PLANE('',#10634);
#9079=PLANE('',#10635);
#9080=PLANE('',#10636);
#9081=PLANE('',#10637);
#9082=PLANE('',#10638);
#9083=PLANE('',#10639);
#9084=PLANE('',#10640);
#9085=PLANE('',#10641);
#9086=PLANE('',#10642);
#9087=PLANE('',#10643);
#9088=PLANE('',#10644);
#9089=PLANE('',#10645);
#9090=PLANE('',#10646);
#9091=PLANE('',#10647);
#9092=PLANE('',#10648);
#9093=PLANE('',#10649);
#9094=PLANE('',#10650);
#9095=PLANE('',#10651);
#9096=PLANE('',#10652);
#9097=PLANE('',#10653);
#9098=PLANE('',#10654);
#9099=PLANE('',#10655);
#9100=PLANE('',#10656);
#9101=PLANE('',#10658);
#9102=PLANE('',#10659);
#9103=PLANE('',#10660);
#9104=PLANE('',#10661);
#9105=PLANE('',#10662);
#9106=PLANE('',#10663);
#9107=PLANE('',#10664);
#9108=PLANE('',#10665);
#9109=PLANE('',#10666);
#9110=PLANE('',#10667);
#9111=PLANE('',#10668);
#9112=PLANE('',#10669);
#9113=PLANE('',#10670);
#9114=PLANE('',#10671);
#9115=PLANE('',#10672);
#9116=PLANE('',#10673);
#9117=PLANE('',#10674);
#9118=PLANE('',#10675);
#9119=PLANE('',#10676);
#9120=PLANE('',#10677);
#9121=PLANE('',#10678);
#9122=PLANE('',#10679);
#9123=PLANE('',#10680);
#9124=PLANE('',#10681);
#9125=PLANE('',#10682);
#9126=PLANE('',#10683);
#9127=PLANE('',#10684);
#9128=PLANE('',#10685);
#9129=PLANE('',#10686);
#9130=PLANE('',#10687);
#9131=PLANE('',#10688);
#9132=PLANE('',#10689);
#9133=PLANE('',#10690);
#9134=PLANE('',#10691);
#9135=PLANE('',#10692);
#9136=PLANE('',#10693);
#9137=PLANE('',#10694);
#9138=PLANE('',#10695);
#9139=PLANE('',#10696);
#9140=PLANE('',#10697);
#9141=PLANE('',#10701);
#9142=PLANE('',#10702);
#9143=PLANE('',#10703);
#9144=PLANE('',#10704);
#9145=PLANE('',#10705);
#9146=PLANE('',#10709);
#9147=PLANE('',#10710);
#9148=PLANE('',#10711);
#9149=PLANE('',#10712);
#9150=PLANE('',#10713);
#9151=PLANE('',#10714);
#9152=PLANE('',#10715);
#9153=PLANE('',#10719);
#9154=PLANE('',#10720);
#9155=PLANE('',#10721);
#9156=PLANE('',#10722);
#9157=PLANE('',#10723);
#9158=PLANE('',#10727);
#9159=PLANE('',#10728);
#9160=PLANE('',#10729);
#9161=PLANE('',#10733);
#9162=PLANE('',#10735);
#9163=PLANE('',#10736);
#9164=PLANE('',#10737);
#9165=PLANE('',#10738);
#9166=PLANE('',#10739);
#9167=PLANE('',#10740);
#9168=PLANE('',#10741);
#9169=PLANE('',#10742);
#9170=PLANE('',#10743);
#9171=PLANE('',#10744);
#9172=PLANE('',#10745);
#9173=PLANE('',#10746);
#9174=PLANE('',#10747);
#9175=PLANE('',#10748);
#9176=PLANE('',#10753);
#9177=PLANE('',#10754);
#9178=PLANE('',#10755);
#9179=PLANE('',#10756);
#9180=PLANE('',#10759);
#9181=PLANE('',#10762);
#9182=PLANE('',#10765);
#9183=PLANE('',#10768);
#9184=ADVANCED_FACE('',(#8362,#8363,#8364,#8365,#8366,#8367,#8368,#8369,
#8370,#8371,#8372,#8373,#8374,#8375,#8376,#8377,#8378,#8379,#8380,#8381,
#8382,#8383,#8384,#8385,#8386,#8387,#8388,#8389,#8390,#8391,#8392),#8952,
 .T.);
#9185=ADVANCED_FACE('',(#8393),#8953,.T.);
#9186=ADVANCED_FACE('',(#8394),#8954,.F.);
#9187=ADVANCED_FACE('',(#8395),#8955,.F.);
#9188=ADVANCED_FACE('',(#8396),#8956,.T.);
#9189=ADVANCED_FACE('',(#8397,#8398,#8399,#8400,#8401),#8957,.F.);
#9190=ADVANCED_FACE('',(#8402,#8403),#55,.F.);
#9191=ADVANCED_FACE('',(#8404,#8405),#56,.F.);
#9192=ADVANCED_FACE('',(#8406,#8407),#57,.F.);
#9193=ADVANCED_FACE('',(#8408,#8409),#58,.F.);
#9194=ADVANCED_FACE('',(#8410),#59,.F.);
#9195=ADVANCED_FACE('',(#8411),#60,.F.);
#9196=ADVANCED_FACE('',(#8412),#61,.F.);
#9197=ADVANCED_FACE('',(#8413),#62,.F.);
#9198=ADVANCED_FACE('',(#8414),#63,.F.);
#9199=ADVANCED_FACE('',(#8415),#31,.T.);
#9200=ADVANCED_FACE('',(#8416),#64,.F.);
#9201=ADVANCED_FACE('',(#8417),#65,.F.);
#9202=ADVANCED_FACE('',(#8418),#66,.F.);
#9203=ADVANCED_FACE('',(#8419),#8958,.T.);
#9204=ADVANCED_FACE('',(#8420),#8959,.T.);
#9205=ADVANCED_FACE('',(#8421),#8960,.T.);
#9206=ADVANCED_FACE('',(#8422),#32,.T.);
#9207=ADVANCED_FACE('',(#8423),#33,.T.);
#9208=ADVANCED_FACE('',(#8424),#67,.T.);
#9209=ADVANCED_FACE('',(#8425),#68,.T.);
#9210=ADVANCED_FACE('',(#8426),#34,.T.);
#9211=ADVANCED_FACE('',(#8427),#69,.T.);
#9212=ADVANCED_FACE('',(#8428),#70,.T.);
#9213=ADVANCED_FACE('',(#8429),#71,.T.);
#9214=ADVANCED_FACE('',(#8430),#8961,.T.);
#9215=ADVANCED_FACE('',(#8431),#8962,.T.);
#9216=ADVANCED_FACE('',(#8432),#8963,.T.);
#9217=ADVANCED_FACE('',(#8433),#35,.T.);
#9218=ADVANCED_FACE('',(#8434),#36,.T.);
#9219=ADVANCED_FACE('',(#8435),#37,.T.);
#9220=ADVANCED_FACE('',(#8436),#38,.T.);
#9221=ADVANCED_FACE('',(#8437),#8964,.T.);
#9222=ADVANCED_FACE('',(#8438),#8965,.T.);
#9223=ADVANCED_FACE('',(#8439),#8966,.T.);
#9224=ADVANCED_FACE('',(#8440),#72,.F.);
#9225=ADVANCED_FACE('',(#8441),#73,.F.);
#9226=ADVANCED_FACE('',(#8442),#74,.F.);
#9227=ADVANCED_FACE('',(#8443),#75,.F.);
#9228=ADVANCED_FACE('',(#8444),#76,.F.);
#9229=ADVANCED_FACE('',(#8445),#39,.T.);
#9230=ADVANCED_FACE('',(#8446),#77,.F.);
#9231=ADVANCED_FACE('',(#8447),#78,.F.);
#9232=ADVANCED_FACE('',(#8448),#79,.F.);
#9233=ADVANCED_FACE('',(#8449),#8967,.T.);
#9234=ADVANCED_FACE('',(#8450),#80,.F.);
#9235=ADVANCED_FACE('',(#8451),#81,.F.);
#9236=ADVANCED_FACE('',(#8452),#82,.F.);
#9237=ADVANCED_FACE('',(#8453),#83,.F.);
#9238=ADVANCED_FACE('',(#8454),#84,.F.);
#9239=ADVANCED_FACE('',(#8455),#8968,.T.);
#9240=ADVANCED_FACE('',(#8456),#85,.T.);
#9241=ADVANCED_FACE('',(#8457),#86,.T.);
#9242=ADVANCED_FACE('',(#8458),#87,.T.);
#9243=ADVANCED_FACE('',(#8459),#88,.T.);
#9244=ADVANCED_FACE('',(#8460),#89,.T.);
#9245=ADVANCED_FACE('',(#8461),#90,.T.);
#9246=ADVANCED_FACE('',(#8462),#8969,.T.);
#9247=ADVANCED_FACE('',(#8463),#8970,.T.);
#9248=ADVANCED_FACE('',(#8464),#8971,.T.);
#9249=ADVANCED_FACE('',(#8465),#91,.F.);
#9250=ADVANCED_FACE('',(#8466),#92,.F.);
#9251=ADVANCED_FACE('',(#8467),#93,.F.);
#9252=ADVANCED_FACE('',(#8468),#8972,.T.);
#9253=ADVANCED_FACE('',(#8469),#94,.T.);
#9254=ADVANCED_FACE('',(#8470),#8973,.T.);
#9255=ADVANCED_FACE('',(#8471),#8974,.T.);
#9256=ADVANCED_FACE('',(#8472),#8975,.T.);
#9257=ADVANCED_FACE('',(#8473),#8976,.T.);
#9258=ADVANCED_FACE('',(#8474),#95,.F.);
#9259=ADVANCED_FACE('',(#8475),#96,.F.);
#9260=ADVANCED_FACE('',(#8476),#97,.F.);
#9261=ADVANCED_FACE('',(#8477),#98,.F.);
#9262=ADVANCED_FACE('',(#8478),#99,.F.);
#9263=ADVANCED_FACE('',(#8479),#100,.F.);
#9264=ADVANCED_FACE('',(#8480),#101,.F.);
#9265=ADVANCED_FACE('',(#8481),#102,.F.);
#9266=ADVANCED_FACE('',(#8482),#103,.F.);
#9267=ADVANCED_FACE('',(#8483),#8977,.T.);
#9268=ADVANCED_FACE('',(#8484),#104,.T.);
#9269=ADVANCED_FACE('',(#8485),#105,.T.);
#9270=ADVANCED_FACE('',(#8486),#106,.T.);
#9271=ADVANCED_FACE('',(#8487),#107,.T.);
#9272=ADVANCED_FACE('',(#8488),#108,.T.);
#9273=ADVANCED_FACE('',(#8489),#8978,.T.);
#9274=ADVANCED_FACE('',(#8490),#8979,.T.);
#9275=ADVANCED_FACE('',(#8491),#8980,.T.);
#9276=ADVANCED_FACE('',(#8492),#8981,.T.);
#9277=ADVANCED_FACE('',(#8493),#8982,.T.);
#9278=ADVANCED_FACE('',(#8494),#8983,.T.);
#9279=ADVANCED_FACE('',(#8495),#8984,.T.);
#9280=ADVANCED_FACE('',(#8496),#8985,.T.);
#9281=ADVANCED_FACE('',(#8497),#8986,.T.);
#9282=ADVANCED_FACE('',(#8498),#8987,.T.);
#9283=ADVANCED_FACE('',(#8499),#8988,.T.);
#9284=ADVANCED_FACE('',(#8500),#8989,.T.);
#9285=ADVANCED_FACE('',(#8501),#8990,.T.);
#9286=ADVANCED_FACE('',(#8502),#109,.F.);
#9287=ADVANCED_FACE('',(#8503),#110,.F.);
#9288=ADVANCED_FACE('',(#8504),#111,.F.);
#9289=ADVANCED_FACE('',(#8505),#8991,.T.);
#9290=ADVANCED_FACE('',(#8506),#112,.T.);
#9291=ADVANCED_FACE('',(#8507),#113,.T.);
#9292=ADVANCED_FACE('',(#8508),#114,.T.);
#9293=ADVANCED_FACE('',(#8509),#115,.T.);
#9294=ADVANCED_FACE('',(#8510),#116,.T.);
#9295=ADVANCED_FACE('',(#8511),#117,.T.);
#9296=ADVANCED_FACE('',(#8512),#118,.T.);
#9297=ADVANCED_FACE('',(#8513),#119,.T.);
#9298=ADVANCED_FACE('',(#8514),#120,.T.);
#9299=ADVANCED_FACE('',(#8515),#121,.T.);
#9300=ADVANCED_FACE('',(#8516),#122,.T.);
#9301=ADVANCED_FACE('',(#8517),#123,.T.);
#9302=ADVANCED_FACE('',(#8518),#8992,.T.);
#9303=ADVANCED_FACE('',(#8519),#124,.F.);
#9304=ADVANCED_FACE('',(#8520),#125,.F.);
#9305=ADVANCED_FACE('',(#8521),#126,.F.);
#9306=ADVANCED_FACE('',(#8522),#127,.F.);
#9307=ADVANCED_FACE('',(#8523),#128,.F.);
#9308=ADVANCED_FACE('',(#8524),#129,.F.);
#9309=ADVANCED_FACE('',(#8525),#130,.F.);
#9310=ADVANCED_FACE('',(#8526),#131,.F.);
#9311=ADVANCED_FACE('',(#8527),#132,.F.);
#9312=ADVANCED_FACE('',(#8528),#8993,.T.);
#9313=ADVANCED_FACE('',(#8529),#8994,.T.);
#9314=ADVANCED_FACE('',(#8530),#8995,.T.);
#9315=ADVANCED_FACE('',(#8531),#133,.F.);
#9316=ADVANCED_FACE('',(#8532),#134,.F.);
#9317=ADVANCED_FACE('',(#8533),#135,.F.);
#9318=ADVANCED_FACE('',(#8534),#136,.F.);
#9319=ADVANCED_FACE('',(#8535),#137,.F.);
#9320=ADVANCED_FACE('',(#8536),#138,.F.);
#9321=ADVANCED_FACE('',(#8537),#139,.F.);
#9322=ADVANCED_FACE('',(#8538),#140,.F.);
#9323=ADVANCED_FACE('',(#8539),#141,.F.);
#9324=ADVANCED_FACE('',(#8540),#142,.F.);
#9325=ADVANCED_FACE('',(#8541),#8996,.T.);
#9326=ADVANCED_FACE('',(#8542),#8997,.T.);
#9327=ADVANCED_FACE('',(#8543),#143,.T.);
#9328=ADVANCED_FACE('',(#8544),#144,.T.);
#9329=ADVANCED_FACE('',(#8545),#145,.T.);
#9330=ADVANCED_FACE('',(#8546),#146,.T.);
#9331=ADVANCED_FACE('',(#8547),#147,.T.);
#9332=ADVANCED_FACE('',(#8548),#148,.T.);
#9333=ADVANCED_FACE('',(#8549),#149,.T.);
#9334=ADVANCED_FACE('',(#8550),#8998,.T.);
#9335=ADVANCED_FACE('',(#8551),#150,.T.);
#9336=ADVANCED_FACE('',(#8552),#151,.T.);
#9337=ADVANCED_FACE('',(#8553),#8999,.T.);
#9338=ADVANCED_FACE('',(#8554),#152,.F.);
#9339=ADVANCED_FACE('',(#8555),#153,.F.);
#9340=ADVANCED_FACE('',(#8556),#154,.F.);
#9341=ADVANCED_FACE('',(#8557),#155,.F.);
#9342=ADVANCED_FACE('',(#8558),#156,.F.);
#9343=ADVANCED_FACE('',(#8559),#157,.F.);
#9344=ADVANCED_FACE('',(#8560),#9000,.T.);
#9345=ADVANCED_FACE('',(#8561),#158,.T.);
#9346=ADVANCED_FACE('',(#8562),#159,.T.);
#9347=ADVANCED_FACE('',(#8563),#160,.T.);
#9348=ADVANCED_FACE('',(#8564),#9001,.T.);
#9349=ADVANCED_FACE('',(#8565),#161,.T.);
#9350=ADVANCED_FACE('',(#8566),#162,.T.);
#9351=ADVANCED_FACE('',(#8567),#163,.T.);
#9352=ADVANCED_FACE('',(#8568),#164,.T.);
#9353=ADVANCED_FACE('',(#8569),#165,.T.);
#9354=ADVANCED_FACE('',(#8570),#9002,.T.);
#9355=ADVANCED_FACE('',(#8571),#9003,.T.);
#9356=ADVANCED_FACE('',(#8572),#9004,.T.);
#9357=ADVANCED_FACE('',(#8573),#166,.F.);
#9358=ADVANCED_FACE('',(#8574),#167,.F.);
#9359=ADVANCED_FACE('',(#8575),#168,.F.);
#9360=ADVANCED_FACE('',(#8576),#169,.F.);
#9361=ADVANCED_FACE('',(#8577),#170,.F.);
#9362=ADVANCED_FACE('',(#8578),#171,.F.);
#9363=ADVANCED_FACE('',(#8579),#172,.F.);
#9364=ADVANCED_FACE('',(#8580),#173,.F.);
#9365=ADVANCED_FACE('',(#8581),#9005,.T.);
#9366=ADVANCED_FACE('',(#8582),#9006,.T.);
#9367=ADVANCED_FACE('',(#8583),#174,.T.);
#9368=ADVANCED_FACE('',(#8584),#9007,.T.);
#9369=ADVANCED_FACE('',(#8585),#175,.F.);
#9370=ADVANCED_FACE('',(#8586),#9008,.T.);
#9371=ADVANCED_FACE('',(#8587),#176,.T.);
#9372=ADVANCED_FACE('',(#8588),#177,.T.);
#9373=ADVANCED_FACE('',(#8589),#178,.T.);
#9374=ADVANCED_FACE('',(#8590),#9009,.T.);
#9375=ADVANCED_FACE('',(#8591),#179,.F.);
#9376=ADVANCED_FACE('',(#8592),#9010,.T.);
#9377=ADVANCED_FACE('',(#8593),#9011,.T.);
#9378=ADVANCED_FACE('',(#8594),#9012,.T.);
#9379=ADVANCED_FACE('',(#8595),#9013,.T.);
#9380=ADVANCED_FACE('',(#8596),#9014,.T.);
#9381=ADVANCED_FACE('',(#8597),#40,.T.);
#9382=ADVANCED_FACE('',(#8598),#180,.T.);
#9383=ADVANCED_FACE('',(#8599),#181,.T.);
#9384=ADVANCED_FACE('',(#8600),#182,.T.);
#9385=ADVANCED_FACE('',(#8601),#183,.T.);
#9386=ADVANCED_FACE('',(#8602),#184,.T.);
#9387=ADVANCED_FACE('',(#8603),#9015,.T.);
#9388=ADVANCED_FACE('',(#8604),#185,.F.);
#9389=ADVANCED_FACE('',(#8605),#186,.F.);
#9390=ADVANCED_FACE('',(#8606),#187,.F.);
#9391=ADVANCED_FACE('',(#8607),#188,.F.);
#9392=ADVANCED_FACE('',(#8608),#189,.F.);
#9393=ADVANCED_FACE('',(#8609),#190,.F.);
#9394=ADVANCED_FACE('',(#8610),#9016,.T.);
#9395=ADVANCED_FACE('',(#8611),#9017,.T.);
#9396=ADVANCED_FACE('',(#8612),#9018,.T.);
#9397=ADVANCED_FACE('',(#8613),#9019,.T.);
#9398=ADVANCED_FACE('',(#8614),#9020,.T.);
#9399=ADVANCED_FACE('',(#8615),#9021,.T.);
#9400=ADVANCED_FACE('',(#8616),#41,.T.);
#9401=ADVANCED_FACE('',(#8617),#9022,.T.);
#9402=ADVANCED_FACE('',(#8618),#9023,.T.);
#9403=ADVANCED_FACE('',(#8619),#9024,.T.);
#9404=ADVANCED_FACE('',(#8620),#191,.F.);
#9405=ADVANCED_FACE('',(#8621),#192,.F.);
#9406=ADVANCED_FACE('',(#8622),#193,.F.);
#9407=ADVANCED_FACE('',(#8623),#42,.T.);
#9408=ADVANCED_FACE('',(#8624),#194,.F.);
#9409=ADVANCED_FACE('',(#8625),#195,.F.);
#9410=ADVANCED_FACE('',(#8626),#196,.F.);
#9411=ADVANCED_FACE('',(#8627),#197,.F.);
#9412=ADVANCED_FACE('',(#8628),#198,.F.);
#9413=ADVANCED_FACE('',(#8629),#9025,.T.);
#9414=ADVANCED_FACE('',(#8630),#199,.T.);
#9415=ADVANCED_FACE('',(#8631),#200,.T.);
#9416=ADVANCED_FACE('',(#8632),#201,.T.);
#9417=ADVANCED_FACE('',(#8633),#9026,.T.);
#9418=ADVANCED_FACE('',(#8634),#202,.T.);
#9419=ADVANCED_FACE('',(#8635),#9027,.T.);
#9420=ADVANCED_FACE('',(#8636),#203,.F.);
#9421=ADVANCED_FACE('',(#8637),#204,.F.);
#9422=ADVANCED_FACE('',(#8638),#205,.F.);
#9423=ADVANCED_FACE('',(#8639),#206,.F.);
#9424=ADVANCED_FACE('',(#8640),#207,.F.);
#9425=ADVANCED_FACE('',(#8641),#208,.F.);
#9426=ADVANCED_FACE('',(#8642),#209,.F.);
#9427=ADVANCED_FACE('',(#8643),#210,.F.);
#9428=ADVANCED_FACE('',(#8644),#211,.F.);
#9429=ADVANCED_FACE('',(#8645),#212,.F.);
#9430=ADVANCED_FACE('',(#8646),#9028,.T.);
#9431=ADVANCED_FACE('',(#8647),#213,.T.);
#9432=ADVANCED_FACE('',(#8648),#214,.T.);
#9433=ADVANCED_FACE('',(#8649),#215,.T.);
#9434=ADVANCED_FACE('',(#8650),#216,.T.);
#9435=ADVANCED_FACE('',(#8651),#217,.T.);
#9436=ADVANCED_FACE('',(#8652),#218,.T.);
#9437=ADVANCED_FACE('',(#8653),#43,.T.);
#9438=ADVANCED_FACE('',(#8654),#219,.T.);
#9439=ADVANCED_FACE('',(#8655),#9029,.T.);
#9440=ADVANCED_FACE('',(#8656),#220,.T.);
#9441=ADVANCED_FACE('',(#8657),#221,.T.);
#9442=ADVANCED_FACE('',(#8658),#9030,.T.);
#9443=ADVANCED_FACE('',(#8659),#222,.F.);
#9444=ADVANCED_FACE('',(#8660),#44,.T.);
#9445=ADVANCED_FACE('',(#8661),#223,.F.);
#9446=ADVANCED_FACE('',(#8662),#224,.F.);
#9447=ADVANCED_FACE('',(#8663),#225,.F.);
#9448=ADVANCED_FACE('',(#8664),#226,.F.);
#9449=ADVANCED_FACE('',(#8665),#9031,.T.);
#9450=ADVANCED_FACE('',(#8666),#227,.T.);
#9451=ADVANCED_FACE('',(#8667),#228,.T.);
#9452=ADVANCED_FACE('',(#8668),#229,.T.);
#9453=ADVANCED_FACE('',(#8669),#9032,.T.);
#9454=ADVANCED_FACE('',(#8670),#45,.T.);
#9455=ADVANCED_FACE('',(#8671),#46,.T.);
#9456=ADVANCED_FACE('',(#8672),#230,.T.);
#9457=ADVANCED_FACE('',(#8673),#231,.T.);
#9458=ADVANCED_FACE('',(#8674),#232,.T.);
#9459=ADVANCED_FACE('',(#8675),#9033,.T.);
#9460=ADVANCED_FACE('',(#8676),#9034,.T.);
#9461=ADVANCED_FACE('',(#8677),#9035,.T.);
#9462=ADVANCED_FACE('',(#8678),#233,.F.);
#9463=ADVANCED_FACE('',(#8679),#234,.F.);
#9464=ADVANCED_FACE('',(#8680),#235,.F.);
#9465=ADVANCED_FACE('',(#8681),#47,.T.);
#9466=ADVANCED_FACE('',(#8682),#48,.T.);
#9467=ADVANCED_FACE('',(#8683),#236,.F.);
#9468=ADVANCED_FACE('',(#8684),#237,.F.);
#9469=ADVANCED_FACE('',(#8685),#238,.F.);
#9470=ADVANCED_FACE('',(#8686),#239,.F.);
#9471=ADVANCED_FACE('',(#8687),#9036,.T.);
#9472=ADVANCED_FACE('',(#8688),#49,.T.);
#9473=ADVANCED_FACE('',(#8689),#9037,.T.);
#9474=ADVANCED_FACE('',(#8690),#9038,.T.);
#9475=ADVANCED_FACE('',(#8691),#9039,.T.);
#9476=ADVANCED_FACE('',(#8692),#9040,.T.);
#9477=ADVANCED_FACE('',(#8693),#9041,.T.);
#9478=ADVANCED_FACE('',(#8694),#9042,.T.);
#9479=ADVANCED_FACE('',(#8695),#9043,.T.);
#9480=ADVANCED_FACE('',(#8696),#240,.F.);
#9481=ADVANCED_FACE('',(#8697),#9044,.T.);
#9482=ADVANCED_FACE('',(#8698),#241,.T.);
#9483=ADVANCED_FACE('',(#8699),#242,.T.);
#9484=ADVANCED_FACE('',(#8700),#243,.T.);
#9485=ADVANCED_FACE('',(#8701),#9045,.T.);
#9486=ADVANCED_FACE('',(#8702),#50,.T.);
#9487=ADVANCED_FACE('',(#8703),#9046,.T.);
#9488=ADVANCED_FACE('',(#8704),#244,.T.);
#9489=ADVANCED_FACE('',(#8705),#51,.T.);
#9490=ADVANCED_FACE('',(#8706),#245,.T.);
#9491=ADVANCED_FACE('',(#8707),#246,.T.);
#9492=ADVANCED_FACE('',(#8708),#247,.T.);
#9493=ADVANCED_FACE('',(#8709),#248,.T.);
#9494=ADVANCED_FACE('',(#8710),#249,.T.);
#9495=ADVANCED_FACE('',(#8711),#250,.T.);
#9496=ADVANCED_FACE('',(#8712),#251,.T.);
#9497=ADVANCED_FACE('',(#8713),#9047,.T.);
#9498=ADVANCED_FACE('',(#8714),#252,.F.);
#9499=ADVANCED_FACE('',(#8715),#253,.F.);
#9500=ADVANCED_FACE('',(#8716),#254,.F.);
#9501=ADVANCED_FACE('',(#8717),#255,.F.);
#9502=ADVANCED_FACE('',(#8718),#256,.F.);
#9503=ADVANCED_FACE('',(#8719),#257,.F.);
#9504=ADVANCED_FACE('',(#8720),#258,.F.);
#9505=ADVANCED_FACE('',(#8721),#259,.F.);
#9506=ADVANCED_FACE('',(#8722),#52,.T.);
#9507=ADVANCED_FACE('',(#8723),#260,.F.);
#9508=ADVANCED_FACE('',(#8724),#9048,.T.);
#9509=ADVANCED_FACE('',(#8725),#261,.T.);
#9510=ADVANCED_FACE('',(#8726),#262,.T.);
#9511=ADVANCED_FACE('',(#8727),#263,.T.);
#9512=ADVANCED_FACE('',(#8728),#9049,.T.);
#9513=ADVANCED_FACE('',(#8729),#264,.F.);
#9514=ADVANCED_FACE('',(#8730),#9050,.T.);
#9515=ADVANCED_FACE('',(#8731),#265,.T.);
#9516=ADVANCED_FACE('',(#8732),#266,.T.);
#9517=ADVANCED_FACE('',(#8733),#267,.T.);
#9518=ADVANCED_FACE('',(#8734),#268,.T.);
#9519=ADVANCED_FACE('',(#8735),#9051,.T.);
#9520=ADVANCED_FACE('',(#8736),#9052,.T.);
#9521=ADVANCED_FACE('',(#8737),#9053,.T.);
#9522=ADVANCED_FACE('',(#8738),#269,.F.);
#9523=ADVANCED_FACE('',(#8739),#270,.F.);
#9524=ADVANCED_FACE('',(#8740),#271,.F.);
#9525=ADVANCED_FACE('',(#8741),#272,.F.);
#9526=ADVANCED_FACE('',(#8742),#9054,.T.);
#9527=ADVANCED_FACE('',(#8743),#9055,.T.);
#9528=ADVANCED_FACE('',(#8744),#9056,.T.);
#9529=ADVANCED_FACE('',(#8745),#9057,.T.);
#9530=ADVANCED_FACE('',(#8746),#9058,.T.);
#9531=ADVANCED_FACE('',(#8747),#9059,.T.);
#9532=ADVANCED_FACE('',(#8748),#9060,.T.);
#9533=ADVANCED_FACE('',(#8749),#273,.F.);
#9534=ADVANCED_FACE('',(#8750),#9061,.T.);
#9535=ADVANCED_FACE('',(#8751),#9062,.T.);
#9536=ADVANCED_FACE('',(#8752),#9063,.T.);
#9537=ADVANCED_FACE('',(#8753),#274,.T.);
#9538=ADVANCED_FACE('',(#8754),#275,.T.);
#9539=ADVANCED_FACE('',(#8755),#276,.T.);
#9540=ADVANCED_FACE('',(#8756),#277,.T.);
#9541=ADVANCED_FACE('',(#8757),#278,.T.);
#9542=ADVANCED_FACE('',(#8758),#279,.F.);
#9543=ADVANCED_FACE('',(#8759),#280,.F.);
#9544=ADVANCED_FACE('',(#8760),#281,.F.);
#9545=ADVANCED_FACE('',(#8761),#282,.F.);
#9546=ADVANCED_FACE('',(#8762),#9064,.T.);
#9547=ADVANCED_FACE('',(#8763),#283,.F.);
#9548=ADVANCED_FACE('',(#8764),#284,.F.);
#9549=ADVANCED_FACE('',(#8765),#285,.F.);
#9550=ADVANCED_FACE('',(#8766),#286,.F.);
#9551=ADVANCED_FACE('',(#8767),#287,.F.);
#9552=ADVANCED_FACE('',(#8768),#288,.F.);
#9553=ADVANCED_FACE('',(#8769),#53,.T.);
#9554=ADVANCED_FACE('',(#8770),#289,.F.);
#9555=ADVANCED_FACE('',(#8771),#290,.F.);
#9556=ADVANCED_FACE('',(#8772),#291,.T.);
#9557=ADVANCED_FACE('',(#8773),#9065,.T.);
#9558=ADVANCED_FACE('',(#8774),#9066,.T.);
#9559=ADVANCED_FACE('',(#8775),#9067,.T.);
#9560=ADVANCED_FACE('',(#8776),#9068,.T.);
#9561=ADVANCED_FACE('',(#8777),#9069,.T.);
#9562=ADVANCED_FACE('',(#8778),#9070,.T.);
#9563=ADVANCED_FACE('',(#8779),#9071,.T.);
#9564=ADVANCED_FACE('',(#8780),#292,.F.);
#9565=ADVANCED_FACE('',(#8781),#9072,.T.);
#9566=ADVANCED_FACE('',(#8782),#9073,.T.);
#9567=ADVANCED_FACE('',(#8783),#9074,.T.);
#9568=ADVANCED_FACE('',(#8784),#293,.T.);
#9569=ADVANCED_FACE('',(#8785),#294,.T.);
#9570=ADVANCED_FACE('',(#8786),#295,.T.);
#9571=ADVANCED_FACE('',(#8787),#296,.T.);
#9572=ADVANCED_FACE('',(#8788),#297,.T.);
#9573=ADVANCED_FACE('',(#8789),#298,.F.);
#9574=ADVANCED_FACE('',(#8790),#299,.F.);
#9575=ADVANCED_FACE('',(#8791),#300,.F.);
#9576=ADVANCED_FACE('',(#8792),#301,.F.);
#9577=ADVANCED_FACE('',(#8793),#9075,.T.);
#9578=ADVANCED_FACE('',(#8794),#302,.F.);
#9579=ADVANCED_FACE('',(#8795),#303,.F.);
#9580=ADVANCED_FACE('',(#8796),#304,.F.);
#9581=ADVANCED_FACE('',(#8797),#305,.F.);
#9582=ADVANCED_FACE('',(#8798),#306,.F.);
#9583=ADVANCED_FACE('',(#8799),#307,.F.);
#9584=ADVANCED_FACE('',(#8800),#54,.T.);
#9585=ADVANCED_FACE('',(#8801),#308,.F.);
#9586=ADVANCED_FACE('',(#8802),#309,.F.);
#9587=ADVANCED_FACE('',(#8803),#310,.T.);
#9588=ADVANCED_FACE('',(#8804),#9076,.T.);
#9589=ADVANCED_FACE('',(#8805),#9077,.T.);
#9590=ADVANCED_FACE('',(#8806),#9078,.T.);
#9591=ADVANCED_FACE('',(#8807),#9079,.T.);
#9592=ADVANCED_FACE('',(#8808),#9080,.T.);
#9593=ADVANCED_FACE('',(#8809),#9081,.T.);
#9594=ADVANCED_FACE('',(#8810),#9082,.T.);
#9595=ADVANCED_FACE('',(#8811),#9083,.T.);
#9596=ADVANCED_FACE('',(#8812),#9084,.T.);
#9597=ADVANCED_FACE('',(#8813),#9085,.T.);
#9598=ADVANCED_FACE('',(#8814),#9086,.T.);
#9599=ADVANCED_FACE('',(#8815),#9087,.T.);
#9600=ADVANCED_FACE('',(#8816),#9088,.T.);
#9601=ADVANCED_FACE('',(#8817),#9089,.T.);
#9602=ADVANCED_FACE('',(#8818),#9090,.T.);
#9603=ADVANCED_FACE('',(#8819),#9091,.T.);
#9604=ADVANCED_FACE('',(#8820),#9092,.T.);
#9605=ADVANCED_FACE('',(#8821),#9093,.T.);
#9606=ADVANCED_FACE('',(#8822),#9094,.T.);
#9607=ADVANCED_FACE('',(#8823),#9095,.T.);
#9608=ADVANCED_FACE('',(#8824),#9096,.T.);
#9609=ADVANCED_FACE('',(#8825),#9097,.T.);
#9610=ADVANCED_FACE('',(#8826),#9098,.T.);
#9611=ADVANCED_FACE('',(#8827),#9099,.T.);
#9612=ADVANCED_FACE('',(#8828),#9100,.T.);
#9613=ADVANCED_FACE('',(#8829,#8830,#8831,#8832),#9101,.T.);
#9614=ADVANCED_FACE('',(#8833,#8834),#9102,.F.);
#9615=ADVANCED_FACE('',(#8835),#9103,.T.);
#9616=ADVANCED_FACE('',(#8836),#9104,.F.);
#9617=ADVANCED_FACE('',(#8837),#9105,.F.);
#9618=ADVANCED_FACE('',(#8838),#9106,.T.);
#9619=ADVANCED_FACE('',(#8839,#8840),#9107,.F.);
#9620=ADVANCED_FACE('',(#8841),#9108,.T.);
#9621=ADVANCED_FACE('',(#8842),#9109,.T.);
#9622=ADVANCED_FACE('',(#8843),#9110,.T.);
#9623=ADVANCED_FACE('',(#8844),#9111,.F.);
#9624=ADVANCED_FACE('',(#8845),#9112,.T.);
#9625=ADVANCED_FACE('',(#8846),#9113,.F.);
#9626=ADVANCED_FACE('',(#8847),#9114,.T.);
#9627=ADVANCED_FACE('',(#8848),#9115,.T.);
#9628=ADVANCED_FACE('',(#8849),#9116,.T.);
#9629=ADVANCED_FACE('',(#8850),#9117,.F.);
#9630=ADVANCED_FACE('',(#8851),#9118,.T.);
#9631=ADVANCED_FACE('',(#8852),#9119,.T.);
#9632=ADVANCED_FACE('',(#8853),#9120,.F.);
#9633=ADVANCED_FACE('',(#8854),#9121,.T.);
#9634=ADVANCED_FACE('',(#8855),#9122,.T.);
#9635=ADVANCED_FACE('',(#8856),#9123,.T.);
#9636=ADVANCED_FACE('',(#8857),#9124,.T.);
#9637=ADVANCED_FACE('',(#8858),#9125,.F.);
#9638=ADVANCED_FACE('',(#8859),#9126,.T.);
#9639=ADVANCED_FACE('',(#8860),#9127,.T.);
#9640=ADVANCED_FACE('',(#8861,#8862),#9128,.T.);
#9641=ADVANCED_FACE('',(#8863),#9129,.F.);
#9642=ADVANCED_FACE('',(#8864,#8865),#9130,.F.);
#9643=ADVANCED_FACE('',(#8866),#9131,.T.);
#9644=ADVANCED_FACE('',(#8867),#9132,.T.);
#9645=ADVANCED_FACE('',(#8868),#9133,.T.);
#9646=ADVANCED_FACE('',(#8869),#9134,.F.);
#9647=ADVANCED_FACE('',(#8870),#9135,.F.);
#9648=ADVANCED_FACE('',(#8871),#9136,.T.);
#9649=ADVANCED_FACE('',(#8872),#9137,.T.);
#9650=ADVANCED_FACE('',(#8873),#9138,.F.);
#9651=ADVANCED_FACE('',(#8874),#9139,.F.);
#9652=ADVANCED_FACE('',(#8875),#9140,.T.);
#9653=ADVANCED_FACE('',(#8876,#8877),#311,.F.);
#9654=ADVANCED_FACE('',(#8878,#8879),#9141,.T.);
#9655=ADVANCED_FACE('',(#8880),#9142,.T.);
#9656=ADVANCED_FACE('',(#8881),#9143,.T.);
#9657=ADVANCED_FACE('',(#8882),#9144,.F.);
#9658=ADVANCED_FACE('',(#8883),#9145,.F.);
#9659=ADVANCED_FACE('',(#8884,#8885),#312,.F.);
#9660=ADVANCED_FACE('',(#8886),#9146,.T.);
#9661=ADVANCED_FACE('',(#8887,#8888),#9147,.T.);
#9662=ADVANCED_FACE('',(#8889),#9148,.T.);
#9663=ADVANCED_FACE('',(#8890),#9149,.F.);
#9664=ADVANCED_FACE('',(#8891),#9150,.F.);
#9665=ADVANCED_FACE('',(#8892),#9151,.T.);
#9666=ADVANCED_FACE('',(#8893),#9152,.T.);
#9667=ADVANCED_FACE('',(#8894,#8895),#313,.F.);
#9668=ADVANCED_FACE('',(#8896,#8897),#9153,.T.);
#9669=ADVANCED_FACE('',(#8898),#9154,.T.);
#9670=ADVANCED_FACE('',(#8899),#9155,.F.);
#9671=ADVANCED_FACE('',(#8900),#9156,.F.);
#9672=ADVANCED_FACE('',(#8901),#9157,.F.);
#9673=ADVANCED_FACE('',(#8902,#8903),#314,.F.);
#9674=ADVANCED_FACE('',(#8904),#9158,.F.);
#9675=ADVANCED_FACE('',(#8905,#8906),#9159,.T.);
#9676=ADVANCED_FACE('',(#8907,#8908),#9160,.T.);
#9677=ADVANCED_FACE('',(#8909,#8910),#315,.T.);
#9678=ADVANCED_FACE('',(#8911),#9161,.T.);
#9679=ADVANCED_FACE('',(#8912,#8913),#9162,.T.);
#9680=ADVANCED_FACE('',(#8914,#8915),#9163,.F.);
#9681=ADVANCED_FACE('',(#8916,#8917),#9164,.F.);
#9682=ADVANCED_FACE('',(#8918),#9165,.F.);
#9683=ADVANCED_FACE('',(#8919,#8920),#9166,.T.);
#9684=ADVANCED_FACE('',(#8921),#9167,.F.);
#9685=ADVANCED_FACE('',(#8922),#9168,.T.);
#9686=ADVANCED_FACE('',(#8923),#9169,.T.);
#9687=ADVANCED_FACE('',(#8924,#8925),#9170,.F.);
#9688=ADVANCED_FACE('',(#8926),#9171,.F.);
#9689=ADVANCED_FACE('',(#8927),#9172,.F.);
#9690=ADVANCED_FACE('',(#8928),#9173,.T.);
#9691=ADVANCED_FACE('',(#8929),#9174,.F.);
#9692=ADVANCED_FACE('',(#8930,#8931,#8932,#8933,#8934,#8935),#9175,.T.);
#9693=ADVANCED_FACE('',(#8936),#9176,.T.);
#9694=ADVANCED_FACE('',(#8937),#9177,.F.);
#9695=ADVANCED_FACE('',(#8938),#9178,.F.);
#9696=ADVANCED_FACE('',(#8939),#9179,.T.);
#9697=ADVANCED_FACE('',(#8940,#8941),#316,.F.);
#9698=ADVANCED_FACE('',(#8942),#9180,.T.);
#9699=ADVANCED_FACE('',(#8943,#8944),#317,.F.);
#9700=ADVANCED_FACE('',(#8945),#9181,.T.);
#9701=ADVANCED_FACE('',(#8946,#8947),#318,.F.);
#9702=ADVANCED_FACE('',(#8948),#9182,.T.);
#9703=ADVANCED_FACE('',(#8949,#8950),#319,.F.);
#9704=ADVANCED_FACE('',(#8951),#9183,.T.);
#9705=CLOSED_SHELL('',(#9184,#9185,#9186,#9187,#9188,#9189,#9190,#9191,
#9192,#9193,#9194,#9195,#9196,#9197,#9198,#9199,#9200,#9201,#9202,#9203,
#9204,#9205,#9206,#9207,#9208,#9209,#9210,#9211,#9212,#9213,#9214,#9215,
#9216,#9217,#9218,#9219,#9220,#9221,#9222,#9223,#9224,#9225,#9226,#9227,
#9228,#9229,#9230,#9231,#9232,#9233,#9234,#9235,#9236,#9237,#9238,#9239,
#9240,#9241,#9242,#9243,#9244,#9245,#9246,#9247,#9248,#9249,#9250,#9251,
#9252,#9253,#9254,#9255,#9256,#9257,#9258,#9259,#9260,#9261,#9262,#9263,
#9264,#9265,#9266,#9267,#9268,#9269,#9270,#9271,#9272,#9273,#9274,#9275,
#9276,#9277,#9278,#9279,#9280,#9281,#9282,#9283,#9284,#9285,#9286,#9287,
#9288,#9289,#9290,#9291,#9292,#9293,#9294,#9295,#9296,#9297,#9298,#9299,
#9300,#9301,#9302,#9303,#9304,#9305,#9306,#9307,#9308,#9309,#9310,#9311,
#9312,#9313,#9314,#9315,#9316,#9317,#9318,#9319,#9320,#9321,#9322,#9323,
#9324,#9325,#9326,#9327,#9328,#9329,#9330,#9331,#9332,#9333,#9334,#9335,
#9336,#9337,#9338,#9339,#9340,#9341,#9342,#9343,#9344,#9345,#9346,#9347,
#9348,#9349,#9350,#9351,#9352,#9353,#9354,#9355,#9356,#9357,#9358,#9359,
#9360,#9361,#9362,#9363,#9364,#9365,#9366,#9367,#9368,#9369,#9370,#9371,
#9372,#9373,#9374,#9375,#9376,#9377,#9378,#9379,#9380,#9381,#9382,#9383,
#9384,#9385,#9386,#9387,#9388,#9389,#9390,#9391,#9392,#9393,#9394,#9395,
#9396,#9397,#9398,#9399,#9400,#9401,#9402,#9403,#9404,#9405,#9406,#9407,
#9408,#9409,#9410,#9411,#9412,#9413,#9414,#9415,#9416,#9417,#9418,#9419,
#9420,#9421,#9422,#9423,#9424,#9425,#9426,#9427,#9428,#9429,#9430,#9431,
#9432,#9433,#9434,#9435,#9436,#9437,#9438,#9439,#9440,#9441,#9442,#9443,
#9444,#9445,#9446,#9447,#9448,#9449,#9450,#9451,#9452,#9453,#9454,#9455,
#9456,#9457,#9458,#9459,#9460,#9461,#9462,#9463,#9464,#9465,#9466,#9467,
#9468,#9469,#9470,#9471,#9472,#9473,#9474,#9475,#9476,#9477,#9478,#9479,
#9480,#9481,#9482,#9483,#9484,#9485,#9486,#9487,#9488,#9489,#9490,#9491,
#9492,#9493,#9494,#9495,#9496,#9497,#9498,#9499,#9500,#9501,#9502,#9503,
#9504,#9505,#9506,#9507,#9508,#9509,#9510,#9511,#9512,#9513,#9514,#9515,
#9516,#9517,#9518,#9519,#9520,#9521,#9522,#9523,#9524,#9525,#9526,#9527,
#9528,#9529,#9530,#9531,#9532,#9533,#9534,#9535,#9536,#9537,#9538,#9539,
#9540,#9541,#9542,#9543,#9544,#9545,#9546,#9547,#9548,#9549,#9550,#9551,
#9552,#9553,#9554,#9555,#9556,#9557,#9558,#9559,#9560,#9561,#9562,#9563,
#9564,#9565,#9566,#9567,#9568,#9569,#9570,#9571,#9572,#9573,#9574,#9575,
#9576,#9577,#9578,#9579,#9580,#9581,#9582,#9583,#9584,#9585,#9586,#9587,
#9588,#9589,#9590,#9591,#9592,#9593,#9594,#9595,#9596,#9597,#9598,#9599,
#9600,#9601,#9602,#9603,#9604,#9605,#9606,#9607,#9608,#9609,#9610,#9611,
#9612));
#9706=CLOSED_SHELL('',(#9613,#9614,#9615,#9616,#9617,#9618,#9619,#9620,
#9621,#9622,#9623,#9624,#9625,#9626,#9627,#9628,#9629,#9630,#9631,#9632,
#9633,#9634,#9635,#9636,#9637,#9638,#9639,#9640,#9641,#9642,#9643,#9644,
#9645,#9646,#9647,#9648,#9649,#9650,#9651,#9652,#9653,#9654,#9655,#9656,
#9657,#9658,#9659,#9660,#9661,#9662,#9663,#9664,#9665,#9666,#9667,#9668,
#9669,#9670,#9671,#9672,#9673,#9674,#9675,#9676,#9677,#9678));
#9707=CLOSED_SHELL('',(#9679,#9680,#9681,#9682,#9683,#9684,#9685,#9686,
#9687,#9688,#9689,#9690,#9691,#9692,#9693,#9694,#9695,#9696,#9697,#9698,
#9699,#9700,#9701,#9702,#9703,#9704));
#9708=STYLED_ITEM('',(#9711),#9730);
#9709=STYLED_ITEM('',(#9712),#9731);
#9710=STYLED_ITEM('',(#9713),#9732);
#9711=PRESENTATION_STYLE_ASSIGNMENT((#9714));
#9712=PRESENTATION_STYLE_ASSIGNMENT((#9715));
#9713=PRESENTATION_STYLE_ASSIGNMENT((#9716));
#9714=SURFACE_STYLE_USAGE(.BOTH.,#9717);
#9715=SURFACE_STYLE_USAGE(.BOTH.,#9718);
#9716=SURFACE_STYLE_USAGE(.BOTH.,#9719);
#9717=SURFACE_SIDE_STYLE('',(#9720));
#9718=SURFACE_SIDE_STYLE('',(#9721));
#9719=SURFACE_SIDE_STYLE('',(#9722));
#9720=SURFACE_STYLE_FILL_AREA(#9723);
#9721=SURFACE_STYLE_FILL_AREA(#9724);
#9722=SURFACE_STYLE_FILL_AREA(#9725);
#9723=FILL_AREA_STYLE('',(#9726));
#9724=FILL_AREA_STYLE('',(#9727));
#9725=FILL_AREA_STYLE('',(#9728));
#9726=FILL_AREA_STYLE_COLOUR('',#9729);
#9727=FILL_AREA_STYLE_COLOUR('',#9729);
#9728=FILL_AREA_STYLE_COLOUR('',#10);
#9729=COLOUR_RGB('',1.,0.756862745098039,0.0549019607843137);
#9730=MANIFOLD_SOLID_BREP('Part 3',#9705);
#9731=MANIFOLD_SOLID_BREP('Part 1',#9706);
#9732=MANIFOLD_SOLID_BREP('Part 2',#9707);
#9733=SHAPE_DEFINITION_REPRESENTATION(#16843,#9737);
#9734=SHAPE_DEFINITION_REPRESENTATION(#16844,#9738);
#9735=SHAPE_DEFINITION_REPRESENTATION(#16846,#9739);
#9736=SHAPE_DEFINITION_REPRESENTATION(#16848,#9740);
#9737=SHAPE_REPRESENTATION('Assembly 1',(#9741,#10657,#10734,#10769),#16832);
#9738=SHAPE_REPRESENTATION('Part 3',(#9741),#16833);
#9739=SHAPE_REPRESENTATION('Part 1',(#9741),#16834);
#9740=SHAPE_REPRESENTATION('Part 2',(#9741),#16835);
#9741=AXIS2_PLACEMENT_3D('',#13666,#10770,#10771);
#9742=AXIS2_PLACEMENT_3D('',#13667,#10772,#10773);
#9743=AXIS2_PLACEMENT_3D('',#13668,#10774,#10775);
#9744=AXIS2_PLACEMENT_3D('',#13670,#10776,#10777);
#9745=AXIS2_PLACEMENT_3D('',#13672,#10778,#10779);
#9746=AXIS2_PLACEMENT_3D('',#13674,#10780,#10781);
#9747=AXIS2_PLACEMENT_3D('',#13684,#10786,#10787);
#9748=AXIS2_PLACEMENT_3D('',#13687,#10788,#10789);
#9749=AXIS2_PLACEMENT_3D('',#13689,#10790,#10791);
#9750=AXIS2_PLACEMENT_3D('',#13691,#10792,#10793);
#9751=AXIS2_PLACEMENT_3D('',#13693,#10794,#10795);
#9752=AXIS2_PLACEMENT_3D('',#13699,#10796,#10797);
#9753=AXIS2_PLACEMENT_3D('',#13701,#10798,#10799);
#9754=AXIS2_PLACEMENT_3D('',#13703,#10800,#10801);
#9755=AXIS2_PLACEMENT_3D('',#13705,#10802,#10803);
#9756=AXIS2_PLACEMENT_3D('',#13707,#10804,#10805);
#9757=AXIS2_PLACEMENT_3D('',#13737,#10812,#10813);
#9758=AXIS2_PLACEMENT_3D('',#13739,#10814,#10815);
#9759=AXIS2_PLACEMENT_3D('',#13741,#10816,#10817);
#9760=AXIS2_PLACEMENT_3D('',#13747,#10818,#10819);
#9761=AXIS2_PLACEMENT_3D('',#13749,#10820,#10821);
#9762=AXIS2_PLACEMENT_3D('',#13765,#10825,#10826);
#9763=AXIS2_PLACEMENT_3D('',#13767,#10827,#10828);
#9764=AXIS2_PLACEMENT_3D('',#13769,#10829,#10830);
#9765=AXIS2_PLACEMENT_3D('',#13775,#10831,#10832);
#9766=AXIS2_PLACEMENT_3D('',#13777,#10833,#10834);
#9767=AXIS2_PLACEMENT_3D('',#13779,#10835,#10836);
#9768=AXIS2_PLACEMENT_3D('',#13780,#10837,#10838);
#9769=AXIS2_PLACEMENT_3D('',#13783,#10839,#10840);
#9770=AXIS2_PLACEMENT_3D('',#13785,#10841,#10842);
#9771=AXIS2_PLACEMENT_3D('',#13787,#10843,#10844);
#9772=AXIS2_PLACEMENT_3D('',#13789,#10845,#10846);
#9773=AXIS2_PLACEMENT_3D('',#13797,#10850,#10851);
#9774=AXIS2_PLACEMENT_3D('',#13799,#10852,#10853);
#9775=AXIS2_PLACEMENT_3D('',#13801,#10854,#10855);
#9776=AXIS2_PLACEMENT_3D('',#13803,#10856,#10857);
#9777=AXIS2_PLACEMENT_3D('',#13805,#10858,#10859);
#9778=AXIS2_PLACEMENT_3D('',#13807,#10860,#10861);
#9779=AXIS2_PLACEMENT_3D('',#13811,#10863,#10864);
#9780=AXIS2_PLACEMENT_3D('',#13813,#10865,#10866);
#9781=AXIS2_PLACEMENT_3D('',#13815,#10867,#10868);
#9782=AXIS2_PLACEMENT_3D('',#13819,#10870,#10871);
#9783=AXIS2_PLACEMENT_3D('',#13821,#10872,#10873);
#9784=AXIS2_PLACEMENT_3D('',#13823,#10874,#10875);
#9785=AXIS2_PLACEMENT_3D('',#13825,#10876,#10877);
#9786=AXIS2_PLACEMENT_3D('',#13827,#10878,#10879);
#9787=AXIS2_PLACEMENT_3D('',#13837,#10881,#10882);
#9788=AXIS2_PLACEMENT_3D('',#13839,#10883,#10884);
#9789=AXIS2_PLACEMENT_3D('',#13841,#10885,#10886);
#9790=AXIS2_PLACEMENT_3D('',#13843,#10887,#10888);
#9791=AXIS2_PLACEMENT_3D('',#13845,#10889,#10890);
#9792=AXIS2_PLACEMENT_3D('',#13847,#10891,#10892);
#9793=AXIS2_PLACEMENT_3D('',#13849,#10893,#10894);
#9794=AXIS2_PLACEMENT_3D('',#13851,#10895,#10896);
#9795=AXIS2_PLACEMENT_3D('',#13853,#10897,#10898);
#9796=AXIS2_PLACEMENT_3D('',#13880,#10912,#10913);
#9797=AXIS2_PLACEMENT_3D('',#13883,#10914,#10915);
#9798=AXIS2_PLACEMENT_3D('',#13885,#10916,#10917);
#9799=AXIS2_PLACEMENT_3D('',#13887,#10918,#10919);
#9800=AXIS2_PLACEMENT_3D('',#13889,#10920,#10921);
#9801=AXIS2_PLACEMENT_3D('',#13891,#10922,#10923);
#9802=AXIS2_PLACEMENT_3D('',#13893,#10924,#10925);
#9803=AXIS2_PLACEMENT_3D('',#13895,#10926,#10927);
#9804=AXIS2_PLACEMENT_3D('',#13897,#10928,#10929);
#9805=AXIS2_PLACEMENT_3D('',#13899,#10930,#10931);
#9806=AXIS2_PLACEMENT_3D('',#13901,#10932,#10933);
#9807=AXIS2_PLACEMENT_3D('',#13905,#10935,#10936);
#9808=AXIS2_PLACEMENT_3D('',#13907,#10937,#10938);
#9809=AXIS2_PLACEMENT_3D('',#13909,#10939,#10940);
#9810=AXIS2_PLACEMENT_3D('',#13911,#10941,#10942);
#9811=AXIS2_PLACEMENT_3D('',#13913,#10943,#10944);
#9812=AXIS2_PLACEMENT_3D('',#13915,#10945,#10946);
#9813=AXIS2_PLACEMENT_3D('',#13917,#10947,#10948);
#9814=AXIS2_PLACEMENT_3D('',#13919,#10949,#10950);
#9815=AXIS2_PLACEMENT_3D('',#13921,#10951,#10952);
#9816=AXIS2_PLACEMENT_3D('',#13923,#10953,#10954);
#9817=AXIS2_PLACEMENT_3D('',#13925,#10955,#10956);
#9818=AXIS2_PLACEMENT_3D('',#13927,#10957,#10958);
#9819=AXIS2_PLACEMENT_3D('',#13931,#10960,#10961);
#9820=AXIS2_PLACEMENT_3D('',#13937,#10964,#10965);
#9821=AXIS2_PLACEMENT_3D('',#13939,#10966,#10967);
#9822=AXIS2_PLACEMENT_3D('',#13941,#10968,#10969);
#9823=AXIS2_PLACEMENT_3D('',#13945,#10971,#10972);
#9824=AXIS2_PLACEMENT_3D('',#13947,#10973,#10974);
#9825=AXIS2_PLACEMENT_3D('',#13949,#10975,#10976);
#9826=AXIS2_PLACEMENT_3D('',#13951,#10977,#10978);
#9827=AXIS2_PLACEMENT_3D('',#13953,#10979,#10980);
#9828=AXIS2_PLACEMENT_3D('',#13955,#10981,#10982);
#9829=AXIS2_PLACEMENT_3D('',#13959,#10984,#10985);
#9830=AXIS2_PLACEMENT_3D('',#13961,#10986,#10987);
#9831=AXIS2_PLACEMENT_3D('',#13965,#10989,#10990);
#9832=AXIS2_PLACEMENT_3D('',#13967,#10991,#10992);
#9833=AXIS2_PLACEMENT_3D('',#13969,#10993,#10994);
#9834=AXIS2_PLACEMENT_3D('',#13971,#10995,#10996);
#9835=AXIS2_PLACEMENT_3D('',#13973,#10997,#10998);
#9836=AXIS2_PLACEMENT_3D('',#13975,#10999,#11000);
#9837=AXIS2_PLACEMENT_3D('',#13977,#11001,#11002);
#9838=AXIS2_PLACEMENT_3D('',#13983,#11005,#11006);
#9839=AXIS2_PLACEMENT_3D('',#13985,#11007,#11008);
#9840=AXIS2_PLACEMENT_3D('',#13987,#11009,#11010);
#9841=AXIS2_PLACEMENT_3D('',#13989,#11011,#11012);
#9842=AXIS2_PLACEMENT_3D('',#13991,#11013,#11014);
#9843=AXIS2_PLACEMENT_3D('',#13993,#11015,#11016);
#9844=AXIS2_PLACEMENT_3D('',#13995,#11017,#11018);
#9845=AXIS2_PLACEMENT_3D('',#13997,#11019,#11020);
#9846=AXIS2_PLACEMENT_3D('',#13999,#11021,#11022);
#9847=AXIS2_PLACEMENT_3D('',#14001,#11023,#11024);
#9848=AXIS2_PLACEMENT_3D('',#14002,#11025,#11026);
#9849=AXIS2_PLACEMENT_3D('',#14005,#11027,#11028);
#9850=AXIS2_PLACEMENT_3D('',#14007,#11029,#11030);
#9851=AXIS2_PLACEMENT_3D('',#14013,#11033,#11034);
#9852=AXIS2_PLACEMENT_3D('',#14015,#11035,#11036);
#9853=AXIS2_PLACEMENT_3D('',#14017,#11037,#11038);
#9854=AXIS2_PLACEMENT_3D('',#14019,#11039,#11040);
#9855=AXIS2_PLACEMENT_3D('',#14021,#11041,#11042);
#9856=AXIS2_PLACEMENT_3D('',#14023,#11043,#11044);
#9857=AXIS2_PLACEMENT_3D('',#14025,#11045,#11046);
#9858=AXIS2_PLACEMENT_3D('',#14027,#11047,#11048);
#9859=AXIS2_PLACEMENT_3D('',#14035,#11052,#11053);
#9860=AXIS2_PLACEMENT_3D('',#14037,#11054,#11055);
#9861=AXIS2_PLACEMENT_3D('',#14039,#11056,#11057);
#9862=AXIS2_PLACEMENT_3D('',#14043,#11059,#11060);
#9863=AXIS2_PLACEMENT_3D('',#14045,#11061,#11062);
#9864=AXIS2_PLACEMENT_3D('',#14049,#11064,#11065);
#9865=AXIS2_PLACEMENT_3D('',#14051,#11066,#11067);
#9866=AXIS2_PLACEMENT_3D('',#14053,#11068,#11069);
#9867=AXIS2_PLACEMENT_3D('',#14059,#11072,#11073);
#9868=AXIS2_PLACEMENT_3D('',#14061,#11074,#11075);
#9869=AXIS2_PLACEMENT_3D('',#14063,#11076,#11077);
#9870=AXIS2_PLACEMENT_3D('',#14065,#11078,#11079);
#9871=AXIS2_PLACEMENT_3D('',#14067,#11080,#11081);
#9872=AXIS2_PLACEMENT_3D('',#14069,#11082,#11083);
#9873=AXIS2_PLACEMENT_3D('',#14073,#11085,#11086);
#9874=AXIS2_PLACEMENT_3D('',#14075,#11087,#11088);
#9875=AXIS2_PLACEMENT_3D('',#14077,#11089,#11090);
#9876=AXIS2_PLACEMENT_3D('',#14079,#11091,#11092);
#9877=AXIS2_PLACEMENT_3D('',#14081,#11093,#11094);
#9878=AXIS2_PLACEMENT_3D('',#14105,#11102,#11103);
#9879=AXIS2_PLACEMENT_3D('',#14107,#11104,#11105);
#9880=AXIS2_PLACEMENT_3D('',#14109,#11106,#11107);
#9881=AXIS2_PLACEMENT_3D('',#14113,#11109,#11110);
#9882=AXIS2_PLACEMENT_3D('',#14115,#11111,#11112);
#9883=AXIS2_PLACEMENT_3D('',#14117,#11113,#11114);
#9884=AXIS2_PLACEMENT_3D('',#14119,#11115,#11116);
#9885=AXIS2_PLACEMENT_3D('',#14121,#11117,#11118);
#9886=AXIS2_PLACEMENT_3D('',#14127,#11119,#11120);
#9887=AXIS2_PLACEMENT_3D('',#14129,#11121,#11122);
#9888=AXIS2_PLACEMENT_3D('',#14131,#11123,#11124);
#9889=AXIS2_PLACEMENT_3D('',#14139,#11128,#11129);
#9890=AXIS2_PLACEMENT_3D('',#14141,#11130,#11131);
#9891=AXIS2_PLACEMENT_3D('',#14143,#11132,#11133);
#9892=AXIS2_PLACEMENT_3D('',#14145,#11134,#11135);
#9893=AXIS2_PLACEMENT_3D('',#14149,#11137,#11138);
#9894=AXIS2_PLACEMENT_3D('',#14151,#11139,#11140);
#9895=AXIS2_PLACEMENT_3D('',#14153,#11141,#11142);
#9896=AXIS2_PLACEMENT_3D('',#14155,#11143,#11144);
#9897=AXIS2_PLACEMENT_3D('',#14161,#11145,#11146);
#9898=AXIS2_PLACEMENT_3D('',#14165,#11148,#11149);
#9899=AXIS2_PLACEMENT_3D('',#14167,#11150,#11151);
#9900=AXIS2_PLACEMENT_3D('',#14171,#11153,#11154);
#9901=AXIS2_PLACEMENT_3D('',#14177,#11155,#11156);
#9902=AXIS2_PLACEMENT_3D('',#14179,#11157,#11158);
#9903=AXIS2_PLACEMENT_3D('',#14181,#11159,#11160);
#9904=AXIS2_PLACEMENT_3D('',#14183,#11161,#11162);
#9905=AXIS2_PLACEMENT_3D('',#14185,#11163,#11164);
#9906=AXIS2_PLACEMENT_3D('',#14187,#11165,#11166);
#9907=AXIS2_PLACEMENT_3D('',#14191,#11168,#11169);
#9908=AXIS2_PLACEMENT_3D('',#14193,#11170,#11171);
#9909=AXIS2_PLACEMENT_3D('',#14195,#11172,#11173);
#9910=AXIS2_PLACEMENT_3D('',#14197,#11174,#11175);
#9911=AXIS2_PLACEMENT_3D('',#14199,#11176,#11177);
#9912=AXIS2_PLACEMENT_3D('',#14201,#11178,#11179);
#9913=AXIS2_PLACEMENT_3D('',#14203,#11180,#11181);
#9914=AXIS2_PLACEMENT_3D('',#14205,#11182,#11183);
#9915=AXIS2_PLACEMENT_3D('',#14207,#11184,#11185);
#9916=AXIS2_PLACEMENT_3D('',#14209,#11186,#11187);
#9917=AXIS2_PLACEMENT_3D('',#14225,#11189,#11190);
#9918=AXIS2_PLACEMENT_3D('',#14227,#11191,#11192);
#9919=AXIS2_PLACEMENT_3D('',#14229,#11193,#11194);
#9920=AXIS2_PLACEMENT_3D('',#14231,#11195,#11196);
#9921=AXIS2_PLACEMENT_3D('',#14241,#11197,#11198);
#9922=AXIS2_PLACEMENT_3D('',#14243,#11199,#11200);
#9923=AXIS2_PLACEMENT_3D('',#14245,#11201,#11202);
#9924=AXIS2_PLACEMENT_3D('',#14253,#11206,#11207);
#9925=AXIS2_PLACEMENT_3D('',#14255,#11208,#11209);
#9926=AXIS2_PLACEMENT_3D('',#14257,#11210,#11211);
#9927=AXIS2_PLACEMENT_3D('',#14271,#11218,#11219);
#9928=AXIS2_PLACEMENT_3D('',#14279,#11221,#11222);
#9929=AXIS2_PLACEMENT_3D('',#14281,#11223,#11224);
#9930=AXIS2_PLACEMENT_3D('',#14283,#11225,#11226);
#9931=AXIS2_PLACEMENT_3D('',#14289,#11227,#11228);
#9932=AXIS2_PLACEMENT_3D('',#14291,#11229,#11230);
#9933=AXIS2_PLACEMENT_3D('',#14293,#11231,#11232);
#9934=AXIS2_PLACEMENT_3D('',#14295,#11233,#11234);
#9935=AXIS2_PLACEMENT_3D('',#14299,#11236,#11237);
#9936=AXIS2_PLACEMENT_3D('',#14305,#11238,#11239);
#9937=AXIS2_PLACEMENT_3D('',#14307,#11240,#11241);
#9938=AXIS2_PLACEMENT_3D('',#14309,#11242,#11243);
#9939=AXIS2_PLACEMENT_3D('',#14311,#11244,#11245);
#9940=AXIS2_PLACEMENT_3D('',#14313,#11246,#11247);
#9941=AXIS2_PLACEMENT_3D('',#14315,#11248,#11249);
#9942=AXIS2_PLACEMENT_3D('',#14317,#11250,#11251);
#9943=AXIS2_PLACEMENT_3D('',#14319,#11252,#11253);
#9944=AXIS2_PLACEMENT_3D('',#14323,#11255,#11256);
#9945=AXIS2_PLACEMENT_3D('',#14325,#11257,#11258);
#9946=AXIS2_PLACEMENT_3D('',#14327,#11259,#11260);
#9947=AXIS2_PLACEMENT_3D('',#14329,#11261,#11262);
#9948=AXIS2_PLACEMENT_3D('',#14331,#11263,#11264);
#9949=AXIS2_PLACEMENT_3D('',#14333,#11265,#11266);
#9950=AXIS2_PLACEMENT_3D('',#14335,#11267,#11268);
#9951=AXIS2_PLACEMENT_3D('',#14339,#11270,#11271);
#9952=AXIS2_PLACEMENT_3D('',#14341,#11272,#11273);
#9953=AXIS2_PLACEMENT_3D('',#14343,#11274,#11275);
#9954=AXIS2_PLACEMENT_3D('',#14345,#11276,#11277);
#9955=AXIS2_PLACEMENT_3D('',#14347,#11278,#11279);
#9956=AXIS2_PLACEMENT_3D('',#14355,#11283,#11284);
#9957=AXIS2_PLACEMENT_3D('',#14357,#11285,#11286);
#9958=AXIS2_PLACEMENT_3D('',#14359,#11287,#11288);
#9959=AXIS2_PLACEMENT_3D('',#14361,#11289,#11290);
#9960=AXIS2_PLACEMENT_3D('',#14375,#11297,#11298);
#9961=AXIS2_PLACEMENT_3D('',#14377,#11299,#11300);
#9962=AXIS2_PLACEMENT_3D('',#14379,#11301,#11302);
#9963=AXIS2_PLACEMENT_3D('',#14381,#11303,#11304);
#9964=AXIS2_PLACEMENT_3D('',#14387,#11305,#11306);
#9965=AXIS2_PLACEMENT_3D('',#14389,#11307,#11308);
#9966=AXIS2_PLACEMENT_3D('',#14391,#11309,#11310);
#9967=AXIS2_PLACEMENT_3D('',#14393,#11311,#11312);
#9968=AXIS2_PLACEMENT_3D('',#14395,#11313,#11314);
#9969=AXIS2_PLACEMENT_3D('',#14397,#11315,#11316);
#9970=AXIS2_PLACEMENT_3D('',#14401,#11318,#11319);
#9971=AXIS2_PLACEMENT_3D('',#14403,#11320,#11321);
#9972=AXIS2_PLACEMENT_3D('',#14405,#11322,#11323);
#9973=AXIS2_PLACEMENT_3D('',#14407,#11324,#11325);
#9974=AXIS2_PLACEMENT_3D('',#14409,#11326,#11327);
#9975=AXIS2_PLACEMENT_3D('',#14411,#11328,#11329);
#9976=AXIS2_PLACEMENT_3D('',#14413,#11330,#11331);
#9977=AXIS2_PLACEMENT_3D('',#14415,#11332,#11333);
#9978=AXIS2_PLACEMENT_3D('',#14417,#11334,#11335);
#9979=AXIS2_PLACEMENT_3D('',#14435,#11344,#11345);
#9980=AXIS2_PLACEMENT_3D('',#14437,#11346,#11347);
#9981=AXIS2_PLACEMENT_3D('',#14439,#11348,#11349);
#9982=AXIS2_PLACEMENT_3D('',#14441,#11350,#11351);
#9983=AXIS2_PLACEMENT_3D('',#14447,#11352,#11353);
#9984=AXIS2_PLACEMENT_3D('',#14449,#11354,#11355);
#9985=AXIS2_PLACEMENT_3D('',#14451,#11356,#11357);
#9986=AXIS2_PLACEMENT_3D('',#14453,#11358,#11359);
#9987=AXIS2_PLACEMENT_3D('',#14455,#11360,#11361);
#9988=AXIS2_PLACEMENT_3D('',#14457,#11362,#11363);
#9989=AXIS2_PLACEMENT_3D('',#14461,#11365,#11366);
#9990=AXIS2_PLACEMENT_3D('',#14463,#11367,#11368);
#9991=AXIS2_PLACEMENT_3D('',#14465,#11369,#11370);
#9992=AXIS2_PLACEMENT_3D('',#14467,#11371,#11372);
#9993=AXIS2_PLACEMENT_3D('',#14469,#11373,#11374);
#9994=AXIS2_PLACEMENT_3D('',#14471,#11375,#11376);
#9995=AXIS2_PLACEMENT_3D('',#14473,#11377,#11378);
#9996=AXIS2_PLACEMENT_3D('',#14475,#11379,#11380);
#9997=AXIS2_PLACEMENT_3D('',#14477,#11381,#11382);
#9998=AXIS2_PLACEMENT_3D('',#14522,#11405,#11406);
#9999=AXIS2_PLACEMENT_3D('',#14528,#11410,#11411);
#10000=AXIS2_PLACEMENT_3D('',#14532,#11414,#11415);
#10001=AXIS2_PLACEMENT_3D('',#14536,#11418,#11419);
#10002=AXIS2_PLACEMENT_3D('',#14538,#11421,#11422);
#10003=AXIS2_PLACEMENT_3D('',#14539,#11423,#11424);
#10004=AXIS2_PLACEMENT_3D('',#14541,#11425,#11426);
#10005=AXIS2_PLACEMENT_3D('',#14543,#11427,#11428);
#10006=AXIS2_PLACEMENT_3D('',#14545,#11429,#11430);
#10007=AXIS2_PLACEMENT_3D('',#14547,#11431,#11432);
#10008=AXIS2_PLACEMENT_3D('',#14548,#11433,#11434);
#10009=AXIS2_PLACEMENT_3D('',#14549,#11435,#11436);
#10010=AXIS2_PLACEMENT_3D('',#14550,#11437,#11438);
#10011=AXIS2_PLACEMENT_3D('',#14551,#11439,#11440);
#10012=AXIS2_PLACEMENT_3D('',#14554,#11442,#11443);
#10013=AXIS2_PLACEMENT_3D('',#14557,#11445,#11446);
#10014=AXIS2_PLACEMENT_3D('',#14560,#11448,#11449);
#10015=AXIS2_PLACEMENT_3D('',#14561,#11450,#11451);
#10016=AXIS2_PLACEMENT_3D('',#14564,#11453,#11454);
#10017=AXIS2_PLACEMENT_3D('',#14565,#11455,#11456);
#10018=AXIS2_PLACEMENT_3D('',#14568,#11458,#11459);
#10019=AXIS2_PLACEMENT_3D('',#14569,#11460,#11461);
#10020=AXIS2_PLACEMENT_3D('',#14572,#11463,#11464);
#10021=AXIS2_PLACEMENT_3D('',#14586,#11466,#11467);
#10022=AXIS2_PLACEMENT_3D('',#14589,#11469,#11470);
#10023=AXIS2_PLACEMENT_3D('',#14590,#11471,#11472);
#10024=AXIS2_PLACEMENT_3D('',#14593,#11474,#11475);
#10025=AXIS2_PLACEMENT_3D('',#14594,#11476,#11477);
#10026=AXIS2_PLACEMENT_3D('',#14597,#11479,#11480);
#10027=AXIS2_PLACEMENT_3D('',#14598,#11481,#11482);
#10028=AXIS2_PLACEMENT_3D('',#14602,#11485,#11486);
#10029=AXIS2_PLACEMENT_3D('',#14606,#11489,#11490);
#10030=AXIS2_PLACEMENT_3D('',#14636,#11495,#11496);
#10031=AXIS2_PLACEMENT_3D('',#14639,#11498,#11499);
#10032=AXIS2_PLACEMENT_3D('',#14640,#11500,#11501);
#10033=AXIS2_PLACEMENT_3D('',#14643,#11503,#11504);
#10034=AXIS2_PLACEMENT_3D('',#14657,#11506,#11507);
#10035=AXIS2_PLACEMENT_3D('',#14660,#11509,#11510);
#10036=AXIS2_PLACEMENT_3D('',#14661,#11511,#11512);
#10037=AXIS2_PLACEMENT_3D('',#14664,#11514,#11515);
#10038=AXIS2_PLACEMENT_3D('',#14665,#11516,#11517);
#10039=AXIS2_PLACEMENT_3D('',#14668,#11519,#11520);
#10040=AXIS2_PLACEMENT_3D('',#14669,#11521,#11522);
#10041=AXIS2_PLACEMENT_3D('',#14673,#11525,#11526);
#10042=AXIS2_PLACEMENT_3D('',#14677,#11529,#11530);
#10043=AXIS2_PLACEMENT_3D('',#14733,#11537,#11538);
#10044=AXIS2_PLACEMENT_3D('',#14737,#11541,#11542);
#10045=AXIS2_PLACEMENT_3D('',#14741,#11545,#11546);
#10046=AXIS2_PLACEMENT_3D('',#14745,#11549,#11550);
#10047=AXIS2_PLACEMENT_3D('',#14748,#11552,#11553);
#10048=AXIS2_PLACEMENT_3D('',#14749,#11554,#11555);
#10049=AXIS2_PLACEMENT_3D('',#14752,#11557,#11558);
#10050=AXIS2_PLACEMENT_3D('',#14753,#11559,#11560);
#10051=AXIS2_PLACEMENT_3D('',#14756,#11562,#11563);
#10052=AXIS2_PLACEMENT_3D('',#14757,#11564,#11565);
#10053=AXIS2_PLACEMENT_3D('',#14760,#11567,#11568);
#10054=AXIS2_PLACEMENT_3D('',#14761,#11569,#11570);
#10055=AXIS2_PLACEMENT_3D('',#14764,#11572,#11573);
#10056=AXIS2_PLACEMENT_3D('',#14778,#11575,#11576);
#10057=AXIS2_PLACEMENT_3D('',#14781,#11578,#11579);
#10058=AXIS2_PLACEMENT_3D('',#14782,#11580,#11581);
#10059=AXIS2_PLACEMENT_3D('',#14785,#11583,#11584);
#10060=AXIS2_PLACEMENT_3D('',#14786,#11585,#11586);
#10061=AXIS2_PLACEMENT_3D('',#14787,#11587,#11588);
#10062=AXIS2_PLACEMENT_3D('',#14788,#11589,#11590);
#10063=AXIS2_PLACEMENT_3D('',#14789,#11591,#11592);
#10064=AXIS2_PLACEMENT_3D('',#14792,#11594,#11595);
#10065=AXIS2_PLACEMENT_3D('',#14795,#11597,#11598);
#10066=AXIS2_PLACEMENT_3D('',#14798,#11600,#11601);
#10067=AXIS2_PLACEMENT_3D('',#14799,#11602,#11603);
#10068=AXIS2_PLACEMENT_3D('',#14802,#11605,#11606);
#10069=AXIS2_PLACEMENT_3D('',#14803,#11607,#11608);
#10070=AXIS2_PLACEMENT_3D('',#14806,#11610,#11611);
#10071=AXIS2_PLACEMENT_3D('',#14807,#11612,#11613);
#10072=AXIS2_PLACEMENT_3D('',#14810,#11615,#11616);
#10073=AXIS2_PLACEMENT_3D('',#14811,#11617,#11618);
#10074=AXIS2_PLACEMENT_3D('',#14815,#11621,#11622);
#10075=AXIS2_PLACEMENT_3D('',#14818,#11624,#11625);
#10076=AXIS2_PLACEMENT_3D('',#14819,#11626,#11627);
#10077=AXIS2_PLACEMENT_3D('',#14822,#11629,#11630);
#10078=AXIS2_PLACEMENT_3D('',#14823,#11631,#11632);
#10079=AXIS2_PLACEMENT_3D('',#14826,#11634,#11635);
#10080=AXIS2_PLACEMENT_3D('',#14827,#11636,#11637);
#10081=AXIS2_PLACEMENT_3D('',#14830,#11639,#11640);
#10082=AXIS2_PLACEMENT_3D('',#14831,#11641,#11642);
#10083=AXIS2_PLACEMENT_3D('',#14834,#11644,#11645);
#10084=AXIS2_PLACEMENT_3D('',#14835,#11646,#11647);
#10085=AXIS2_PLACEMENT_3D('',#14838,#11649,#11650);
#10086=AXIS2_PLACEMENT_3D('',#14839,#11651,#11652);
#10087=AXIS2_PLACEMENT_3D('',#14843,#11655,#11656);
#10088=AXIS2_PLACEMENT_3D('',#14847,#11659,#11660);
#10089=AXIS2_PLACEMENT_3D('',#14851,#11663,#11664);
#10090=AXIS2_PLACEMENT_3D('',#14854,#11666,#11667);
#10091=AXIS2_PLACEMENT_3D('',#14855,#11668,#11669);
#10092=AXIS2_PLACEMENT_3D('',#14858,#11671,#11672);
#10093=AXIS2_PLACEMENT_3D('',#14859,#11673,#11674);
#10094=AXIS2_PLACEMENT_3D('',#14860,#11675,#11676);
#10095=AXIS2_PLACEMENT_3D('',#14861,#11677,#11678);
#10096=AXIS2_PLACEMENT_3D('',#14862,#11679,#11680);
#10097=AXIS2_PLACEMENT_3D('',#14865,#11682,#11683);
#10098=AXIS2_PLACEMENT_3D('',#14868,#11685,#11686);
#10099=AXIS2_PLACEMENT_3D('',#14872,#11689,#11690);
#10100=AXIS2_PLACEMENT_3D('',#14876,#11693,#11694);
#10101=AXIS2_PLACEMENT_3D('',#14880,#11697,#11698);
#10102=AXIS2_PLACEMENT_3D('',#14884,#11701,#11702);
#10103=AXIS2_PLACEMENT_3D('',#14887,#11704,#11705);
#10104=AXIS2_PLACEMENT_3D('',#14888,#11706,#11707);
#10105=AXIS2_PLACEMENT_3D('',#14891,#11709,#11710);
#10106=AXIS2_PLACEMENT_3D('',#14892,#11711,#11712);
#10107=AXIS2_PLACEMENT_3D('',#14895,#11714,#11715);
#10108=AXIS2_PLACEMENT_3D('',#14896,#11716,#11717);
#10109=AXIS2_PLACEMENT_3D('',#14899,#11719,#11720);
#10110=AXIS2_PLACEMENT_3D('',#14900,#11721,#11722);
#10111=AXIS2_PLACEMENT_3D('',#14903,#11724,#11725);
#10112=AXIS2_PLACEMENT_3D('',#14904,#11726,#11727);
#10113=AXIS2_PLACEMENT_3D('',#14907,#11729,#11730);
#10114=AXIS2_PLACEMENT_3D('',#14908,#11731,#11732);
#10115=AXIS2_PLACEMENT_3D('',#14911,#11734,#11735);
#10116=AXIS2_PLACEMENT_3D('',#14912,#11736,#11737);
#10117=AXIS2_PLACEMENT_3D('',#14915,#11739,#11740);
#10118=AXIS2_PLACEMENT_3D('',#14916,#11741,#11742);
#10119=AXIS2_PLACEMENT_3D('',#14919,#11744,#11745);
#10120=AXIS2_PLACEMENT_3D('',#14920,#11746,#11747);
#10121=AXIS2_PLACEMENT_3D('',#14924,#11750,#11751);
#10122=AXIS2_PLACEMENT_3D('',#14932,#11753,#11754);
#10123=AXIS2_PLACEMENT_3D('',#14935,#11756,#11757);
#10124=AXIS2_PLACEMENT_3D('',#14936,#11758,#11759);
#10125=AXIS2_PLACEMENT_3D('',#14939,#11761,#11762);
#10126=AXIS2_PLACEMENT_3D('',#14940,#11763,#11764);
#10127=AXIS2_PLACEMENT_3D('',#14943,#11766,#11767);
#10128=AXIS2_PLACEMENT_3D('',#14944,#11768,#11769);
#10129=AXIS2_PLACEMENT_3D('',#14945,#11770,#11771);
#10130=AXIS2_PLACEMENT_3D('',#14946,#11772,#11773);
#10131=AXIS2_PLACEMENT_3D('',#14947,#11774,#11775);
#10132=AXIS2_PLACEMENT_3D('',#14953,#11779,#11780);
#10133=AXIS2_PLACEMENT_3D('',#14957,#11783,#11784);
#10134=AXIS2_PLACEMENT_3D('',#14961,#11787,#11788);
#10135=AXIS2_PLACEMENT_3D('',#14965,#11791,#11792);
#10136=AXIS2_PLACEMENT_3D('',#14967,#11794,#11795);
#10137=AXIS2_PLACEMENT_3D('',#14968,#11796,#11797);
#10138=AXIS2_PLACEMENT_3D('',#14974,#11801,#11802);
#10139=AXIS2_PLACEMENT_3D('',#14978,#11805,#11806);
#10140=AXIS2_PLACEMENT_3D('',#14982,#11809,#11810);
#10141=AXIS2_PLACEMENT_3D('',#14986,#11813,#11814);
#10142=AXIS2_PLACEMENT_3D('',#14988,#11816,#11817);
#10143=AXIS2_PLACEMENT_3D('',#14989,#11818,#11819);
#10144=AXIS2_PLACEMENT_3D('',#14992,#11821,#11822);
#10145=AXIS2_PLACEMENT_3D('',#14995,#11824,#11825);
#10146=AXIS2_PLACEMENT_3D('',#14998,#11827,#11828);
#10147=AXIS2_PLACEMENT_3D('',#14999,#11829,#11830);
#10148=AXIS2_PLACEMENT_3D('',#15002,#11832,#11833);
#10149=AXIS2_PLACEMENT_3D('',#15003,#11834,#11835);
#10150=AXIS2_PLACEMENT_3D('',#15007,#11838,#11839);
#10151=AXIS2_PLACEMENT_3D('',#15010,#11841,#11842);
#10152=AXIS2_PLACEMENT_3D('',#15011,#11843,#11844);
#10153=AXIS2_PLACEMENT_3D('',#15014,#11846,#11847);
#10154=AXIS2_PLACEMENT_3D('',#15015,#11848,#11849);
#10155=AXIS2_PLACEMENT_3D('',#15018,#11851,#11852);
#10156=AXIS2_PLACEMENT_3D('',#15019,#11853,#11854);
#10157=AXIS2_PLACEMENT_3D('',#15022,#11856,#11857);
#10158=AXIS2_PLACEMENT_3D('',#15023,#11858,#11859);
#10159=AXIS2_PLACEMENT_3D('',#15026,#11861,#11862);
#10160=AXIS2_PLACEMENT_3D('',#15027,#11863,#11864);
#10161=AXIS2_PLACEMENT_3D('',#15030,#11866,#11867);
#10162=AXIS2_PLACEMENT_3D('',#15031,#11868,#11869);
#10163=AXIS2_PLACEMENT_3D('',#15034,#11871,#11872);
#10164=AXIS2_PLACEMENT_3D('',#15035,#11873,#11874);
#10165=AXIS2_PLACEMENT_3D('',#15038,#11876,#11877);
#10166=AXIS2_PLACEMENT_3D('',#15039,#11878,#11879);
#10167=AXIS2_PLACEMENT_3D('',#15042,#11881,#11882);
#10168=AXIS2_PLACEMENT_3D('',#15043,#11883,#11884);
#10169=AXIS2_PLACEMENT_3D('',#15046,#11886,#11887);
#10170=AXIS2_PLACEMENT_3D('',#15047,#11888,#11889);
#10171=AXIS2_PLACEMENT_3D('',#15050,#11891,#11892);
#10172=AXIS2_PLACEMENT_3D('',#15051,#11893,#11894);
#10173=AXIS2_PLACEMENT_3D('',#15054,#11896,#11897);
#10174=AXIS2_PLACEMENT_3D('',#15055,#11898,#11899);
#10175=AXIS2_PLACEMENT_3D('',#15059,#11902,#11903);
#10176=AXIS2_PLACEMENT_3D('',#15062,#11905,#11906);
#10177=AXIS2_PLACEMENT_3D('',#15063,#11907,#11908);
#10178=AXIS2_PLACEMENT_3D('',#15066,#11910,#11911);
#10179=AXIS2_PLACEMENT_3D('',#15067,#11912,#11913);
#10180=AXIS2_PLACEMENT_3D('',#15070,#11915,#11916);
#10181=AXIS2_PLACEMENT_3D('',#15071,#11917,#11918);
#10182=AXIS2_PLACEMENT_3D('',#15074,#11920,#11921);
#10183=AXIS2_PLACEMENT_3D('',#15075,#11922,#11923);
#10184=AXIS2_PLACEMENT_3D('',#15078,#11925,#11926);
#10185=AXIS2_PLACEMENT_3D('',#15079,#11927,#11928);
#10186=AXIS2_PLACEMENT_3D('',#15082,#11930,#11931);
#10187=AXIS2_PLACEMENT_3D('',#15083,#11932,#11933);
#10188=AXIS2_PLACEMENT_3D('',#15086,#11935,#11936);
#10189=AXIS2_PLACEMENT_3D('',#15087,#11937,#11938);
#10190=AXIS2_PLACEMENT_3D('',#15090,#11940,#11941);
#10191=AXIS2_PLACEMENT_3D('',#15091,#11942,#11943);
#10192=AXIS2_PLACEMENT_3D('',#15092,#11944,#11945);
#10193=AXIS2_PLACEMENT_3D('',#15093,#11946,#11947);
#10194=AXIS2_PLACEMENT_3D('',#15094,#11948,#11949);
#10195=AXIS2_PLACEMENT_3D('',#15100,#11953,#11954);
#10196=AXIS2_PLACEMENT_3D('',#15104,#11957,#11958);
#10197=AXIS2_PLACEMENT_3D('',#15107,#11960,#11961);
#10198=AXIS2_PLACEMENT_3D('',#15108,#11962,#11963);
#10199=AXIS2_PLACEMENT_3D('',#15111,#11965,#11966);
#10200=AXIS2_PLACEMENT_3D('',#15112,#11967,#11968);
#10201=AXIS2_PLACEMENT_3D('',#15115,#11970,#11971);
#10202=AXIS2_PLACEMENT_3D('',#15116,#11972,#11973);
#10203=AXIS2_PLACEMENT_3D('',#15119,#11975,#11976);
#10204=AXIS2_PLACEMENT_3D('',#15120,#11977,#11978);
#10205=AXIS2_PLACEMENT_3D('',#15123,#11980,#11981);
#10206=AXIS2_PLACEMENT_3D('',#15124,#11982,#11983);
#10207=AXIS2_PLACEMENT_3D('',#15127,#11985,#11986);
#10208=AXIS2_PLACEMENT_3D('',#15128,#11987,#11988);
#10209=AXIS2_PLACEMENT_3D('',#15131,#11990,#11991);
#10210=AXIS2_PLACEMENT_3D('',#15132,#11992,#11993);
#10211=AXIS2_PLACEMENT_3D('',#15135,#11995,#11996);
#10212=AXIS2_PLACEMENT_3D('',#15136,#11997,#11998);
#10213=AXIS2_PLACEMENT_3D('',#15139,#12000,#12001);
#10214=AXIS2_PLACEMENT_3D('',#15140,#12002,#12003);
#10215=AXIS2_PLACEMENT_3D('',#15143,#12005,#12006);
#10216=AXIS2_PLACEMENT_3D('',#15144,#12007,#12008);
#10217=AXIS2_PLACEMENT_3D('',#15148,#12011,#12012);
#10218=AXIS2_PLACEMENT_3D('',#15152,#12015,#12016);
#10219=AXIS2_PLACEMENT_3D('',#15155,#12018,#12019);
#10220=AXIS2_PLACEMENT_3D('',#15156,#12020,#12021);
#10221=AXIS2_PLACEMENT_3D('',#15159,#12023,#12024);
#10222=AXIS2_PLACEMENT_3D('',#15160,#12025,#12026);
#10223=AXIS2_PLACEMENT_3D('',#15163,#12028,#12029);
#10224=AXIS2_PLACEMENT_3D('',#15164,#12030,#12031);
#10225=AXIS2_PLACEMENT_3D('',#15167,#12033,#12034);
#10226=AXIS2_PLACEMENT_3D('',#15168,#12035,#12036);
#10227=AXIS2_PLACEMENT_3D('',#15171,#12038,#12039);
#10228=AXIS2_PLACEMENT_3D('',#15172,#12040,#12041);
#10229=AXIS2_PLACEMENT_3D('',#15175,#12043,#12044);
#10230=AXIS2_PLACEMENT_3D('',#15176,#12045,#12046);
#10231=AXIS2_PLACEMENT_3D('',#15179,#12048,#12049);
#10232=AXIS2_PLACEMENT_3D('',#15180,#12050,#12051);
#10233=AXIS2_PLACEMENT_3D('',#15184,#12054,#12055);
#10234=AXIS2_PLACEMENT_3D('',#15187,#12057,#12058);
#10235=AXIS2_PLACEMENT_3D('',#15188,#12059,#12060);
#10236=AXIS2_PLACEMENT_3D('',#15191,#12062,#12063);
#10237=AXIS2_PLACEMENT_3D('',#15192,#12064,#12065);
#10238=AXIS2_PLACEMENT_3D('',#15196,#12068,#12069);
#10239=AXIS2_PLACEMENT_3D('',#15199,#12071,#12072);
#10240=AXIS2_PLACEMENT_3D('',#15200,#12073,#12074);
#10241=AXIS2_PLACEMENT_3D('',#15203,#12076,#12077);
#10242=AXIS2_PLACEMENT_3D('',#15204,#12078,#12079);
#10243=AXIS2_PLACEMENT_3D('',#15207,#12081,#12082);
#10244=AXIS2_PLACEMENT_3D('',#15208,#12083,#12084);
#10245=AXIS2_PLACEMENT_3D('',#15211,#12086,#12087);
#10246=AXIS2_PLACEMENT_3D('',#15212,#12088,#12089);
#10247=AXIS2_PLACEMENT_3D('',#15215,#12091,#12092);
#10248=AXIS2_PLACEMENT_3D('',#15216,#12093,#12094);
#10249=AXIS2_PLACEMENT_3D('',#15219,#12096,#12097);
#10250=AXIS2_PLACEMENT_3D('',#15220,#12098,#12099);
#10251=AXIS2_PLACEMENT_3D('',#15224,#12102,#12103);
#10252=AXIS2_PLACEMENT_3D('',#15227,#12105,#12106);
#10253=AXIS2_PLACEMENT_3D('',#15228,#12107,#12108);
#10254=AXIS2_PLACEMENT_3D('',#15231,#12110,#12111);
#10255=AXIS2_PLACEMENT_3D('',#15232,#12112,#12113);
#10256=AXIS2_PLACEMENT_3D('',#15233,#12114,#12115);
#10257=AXIS2_PLACEMENT_3D('',#15234,#12116,#12117);
#10258=AXIS2_PLACEMENT_3D('',#15235,#12118,#12119);
#10259=AXIS2_PLACEMENT_3D('',#15238,#12121,#12122);
#10260=AXIS2_PLACEMENT_3D('',#15241,#12124,#12125);
#10261=AXIS2_PLACEMENT_3D('',#15244,#12127,#12128);
#10262=AXIS2_PLACEMENT_3D('',#15245,#12129,#12130);
#10263=AXIS2_PLACEMENT_3D('',#15248,#12132,#12133);
#10264=AXIS2_PLACEMENT_3D('',#15249,#12134,#12135);
#10265=AXIS2_PLACEMENT_3D('',#15252,#12137,#12138);
#10266=AXIS2_PLACEMENT_3D('',#15253,#12139,#12140);
#10267=AXIS2_PLACEMENT_3D('',#15256,#12142,#12143);
#10268=AXIS2_PLACEMENT_3D('',#15257,#12144,#12145);
#10269=AXIS2_PLACEMENT_3D('',#15261,#12148,#12149);
#10270=AXIS2_PLACEMENT_3D('',#15265,#12152,#12153);
#10271=AXIS2_PLACEMENT_3D('',#15269,#12156,#12157);
#10272=AXIS2_PLACEMENT_3D('',#15272,#12159,#12160);
#10273=AXIS2_PLACEMENT_3D('',#15273,#12161,#12162);
#10274=AXIS2_PLACEMENT_3D('',#15276,#12164,#12165);
#10275=AXIS2_PLACEMENT_3D('',#15277,#12166,#12167);
#10276=AXIS2_PLACEMENT_3D('',#15280,#12169,#12170);
#10277=AXIS2_PLACEMENT_3D('',#15281,#12171,#12172);
#10278=AXIS2_PLACEMENT_3D('',#15284,#12174,#12175);
#10279=AXIS2_PLACEMENT_3D('',#15285,#12176,#12177);
#10280=AXIS2_PLACEMENT_3D('',#15288,#12179,#12180);
#10281=AXIS2_PLACEMENT_3D('',#15289,#12181,#12182);
#10282=AXIS2_PLACEMENT_3D('',#15292,#12184,#12185);
#10283=AXIS2_PLACEMENT_3D('',#15293,#12186,#12187);
#10284=AXIS2_PLACEMENT_3D('',#15296,#12189,#12190);
#10285=AXIS2_PLACEMENT_3D('',#15297,#12191,#12192);
#10286=AXIS2_PLACEMENT_3D('',#15300,#12194,#12195);
#10287=AXIS2_PLACEMENT_3D('',#15301,#12196,#12197);
#10288=AXIS2_PLACEMENT_3D('',#15305,#12200,#12201);
#10289=AXIS2_PLACEMENT_3D('',#15309,#12204,#12205);
#10290=AXIS2_PLACEMENT_3D('',#15310,#12206,#12207);
#10291=AXIS2_PLACEMENT_3D('',#15311,#12208,#12209);
#10292=AXIS2_PLACEMENT_3D('',#15312,#12210,#12211);
#10293=AXIS2_PLACEMENT_3D('',#15315,#12213,#12214);
#10294=AXIS2_PLACEMENT_3D('',#15318,#12216,#12217);
#10295=AXIS2_PLACEMENT_3D('',#15322,#12220,#12221);
#10296=AXIS2_PLACEMENT_3D('',#15325,#12223,#12224);
#10297=AXIS2_PLACEMENT_3D('',#15326,#12225,#12226);
#10298=AXIS2_PLACEMENT_3D('',#15329,#12228,#12229);
#10299=AXIS2_PLACEMENT_3D('',#15330,#12230,#12231);
#10300=AXIS2_PLACEMENT_3D('',#15333,#12233,#12234);
#10301=AXIS2_PLACEMENT_3D('',#15334,#12235,#12236);
#10302=AXIS2_PLACEMENT_3D('',#15338,#12239,#12240);
#10303=AXIS2_PLACEMENT_3D('',#15339,#12241,#12242);
#10304=AXIS2_PLACEMENT_3D('',#15340,#12243,#12244);
#10305=AXIS2_PLACEMENT_3D('',#15341,#12245,#12246);
#10306=AXIS2_PLACEMENT_3D('',#15347,#12250,#12251);
#10307=AXIS2_PLACEMENT_3D('',#15351,#12254,#12255);
#10308=AXIS2_PLACEMENT_3D('',#15355,#12258,#12259);
#10309=AXIS2_PLACEMENT_3D('',#15372,#12263,#12264);
#10310=AXIS2_PLACEMENT_3D('',#15375,#12266,#12267);
#10311=AXIS2_PLACEMENT_3D('',#15376,#12268,#12269);
#10312=AXIS2_PLACEMENT_3D('',#15379,#12271,#12272);
#10313=AXIS2_PLACEMENT_3D('',#15380,#12273,#12274);
#10314=AXIS2_PLACEMENT_3D('',#15383,#12276,#12277);
#10315=AXIS2_PLACEMENT_3D('',#15384,#12278,#12279);
#10316=AXIS2_PLACEMENT_3D('',#15387,#12281,#12282);
#10317=AXIS2_PLACEMENT_3D('',#15388,#12283,#12284);
#10318=AXIS2_PLACEMENT_3D('',#15391,#12286,#12287);
#10319=AXIS2_PLACEMENT_3D('',#15392,#12288,#12289);
#10320=AXIS2_PLACEMENT_3D('',#15396,#12292,#12293);
#10321=AXIS2_PLACEMENT_3D('',#15399,#12295,#12296);
#10322=AXIS2_PLACEMENT_3D('',#15400,#12297,#12298);
#10323=AXIS2_PLACEMENT_3D('',#15403,#12300,#12301);
#10324=AXIS2_PLACEMENT_3D('',#15404,#12302,#12303);
#10325=AXIS2_PLACEMENT_3D('',#15407,#12305,#12306);
#10326=AXIS2_PLACEMENT_3D('',#15408,#12307,#12308);
#10327=AXIS2_PLACEMENT_3D('',#15411,#12310,#12311);
#10328=AXIS2_PLACEMENT_3D('',#15412,#12312,#12313);
#10329=AXIS2_PLACEMENT_3D('',#15415,#12315,#12316);
#10330=AXIS2_PLACEMENT_3D('',#15416,#12317,#12318);
#10331=AXIS2_PLACEMENT_3D('',#15417,#12319,#12320);
#10332=AXIS2_PLACEMENT_3D('',#15418,#12321,#12322);
#10333=AXIS2_PLACEMENT_3D('',#15419,#12323,#12324);
#10334=AXIS2_PLACEMENT_3D('',#15425,#12328,#12329);
#10335=AXIS2_PLACEMENT_3D('',#15429,#12332,#12333);
#10336=AXIS2_PLACEMENT_3D('',#15433,#12336,#12337);
#10337=AXIS2_PLACEMENT_3D('',#15435,#12339,#12340);
#10338=AXIS2_PLACEMENT_3D('',#15451,#12343,#12344);
#10339=AXIS2_PLACEMENT_3D('',#15455,#12347,#12348);
#10340=AXIS2_PLACEMENT_3D('',#15459,#12351,#12352);
#10341=AXIS2_PLACEMENT_3D('',#15463,#12355,#12356);
#10342=AXIS2_PLACEMENT_3D('',#15466,#12358,#12359);
#10343=AXIS2_PLACEMENT_3D('',#15467,#12360,#12361);
#10344=AXIS2_PLACEMENT_3D('',#15470,#12363,#12364);
#10345=AXIS2_PLACEMENT_3D('',#15471,#12365,#12366);
#10346=AXIS2_PLACEMENT_3D('',#15474,#12368,#12369);
#10347=AXIS2_PLACEMENT_3D('',#15488,#12371,#12372);
#10348=AXIS2_PLACEMENT_3D('',#15491,#12374,#12375);
#10349=AXIS2_PLACEMENT_3D('',#15492,#12376,#12377);
#10350=AXIS2_PLACEMENT_3D('',#15495,#12379,#12380);
#10351=AXIS2_PLACEMENT_3D('',#15496,#12381,#12382);
#10352=AXIS2_PLACEMENT_3D('',#15499,#12384,#12385);
#10353=AXIS2_PLACEMENT_3D('',#15500,#12386,#12387);
#10354=AXIS2_PLACEMENT_3D('',#15503,#12389,#12390);
#10355=AXIS2_PLACEMENT_3D('',#15504,#12391,#12392);
#10356=AXIS2_PLACEMENT_3D('',#15507,#12394,#12395);
#10357=AXIS2_PLACEMENT_3D('',#15508,#12396,#12397);
#10358=AXIS2_PLACEMENT_3D('',#15512,#12400,#12401);
#10359=AXIS2_PLACEMENT_3D('',#15515,#12403,#12404);
#10360=AXIS2_PLACEMENT_3D('',#15516,#12405,#12406);
#10361=AXIS2_PLACEMENT_3D('',#15519,#12408,#12409);
#10362=AXIS2_PLACEMENT_3D('',#15520,#12410,#12411);
#10363=AXIS2_PLACEMENT_3D('',#15521,#12412,#12413);
#10364=AXIS2_PLACEMENT_3D('',#15522,#12414,#12415);
#10365=AXIS2_PLACEMENT_3D('',#15523,#12416,#12417);
#10366=AXIS2_PLACEMENT_3D('',#15526,#12419,#12420);
#10367=AXIS2_PLACEMENT_3D('',#15529,#12422,#12423);
#10368=AXIS2_PLACEMENT_3D('',#15533,#12426,#12427);
#10369=AXIS2_PLACEMENT_3D('',#15536,#12429,#12430);
#10370=AXIS2_PLACEMENT_3D('',#15537,#12431,#12432);
#10371=AXIS2_PLACEMENT_3D('',#15540,#12434,#12435);
#10372=AXIS2_PLACEMENT_3D('',#15541,#12436,#12437);
#10373=AXIS2_PLACEMENT_3D('',#15544,#12439,#12440);
#10374=AXIS2_PLACEMENT_3D('',#15545,#12441,#12442);
#10375=AXIS2_PLACEMENT_3D('',#15548,#12444,#12445);
#10376=AXIS2_PLACEMENT_3D('',#15549,#12446,#12447);
#10377=AXIS2_PLACEMENT_3D('',#15552,#12449,#12450);
#10378=AXIS2_PLACEMENT_3D('',#15553,#12451,#12452);
#10379=AXIS2_PLACEMENT_3D('',#15556,#12454,#12455);
#10380=AXIS2_PLACEMENT_3D('',#15557,#12456,#12457);
#10381=AXIS2_PLACEMENT_3D('',#15560,#12459,#12460);
#10382=AXIS2_PLACEMENT_3D('',#15561,#12461,#12462);
#10383=AXIS2_PLACEMENT_3D('',#15564,#12464,#12465);
#10384=AXIS2_PLACEMENT_3D('',#15565,#12466,#12467);
#10385=AXIS2_PLACEMENT_3D('',#15568,#12469,#12470);
#10386=AXIS2_PLACEMENT_3D('',#15569,#12471,#12472);
#10387=AXIS2_PLACEMENT_3D('',#15572,#12474,#12475);
#10388=AXIS2_PLACEMENT_3D('',#15573,#12476,#12477);
#10389=AXIS2_PLACEMENT_3D('',#15577,#12480,#12481);
#10390=AXIS2_PLACEMENT_3D('',#15580,#12483,#12484);
#10391=AXIS2_PLACEMENT_3D('',#15581,#12485,#12486);
#10392=AXIS2_PLACEMENT_3D('',#15584,#12488,#12489);
#10393=AXIS2_PLACEMENT_3D('',#15585,#12490,#12491);
#10394=AXIS2_PLACEMENT_3D('',#15588,#12493,#12494);
#10395=AXIS2_PLACEMENT_3D('',#15589,#12495,#12496);
#10396=AXIS2_PLACEMENT_3D('',#15592,#12498,#12499);
#10397=AXIS2_PLACEMENT_3D('',#15593,#12500,#12501);
#10398=AXIS2_PLACEMENT_3D('',#15596,#12503,#12504);
#10399=AXIS2_PLACEMENT_3D('',#15597,#12505,#12506);
#10400=AXIS2_PLACEMENT_3D('',#15600,#12508,#12509);
#10401=AXIS2_PLACEMENT_3D('',#15614,#12511,#12512);
#10402=AXIS2_PLACEMENT_3D('',#15617,#12514,#12515);
#10403=AXIS2_PLACEMENT_3D('',#15618,#12516,#12517);
#10404=AXIS2_PLACEMENT_3D('',#15622,#12520,#12521);
#10405=AXIS2_PLACEMENT_3D('',#15625,#12523,#12524);
#10406=AXIS2_PLACEMENT_3D('',#15626,#12525,#12526);
#10407=AXIS2_PLACEMENT_3D('',#15629,#12528,#12529);
#10408=AXIS2_PLACEMENT_3D('',#15630,#12530,#12531);
#10409=AXIS2_PLACEMENT_3D('',#15634,#12534,#12535);
#10410=AXIS2_PLACEMENT_3D('',#15637,#12537,#12538);
#10411=AXIS2_PLACEMENT_3D('',#15651,#12540,#12541);
#10412=AXIS2_PLACEMENT_3D('',#15654,#12543,#12544);
#10413=AXIS2_PLACEMENT_3D('',#15655,#12545,#12546);
#10414=AXIS2_PLACEMENT_3D('',#15658,#12548,#12549);
#10415=AXIS2_PLACEMENT_3D('',#15659,#12550,#12551);
#10416=AXIS2_PLACEMENT_3D('',#15662,#12553,#12554);
#10417=AXIS2_PLACEMENT_3D('',#15663,#12555,#12556);
#10418=AXIS2_PLACEMENT_3D('',#15666,#12558,#12559);
#10419=AXIS2_PLACEMENT_3D('',#15667,#12560,#12561);
#10420=AXIS2_PLACEMENT_3D('',#15671,#12564,#12565);
#10421=AXIS2_PLACEMENT_3D('',#15674,#12567,#12568);
#10422=AXIS2_PLACEMENT_3D('',#15675,#12569,#12570);
#10423=AXIS2_PLACEMENT_3D('',#15678,#12572,#12573);
#10424=AXIS2_PLACEMENT_3D('',#15679,#12574,#12575);
#10425=AXIS2_PLACEMENT_3D('',#15680,#12576,#12577);
#10426=AXIS2_PLACEMENT_3D('',#15681,#12578,#12579);
#10427=AXIS2_PLACEMENT_3D('',#15710,#12583,#12584);
#10428=AXIS2_PLACEMENT_3D('',#15713,#12586,#12587);
#10429=AXIS2_PLACEMENT_3D('',#15714,#12588,#12589);
#10430=AXIS2_PLACEMENT_3D('',#15717,#12591,#12592);
#10431=AXIS2_PLACEMENT_3D('',#15718,#12593,#12594);
#10432=AXIS2_PLACEMENT_3D('',#15721,#12596,#12597);
#10433=AXIS2_PLACEMENT_3D('',#15722,#12598,#12599);
#10434=AXIS2_PLACEMENT_3D('',#15726,#12602,#12603);
#10435=AXIS2_PLACEMENT_3D('',#15730,#12606,#12607);
#10436=AXIS2_PLACEMENT_3D('',#15734,#12610,#12611);
#10437=AXIS2_PLACEMENT_3D('',#15737,#12613,#12614);
#10438=AXIS2_PLACEMENT_3D('',#15738,#12615,#12616);
#10439=AXIS2_PLACEMENT_3D('',#15741,#12618,#12619);
#10440=AXIS2_PLACEMENT_3D('',#15742,#12620,#12621);
#10441=AXIS2_PLACEMENT_3D('',#15745,#12623,#12624);
#10442=AXIS2_PLACEMENT_3D('',#15772,#12627,#12628);
#10443=AXIS2_PLACEMENT_3D('',#15775,#12630,#12631);
#10444=AXIS2_PLACEMENT_3D('',#15776,#12632,#12633);
#10445=AXIS2_PLACEMENT_3D('',#15779,#12635,#12636);
#10446=AXIS2_PLACEMENT_3D('',#15780,#12637,#12638);
#10447=AXIS2_PLACEMENT_3D('',#15783,#12640,#12641);
#10448=AXIS2_PLACEMENT_3D('',#15784,#12642,#12643);
#10449=AXIS2_PLACEMENT_3D('',#15787,#12645,#12646);
#10450=AXIS2_PLACEMENT_3D('',#15788,#12647,#12648);
#10451=AXIS2_PLACEMENT_3D('',#15803,#12651,#12652);
#10452=AXIS2_PLACEMENT_3D('',#15804,#12653,#12654);
#10453=AXIS2_PLACEMENT_3D('',#15810,#12658,#12659);
#10454=AXIS2_PLACEMENT_3D('',#15814,#12662,#12663);
#10455=AXIS2_PLACEMENT_3D('',#15818,#12666,#12667);
#10456=AXIS2_PLACEMENT_3D('',#15822,#12670,#12671);
#10457=AXIS2_PLACEMENT_3D('',#15824,#12673,#12674);
#10458=AXIS2_PLACEMENT_3D('',#15825,#12675,#12676);
#10459=AXIS2_PLACEMENT_3D('',#15828,#12678,#12679);
#10460=AXIS2_PLACEMENT_3D('',#15831,#12681,#12682);
#10461=AXIS2_PLACEMENT_3D('',#15835,#12685,#12686);
#10462=AXIS2_PLACEMENT_3D('',#15838,#12688,#12689);
#10463=AXIS2_PLACEMENT_3D('',#15839,#12690,#12691);
#10464=AXIS2_PLACEMENT_3D('',#15842,#12693,#12694);
#10465=AXIS2_PLACEMENT_3D('',#15843,#12695,#12696);
#10466=AXIS2_PLACEMENT_3D('',#15846,#12698,#12699);
#10467=AXIS2_PLACEMENT_3D('',#15847,#12700,#12701);
#10468=AXIS2_PLACEMENT_3D('',#15862,#12704,#12705);
#10469=AXIS2_PLACEMENT_3D('',#15863,#12706,#12707);
#10470=AXIS2_PLACEMENT_3D('',#15866,#12709,#12710);
#10471=AXIS2_PLACEMENT_3D('',#15882,#12713,#12714);
#10472=AXIS2_PLACEMENT_3D('',#15885,#12716,#12717);
#10473=AXIS2_PLACEMENT_3D('',#15886,#12718,#12719);
#10474=AXIS2_PLACEMENT_3D('',#15889,#12721,#12722);
#10475=AXIS2_PLACEMENT_3D('',#15890,#12723,#12724);
#10476=AXIS2_PLACEMENT_3D('',#15893,#12726,#12727);
#10477=AXIS2_PLACEMENT_3D('',#15894,#12728,#12729);
#10478=AXIS2_PLACEMENT_3D('',#15897,#12731,#12732);
#10479=AXIS2_PLACEMENT_3D('',#15898,#12733,#12734);
#10480=AXIS2_PLACEMENT_3D('',#15901,#12736,#12737);
#10481=AXIS2_PLACEMENT_3D('',#15902,#12738,#12739);
#10482=AXIS2_PLACEMENT_3D('',#15905,#12741,#12742);
#10483=AXIS2_PLACEMENT_3D('',#15906,#12743,#12744);
#10484=AXIS2_PLACEMENT_3D('',#15909,#12746,#12747);
#10485=AXIS2_PLACEMENT_3D('',#15910,#12748,#12749);
#10486=AXIS2_PLACEMENT_3D('',#15914,#12752,#12753);
#10487=AXIS2_PLACEMENT_3D('',#15917,#12755,#12756);
#10488=AXIS2_PLACEMENT_3D('',#15918,#12757,#12758);
#10489=AXIS2_PLACEMENT_3D('',#15921,#12760,#12761);
#10490=AXIS2_PLACEMENT_3D('',#15922,#12762,#12763);
#10491=AXIS2_PLACEMENT_3D('',#15925,#12765,#12766);
#10492=AXIS2_PLACEMENT_3D('',#15926,#12767,#12768);
#10493=AXIS2_PLACEMENT_3D('',#15929,#12770,#12771);
#10494=AXIS2_PLACEMENT_3D('',#15930,#12772,#12773);
#10495=AXIS2_PLACEMENT_3D('',#15933,#12775,#12776);
#10496=AXIS2_PLACEMENT_3D('',#15934,#12777,#12778);
#10497=AXIS2_PLACEMENT_3D('',#15937,#12780,#12781);
#10498=AXIS2_PLACEMENT_3D('',#15938,#12782,#12783);
#10499=AXIS2_PLACEMENT_3D('',#15941,#12785,#12786);
#10500=AXIS2_PLACEMENT_3D('',#15942,#12787,#12788);
#10501=AXIS2_PLACEMENT_3D('',#15945,#12790,#12791);
#10502=AXIS2_PLACEMENT_3D('',#15959,#12793,#12794);
#10503=AXIS2_PLACEMENT_3D('',#15962,#12796,#12797);
#10504=AXIS2_PLACEMENT_3D('',#15963,#12798,#12799);
#10505=AXIS2_PLACEMENT_3D('',#15967,#12802,#12803);
#10506=AXIS2_PLACEMENT_3D('',#15970,#12805,#12806);
#10507=AXIS2_PLACEMENT_3D('',#15971,#12807,#12808);
#10508=AXIS2_PLACEMENT_3D('',#15974,#12810,#12811);
#10509=AXIS2_PLACEMENT_3D('',#15975,#12812,#12813);
#10510=AXIS2_PLACEMENT_3D('',#15976,#12814,#12815);
#10511=AXIS2_PLACEMENT_3D('',#15977,#12816,#12817);
#10512=AXIS2_PLACEMENT_3D('',#15978,#12818,#12819);
#10513=AXIS2_PLACEMENT_3D('',#15981,#12821,#12822);
#10514=AXIS2_PLACEMENT_3D('',#15984,#12824,#12825);
#10515=AXIS2_PLACEMENT_3D('',#15988,#12828,#12829);
#10516=AXIS2_PLACEMENT_3D('',#15991,#12831,#12832);
#10517=AXIS2_PLACEMENT_3D('',#15992,#12833,#12834);
#10518=AXIS2_PLACEMENT_3D('',#15995,#12836,#12837);
#10519=AXIS2_PLACEMENT_3D('',#15996,#12838,#12839);
#10520=AXIS2_PLACEMENT_3D('',#15999,#12841,#12842);
#10521=AXIS2_PLACEMENT_3D('',#16000,#12843,#12844);
#10522=AXIS2_PLACEMENT_3D('',#16003,#12846,#12847);
#10523=AXIS2_PLACEMENT_3D('',#16004,#12848,#12849);
#10524=AXIS2_PLACEMENT_3D('',#16008,#12852,#12853);
#10525=AXIS2_PLACEMENT_3D('',#16012,#12856,#12857);
#10526=AXIS2_PLACEMENT_3D('',#16016,#12860,#12861);
#10527=AXIS2_PLACEMENT_3D('',#16019,#12863,#12864);
#10528=AXIS2_PLACEMENT_3D('',#16020,#12865,#12866);
#10529=AXIS2_PLACEMENT_3D('',#16023,#12868,#12869);
#10530=AXIS2_PLACEMENT_3D('',#16024,#12870,#12871);
#10531=AXIS2_PLACEMENT_3D('',#16027,#12873,#12874);
#10532=AXIS2_PLACEMENT_3D('',#16028,#12875,#12876);
#10533=AXIS2_PLACEMENT_3D('',#16029,#12877,#12878);
#10534=AXIS2_PLACEMENT_3D('',#16030,#12879,#12880);
#10535=AXIS2_PLACEMENT_3D('',#16031,#12881,#12882);
#10536=AXIS2_PLACEMENT_3D('',#16037,#12886,#12887);
#10537=AXIS2_PLACEMENT_3D('',#16041,#12890,#12891);
#10538=AXIS2_PLACEMENT_3D('',#16045,#12894,#12895);
#10539=AXIS2_PLACEMENT_3D('',#16049,#12898,#12899);
#10540=AXIS2_PLACEMENT_3D('',#16051,#12901,#12902);
#10541=AXIS2_PLACEMENT_3D('',#16052,#12903,#12904);
#10542=AXIS2_PLACEMENT_3D('',#16055,#12906,#12907);
#10543=AXIS2_PLACEMENT_3D('',#16058,#12909,#12910);
#10544=AXIS2_PLACEMENT_3D('',#16062,#12913,#12914);
#10545=AXIS2_PLACEMENT_3D('',#16066,#12917,#12918);
#10546=AXIS2_PLACEMENT_3D('',#16070,#12921,#12922);
#10547=AXIS2_PLACEMENT_3D('',#16073,#12924,#12925);
#10548=AXIS2_PLACEMENT_3D('',#16074,#12926,#12927);
#10549=AXIS2_PLACEMENT_3D('',#16077,#12929,#12930);
#10550=AXIS2_PLACEMENT_3D('',#16078,#12931,#12932);
#10551=AXIS2_PLACEMENT_3D('',#16081,#12934,#12935);
#10552=AXIS2_PLACEMENT_3D('',#16082,#12936,#12937);
#10553=AXIS2_PLACEMENT_3D('',#16085,#12939,#12940);
#10554=AXIS2_PLACEMENT_3D('',#16086,#12941,#12942);
#10555=AXIS2_PLACEMENT_3D('',#16089,#12944,#12945);
#10556=AXIS2_PLACEMENT_3D('',#16090,#12946,#12947);
#10557=AXIS2_PLACEMENT_3D('',#16093,#12949,#12950);
#10558=AXIS2_PLACEMENT_3D('',#16094,#12951,#12952);
#10559=AXIS2_PLACEMENT_3D('',#16097,#12954,#12955);
#10560=AXIS2_PLACEMENT_3D('',#16098,#12956,#12957);
#10561=AXIS2_PLACEMENT_3D('',#16101,#12959,#12960);
#10562=AXIS2_PLACEMENT_3D('',#16102,#12961,#12962);
#10563=AXIS2_PLACEMENT_3D('',#16105,#12964,#12965);
#10564=AXIS2_PLACEMENT_3D('',#16106,#12966,#12967);
#10565=AXIS2_PLACEMENT_3D('',#16110,#12970,#12971);
#10566=AXIS2_PLACEMENT_3D('',#16113,#12973,#12974);
#10567=AXIS2_PLACEMENT_3D('',#16114,#12975,#12976);
#10568=AXIS2_PLACEMENT_3D('',#16117,#12978,#12979);
#10569=AXIS2_PLACEMENT_3D('',#16118,#12980,#12981);
#10570=AXIS2_PLACEMENT_3D('',#16121,#12983,#12984);
#10571=AXIS2_PLACEMENT_3D('',#16122,#12985,#12986);
#10572=AXIS2_PLACEMENT_3D('',#16125,#12988,#12989);
#10573=AXIS2_PLACEMENT_3D('',#16126,#12990,#12991);
#10574=AXIS2_PLACEMENT_3D('',#16129,#12993,#12994);
#10575=AXIS2_PLACEMENT_3D('',#16130,#12995,#12996);
#10576=AXIS2_PLACEMENT_3D('',#16133,#12998,#12999);
#10577=AXIS2_PLACEMENT_3D('',#16147,#13001,#13002);
#10578=AXIS2_PLACEMENT_3D('',#16150,#13004,#13005);
#10579=AXIS2_PLACEMENT_3D('',#16151,#13006,#13007);
#10580=AXIS2_PLACEMENT_3D('',#16154,#13009,#13010);
#10581=AXIS2_PLACEMENT_3D('',#16155,#13011,#13012);
#10582=AXIS2_PLACEMENT_3D('',#16156,#13013,#13014);
#10583=AXIS2_PLACEMENT_3D('',#16157,#13015,#13016);
#10584=AXIS2_PLACEMENT_3D('',#16158,#13017,#13018);
#10585=AXIS2_PLACEMENT_3D('',#16164,#13022,#13023);
#10586=AXIS2_PLACEMENT_3D('',#16168,#13026,#13027);
#10587=AXIS2_PLACEMENT_3D('',#16172,#13030,#13031);
#10588=AXIS2_PLACEMENT_3D('',#16176,#13034,#13035);
#10589=AXIS2_PLACEMENT_3D('',#16178,#13037,#13038);
#10590=AXIS2_PLACEMENT_3D('',#16179,#13039,#13040);
#10591=AXIS2_PLACEMENT_3D('',#16182,#13042,#13043);
#10592=AXIS2_PLACEMENT_3D('',#16185,#13045,#13046);
#10593=AXIS2_PLACEMENT_3D('',#16189,#13049,#13050);
#10594=AXIS2_PLACEMENT_3D('',#16193,#13053,#13054);
#10595=AXIS2_PLACEMENT_3D('',#16197,#13057,#13058);
#10596=AXIS2_PLACEMENT_3D('',#16200,#13060,#13061);
#10597=AXIS2_PLACEMENT_3D('',#16201,#13062,#13063);
#10598=AXIS2_PLACEMENT_3D('',#16204,#13065,#13066);
#10599=AXIS2_PLACEMENT_3D('',#16205,#13067,#13068);
#10600=AXIS2_PLACEMENT_3D('',#16208,#13070,#13071);
#10601=AXIS2_PLACEMENT_3D('',#16209,#13072,#13073);
#10602=AXIS2_PLACEMENT_3D('',#16212,#13075,#13076);
#10603=AXIS2_PLACEMENT_3D('',#16213,#13077,#13078);
#10604=AXIS2_PLACEMENT_3D('',#16216,#13080,#13081);
#10605=AXIS2_PLACEMENT_3D('',#16217,#13082,#13083);
#10606=AXIS2_PLACEMENT_3D('',#16220,#13085,#13086);
#10607=AXIS2_PLACEMENT_3D('',#16221,#13087,#13088);
#10608=AXIS2_PLACEMENT_3D('',#16224,#13090,#13091);
#10609=AXIS2_PLACEMENT_3D('',#16225,#13092,#13093);
#10610=AXIS2_PLACEMENT_3D('',#16228,#13095,#13096);
#10611=AXIS2_PLACEMENT_3D('',#16229,#13097,#13098);
#10612=AXIS2_PLACEMENT_3D('',#16232,#13100,#13101);
#10613=AXIS2_PLACEMENT_3D('',#16233,#13102,#13103);
#10614=AXIS2_PLACEMENT_3D('',#16237,#13106,#13107);
#10615=AXIS2_PLACEMENT_3D('',#16240,#13109,#13110);
#10616=AXIS2_PLACEMENT_3D('',#16241,#13111,#13112);
#10617=AXIS2_PLACEMENT_3D('',#16244,#13114,#13115);
#10618=AXIS2_PLACEMENT_3D('',#16245,#13116,#13117);
#10619=AXIS2_PLACEMENT_3D('',#16248,#13119,#13120);
#10620=AXIS2_PLACEMENT_3D('',#16249,#13121,#13122);
#10621=AXIS2_PLACEMENT_3D('',#16252,#13124,#13125);
#10622=AXIS2_PLACEMENT_3D('',#16253,#13126,#13127);
#10623=AXIS2_PLACEMENT_3D('',#16256,#13129,#13130);
#10624=AXIS2_PLACEMENT_3D('',#16257,#13131,#13132);
#10625=AXIS2_PLACEMENT_3D('',#16260,#13134,#13135);
#10626=AXIS2_PLACEMENT_3D('',#16274,#13137,#13138);
#10627=AXIS2_PLACEMENT_3D('',#16277,#13140,#13141);
#10628=AXIS2_PLACEMENT_3D('',#16278,#13142,#13143);
#10629=AXIS2_PLACEMENT_3D('',#16281,#13145,#13146);
#10630=AXIS2_PLACEMENT_3D('',#16282,#13147,#13148);
#10631=AXIS2_PLACEMENT_3D('',#16283,#13149,#13150);
#10632=AXIS2_PLACEMENT_3D('',#16284,#13151,#13152);
#10633=AXIS2_PLACEMENT_3D('',#16285,#13153,#13154);
#10634=AXIS2_PLACEMENT_3D('',#16291,#13158,#13159);
#10635=AXIS2_PLACEMENT_3D('',#16295,#13162,#13163);
#10636=AXIS2_PLACEMENT_3D('',#16299,#13166,#13167);
#10637=AXIS2_PLACEMENT_3D('',#16303,#13170,#13171);
#10638=AXIS2_PLACEMENT_3D('',#16305,#13173,#13174);
#10639=AXIS2_PLACEMENT_3D('',#16306,#13175,#13176);
#10640=AXIS2_PLACEMENT_3D('',#16312,#13180,#13181);
#10641=AXIS2_PLACEMENT_3D('',#16316,#13184,#13185);
#10642=AXIS2_PLACEMENT_3D('',#16320,#13188,#13189);
#10643=AXIS2_PLACEMENT_3D('',#16322,#13191,#13192);
#10644=AXIS2_PLACEMENT_3D('',#16323,#13193,#13194);
#10645=AXIS2_PLACEMENT_3D('',#16329,#13198,#13199);
#10646=AXIS2_PLACEMENT_3D('',#16333,#13202,#13203);
#10647=AXIS2_PLACEMENT_3D('',#16337,#13206,#13207);
#10648=AXIS2_PLACEMENT_3D('',#16341,#13210,#13211);
#10649=AXIS2_PLACEMENT_3D('',#16345,#13214,#13215);
#10650=AXIS2_PLACEMENT_3D('',#16349,#13218,#13219);
#10651=AXIS2_PLACEMENT_3D('',#16351,#13221,#13222);
#10652=AXIS2_PLACEMENT_3D('',#16352,#13223,#13224);
#10653=AXIS2_PLACEMENT_3D('',#16358,#13228,#13229);
#10654=AXIS2_PLACEMENT_3D('',#16362,#13232,#13233);
#10655=AXIS2_PLACEMENT_3D('',#16366,#13236,#13237);
#10656=AXIS2_PLACEMENT_3D('',#16368,#13239,#13240);
#10657=AXIS2_PLACEMENT_3D('',#16369,#13241,#13242);
#10658=AXIS2_PLACEMENT_3D('',#16370,#13243,#13244);
#10659=AXIS2_PLACEMENT_3D('',#16423,#13271,#13272);
#10660=AXIS2_PLACEMENT_3D('',#16440,#13281,#13282);
#10661=AXIS2_PLACEMENT_3D('',#16449,#13287,#13288);
#10662=AXIS2_PLACEMENT_3D('',#16455,#13292,#13293);
#10663=AXIS2_PLACEMENT_3D('',#16461,#13297,#13298);
#10664=AXIS2_PLACEMENT_3D('',#16464,#13301,#13302);
#10665=AXIS2_PLACEMENT_3D('',#16467,#13305,#13306);
#10666=AXIS2_PLACEMENT_3D('',#16496,#13321,#13322);
#10667=AXIS2_PLACEMENT_3D('',#16507,#13329,#13330);
#10668=AXIS2_PLACEMENT_3D('',#16517,#13337,#13338);
#10669=AXIS2_PLACEMENT_3D('',#16523,#13342,#13343);
#10670=AXIS2_PLACEMENT_3D('',#16527,#13346,#13347);
#10671=AXIS2_PLACEMENT_3D('',#16531,#13350,#13351);
#10672=AXIS2_PLACEMENT_3D('',#16534,#13354,#13355);
#10673=AXIS2_PLACEMENT_3D('',#16535,#13356,#13357);
#10674=AXIS2_PLACEMENT_3D('',#16542,#13362,#13363);
#10675=AXIS2_PLACEMENT_3D('',#16544,#13365,#13366);
#10676=AXIS2_PLACEMENT_3D('',#16546,#13368,#13369);
#10677=AXIS2_PLACEMENT_3D('',#16547,#13370,#13371);
#10678=AXIS2_PLACEMENT_3D('',#16551,#13374,#13375);
#10679=AXIS2_PLACEMENT_3D('',#16555,#13378,#13379);
#10680=AXIS2_PLACEMENT_3D('',#16557,#13381,#13382);
#10681=AXIS2_PLACEMENT_3D('',#16558,#13383,#13384);
#10682=AXIS2_PLACEMENT_3D('',#16562,#13387,#13388);
#10683=AXIS2_PLACEMENT_3D('',#16564,#13390,#13391);
#10684=AXIS2_PLACEMENT_3D('',#16565,#13392,#13393);
#10685=AXIS2_PLACEMENT_3D('',#16566,#13394,#13395);
#10686=AXIS2_PLACEMENT_3D('',#16569,#13398,#13399);
#10687=AXIS2_PLACEMENT_3D('',#16575,#13403,#13404);
#10688=AXIS2_PLACEMENT_3D('',#16592,#13414,#13415);
#10689=AXIS2_PLACEMENT_3D('',#16596,#13418,#13419);
#10690=AXIS2_PLACEMENT_3D('',#16605,#13424,#13425);
#10691=AXIS2_PLACEMENT_3D('',#16608,#13428,#13429);
#10692=AXIS2_PLACEMENT_3D('',#16610,#13431,#13432);
#10693=AXIS2_PLACEMENT_3D('',#16612,#13434,#13435);
#10694=AXIS2_PLACEMENT_3D('',#16613,#13436,#13437);
#10695=AXIS2_PLACEMENT_3D('',#16617,#13440,#13441);
#10696=AXIS2_PLACEMENT_3D('',#16621,#13444,#13445);
#10697=AXIS2_PLACEMENT_3D('',#16625,#13448,#13449);
#10698=AXIS2_PLACEMENT_3D('',#16627,#13451,#13452);
#10699=AXIS2_PLACEMENT_3D('',#16628,#13453,#13454);
#10700=AXIS2_PLACEMENT_3D('',#16630,#13455,#13456);
#10701=AXIS2_PLACEMENT_3D('',#16632,#13457,#13458);
#10702=AXIS2_PLACEMENT_3D('',#16633,#13459,#13460);
#10703=AXIS2_PLACEMENT_3D('',#16634,#13461,#13462);
#10704=AXIS2_PLACEMENT_3D('',#16638,#13465,#13466);
#10705=AXIS2_PLACEMENT_3D('',#16642,#13469,#13470);
#10706=AXIS2_PLACEMENT_3D('',#16646,#13473,#13474);
#10707=AXIS2_PLACEMENT_3D('',#16647,#13475,#13476);
#10708=AXIS2_PLACEMENT_3D('',#16649,#13477,#13478);
#10709=AXIS2_PLACEMENT_3D('',#16651,#13479,#13480);
#10710=AXIS2_PLACEMENT_3D('',#16653,#13482,#13483);
#10711=AXIS2_PLACEMENT_3D('',#16654,#13484,#13485);
#10712=AXIS2_PLACEMENT_3D('',#16655,#13486,#13487);
#10713=AXIS2_PLACEMENT_3D('',#16661,#13491,#13492);
#10714=AXIS2_PLACEMENT_3D('',#16665,#13495,#13496);
#10715=AXIS2_PLACEMENT_3D('',#16669,#13499,#13500);
#10716=AXIS2_PLACEMENT_3D('',#16671,#13502,#13503);
#10717=AXIS2_PLACEMENT_3D('',#16672,#13504,#13505);
#10718=AXIS2_PLACEMENT_3D('',#16674,#13506,#13507);
#10719=AXIS2_PLACEMENT_3D('',#16676,#13508,#13509);
#10720=AXIS2_PLACEMENT_3D('',#16677,#13510,#13511);
#10721=AXIS2_PLACEMENT_3D('',#16678,#13512,#13513);
#10722=AXIS2_PLACEMENT_3D('',#16684,#13517,#13518);
#10723=AXIS2_PLACEMENT_3D('',#16688,#13521,#13522);
#10724=AXIS2_PLACEMENT_3D('',#16692,#13525,#13526);
#10725=AXIS2_PLACEMENT_3D('',#16693,#13527,#13528);
#10726=AXIS2_PLACEMENT_3D('',#16695,#13529,#13530);
#10727=AXIS2_PLACEMENT_3D('',#16697,#13531,#13532);
#10728=AXIS2_PLACEMENT_3D('',#16699,#13534,#13535);
#10729=AXIS2_PLACEMENT_3D('',#16700,#13536,#13537);
#10730=AXIS2_PLACEMENT_3D('',#16701,#13538,#13539);
#10731=AXIS2_PLACEMENT_3D('',#16703,#13540,#13541);
#10732=AXIS2_PLACEMENT_3D('',#16704,#13542,#13543);
#10733=AXIS2_PLACEMENT_3D('',#16706,#13544,#13545);
#10734=AXIS2_PLACEMENT_3D('',#16707,#13546,#13547);
#10735=AXIS2_PLACEMENT_3D('',#16708,#13548,#13549);
#10736=AXIS2_PLACEMENT_3D('',#16725,#13558,#13559);
#10737=AXIS2_PLACEMENT_3D('',#16742,#13568,#13569);
#10738=AXIS2_PLACEMENT_3D('',#16759,#13578,#13579);
#10739=AXIS2_PLACEMENT_3D('',#16762,#13582,#13583);
#10740=AXIS2_PLACEMENT_3D('',#16779,#13592,#13593);
#10741=AXIS2_PLACEMENT_3D('',#16782,#13596,#13597);
#10742=AXIS2_PLACEMENT_3D('',#16785,#13600,#13601);
#10743=AXIS2_PLACEMENT_3D('',#16788,#13604,#13605);
#10744=AXIS2_PLACEMENT_3D('',#16789,#13606,#13607);
#10745=AXIS2_PLACEMENT_3D('',#16792,#13610,#13611);
#10746=AXIS2_PLACEMENT_3D('',#16794,#13613,#13614);
#10747=AXIS2_PLACEMENT_3D('',#16796,#13616,#13617);
#10748=AXIS2_PLACEMENT_3D('',#16797,#13618,#13619);
#10749=AXIS2_PLACEMENT_3D('',#16798,#13620,#13621);
#10750=AXIS2_PLACEMENT_3D('',#16800,#13622,#13623);
#10751=AXIS2_PLACEMENT_3D('',#16802,#13624,#13625);
#10752=AXIS2_PLACEMENT_3D('',#16804,#13626,#13627);
#10753=AXIS2_PLACEMENT_3D('',#16806,#13628,#13629);
#10754=AXIS2_PLACEMENT_3D('',#16809,#13632,#13633);
#10755=AXIS2_PLACEMENT_3D('',#16811,#13635,#13636);
#10756=AXIS2_PLACEMENT_3D('',#16813,#13638,#13639);
#10757=AXIS2_PLACEMENT_3D('',#16814,#13640,#13641);
#10758=AXIS2_PLACEMENT_3D('',#16815,#13642,#13643);
#10759=AXIS2_PLACEMENT_3D('',#16817,#13644,#13645);
#10760=AXIS2_PLACEMENT_3D('',#16818,#13646,#13647);
#10761=AXIS2_PLACEMENT_3D('',#16819,#13648,#13649);
#10762=AXIS2_PLACEMENT_3D('',#16821,#13650,#13651);
#10763=AXIS2_PLACEMENT_3D('',#16822,#13652,#13653);
#10764=AXIS2_PLACEMENT_3D('',#16823,#13654,#13655);
#10765=AXIS2_PLACEMENT_3D('',#16825,#13656,#13657);
#10766=AXIS2_PLACEMENT_3D('',#16826,#13658,#13659);
#10767=AXIS2_PLACEMENT_3D('',#16827,#13660,#13661);
#10768=AXIS2_PLACEMENT_3D('',#16829,#13662,#13663);
#10769=AXIS2_PLACEMENT_3D('',#16830,#13664,#13665);
#10770=DIRECTION('',(0.,0.,1.));
#10771=DIRECTION('',(1.,0.,0.));
#10772=DIRECTION('',(0.,0.,1.));
#10773=DIRECTION('',(1.,0.,0.));
#10774=DIRECTION('',(0.,0.,1.));
#10775=DIRECTION('',(1.,0.,0.));
#10776=DIRECTION('',(0.,0.,1.));
#10777=DIRECTION('',(1.,0.,0.));
#10778=DIRECTION('',(0.,0.,1.));
#10779=DIRECTION('',(1.,0.,0.));
#10780=DIRECTION('',(0.,0.,1.));
#10781=DIRECTION('',(1.,0.,0.));
#10782=DIRECTION('',(1.,6.63343017308823E-16,0.));
#10783=DIRECTION('',(0.,-1.,0.));
#10784=DIRECTION('',(1.,3.46944695195362E-16,0.));
#10785=DIRECTION('',(9.38694764208336E-17,-1.,0.));
#10786=DIRECTION('',(0.,0.,1.));
#10787=DIRECTION('',(1.,0.,0.));
#10788=DIRECTION('',(0.,0.,1.));
#10789=DIRECTION('',(1.,0.,0.));
#10790=DIRECTION('',(0.,0.,1.));
#10791=DIRECTION('',(1.,0.,0.));
#10792=DIRECTION('',(0.,0.,1.));
#10793=DIRECTION('',(1.,0.,0.));
#10794=DIRECTION('',(0.,0.,1.));
#10795=DIRECTION('',(1.,0.,0.));
#10796=DIRECTION('',(0.,0.,1.));
#10797=DIRECTION('',(1.,0.,0.));
#10798=DIRECTION('',(0.,0.,1.));
#10799=DIRECTION('',(1.,0.,0.));
#10800=DIRECTION('',(0.,0.,1.));
#10801=DIRECTION('',(1.,0.,0.));
#10802=DIRECTION('',(0.,0.,1.));
#10803=DIRECTION('',(1.,0.,0.));
#10804=DIRECTION('',(0.,0.,1.));
#10805=DIRECTION('',(1.,0.,0.));
#10806=DIRECTION('',(-1.,0.,0.));
#10807=DIRECTION('',(0.,1.,0.));
#10808=DIRECTION('',(1.,0.,0.));
#10809=DIRECTION('',(-1.,0.,0.));
#10810=DIRECTION('',(0.,1.,0.));
#10811=DIRECTION('',(1.,0.,0.));
#10812=DIRECTION('',(0.,0.,1.));
#10813=DIRECTION('',(1.,0.,0.));
#10814=DIRECTION('',(0.,0.,1.));
#10815=DIRECTION('',(1.,0.,0.));
#10816=DIRECTION('',(0.,0.,1.));
#10817=DIRECTION('',(1.,0.,0.));
#10818=DIRECTION('',(0.,0.,1.));
#10819=DIRECTION('',(1.,0.,0.));
#10820=DIRECTION('',(0.,0.,1.));
#10821=DIRECTION('',(1.,0.,0.));
#10822=DIRECTION('',(-1.,0.,0.));
#10823=DIRECTION('',(0.,1.,0.));
#10824=DIRECTION('',(1.,0.,0.));
#10825=DIRECTION('',(0.,0.,1.));
#10826=DIRECTION('',(1.,0.,0.));
#10827=DIRECTION('',(0.,0.,1.));
#10828=DIRECTION('',(1.,0.,0.));
#10829=DIRECTION('',(0.,0.,1.));
#10830=DIRECTION('',(1.,0.,0.));
#10831=DIRECTION('',(0.,0.,1.));
#10832=DIRECTION('',(1.,0.,0.));
#10833=DIRECTION('',(0.,0.,1.));
#10834=DIRECTION('',(1.,0.,0.));
#10835=DIRECTION('',(0.,0.,1.));
#10836=DIRECTION('',(1.,0.,0.));
#10837=DIRECTION('',(0.,0.,1.));
#10838=DIRECTION('',(1.,0.,0.));
#10839=DIRECTION('',(0.,0.,1.));
#10840=DIRECTION('',(1.,0.,0.));
#10841=DIRECTION('',(9.95488397321478E-13,2.96781038383698E-13,-1.));
#10842=DIRECTION('',(0.921137242525388,0.389237948346156,1.03187706780038E-12));
#10843=DIRECTION('',(1.56670864208638E-12,1.72110157773583E-13,-1.));
#10844=DIRECTION('',(0.983693892701267,0.179850842261662,1.56733244875144E-12));
#10845=DIRECTION('',(5.97147294872706E-12,1.16896697199727E-13,-1.));
#10846=DIRECTION('',(0.999250221829789,0.0387168461153345,5.97267077613248E-12));
#10847=DIRECTION('',(0.,-1.,0.));
#10848=DIRECTION('',(-1.,0.,0.));
#10849=DIRECTION('',(0.,1.,0.));
#10850=DIRECTION('',(0.,0.,1.));
#10851=DIRECTION('',(1.,0.,0.));
#10852=DIRECTION('',(0.,0.,1.));
#10853=DIRECTION('',(1.,0.,0.));
#10854=DIRECTION('',(0.,0.,1.));
#10855=DIRECTION('',(1.,0.,0.));
#10856=DIRECTION('',(0.,0.,1.));
#10857=DIRECTION('',(1.,0.,0.));
#10858=DIRECTION('',(0.,0.,1.));
#10859=DIRECTION('',(1.,0.,0.));
#10860=DIRECTION('',(-3.72038144719997E-14,1.17420581900645E-13,1.));
#10861=DIRECTION('',(-0.189173561118125,0.981943666293483,-1.27294025899617E-13));
#10862=DIRECTION('',(0.,1.,0.));
#10863=DIRECTION('',(0.,0.,1.));
#10864=DIRECTION('',(1.,0.,0.));
#10865=DIRECTION('',(0.,0.,1.));
#10866=DIRECTION('',(1.,0.,0.));
#10867=DIRECTION('',(0.,0.,1.));
#10868=DIRECTION('',(1.,0.,0.));
#10869=DIRECTION('',(0.,-1.,0.));
#10870=DIRECTION('',(0.,0.,1.));
#10871=DIRECTION('',(1.,0.,0.));
#10872=DIRECTION('',(0.,0.,1.));
#10873=DIRECTION('',(1.,0.,0.));
#10874=DIRECTION('',(0.,0.,1.));
#10875=DIRECTION('',(1.,0.,0.));
#10876=DIRECTION('',(0.,0.,1.));
#10877=DIRECTION('',(1.,0.,0.));
#10878=DIRECTION('',(0.,0.,1.));
#10879=DIRECTION('',(1.,0.,0.));
#10880=DIRECTION('',(0.,-1.,0.));
#10881=DIRECTION('',(0.,0.,1.));
#10882=DIRECTION('',(1.,0.,0.));
#10883=DIRECTION('',(0.,0.,1.));
#10884=DIRECTION('',(1.,0.,0.));
#10885=DIRECTION('',(0.,0.,1.));
#10886=DIRECTION('',(1.,0.,0.));
#10887=DIRECTION('',(0.,0.,1.));
#10888=DIRECTION('',(1.,0.,0.));
#10889=DIRECTION('',(-1.106189032009E-12,-1.62021739260719E-12,-1.));
#10890=DIRECTION('',(-0.500485139974097,-0.865745126850339,1.95276781447303E-12));
#10891=DIRECTION('',(0.,0.,1.));
#10892=DIRECTION('',(1.,0.,0.));
#10893=DIRECTION('',(0.,0.,1.));
#10894=DIRECTION('',(1.,0.,0.));
#10895=DIRECTION('',(1.10662405603368E-13,3.42657207454997E-14,-1.));
#10896=DIRECTION('',(-0.912851304833083,-0.408292168997321,-1.09488421973694E-13));
#10897=DIRECTION('',(-1.38336065141516E-12,-1.38559548284167E-13,-1.));
#10898=DIRECTION('',(-0.983689392567901,-0.179875453993574,1.38688888985101E-12));
#10899=DIRECTION('',(-0.00980238057477221,0.999951955513397,0.));
#10900=DIRECTION('',(0.,1.,0.));
#10901=DIRECTION('',(1.,0.,0.));
#10902=DIRECTION('',(1.,0.,0.));
#10903=DIRECTION('',(0.,-1.,0.));
#10904=DIRECTION('',(-1.,0.,0.));
#10905=DIRECTION('',(-0.217784431389489,0.975996896226805,0.));
#10906=DIRECTION('',(0.,1.,0.));
#10907=DIRECTION('',(1.,0.,0.));
#10908=DIRECTION('',(0.218357398523789,-0.975868867476529,0.));
#10909=DIRECTION('',(0.,-1.,0.));
#10910=DIRECTION('',(-1.,0.,0.));
#10911=DIRECTION('',(0.,1.,0.));
#10912=DIRECTION('',(0.,0.,1.));
#10913=DIRECTION('',(1.,0.,0.));
#10914=DIRECTION('',(0.,0.,1.));
#10915=DIRECTION('',(1.,0.,0.));
#10916=DIRECTION('',(0.,0.,1.));
#10917=DIRECTION('',(1.,0.,0.));
#10918=DIRECTION('',(0.,0.,1.));
#10919=DIRECTION('',(1.,0.,0.));
#10920=DIRECTION('',(0.,0.,1.));
#10921=DIRECTION('',(1.,0.,0.));
#10922=DIRECTION('',(0.,0.,1.));
#10923=DIRECTION('',(1.,0.,0.));
#10924=DIRECTION('',(0.,0.,1.));
#10925=DIRECTION('',(1.,0.,0.));
#10926=DIRECTION('',(0.,0.,1.));
#10927=DIRECTION('',(1.,0.,0.));
#10928=DIRECTION('',(0.,0.,1.));
#10929=DIRECTION('',(1.,0.,0.));
#10930=DIRECTION('',(0.,0.,1.));
#10931=DIRECTION('',(1.,0.,0.));
#10932=DIRECTION('',(0.,0.,1.));
#10933=DIRECTION('',(1.,0.,0.));
#10934=DIRECTION('',(0.,-1.,0.));
#10935=DIRECTION('',(-3.81256893116708E-13,-4.92588107084623E-13,1.));
#10936=DIRECTION('',(0.749795915346309,0.661669166071679,5.97883648103399E-13));
#10937=DIRECTION('',(0.,0.,1.));
#10938=DIRECTION('',(1.,0.,0.));
#10939=DIRECTION('',(0.,0.,1.));
#10940=DIRECTION('',(1.,0.,0.));
#10941=DIRECTION('',(0.,0.,1.));
#10942=DIRECTION('',(1.,0.,0.));
#10943=DIRECTION('',(0.,0.,1.));
#10944=DIRECTION('',(1.,0.,0.));
#10945=DIRECTION('',(0.,0.,1.));
#10946=DIRECTION('',(1.,0.,0.));
#10947=DIRECTION('',(0.,0.,1.));
#10948=DIRECTION('',(1.,0.,0.));
#10949=DIRECTION('',(0.,0.,1.));
#10950=DIRECTION('',(1.,0.,0.));
#10951=DIRECTION('',(0.,0.,1.));
#10952=DIRECTION('',(1.,0.,0.));
#10953=DIRECTION('',(0.,0.,1.));
#10954=DIRECTION('',(1.,0.,0.));
#10955=DIRECTION('',(0.,0.,1.));
#10956=DIRECTION('',(1.,0.,0.));
#10957=DIRECTION('',(0.,0.,1.));
#10958=DIRECTION('',(1.,0.,0.));
#10959=DIRECTION('',(0.,-1.,0.));
#10960=DIRECTION('',(0.,0.,1.));
#10961=DIRECTION('',(1.,0.,0.));
#10962=DIRECTION('',(0.,-1.,0.));
#10963=DIRECTION('',(0.0414274357978334,-0.999141515283604,0.));
#10964=DIRECTION('',(-3.36770861926734E-13,-4.25237963788809E-14,1.));
#10965=DIRECTION('',(-0.998081925934586,-0.0619069392128799,-3.4414745050877E-13));
#10966=DIRECTION('',(0.,0.,1.));
#10967=DIRECTION('',(1.,0.,0.));
#10968=DIRECTION('',(0.,0.,1.));
#10969=DIRECTION('',(1.,0.,0.));
#10970=DIRECTION('',(-0.430769455075296,-0.902462008382698,0.));
#10971=DIRECTION('',(0.,0.,1.));
#10972=DIRECTION('',(1.,0.,0.));
#10973=DIRECTION('',(0.,0.,1.));
#10974=DIRECTION('',(1.,0.,0.));
#10975=DIRECTION('',(0.,0.,1.));
#10976=DIRECTION('',(1.,0.,0.));
#10977=DIRECTION('',(-9.71304375684919E-13,-4.76439273710326E-13,-1.));
#10978=DIRECTION('',(-0.817755024813702,-0.575566433517401,1.07836393560558E-12));
#10979=DIRECTION('',(0.,0.,1.));
#10980=DIRECTION('',(1.,0.,0.));
#10981=DIRECTION('',(0.,0.,1.));
#10982=DIRECTION('',(1.,0.,0.));
#10983=DIRECTION('',(0.,1.,0.));
#10984=DIRECTION('',(0.,0.,1.));
#10985=DIRECTION('',(1.,0.,0.));
#10986=DIRECTION('',(-5.18625872659965E-13,5.05389481478207E-13,1.));
#10987=DIRECTION('',(0.595486730514637,-0.803365143493909,7.26225888686196E-13));
#10988=DIRECTION('',(0.,1.,0.));
#10989=DIRECTION('',(0.,0.,1.));
#10990=DIRECTION('',(1.,0.,0.));
#10991=DIRECTION('',(0.,0.,1.));
#10992=DIRECTION('',(1.,0.,0.));
#10993=DIRECTION('',(0.,0.,1.));
#10994=DIRECTION('',(1.,0.,0.));
#10995=DIRECTION('',(0.,0.,1.));
#10996=DIRECTION('',(1.,0.,0.));
#10997=DIRECTION('',(0.,0.,1.));
#10998=DIRECTION('',(1.,0.,0.));
#10999=DIRECTION('',(0.,0.,1.));
#11000=DIRECTION('',(1.,0.,0.));
#11001=DIRECTION('',(0.,0.,1.));
#11002=DIRECTION('',(1.,0.,0.));
#11003=DIRECTION('',(-0.798710224336567,-0.601715861133999,0.));
#11004=DIRECTION('',(-0.546149200527949,0.837687919670973,0.));
#11005=DIRECTION('',(0.,0.,1.));
#11006=DIRECTION('',(1.,0.,0.));
#11007=DIRECTION('',(0.,0.,1.));
#11008=DIRECTION('',(1.,0.,0.));
#11009=DIRECTION('',(0.,0.,1.));
#11010=DIRECTION('',(1.,0.,0.));
#11011=DIRECTION('',(0.,0.,1.));
#11012=DIRECTION('',(1.,0.,0.));
#11013=DIRECTION('',(0.,0.,1.));
#11014=DIRECTION('',(1.,0.,0.));
#11015=DIRECTION('',(0.,0.,1.));
#11016=DIRECTION('',(1.,0.,0.));
#11017=DIRECTION('',(0.,0.,1.));
#11018=DIRECTION('',(1.,0.,0.));
#11019=DIRECTION('',(0.,0.,1.));
#11020=DIRECTION('',(1.,0.,0.));
#11021=DIRECTION('',(-1.46920575268946E-13,-1.99179674316691E-14,-1.));
#11022=DIRECTION('',(0.980123607042219,0.198387789237517,-1.49872879687529E-13));
#11023=DIRECTION('',(2.2779425203346E-12,8.00637393771048E-14,-1.));
#11024=DIRECTION('',(0.997551470880994,0.0699361347456784,2.27610670713348E-12));
#11025=DIRECTION('',(0.,0.,1.));
#11026=DIRECTION('',(1.,0.,0.));
#11027=DIRECTION('',(0.,0.,1.));
#11028=DIRECTION('',(1.,0.,0.));
#11029=DIRECTION('',(0.,0.,1.));
#11030=DIRECTION('',(1.,0.,0.));
#11031=DIRECTION('',(0.,-1.,0.));
#11032=DIRECTION('',(-0.997468436214957,-0.0711106092990976,1.42849142571773E-13));
#11033=DIRECTION('',(0.,0.,1.));
#11034=DIRECTION('',(1.,0.,0.));
#11035=DIRECTION('',(0.,0.,1.));
#11036=DIRECTION('',(1.,0.,0.));
#11037=DIRECTION('',(0.,0.,1.));
#11038=DIRECTION('',(1.,0.,0.));
#11039=DIRECTION('',(0.,0.,1.));
#11040=DIRECTION('',(1.,0.,0.));
#11041=DIRECTION('',(0.,0.,1.));
#11042=DIRECTION('',(1.,0.,0.));
#11043=DIRECTION('',(0.,0.,1.));
#11044=DIRECTION('',(1.,0.,0.));
#11045=DIRECTION('',(0.,0.,1.));
#11046=DIRECTION('',(1.,0.,0.));
#11047=DIRECTION('',(0.,0.,1.));
#11048=DIRECTION('',(1.,0.,0.));
#11049=DIRECTION('',(1.,0.,0.));
#11050=DIRECTION('',(0.,-1.,0.));
#11051=DIRECTION('',(-1.,0.,0.));
#11052=DIRECTION('',(0.,0.,1.));
#11053=DIRECTION('',(1.,0.,0.));
#11054=DIRECTION('',(0.,0.,1.));
#11055=DIRECTION('',(1.,0.,0.));
#11056=DIRECTION('',(0.,0.,1.));
#11057=DIRECTION('',(1.,0.,0.));
#11058=DIRECTION('',(0.,1.,0.));
#11059=DIRECTION('',(0.,0.,1.));
#11060=DIRECTION('',(1.,0.,0.));
#11061=DIRECTION('',(0.,0.,1.));
#11062=DIRECTION('',(1.,0.,0.));
#11063=DIRECTION('',(0.,-1.,0.));
#11064=DIRECTION('',(0.,0.,1.));
#11065=DIRECTION('',(1.,0.,0.));
#11066=DIRECTION('',(1.27057048298905E-13,-1.60842672505844E-12,1.));
#11067=DIRECTION('',(-0.0010855934207514,0.999999410743289,1.61279873515152E-12));
#11068=DIRECTION('',(0.,0.,1.));
#11069=DIRECTION('',(1.,0.,0.));
#11070=DIRECTION('',(1.,0.,0.));
#11071=DIRECTION('',(-0.00198581168735813,-0.999998028274027,0.));
#11072=DIRECTION('',(0.,0.,1.));
#11073=DIRECTION('',(1.,0.,0.));
#11074=DIRECTION('',(0.,0.,1.));
#11075=DIRECTION('',(1.,0.,0.));
#11076=DIRECTION('',(0.,0.,1.));
#11077=DIRECTION('',(1.,0.,0.));
#11078=DIRECTION('',(0.,0.,1.));
#11079=DIRECTION('',(1.,0.,0.));
#11080=DIRECTION('',(0.,0.,1.));
#11081=DIRECTION('',(1.,0.,0.));
#11082=DIRECTION('',(0.,0.,1.));
#11083=DIRECTION('',(1.,0.,0.));
#11084=DIRECTION('',(0.711163518086165,0.703026635728199,0.));
#11085=DIRECTION('',(0.,0.,1.));
#11086=DIRECTION('',(1.,0.,0.));
#11087=DIRECTION('',(0.,0.,1.));
#11088=DIRECTION('',(1.,0.,0.));
#11089=DIRECTION('',(0.,0.,1.));
#11090=DIRECTION('',(1.,0.,0.));
#11091=DIRECTION('',(0.,0.,1.));
#11092=DIRECTION('',(1.,0.,0.));
#11093=DIRECTION('',(0.,0.,1.));
#11094=DIRECTION('',(1.,0.,0.));
#11095=DIRECTION('',(0.,1.,0.));
#11096=DIRECTION('',(0.224459655550562,0.974483382634164,0.));
#11097=DIRECTION('',(0.,1.,0.));
#11098=DIRECTION('',(1.,0.,0.));
#11099=DIRECTION('',(0.,-1.,0.));
#11100=DIRECTION('',(-1.,0.,0.));
#11101=DIRECTION('',(0.,-1.,0.));
#11102=DIRECTION('',(0.,0.,1.));
#11103=DIRECTION('',(1.,0.,0.));
#11104=DIRECTION('',(0.,0.,1.));
#11105=DIRECTION('',(1.,0.,0.));
#11106=DIRECTION('',(0.,0.,1.));
#11107=DIRECTION('',(1.,0.,0.));
#11108=DIRECTION('',(0.,-1.,0.));
#11109=DIRECTION('',(0.,0.,1.));
#11110=DIRECTION('',(1.,0.,0.));
#11111=DIRECTION('',(0.,0.,1.));
#11112=DIRECTION('',(1.,0.,0.));
#11113=DIRECTION('',(-6.53802669036226E-15,4.03562902379909E-13,-1.));
#11114=DIRECTION('',(0.0322999537952477,-0.999478220365419,-4.03282017085596E-13));
#11115=DIRECTION('',(-5.28476467275851E-14,-1.65589293080616E-12,-1.));
#11116=DIRECTION('',(-2.54996268498963E-5,-0.999999999674885,1.65514926206862E-12));
#11117=DIRECTION('',(0.,0.,1.));
#11118=DIRECTION('',(1.,0.,0.));
#11119=DIRECTION('',(0.,0.,1.));
#11120=DIRECTION('',(1.,0.,0.));
#11121=DIRECTION('',(0.,0.,1.));
#11122=DIRECTION('',(1.,0.,0.));
#11123=DIRECTION('',(0.,0.,1.));
#11124=DIRECTION('',(1.,0.,0.));
#11125=DIRECTION('',(0.,1.,0.));
#11126=DIRECTION('',(1.,0.,0.));
#11127=DIRECTION('',(0.,-1.,0.));
#11128=DIRECTION('',(0.,0.,1.));
#11129=DIRECTION('',(1.,0.,0.));
#11130=DIRECTION('',(0.,0.,1.));
#11131=DIRECTION('',(1.,0.,0.));
#11132=DIRECTION('',(0.,0.,1.));
#11133=DIRECTION('',(1.,0.,0.));
#11134=DIRECTION('',(0.,0.,1.));
#11135=DIRECTION('',(1.,0.,0.));
#11136=DIRECTION('',(-0.430769455075275,-0.902462008382708,0.));
#11137=DIRECTION('',(0.,0.,1.));
#11138=DIRECTION('',(1.,0.,0.));
#11139=DIRECTION('',(0.,0.,1.));
#11140=DIRECTION('',(1.,0.,0.));
#11141=DIRECTION('',(0.,0.,1.));
#11142=DIRECTION('',(1.,0.,0.));
#11143=DIRECTION('',(0.,0.,1.));
#11144=DIRECTION('',(1.,0.,0.));
#11145=DIRECTION('',(0.,0.,1.));
#11146=DIRECTION('',(1.,0.,0.));
#11147=DIRECTION('',(0.,1.,0.));
#11148=DIRECTION('',(0.,0.,1.));
#11149=DIRECTION('',(1.,0.,0.));
#11150=DIRECTION('',(0.,0.,1.));
#11151=DIRECTION('',(1.,0.,0.));
#11152=DIRECTION('',(0.,1.,0.));
#11153=DIRECTION('',(0.,0.,1.));
#11154=DIRECTION('',(1.,0.,0.));
#11155=DIRECTION('',(0.,0.,1.));
#11156=DIRECTION('',(1.,0.,0.));
#11157=DIRECTION('',(0.,0.,1.));
#11158=DIRECTION('',(1.,0.,0.));
#11159=DIRECTION('',(0.,0.,1.));
#11160=DIRECTION('',(1.,0.,0.));
#11161=DIRECTION('',(0.,0.,1.));
#11162=DIRECTION('',(1.,0.,0.));
#11163=DIRECTION('',(0.,0.,1.));
#11164=DIRECTION('',(1.,0.,0.));
#11165=DIRECTION('',(0.,0.,1.));
#11166=DIRECTION('',(1.,0.,0.));
#11167=DIRECTION('',(-0.546149200527945,0.837687919670976,0.));
#11168=DIRECTION('',(0.,0.,1.));
#11169=DIRECTION('',(1.,0.,0.));
#11170=DIRECTION('',(0.,0.,1.));
#11171=DIRECTION('',(1.,0.,0.));
#11172=DIRECTION('',(0.,0.,1.));
#11173=DIRECTION('',(1.,0.,0.));
#11174=DIRECTION('',(0.,0.,1.));
#11175=DIRECTION('',(1.,0.,0.));
#11176=DIRECTION('',(0.,0.,1.));
#11177=DIRECTION('',(1.,0.,0.));
#11178=DIRECTION('',(0.,0.,1.));
#11179=DIRECTION('',(1.,0.,0.));
#11180=DIRECTION('',(0.,0.,1.));
#11181=DIRECTION('',(1.,0.,0.));
#11182=DIRECTION('',(0.,0.,1.));
#11183=DIRECTION('',(1.,0.,0.));
#11184=DIRECTION('',(-4.17453676058883E-14,-5.65940387094963E-15,-1.));
#11185=DIRECTION('',(0.980123607042191,0.198387789237657,-4.24602096653013E-14));
#11186=DIRECTION('',(0.,0.,1.));
#11187=DIRECTION('',(1.,0.,0.));
#11188=DIRECTION('',(0.,-1.,0.));
#11189=DIRECTION('',(0.,0.,1.));
#11190=DIRECTION('',(1.,0.,0.));
#11191=DIRECTION('',(0.,0.,1.));
#11192=DIRECTION('',(1.,0.,0.));
#11193=DIRECTION('',(0.,0.,1.));
#11194=DIRECTION('',(1.,0.,0.));
#11195=DIRECTION('',(0.,0.,1.));
#11196=DIRECTION('',(1.,0.,0.));
#11197=DIRECTION('',(0.,0.,1.));
#11198=DIRECTION('',(1.,0.,0.));
#11199=DIRECTION('',(0.,0.,1.));
#11200=DIRECTION('',(1.,0.,0.));
#11201=DIRECTION('',(0.,0.,1.));
#11202=DIRECTION('',(1.,0.,0.));
#11203=DIRECTION('',(1.,0.,0.));
#11204=DIRECTION('',(0.,-1.,0.));
#11205=DIRECTION('',(-1.,0.,0.));
#11206=DIRECTION('',(0.,0.,1.));
#11207=DIRECTION('',(1.,0.,0.));
#11208=DIRECTION('',(0.,0.,1.));
#11209=DIRECTION('',(1.,0.,0.));
#11210=DIRECTION('',(0.,0.,1.));
#11211=DIRECTION('',(1.,0.,0.));
#11212=DIRECTION('',(1.,0.,0.));
#11213=DIRECTION('',(0.218357398523759,-0.975868867476536,0.));
#11214=DIRECTION('',(0.,-1.,0.));
#11215=DIRECTION('',(-1.,0.,0.));
#11216=DIRECTION('',(0.,1.,0.));
#11217=DIRECTION('',(0.,1.,0.));
#11218=DIRECTION('',(0.,0.,1.));
#11219=DIRECTION('',(1.,0.,0.));
#11220=DIRECTION('',(0.,-1.,0.));
#11221=DIRECTION('',(0.,0.,1.));
#11222=DIRECTION('',(1.,0.,0.));
#11223=DIRECTION('',(0.,0.,1.));
#11224=DIRECTION('',(1.,0.,0.));
#11225=DIRECTION('',(0.,0.,1.));
#11226=DIRECTION('',(1.,0.,0.));
#11227=DIRECTION('',(0.,0.,1.));
#11228=DIRECTION('',(1.,0.,0.));
#11229=DIRECTION('',(0.,0.,1.));
#11230=DIRECTION('',(1.,0.,0.));
#11231=DIRECTION('',(0.,0.,1.));
#11232=DIRECTION('',(1.,0.,0.));
#11233=DIRECTION('',(0.,0.,1.));
#11234=DIRECTION('',(1.,0.,0.));
#11235=DIRECTION('',(0.548700023492197,-0.83601930852084,0.));
#11236=DIRECTION('',(0.,0.,1.));
#11237=DIRECTION('',(1.,0.,0.));
#11238=DIRECTION('',(0.,0.,1.));
#11239=DIRECTION('',(1.,0.,0.));
#11240=DIRECTION('',(0.,0.,1.));
#11241=DIRECTION('',(1.,0.,0.));
#11242=DIRECTION('',(0.,0.,1.));
#11243=DIRECTION('',(1.,0.,0.));
#11244=DIRECTION('',(0.,0.,1.));
#11245=DIRECTION('',(1.,0.,0.));
#11246=DIRECTION('',(0.,0.,1.));
#11247=DIRECTION('',(1.,0.,0.));
#11248=DIRECTION('',(0.,0.,1.));
#11249=DIRECTION('',(1.,0.,0.));
#11250=DIRECTION('',(0.,0.,1.));
#11251=DIRECTION('',(1.,0.,0.));
#11252=DIRECTION('',(0.,0.,1.));
#11253=DIRECTION('',(1.,0.,0.));
#11254=DIRECTION('',(0.,-1.,0.));
#11255=DIRECTION('',(0.,0.,1.));
#11256=DIRECTION('',(1.,0.,0.));
#11257=DIRECTION('',(0.,0.,1.));
#11258=DIRECTION('',(1.,0.,0.));
#11259=DIRECTION('',(0.,0.,1.));
#11260=DIRECTION('',(1.,0.,0.));
#11261=DIRECTION('',(0.,0.,1.));
#11262=DIRECTION('',(1.,0.,0.));
#11263=DIRECTION('',(0.,0.,1.));
#11264=DIRECTION('',(1.,0.,0.));
#11265=DIRECTION('',(0.,0.,1.));
#11266=DIRECTION('',(1.,0.,0.));
#11267=DIRECTION('',(0.,0.,1.));
#11268=DIRECTION('',(1.,0.,0.));
#11269=DIRECTION('',(0.,1.,0.));
#11270=DIRECTION('',(0.,0.,1.));
#11271=DIRECTION('',(1.,0.,0.));
#11272=DIRECTION('',(0.,0.,1.));
#11273=DIRECTION('',(1.,0.,0.));
#11274=DIRECTION('',(0.,0.,1.));
#11275=DIRECTION('',(1.,0.,0.));
#11276=DIRECTION('',(0.,0.,1.));
#11277=DIRECTION('',(1.,0.,0.));
#11278=DIRECTION('',(-6.33191589181032E-14,3.97050831499486E-15,-1.));
#11279=DIRECTION('',(0.999999453342394,0.00104561700129035,-6.44090943834299E-14));
#11280=DIRECTION('',(-1.,0.,0.));
#11281=DIRECTION('',(0.,1.,0.));
#11282=DIRECTION('',(1.,0.,0.));
#11283=DIRECTION('',(0.,0.,1.));
#11284=DIRECTION('',(1.,0.,0.));
#11285=DIRECTION('',(0.,0.,1.));
#11286=DIRECTION('',(1.,0.,0.));
#11287=DIRECTION('',(0.,0.,1.));
#11288=DIRECTION('',(1.,0.,0.));
#11289=DIRECTION('',(0.,0.,1.));
#11290=DIRECTION('',(1.,0.,0.));
#11291=DIRECTION('',(-0.385363467663135,-0.922764865927742,0.));
#11292=DIRECTION('',(-0.380210858525779,0.924899834068041,0.));
#11293=DIRECTION('',(1.,0.,0.));
#11294=DIRECTION('',(0.355141900956313,-0.934812403739454,0.));
#11295=DIRECTION('',(-0.379652127370972,-0.925129321869486,0.));
#11296=DIRECTION('',(1.,0.,0.));
#11297=DIRECTION('',(0.,0.,1.));
#11298=DIRECTION('',(1.,0.,0.));
#11299=DIRECTION('',(0.,0.,1.));
#11300=DIRECTION('',(1.,0.,0.));
#11301=DIRECTION('',(0.,0.,1.));
#11302=DIRECTION('',(1.,0.,0.));
#11303=DIRECTION('',(0.,0.,1.));
#11304=DIRECTION('',(1.,0.,0.));
#11305=DIRECTION('',(0.,0.,1.));
#11306=DIRECTION('',(1.,0.,0.));
#11307=DIRECTION('',(0.,0.,1.));
#11308=DIRECTION('',(1.,0.,0.));
#11309=DIRECTION('',(0.,0.,1.));
#11310=DIRECTION('',(1.,0.,0.));
#11311=DIRECTION('',(0.,0.,1.));
#11312=DIRECTION('',(1.,0.,0.));
#11313=DIRECTION('',(4.2225985961056E-14,1.65843927934953E-13,-1.));
#11314=DIRECTION('',(-0.201098032937791,-0.979571121026213,-1.71468275330347E-13));
#11315=DIRECTION('',(0.,0.,1.));
#11316=DIRECTION('',(1.,0.,0.));
#11317=DIRECTION('',(-0.935832870107319,0.352444093760553,0.));
#11318=DIRECTION('',(0.,0.,1.));
#11319=DIRECTION('',(1.,0.,0.));
#11320=DIRECTION('',(0.,0.,1.));
#11321=DIRECTION('',(1.,0.,0.));
#11322=DIRECTION('',(0.,0.,1.));
#11323=DIRECTION('',(1.,0.,0.));
#11324=DIRECTION('',(0.,0.,1.));
#11325=DIRECTION('',(1.,0.,0.));
#11326=DIRECTION('',(0.,0.,1.));
#11327=DIRECTION('',(1.,0.,0.));
#11328=DIRECTION('',(0.,0.,1.));
#11329=DIRECTION('',(1.,0.,0.));
#11330=DIRECTION('',(0.,0.,1.));
#11331=DIRECTION('',(1.,0.,0.));
#11332=DIRECTION('',(0.,0.,1.));
#11333=DIRECTION('',(1.,0.,0.));
#11334=DIRECTION('',(0.,0.,1.));
#11335=DIRECTION('',(1.,0.,0.));
#11336=DIRECTION('',(0.389373120280855,0.921080112261008,0.));
#11337=DIRECTION('',(0.335642230370245,0.941989539852799,0.));
#11338=DIRECTION('',(-0.385363467663135,-0.922764865927742,0.));
#11339=DIRECTION('',(-0.380210858525779,0.924899834068041,0.));
#11340=DIRECTION('',(1.,0.,0.));
#11341=DIRECTION('',(0.355141900956315,-0.934812403739454,0.));
#11342=DIRECTION('',(-0.379652127370971,-0.925129321869486,0.));
#11343=DIRECTION('',(1.,0.,0.));
#11344=DIRECTION('',(0.,0.,1.));
#11345=DIRECTION('',(1.,0.,0.));
#11346=DIRECTION('',(0.,0.,1.));
#11347=DIRECTION('',(1.,0.,0.));
#11348=DIRECTION('',(0.,0.,1.));
#11349=DIRECTION('',(1.,0.,0.));
#11350=DIRECTION('',(0.,0.,1.));
#11351=DIRECTION('',(1.,0.,0.));
#11352=DIRECTION('',(0.,0.,1.));
#11353=DIRECTION('',(1.,0.,0.));
#11354=DIRECTION('',(0.,0.,1.));
#11355=DIRECTION('',(1.,0.,0.));
#11356=DIRECTION('',(0.,0.,1.));
#11357=DIRECTION('',(1.,0.,0.));
#11358=DIRECTION('',(0.,0.,1.));
#11359=DIRECTION('',(1.,0.,0.));
#11360=DIRECTION('',(4.22259859610547E-14,1.65843927934953E-13,-1.));
#11361=DIRECTION('',(-0.201098032937781,-0.979571121026215,-1.71468275330348E-13));
#11362=DIRECTION('',(0.,0.,1.));
#11363=DIRECTION('',(1.,0.,0.));
#11364=DIRECTION('',(-0.935832870107327,0.352444093760532,0.));
#11365=DIRECTION('',(0.,0.,1.));
#11366=DIRECTION('',(1.,0.,0.));
#11367=DIRECTION('',(0.,0.,1.));
#11368=DIRECTION('',(1.,0.,0.));
#11369=DIRECTION('',(0.,0.,1.));
#11370=DIRECTION('',(1.,0.,0.));
#11371=DIRECTION('',(0.,0.,1.));
#11372=DIRECTION('',(1.,0.,0.));
#11373=DIRECTION('',(0.,0.,1.));
#11374=DIRECTION('',(1.,0.,0.));
#11375=DIRECTION('',(0.,0.,1.));
#11376=DIRECTION('',(1.,0.,0.));
#11377=DIRECTION('',(0.,0.,1.));
#11378=DIRECTION('',(1.,0.,0.));
#11379=DIRECTION('',(0.,0.,1.));
#11380=DIRECTION('',(1.,0.,0.));
#11381=DIRECTION('',(0.,0.,1.));
#11382=DIRECTION('',(1.,0.,0.));
#11383=DIRECTION('',(0.389373120280855,0.921080112261008,0.));
#11384=DIRECTION('',(0.335642230370245,0.941989539852799,0.));
#11385=DIRECTION('',(1.,0.,0.));
#11386=DIRECTION('',(0.221857865983438,-0.975079015927056,0.));
#11387=DIRECTION('',(0.,-1.,0.));
#11388=DIRECTION('',(-1.,0.,0.));
#11389=DIRECTION('',(0.,1.,0.));
#11390=DIRECTION('',(1.,0.,0.));
#11391=DIRECTION('',(0.336218720762097,-0.941783930532423,0.));
#11392=DIRECTION('',(-1.,0.,0.));
#11393=DIRECTION('',(0.326277963269688,0.945273870729845,0.));
#11394=DIRECTION('',(0.328520624941271,-0.94449679670616,0.));
#11395=DIRECTION('',(-1.,0.,0.));
#11396=DIRECTION('',(-0.327054115890725,0.945005611242037,0.));
#11397=DIRECTION('',(-0.329984761804023,-0.943986258892121,0.));
#11398=DIRECTION('',(-1.,0.,0.));
#11399=DIRECTION('',(0.330715938967006,0.943730346928174,0.));
#11400=DIRECTION('',(1.,0.,0.));
#11401=DIRECTION('',(1.,0.,0.));
#11402=DIRECTION('',(0.,-1.,0.));
#11403=DIRECTION('',(-1.,0.,0.));
#11404=DIRECTION('',(0.,1.,0.));
#11405=DIRECTION('',(-6.63343017308823E-16,1.,0.));
#11406=DIRECTION('',(-1.,-6.63343017308823E-16,0.));
#11407=DIRECTION('',(1.,6.63343017308823E-16,0.));
#11408=DIRECTION('',(0.,0.,-1.));
#11409=DIRECTION('',(0.,0.,-1.));
#11410=DIRECTION('',(1.,0.,0.));
#11411=DIRECTION('',(0.,0.,-1.));
#11412=DIRECTION('',(0.,-1.,0.));
#11413=DIRECTION('',(0.,0.,-1.));
#11414=DIRECTION('',(-3.46944695195362E-16,1.,0.));
#11415=DIRECTION('',(-1.,-3.46944695195362E-16,0.));
#11416=DIRECTION('',(1.,3.46944695195362E-16,0.));
#11417=DIRECTION('',(0.,0.,-1.));
#11418=DIRECTION('',(1.,9.38694764208336E-17,0.));
#11419=DIRECTION('',(-9.38694764208336E-17,1.,0.));
#11420=DIRECTION('',(9.38694764208336E-17,-1.,0.));
#11421=DIRECTION('',(0.,0.,1.));
#11422=DIRECTION('',(1.,0.,0.));
#11423=DIRECTION('',(0.,0.,1.));
#11424=DIRECTION('',(1.,0.,0.));
#11425=DIRECTION('',(0.,0.,1.));
#11426=DIRECTION('',(1.,0.,0.));
#11427=DIRECTION('',(0.,0.,1.));
#11428=DIRECTION('',(1.,0.,0.));
#11429=DIRECTION('',(0.,0.,1.));
#11430=DIRECTION('',(1.,0.,0.));
#11431=DIRECTION('',(0.,0.,1.));
#11432=DIRECTION('',(1.,0.,0.));
#11433=DIRECTION('',(0.,0.,1.));
#11434=DIRECTION('',(1.,0.,0.));
#11435=DIRECTION('',(0.,0.,1.));
#11436=DIRECTION('',(1.,0.,0.));
#11437=DIRECTION('',(0.,0.,1.));
#11438=DIRECTION('',(1.,0.,0.));
#11439=DIRECTION('',(0.,0.,1.));
#11440=DIRECTION('',(0.28820059999092,0.957570057053202,0.));
#11441=DIRECTION('',(0.,0.,1.));
#11442=DIRECTION('',(0.,0.,1.));
#11443=DIRECTION('',(1.,0.,0.));
#11444=DIRECTION('',(0.,0.,1.));
#11445=DIRECTION('',(0.,0.,1.));
#11446=DIRECTION('',(0.396149941096515,-0.91818583313468,0.));
#11447=DIRECTION('',(0.,0.,1.));
#11448=DIRECTION('',(0.,0.,1.));
#11449=DIRECTION('',(1.,0.,0.));
#11450=DIRECTION('',(0.,0.,1.));
#11451=DIRECTION('',(0.673693284645232,-0.739011067727621,0.));
#11452=DIRECTION('',(0.,0.,1.));
#11453=DIRECTION('',(0.,0.,1.));
#11454=DIRECTION('',(1.,0.,0.));
#11455=DIRECTION('',(0.,0.,1.));
#11456=DIRECTION('',(0.870298074578482,-0.49252539161447,0.));
#11457=DIRECTION('',(0.,0.,1.));
#11458=DIRECTION('',(0.,0.,1.));
#11459=DIRECTION('',(1.,0.,0.));
#11460=DIRECTION('',(0.,0.,1.));
#11461=DIRECTION('',(0.983972021786541,-0.178322910309658,0.));
#11462=DIRECTION('',(0.,0.,1.));
#11463=DIRECTION('',(0.,0.,1.));
#11464=DIRECTION('',(1.,0.,0.));
#11465=DIRECTION('',(0.,0.,1.));
#11466=DIRECTION('',(0.,0.,1.));
#11467=DIRECTION('',(0.755453409348551,0.655202370496055,0.));
#11468=DIRECTION('',(0.,0.,1.));
#11469=DIRECTION('',(0.,0.,1.));
#11470=DIRECTION('',(1.,0.,0.));
#11471=DIRECTION('',(0.,0.,1.));
#11472=DIRECTION('',(0.411481600957681,0.911418066571705,0.));
#11473=DIRECTION('',(0.,0.,1.));
#11474=DIRECTION('',(0.,0.,1.));
#11475=DIRECTION('',(1.,0.,0.));
#11476=DIRECTION('',(0.,0.,1.));
#11477=DIRECTION('',(0.120270432306003,0.992741166222559,0.));
#11478=DIRECTION('',(0.,0.,1.));
#11479=DIRECTION('',(0.,0.,1.));
#11480=DIRECTION('',(1.,0.,0.));
#11481=DIRECTION('',(0.,-1.,0.));
#11482=DIRECTION('',(0.,0.,-1.));
#11483=DIRECTION('',(0.,0.,1.));
#11484=DIRECTION('',(1.,0.,0.));
#11485=DIRECTION('',(1.,0.,0.));
#11486=DIRECTION('',(0.,0.,-1.));
#11487=DIRECTION('',(0.,0.,1.));
#11488=DIRECTION('',(0.,1.,0.));
#11489=DIRECTION('',(0.,1.,0.));
#11490=DIRECTION('',(0.,0.,1.));
#11491=DIRECTION('',(0.,0.,1.));
#11492=DIRECTION('',(-1.,0.,0.));
#11493=DIRECTION('',(0.,0.,1.));
#11494=DIRECTION('',(0.,0.,1.));
#11495=DIRECTION('',(0.,0.,1.));
#11496=DIRECTION('',(0.873153189239273,0.487445902763873,0.));
#11497=DIRECTION('',(0.,0.,1.));
#11498=DIRECTION('',(0.,0.,1.));
#11499=DIRECTION('',(1.,0.,0.));
#11500=DIRECTION('',(0.,0.,1.));
#11501=DIRECTION('',(0.991438866641535,0.130571718655111,0.));
#11502=DIRECTION('',(0.,0.,1.));
#11503=DIRECTION('',(0.,0.,1.));
#11504=DIRECTION('',(1.,0.,0.));
#11505=DIRECTION('',(0.,0.,1.));
#11506=DIRECTION('',(0.,0.,1.));
#11507=DIRECTION('',(0.7146834798957,-0.699448013482183,0.));
#11508=DIRECTION('',(0.,0.,1.));
#11509=DIRECTION('',(0.,0.,1.));
#11510=DIRECTION('',(1.,0.,0.));
#11511=DIRECTION('',(0.,0.,1.));
#11512=DIRECTION('',(0.248171741752512,-0.968716050551205,0.));
#11513=DIRECTION('',(0.,0.,1.));
#11514=DIRECTION('',(0.,0.,1.));
#11515=DIRECTION('',(1.,0.,0.));
#11516=DIRECTION('',(0.,0.,1.));
#11517=DIRECTION('',(0.0211716599583016,-0.999775855286879,0.));
#11518=DIRECTION('',(0.,0.,1.));
#11519=DIRECTION('',(0.,0.,1.));
#11520=DIRECTION('',(1.,0.,0.));
#11521=DIRECTION('',(0.,-1.,0.));
#11522=DIRECTION('',(0.,0.,-1.));
#11523=DIRECTION('',(0.,0.,1.));
#11524=DIRECTION('',(1.,0.,0.));
#11525=DIRECTION('',(1.,0.,0.));
#11526=DIRECTION('',(0.,0.,-1.));
#11527=DIRECTION('',(0.,0.,1.));
#11528=DIRECTION('',(0.,1.,0.));
#11529=DIRECTION('',(0.,1.,0.));
#11530=DIRECTION('',(0.,0.,1.));
#11531=DIRECTION('',(0.,0.,1.));
#11532=DIRECTION('',(-1.,0.,0.));
#11533=DIRECTION('',(0.,0.,1.));
#11534=DIRECTION('',(0.,0.,1.));
#11535=DIRECTION('',(0.,0.,1.));
#11536=DIRECTION('',(0.,0.,1.));
#11537=DIRECTION('',(0.,-1.,0.));
#11538=DIRECTION('',(0.,0.,-1.));
#11539=DIRECTION('',(0.,0.,1.));
#11540=DIRECTION('',(1.,0.,0.));
#11541=DIRECTION('',(1.,0.,0.));
#11542=DIRECTION('',(0.,0.,-1.));
#11543=DIRECTION('',(0.,0.,1.));
#11544=DIRECTION('',(0.,1.,0.));
#11545=DIRECTION('',(0.,1.,0.));
#11546=DIRECTION('',(0.,0.,1.));
#11547=DIRECTION('',(0.,0.,1.));
#11548=DIRECTION('',(-1.,0.,0.));
#11549=DIRECTION('',(0.,0.,1.));
#11550=DIRECTION('',(0.0559205727253893,-0.998435220505599,0.));
#11551=DIRECTION('',(0.,0.,1.));
#11552=DIRECTION('',(0.,0.,1.));
#11553=DIRECTION('',(1.,0.,0.));
#11554=DIRECTION('',(0.,0.,1.));
#11555=DIRECTION('',(0.186684118848726,-0.982419991536041,0.));
#11556=DIRECTION('',(0.,0.,1.));
#11557=DIRECTION('',(0.,0.,1.));
#11558=DIRECTION('',(1.,0.,0.));
#11559=DIRECTION('',(0.,0.,1.));
#11560=DIRECTION('',(0.37009901542422,-0.92899231362914,0.));
#11561=DIRECTION('',(0.,0.,1.));
#11562=DIRECTION('',(0.,0.,1.));
#11563=DIRECTION('',(1.,0.,0.));
#11564=DIRECTION('',(0.,0.,1.));
#11565=DIRECTION('',(0.601278202091062,-0.799039751007507,0.));
#11566=DIRECTION('',(0.,0.,1.));
#11567=DIRECTION('',(0.,0.,1.));
#11568=DIRECTION('',(1.,0.,0.));
#11569=DIRECTION('',(0.,0.,1.));
#11570=DIRECTION('',(0.842927000871657,-0.538027946487461,0.));
#11571=DIRECTION('',(0.,0.,1.));
#11572=DIRECTION('',(0.,0.,1.));
#11573=DIRECTION('',(1.,0.,0.));
#11574=DIRECTION('',(0.,0.,1.));
#11575=DIRECTION('',(0.,0.,1.));
#11576=DIRECTION('',(0.977874257784844,0.209193537093623,0.));
#11577=DIRECTION('',(0.,0.,1.));
#11578=DIRECTION('',(0.,0.,1.));
#11579=DIRECTION('',(1.,0.,0.));
#11580=DIRECTION('',(0.,0.,1.));
#11581=DIRECTION('',(0.816665952491232,0.577110667066195,0.));
#11582=DIRECTION('',(0.,0.,1.));
#11583=DIRECTION('',(0.,0.,1.));
#11584=DIRECTION('',(1.,0.,0.));
#11585=DIRECTION('',(0.,0.,1.));
#11586=DIRECTION('',(0.571949380336849,0.820288916377818,0.));
#11587=DIRECTION('',(0.,0.,1.));
#11588=DIRECTION('',(1.,0.,0.));
#11589=DIRECTION('',(0.,0.,1.));
#11590=DIRECTION('',(1.,0.,0.));
#11591=DIRECTION('',(0.,0.,1.));
#11592=DIRECTION('',(0.831038991717244,0.55621416221235,0.));
#11593=DIRECTION('',(0.,0.,1.));
#11594=DIRECTION('',(0.,0.,1.));
#11595=DIRECTION('',(1.,0.,0.));
#11596=DIRECTION('',(0.,0.,1.));
#11597=DIRECTION('',(0.,0.,1.));
#11598=DIRECTION('',(0.619949258729181,0.784641903419094,0.));
#11599=DIRECTION('',(0.,0.,1.));
#11600=DIRECTION('',(0.,0.,1.));
#11601=DIRECTION('',(1.,0.,0.));
#11602=DIRECTION('',(0.,0.,1.));
#11603=DIRECTION('',(0.247222851464851,0.968958648092677,0.));
#11604=DIRECTION('',(0.,0.,1.));
#11605=DIRECTION('',(0.,0.,1.));
#11606=DIRECTION('',(1.,0.,0.));
#11607=DIRECTION('',(0.,0.,1.));
#11608=DIRECTION('',(-0.158084053867202,0.987425658929781,0.));
#11609=DIRECTION('',(0.,0.,1.));
#11610=DIRECTION('',(0.,0.,1.));
#11611=DIRECTION('',(1.,0.,0.));
#11612=DIRECTION('',(0.,0.,1.));
#11613=DIRECTION('',(-0.38138453610579,0.924416483853123,0.));
#11614=DIRECTION('',(0.,0.,1.));
#11615=DIRECTION('',(0.,0.,1.));
#11616=DIRECTION('',(1.,0.,0.));
#11617=DIRECTION('',(1.,0.,0.));
#11618=DIRECTION('',(0.,0.,-1.));
#11619=DIRECTION('',(0.,0.,1.));
#11620=DIRECTION('',(0.,1.,0.));
#11621=DIRECTION('',(0.,0.,1.));
#11622=DIRECTION('',(-0.302884808841444,0.953027173050738,0.));
#11623=DIRECTION('',(0.,0.,1.));
#11624=DIRECTION('',(-1.76872522836466E-14,5.58235085526611E-14,1.));
#11625=DIRECTION('',(-0.189173561118125,0.981943666293483,-5.45545825284074E-14));
#11626=DIRECTION('',(0.,0.,1.));
#11627=DIRECTION('',(-0.113106618862393,0.993582856519534,0.));
#11628=DIRECTION('',(0.,0.,1.));
#11629=DIRECTION('',(0.,0.,1.));
#11630=DIRECTION('',(1.,0.,0.));
#11631=DIRECTION('',(0.,0.,1.));
#11632=DIRECTION('',(0.266604800343572,0.963805935048008,0.));
#11633=DIRECTION('',(0.,0.,1.));
#11634=DIRECTION('',(0.,0.,1.));
#11635=DIRECTION('',(1.,0.,0.));
#11636=DIRECTION('',(0.,0.,1.));
#11637=DIRECTION('',(0.777473133080187,0.628916152868153,0.));
#11638=DIRECTION('',(0.,0.,1.));
#11639=DIRECTION('',(0.,0.,1.));
#11640=DIRECTION('',(1.,0.,0.));
#11641=DIRECTION('',(0.,0.,1.));
#11642=DIRECTION('',(0.967981289221222,0.251022357007539,0.));
#11643=DIRECTION('',(0.,0.,1.));
#11644=DIRECTION('',(0.,0.,1.));
#11645=DIRECTION('',(1.,0.,0.));
#11646=DIRECTION('',(0.,0.,1.));
#11647=DIRECTION('',(0.998874889029069,0.0474231596075802,0.));
#11648=DIRECTION('',(0.,0.,1.));
#11649=DIRECTION('',(0.,0.,1.));
#11650=DIRECTION('',(1.,0.,0.));
#11651=DIRECTION('',(1.,0.,0.));
#11652=DIRECTION('',(0.,0.,-1.));
#11653=DIRECTION('',(0.,0.,1.));
#11654=DIRECTION('',(0.,1.,0.));
#11655=DIRECTION('',(0.,1.,0.));
#11656=DIRECTION('',(0.,0.,1.));
#11657=DIRECTION('',(0.,0.,1.));
#11658=DIRECTION('',(-1.,0.,0.));
#11659=DIRECTION('',(-1.,0.,0.));
#11660=DIRECTION('',(0.,0.,1.));
#11661=DIRECTION('',(0.,0.,1.));
#11662=DIRECTION('',(0.,-1.,0.));
#11663=DIRECTION('',(0.,0.,1.));
#11664=DIRECTION('',(0.999811111798732,0.0194355530866216,0.));
#11665=DIRECTION('',(0.,0.,1.));
#11666=DIRECTION('',(2.14282521792576E-12,4.19476388493402E-14,-1.));
#11667=DIRECTION('',(0.999250221829789,0.0387168461153345,2.14214684472043E-12));
#11668=DIRECTION('',(0.,0.,1.));
#11669=DIRECTION('',(0.994011143044539,0.109278760531449,0.));
#11670=DIRECTION('',(0.,0.,1.));
#11671=DIRECTION('',(5.6222653048058E-13,6.176317297685E-14,-1.));
#11672=DIRECTION('',(0.983693892701267,0.179850842261662,5.62077843690173E-13));
#11673=DIRECTION('',(0.,0.,1.));
#11674=DIRECTION('',(0.958218121151612,0.28603851540776,0.));
#11675=DIRECTION('',(3.5711961758748E-13,1.06466666231344E-13,-1.));
#11676=DIRECTION('',(0.921137242525388,0.389237948346156,3.72152385108335E-13));
#11677=DIRECTION('',(0.,0.,1.));
#11678=DIRECTION('',(1.,0.,0.));
#11679=DIRECTION('',(0.,0.,1.));
#11680=DIRECTION('',(-0.998873970860756,-0.0474424950531316,0.));
#11681=DIRECTION('',(0.,0.,1.));
#11682=DIRECTION('',(0.,0.,1.));
#11683=DIRECTION('',(1.,0.,0.));
#11684=DIRECTION('',(0.,0.,1.));
#11685=DIRECTION('',(-1.,0.,0.));
#11686=DIRECTION('',(0.,0.,1.));
#11687=DIRECTION('',(0.,0.,1.));
#11688=DIRECTION('',(0.,-1.,0.));
#11689=DIRECTION('',(0.,-1.,0.));
#11690=DIRECTION('',(0.,0.,-1.));
#11691=DIRECTION('',(0.,0.,1.));
#11692=DIRECTION('',(1.,0.,0.));
#11693=DIRECTION('',(1.,0.,0.));
#11694=DIRECTION('',(0.,0.,-1.));
#11695=DIRECTION('',(0.,0.,1.));
#11696=DIRECTION('',(0.,1.,0.));
#11697=DIRECTION('',(0.999951955513397,0.00980238057477221,0.));
#11698=DIRECTION('',(0.00980238057477221,-0.999951955513397,-4.00593840001104E-14));
#11699=DIRECTION('',(0.,0.,1.));
#11700=DIRECTION('',(0.00980238057477221,-0.999951955513397,-4.00593840001104E-14));
#11701=DIRECTION('',(0.,0.,1.));
#11702=DIRECTION('',(-0.995012761998565,-0.0997476990210184,0.));
#11703=DIRECTION('',(0.,0.,1.));
#11704=DIRECTION('',(-4.96290152836826E-13,-4.97091913989345E-14,-1.));
#11705=DIRECTION('',(-0.983689392567901,-0.179875453993574,5.03207473308773E-13));
#11706=DIRECTION('',(0.,0.,1.));
#11707=DIRECTION('',(-0.955535724535819,-0.294875362035906,0.));
#11708=DIRECTION('',(0.,0.,1.));
#11709=DIRECTION('',(5.25445395813838E-14,1.62699925975743E-14,-1.));
#11710=DIRECTION('',(-0.912851304833083,-0.408292168997321,-5.47442109868468E-14));
#11711=DIRECTION('',(0.,0.,1.));
#11712=DIRECTION('',(-0.825101363161346,-0.564984725907956,0.));
#11713=DIRECTION('',(0.,0.,1.));
#11714=DIRECTION('',(0.,0.,1.));
#11715=DIRECTION('',(1.,0.,0.));
#11716=DIRECTION('',(0.,0.,1.));
#11717=DIRECTION('',(-0.667837907658882,-0.744306743952926,0.));
#11718=DIRECTION('',(0.,0.,1.));
#11719=DIRECTION('',(0.,0.,1.));
#11720=DIRECTION('',(1.,0.,0.));
#11721=DIRECTION('',(0.,0.,1.));
#11722=DIRECTION('',(-0.56374512981157,-0.825948805080397,0.));
#11723=DIRECTION('',(0.,0.,1.));
#11724=DIRECTION('',(-3.96923013342535E-13,-5.81366792776515E-13,-1.));
#11725=DIRECTION('',(-0.500485139974097,-0.865745126850339,6.95303691516914E-13));
#11726=DIRECTION('',(0.,0.,1.));
#11727=DIRECTION('',(-0.36794175126773,-0.929848841303809,0.));
#11728=DIRECTION('',(0.,0.,1.));
#11729=DIRECTION('',(0.,0.,1.));
#11730=DIRECTION('',(1.,0.,0.));
#11731=DIRECTION('',(0.,0.,1.));
#11732=DIRECTION('',(-0.107686008368303,-0.994184954423322,0.));
#11733=DIRECTION('',(0.,0.,1.));
#11734=DIRECTION('',(0.,0.,1.));
#11735=DIRECTION('',(1.,0.,0.));
#11736=DIRECTION('',(0.,0.,1.));
#11737=DIRECTION('',(0.168601079607402,-0.985684369336969,0.));
#11738=DIRECTION('',(0.,0.,1.));
#11739=DIRECTION('',(0.,0.,1.));
#11740=DIRECTION('',(1.,0.,0.));
#11741=DIRECTION('',(0.,0.,1.));
#11742=DIRECTION('',(0.399345292997257,-0.916800598255114,0.));
#11743=DIRECTION('',(0.,0.,1.));
#11744=DIRECTION('',(0.,0.,1.));
#11745=DIRECTION('',(1.,0.,0.));
#11746=DIRECTION('',(-1.,0.,0.));
#11747=DIRECTION('',(0.,0.,1.));
#11748=DIRECTION('',(0.,0.,1.));
#11749=DIRECTION('',(0.,-1.,0.));
#11750=DIRECTION('',(0.,0.,1.));
#11751=DIRECTION('',(0.271115994843882,-0.962546683200255,0.));
#11752=DIRECTION('',(0.,0.,1.));
#11753=DIRECTION('',(0.,0.,1.));
#11754=DIRECTION('',(0.100215315351836,-0.994965773566575,0.));
#11755=DIRECTION('',(0.,0.,1.));
#11756=DIRECTION('',(0.,0.,1.));
#11757=DIRECTION('',(1.,0.,0.));
#11758=DIRECTION('',(0.,0.,1.));
#11759=DIRECTION('',(-0.271148676025197,-0.962537477446869,0.));
#11760=DIRECTION('',(0.,0.,1.));
#11761=DIRECTION('',(0.,0.,1.));
#11762=DIRECTION('',(1.,0.,0.));
#11763=DIRECTION('',(0.,0.,1.));
#11764=DIRECTION('',(-0.775629755599375,-0.631188151210757,0.));
#11765=DIRECTION('',(0.,0.,1.));
#11766=DIRECTION('',(0.,0.,1.));
#11767=DIRECTION('',(1.,0.,0.));
#11768=DIRECTION('',(0.,0.,1.));
#11769=DIRECTION('',(-0.970308038660377,-0.241872507968668,0.));
#11770=DIRECTION('',(0.,0.,1.));
#11771=DIRECTION('',(1.,0.,0.));
#11772=DIRECTION('',(0.,0.,1.));
#11773=DIRECTION('',(1.,0.,0.));
#11774=DIRECTION('',(-1.,0.,0.));
#11775=DIRECTION('',(0.,0.,1.));
#11776=DIRECTION('',(0.,0.,1.));
#11777=DIRECTION('',(0.,-1.,0.));
#11778=DIRECTION('',(0.,0.,1.));
#11779=DIRECTION('',(0.,-1.,0.));
#11780=DIRECTION('',(0.,0.,-1.));
#11781=DIRECTION('',(0.,0.,1.));
#11782=DIRECTION('',(1.,0.,0.));
#11783=DIRECTION('',(1.,0.,0.));
#11784=DIRECTION('',(0.,0.,-1.));
#11785=DIRECTION('',(0.,0.,1.));
#11786=DIRECTION('',(0.,1.,0.));
#11787=DIRECTION('',(0.975996896226805,0.217784431389489,0.));
#11788=DIRECTION('',(-0.217784431389489,0.975996896226805,0.));
#11789=DIRECTION('',(0.,0.,1.));
#11790=DIRECTION('',(-0.217784431389489,0.975996896226805,0.));
#11791=DIRECTION('',(0.,1.,0.));
#11792=DIRECTION('',(0.,0.,1.));
#11793=DIRECTION('',(-1.,0.,0.));
#11794=DIRECTION('',(0.,0.,1.));
#11795=DIRECTION('',(1.,0.,0.));
#11796=DIRECTION('',(-0.975868867476529,-0.218357398523789,0.));
#11797=DIRECTION('',(0.218357398523789,-0.975868867476529,0.));
#11798=DIRECTION('',(0.,0.,1.));
#11799=DIRECTION('',(0.218357398523789,-0.975868867476529,0.));
#11800=DIRECTION('',(0.,0.,1.));
#11801=DIRECTION('',(0.,-1.,0.));
#11802=DIRECTION('',(0.,0.,-1.));
#11803=DIRECTION('',(0.,0.,1.));
#11804=DIRECTION('',(1.,0.,0.));
#11805=DIRECTION('',(1.,0.,0.));
#11806=DIRECTION('',(0.,0.,-1.));
#11807=DIRECTION('',(0.,0.,1.));
#11808=DIRECTION('',(0.,1.,0.));
#11809=DIRECTION('',(0.,1.,0.));
#11810=DIRECTION('',(0.,0.,1.));
#11811=DIRECTION('',(0.,0.,1.));
#11812=DIRECTION('',(-1.,0.,0.));
#11813=DIRECTION('',(-1.,0.,0.));
#11814=DIRECTION('',(0.,0.,1.));
#11815=DIRECTION('',(0.,-1.,0.));
#11816=DIRECTION('',(0.,0.,1.));
#11817=DIRECTION('',(1.,0.,0.));
#11818=DIRECTION('',(0.,0.,1.));
#11819=DIRECTION('',(-0.248750922552951,-0.968567487854644,0.));
#11820=DIRECTION('',(0.,0.,1.));
#11821=DIRECTION('',(0.,0.,1.));
#11822=DIRECTION('',(1.,0.,0.));
#11823=DIRECTION('',(0.,0.,1.));
#11824=DIRECTION('',(0.,0.,1.));
#11825=DIRECTION('',(0.129388687829088,-0.991593952917154,0.));
#11826=DIRECTION('',(0.,0.,1.));
#11827=DIRECTION('',(0.,0.,1.));
#11828=DIRECTION('',(1.,0.,0.));
#11829=DIRECTION('',(0.,0.,1.));
#11830=DIRECTION('',(0.351895997167867,-0.936039105581189,0.));
#11831=DIRECTION('',(0.,0.,1.));
#11832=DIRECTION('',(0.,0.,1.));
#11833=DIRECTION('',(1.,0.,0.));
#11834=DIRECTION('',(-1.,0.,0.));
#11835=DIRECTION('',(0.,0.,1.));
#11836=DIRECTION('',(0.,0.,1.));
#11837=DIRECTION('',(0.,-1.,0.));
#11838=DIRECTION('',(0.,0.,1.));
#11839=DIRECTION('',(0.594857360265603,-0.80383127641181,0.));
#11840=DIRECTION('',(0.,0.,1.));
#11841=DIRECTION('',(0.,0.,1.));
#11842=DIRECTION('',(1.,0.,0.));
#11843=DIRECTION('',(0.,0.,1.));
#11844=DIRECTION('',(0.23114213759604,-0.97291999271653,0.));
#11845=DIRECTION('',(0.,0.,1.));
#11846=DIRECTION('',(0.,0.,1.));
#11847=DIRECTION('',(1.,0.,0.));
#11848=DIRECTION('',(0.,0.,1.));
#11849=DIRECTION('',(-0.27417842267118,-0.961678840643561,0.));
#11850=DIRECTION('',(0.,0.,1.));
#11851=DIRECTION('',(0.,0.,1.));
#11852=DIRECTION('',(1.,0.,0.));
#11853=DIRECTION('',(0.,0.,1.));
#11854=DIRECTION('',(-0.700300371104996,-0.713848296369897,0.));
#11855=DIRECTION('',(0.,0.,1.));
#11856=DIRECTION('',(0.,0.,1.));
#11857=DIRECTION('',(1.,0.,0.));
#11858=DIRECTION('',(0.,0.,1.));
#11859=DIRECTION('',(-0.91367310735738,-0.40644981595753,0.));
#11860=DIRECTION('',(0.,0.,1.));
#11861=DIRECTION('',(0.,0.,1.));
#11862=DIRECTION('',(1.,0.,0.));
#11863=DIRECTION('',(0.,0.,1.));
#11864=DIRECTION('',(-0.991915058549015,-0.126903572147136,0.));
#11865=DIRECTION('',(0.,0.,1.));
#11866=DIRECTION('',(0.,0.,1.));
#11867=DIRECTION('',(1.,0.,0.));
#11868=DIRECTION('',(0.,0.,1.));
#11869=DIRECTION('',(-0.992418529918892,0.122904277686438,0.));
#11870=DIRECTION('',(0.,0.,1.));
#11871=DIRECTION('',(0.,0.,1.));
#11872=DIRECTION('',(1.,0.,0.));
#11873=DIRECTION('',(0.,0.,1.));
#11874=DIRECTION('',(-0.91819814103078,0.396121412962767,0.));
#11875=DIRECTION('',(0.,0.,1.));
#11876=DIRECTION('',(0.,0.,1.));
#11877=DIRECTION('',(1.,0.,0.));
#11878=DIRECTION('',(0.,0.,1.));
#11879=DIRECTION('',(-0.705360069639975,0.708849188584913,0.));
#11880=DIRECTION('',(0.,0.,1.));
#11881=DIRECTION('',(0.,0.,1.));
#11882=DIRECTION('',(1.,0.,0.));
#11883=DIRECTION('',(0.,0.,1.));
#11884=DIRECTION('',(-0.275412095786781,0.96132625965087,0.));
#11885=DIRECTION('',(0.,0.,1.));
#11886=DIRECTION('',(0.,0.,1.));
#11887=DIRECTION('',(1.,0.,0.));
#11888=DIRECTION('',(0.,0.,1.));
#11889=DIRECTION('',(0.230833560107876,0.97299325153257,0.));
#11890=DIRECTION('',(0.,0.,1.));
#11891=DIRECTION('',(0.,0.,1.));
#11892=DIRECTION('',(1.,0.,0.));
#11893=DIRECTION('',(0.,0.,1.));
#11894=DIRECTION('',(0.612078717834312,0.790796840645121,0.));
#11895=DIRECTION('',(0.,0.,1.));
#11896=DIRECTION('',(-1.36760020814995E-13,-1.7669545389043E-13,1.));
#11897=DIRECTION('',(0.749795915346309,0.661669166071679,2.0925927683619E-13));
#11898=DIRECTION('',(-1.,0.,0.));
#11899=DIRECTION('',(0.,0.,1.));
#11900=DIRECTION('',(0.,0.,1.));
#11901=DIRECTION('',(0.,-1.,0.));
#11902=DIRECTION('',(0.,0.,1.));
#11903=DIRECTION('',(0.365413146044343,0.930845439747102,0.));
#11904=DIRECTION('',(0.,0.,1.));
#11905=DIRECTION('',(0.,0.,1.));
#11906=DIRECTION('',(1.,0.,0.));
#11907=DIRECTION('',(0.,0.,1.));
#11908=DIRECTION('',(0.118766735131561,0.992922183570389,0.));
#11909=DIRECTION('',(0.,0.,1.));
#11910=DIRECTION('',(0.,0.,1.));
#11911=DIRECTION('',(1.,0.,0.));
#11912=DIRECTION('',(0.,0.,1.));
#11913=DIRECTION('',(-0.166782254800482,0.985993752253871,0.));
#11914=DIRECTION('',(0.,0.,1.));
#11915=DIRECTION('',(0.,0.,1.));
#11916=DIRECTION('',(1.,0.,0.));
#11917=DIRECTION('',(0.,0.,1.));
#11918=DIRECTION('',(-0.531736992514366,0.846909541091478,0.));
#11919=DIRECTION('',(0.,0.,1.));
#11920=DIRECTION('',(0.,0.,1.));
#11921=DIRECTION('',(1.,0.,0.));
#11922=DIRECTION('',(0.,0.,1.));
#11923=DIRECTION('',(-0.840134432509257,0.542378221642746,0.));
#11924=DIRECTION('',(0.,0.,1.));
#11925=DIRECTION('',(0.,0.,1.));
#11926=DIRECTION('',(1.,0.,0.));
#11927=DIRECTION('',(0.,0.,1.));
#11928=DIRECTION('',(-0.985122458342487,0.171853839262483,0.));
#11929=DIRECTION('',(0.,0.,1.));
#11930=DIRECTION('',(0.,0.,1.));
#11931=DIRECTION('',(1.,0.,0.));
#11932=DIRECTION('',(0.,0.,1.));
#11933=DIRECTION('',(-0.993025852064142,-0.117896807133543,0.));
#11934=DIRECTION('',(0.,0.,1.));
#11935=DIRECTION('',(0.,0.,1.));
#11936=DIRECTION('',(1.,0.,0.));
#11937=DIRECTION('',(0.,0.,1.));
#11938=DIRECTION('',(-0.915319967158954,-0.4027273987701,0.));
#11939=DIRECTION('',(0.,0.,1.));
#11940=DIRECTION('',(0.,0.,1.));
#11941=DIRECTION('',(1.,0.,0.));
#11942=DIRECTION('',(0.,0.,1.));
#11943=DIRECTION('',(-0.682742695002118,-0.730658889237136,0.));
#11944=DIRECTION('',(0.,0.,1.));
#11945=DIRECTION('',(1.,0.,0.));
#11946=DIRECTION('',(0.,0.,1.));
#11947=DIRECTION('',(1.,0.,0.));
#11948=DIRECTION('',(-0.999141515283604,-0.0414274357978334,7.80250150361398E-29));
#11949=DIRECTION('',(0.0414274357978334,-0.999141515283604,7.95978463131174E-14));
#11950=DIRECTION('',(0.,0.,1.));
#11951=DIRECTION('',(0.0414274357978334,-0.999141515283604,7.95978463131174E-14));
#11952=DIRECTION('',(0.,0.,1.));
#11953=DIRECTION('',(-1.,0.,0.));
#11954=DIRECTION('',(0.,0.,1.));
#11955=DIRECTION('',(0.,0.,1.));
#11956=DIRECTION('',(0.,-1.,0.));
#11957=DIRECTION('',(0.,0.,1.));
#11958=DIRECTION('',(0.999386145961674,0.0350332878827082,0.));
#11959=DIRECTION('',(0.,0.,1.));
#11960=DIRECTION('',(8.17346817822131E-13,2.87276092432766E-14,-1.));
#11961=DIRECTION('',(0.997551470880994,0.0699361347456784,8.15822207630495E-13));
#11962=DIRECTION('',(0.,0.,1.));
#11963=DIRECTION('',(0.991025967696319,0.133669485491544,0.));
#11964=DIRECTION('',(0.,0.,1.));
#11965=DIRECTION('',(-6.96894081356141E-14,-9.44776699272055E-15,-1.));
#11966=DIRECTION('',(0.980123607042219,0.198387789237517,-6.8124036221604E-14));
#11967=DIRECTION('',(0.,0.,1.));
#11968=DIRECTION('',(0.918939847318182,0.394397714256608,0.));
#11969=DIRECTION('',(0.,0.,1.));
#11970=DIRECTION('',(0.,0.,1.));
#11971=DIRECTION('',(1.,0.,0.));
#11972=DIRECTION('',(0.,0.,1.));
#11973=DIRECTION('',(0.673681736327941,0.739021595177144,0.));
#11974=DIRECTION('',(0.,0.,1.));
#11975=DIRECTION('',(0.,0.,1.));
#11976=DIRECTION('',(1.,0.,0.));
#11977=DIRECTION('',(0.,0.,1.));
#11978=DIRECTION('',(0.360729591948112,0.932670446349057,0.));
#11979=DIRECTION('',(0.,0.,1.));
#11980=DIRECTION('',(0.,0.,1.));
#11981=DIRECTION('',(1.,0.,0.));
#11982=DIRECTION('',(0.,0.,1.));
#11983=DIRECTION('',(0.10249250414214,0.994733776743644,0.));
#11984=DIRECTION('',(0.,0.,1.));
#11985=DIRECTION('',(0.,0.,1.));
#11986=DIRECTION('',(1.,0.,0.));
#11987=DIRECTION('',(0.,0.,1.));
#11988=DIRECTION('',(-0.0874578014307537,0.996168225235527,0.));
#11989=DIRECTION('',(0.,0.,1.));
#11990=DIRECTION('',(0.,0.,1.));
#11991=DIRECTION('',(1.,0.,0.));
#11992=DIRECTION('',(0.,0.,1.));
#11993=DIRECTION('',(-0.249503215840832,0.968373969747785,0.));
#11994=DIRECTION('',(0.,0.,1.));
#11995=DIRECTION('',(0.,0.,1.));
#11996=DIRECTION('',(1.,0.,0.));
#11997=DIRECTION('',(0.,0.,1.));
#11998=DIRECTION('',(-0.409243043505179,0.912425411385839,0.));
#11999=DIRECTION('',(0.,0.,1.));
#12000=DIRECTION('',(0.,0.,1.));
#12001=DIRECTION('',(1.,0.,0.));
#12002=DIRECTION('',(0.,0.,1.));
#12003=DIRECTION('',(-0.610765521312635,0.791811516698075,0.));
#12004=DIRECTION('',(0.,0.,1.));
#12005=DIRECTION('',(0.,0.,1.));
#12006=DIRECTION('',(1.,0.,0.));
#12007=DIRECTION('',(0.837687919670973,0.546149200527949,0.));
#12008=DIRECTION('',(-0.546149200527949,0.837687919670973,0.));
#12009=DIRECTION('',(-1.6469403982967E-27,2.52609007710274E-27,1.));
#12010=DIRECTION('',(-0.546149200527949,0.837687919670973,0.));
#12011=DIRECTION('',(-0.601715861133999,0.798710224336567,-3.00860413217458E-27));
#12012=DIRECTION('',(-0.798710224336567,-0.601715861133999,8.67975154329082E-14));
#12013=DIRECTION('',(0.,0.,1.));
#12014=DIRECTION('',(-0.798710224336567,-0.601715861133999,8.67975154329082E-14));
#12015=DIRECTION('',(0.,0.,1.));
#12016=DIRECTION('',(-0.498701890435618,0.866773571629835,0.));
#12017=DIRECTION('',(0.,0.,1.));
#12018=DIRECTION('',(0.,0.,1.));
#12019=DIRECTION('',(1.,0.,0.));
#12020=DIRECTION('',(0.,0.,1.));
#12021=DIRECTION('',(-0.340083645518025,0.940395190359442,0.));
#12022=DIRECTION('',(0.,0.,1.));
#12023=DIRECTION('',(0.,0.,1.));
#12024=DIRECTION('',(1.,0.,0.));
#12025=DIRECTION('',(0.,0.,1.));
#12026=DIRECTION('',(-0.131937746636869,0.991258004261446,0.));
#12027=DIRECTION('',(0.,0.,1.));
#12028=DIRECTION('',(0.,0.,1.));
#12029=DIRECTION('',(1.,0.,0.));
#12030=DIRECTION('',(0.,0.,1.));
#12031=DIRECTION('',(0.0871760092118319,0.996192924798153,0.));
#12032=DIRECTION('',(0.,0.,1.));
#12033=DIRECTION('',(0.,0.,1.));
#12034=DIRECTION('',(1.,0.,0.));
#12035=DIRECTION('',(0.,0.,1.));
#12036=DIRECTION('',(0.497511448061825,0.867457410509257,0.));
#12037=DIRECTION('',(0.,0.,1.));
#12038=DIRECTION('',(0.,0.,1.));
#12039=DIRECTION('',(1.,0.,0.));
#12040=DIRECTION('',(0.,0.,1.));
#12041=DIRECTION('',(0.919949476845821,0.392036937100447,0.));
#12042=DIRECTION('',(0.,0.,1.));
#12043=DIRECTION('',(0.,0.,1.));
#12044=DIRECTION('',(1.,0.,0.));
#12045=DIRECTION('',(0.,0.,1.));
#12046=DIRECTION('',(0.997474033564789,0.0710320516667707,0.));
#12047=DIRECTION('',(0.,0.,1.));
#12048=DIRECTION('',(0.,0.,1.));
#12049=DIRECTION('',(1.,0.,0.));
#12050=DIRECTION('',(1.,0.,0.));
#12051=DIRECTION('',(0.,0.,-1.));
#12052=DIRECTION('',(0.,0.,1.));
#12053=DIRECTION('',(0.,1.,0.));
#12054=DIRECTION('',(0.,0.,1.));
#12055=DIRECTION('',(0.716066872762513,-0.698031685335355,0.));
#12056=DIRECTION('',(0.,0.,1.));
#12057=DIRECTION('',(-1.8610363977903E-13,1.81353894912214E-13,1.));
#12058=DIRECTION('',(0.595486730514637,-0.803365143493909,2.50422720236619E-13));
#12059=DIRECTION('',(0.,0.,1.));
#12060=DIRECTION('',(0.408137644944572,-0.912920403309674,0.));
#12061=DIRECTION('',(0.,0.,1.));
#12062=DIRECTION('',(0.,0.,1.));
#12063=DIRECTION('',(1.,0.,0.));
#12064=DIRECTION('',(1.,0.,0.));
#12065=DIRECTION('',(0.,0.,-1.));
#12066=DIRECTION('',(0.,0.,1.));
#12067=DIRECTION('',(0.,1.,0.));
#12068=DIRECTION('',(0.,0.,1.));
#12069=DIRECTION('',(0.399897523404755,-0.916559856624074,0.));
#12070=DIRECTION('',(0.,0.,1.));
#12071=DIRECTION('',(0.,0.,1.));
#12072=DIRECTION('',(1.,0.,0.));
#12073=DIRECTION('',(0.,0.,1.));
#12074=DIRECTION('',(0.756508361430956,-0.653984020512007,0.));
#12075=DIRECTION('',(0.,0.,1.));
#12076=DIRECTION('',(0.,0.,1.));
#12077=DIRECTION('',(1.,0.,0.));
#12078=DIRECTION('',(0.,0.,1.));
#12079=DIRECTION('',(-0.897655925873621,-0.440696991984256,0.));
#12080=DIRECTION('',(0.,0.,1.));
#12081=DIRECTION('',(-3.48524587469843E-13,-1.70956504965018E-13,-1.));
#12082=DIRECTION('',(-0.817755024813702,-0.575566433517401,3.95400109722046E-13));
#12083=DIRECTION('',(0.,0.,1.));
#12084=DIRECTION('',(-0.7301382653989,-0.683299431728349,0.));
#12085=DIRECTION('',(0.,0.,1.));
#12086=DIRECTION('',(0.,0.,1.));
#12087=DIRECTION('',(1.,0.,0.));
#12088=DIRECTION('',(0.,0.,1.));
#12089=DIRECTION('',(-0.516044973358152,-0.85656148960351,0.));
#12090=DIRECTION('',(0.,0.,1.));
#12091=DIRECTION('',(0.,0.,1.));
#12092=DIRECTION('',(1.,0.,0.));
#12093=DIRECTION('',(0.,0.,1.));
#12094=DIRECTION('',(-0.206702163639954,-0.978403912270675,0.));
#12095=DIRECTION('',(0.,0.,1.));
#12096=DIRECTION('',(0.,0.,1.));
#12097=DIRECTION('',(1.,0.,0.));
#12098=DIRECTION('',(-0.902462008382698,0.430769455075296,0.));
#12099=DIRECTION('',(-0.430769455075296,-0.902462008382698,0.));
#12100=DIRECTION('',(0.,0.,1.));
#12101=DIRECTION('',(-0.430769455075296,-0.902462008382698,0.));
#12102=DIRECTION('',(0.,0.,1.));
#12103=DIRECTION('',(-0.684547065072969,-0.728968665787484,0.));
#12104=DIRECTION('',(0.,0.,1.));
#12105=DIRECTION('',(0.,0.,1.));
#12106=DIRECTION('',(1.,0.,0.));
#12107=DIRECTION('',(0.,0.,1.));
#12108=DIRECTION('',(-0.949138890881641,-0.314857691371781,0.));
#12109=DIRECTION('',(0.,0.,1.));
#12110=DIRECTION('',(0.,0.,1.));
#12111=DIRECTION('',(1.,0.,0.));
#12112=DIRECTION('',(0.,0.,1.));
#12113=DIRECTION('',(-0.992104459056879,-0.125414282757019,0.));
#12114=DIRECTION('',(-1.59873684461595E-13,-2.01871265390689E-14,1.));
#12115=DIRECTION('',(-0.998081925934586,-0.0619069392128799,-1.64592258938977E-13));
#12116=DIRECTION('',(0.,0.,1.));
#12117=DIRECTION('',(1.,0.,0.));
#12118=DIRECTION('',(0.,0.,1.));
#12119=DIRECTION('',(-0.956536773981573,-0.291611728195085,0.));
#12120=DIRECTION('',(0.,0.,1.));
#12121=DIRECTION('',(0.,0.,1.));
#12122=DIRECTION('',(1.,0.,0.));
#12123=DIRECTION('',(0.,0.,1.));
#12124=DIRECTION('',(0.,0.,1.));
#12125=DIRECTION('',(-0.969616097668304,0.244631606998135,0.));
#12126=DIRECTION('',(0.,0.,1.));
#12127=DIRECTION('',(0.,0.,1.));
#12128=DIRECTION('',(1.,0.,0.));
#12129=DIRECTION('',(0.,0.,1.));
#12130=DIRECTION('',(-0.703455455048922,0.710739349383383,0.));
#12131=DIRECTION('',(0.,0.,1.));
#12132=DIRECTION('',(0.,0.,1.));
#12133=DIRECTION('',(1.,0.,0.));
#12134=DIRECTION('',(0.,0.,1.));
#12135=DIRECTION('',(-0.342963081561782,0.939348883368499,0.));
#12136=DIRECTION('',(0.,0.,1.));
#12137=DIRECTION('',(0.,0.,1.));
#12138=DIRECTION('',(1.,0.,0.));
#12139=DIRECTION('',(0.,0.,1.));
#12140=DIRECTION('',(-0.0931520642697295,0.995651893445841,0.));
#12141=DIRECTION('',(0.,0.,1.));
#12142=DIRECTION('',(0.,0.,1.));
#12143=DIRECTION('',(1.,0.,0.));
#12144=DIRECTION('',(0.,1.,0.));
#12145=DIRECTION('',(0.,0.,1.));
#12146=DIRECTION('',(0.,0.,1.));
#12147=DIRECTION('',(-1.,0.,0.));
#12148=DIRECTION('',(-1.,0.,0.));
#12149=DIRECTION('',(0.,0.,1.));
#12150=DIRECTION('',(0.,0.,1.));
#12151=DIRECTION('',(0.,-1.,0.));
#12152=DIRECTION('',(0.,-1.,0.));
#12153=DIRECTION('',(0.,0.,-1.));
#12154=DIRECTION('',(0.,0.,1.));
#12155=DIRECTION('',(1.,0.,0.));
#12156=DIRECTION('',(0.,0.,1.));
#12157=DIRECTION('',(-0.131383288424532,0.991331645577178,0.));
#12158=DIRECTION('',(0.,0.,1.));
#12159=DIRECTION('',(0.,0.,1.));
#12160=DIRECTION('',(1.,0.,0.));
#12161=DIRECTION('',(0.,0.,1.));
#12162=DIRECTION('',(-0.420656938311456,0.90721978607746,0.));
#12163=DIRECTION('',(0.,0.,1.));
#12164=DIRECTION('',(0.,0.,1.));
#12165=DIRECTION('',(1.,0.,0.));
#12166=DIRECTION('',(0.,0.,1.));
#12167=DIRECTION('',(-0.739209970403569,0.673475032689375,0.));
#12168=DIRECTION('',(0.,0.,1.));
#12169=DIRECTION('',(0.,0.,1.));
#12170=DIRECTION('',(1.,0.,0.));
#12171=DIRECTION('',(0.,0.,1.));
#12172=DIRECTION('',(-0.969211085027472,0.246231339719118,0.));
#12173=DIRECTION('',(0.,0.,1.));
#12174=DIRECTION('',(0.,0.,1.));
#12175=DIRECTION('',(1.,0.,0.));
#12176=DIRECTION('',(0.,0.,1.));
#12177=DIRECTION('',(-0.984750256627904,-0.173973940782165,0.));
#12178=DIRECTION('',(0.,0.,1.));
#12179=DIRECTION('',(0.,0.,1.));
#12180=DIRECTION('',(1.,0.,0.));
#12181=DIRECTION('',(0.,0.,1.));
#12182=DIRECTION('',(-0.813084583540323,-0.582145565996221,0.));
#12183=DIRECTION('',(0.,0.,1.));
#12184=DIRECTION('',(0.,0.,1.));
#12185=DIRECTION('',(1.,0.,0.));
#12186=DIRECTION('',(0.,0.,1.));
#12187=DIRECTION('',(-0.464455841804137,-0.885596279923313,0.));
#12188=DIRECTION('',(0.,0.,1.));
#12189=DIRECTION('',(0.,0.,1.));
#12190=DIRECTION('',(1.,0.,0.));
#12191=DIRECTION('',(0.,0.,1.));
#12192=DIRECTION('',(-0.136455654800637,-0.9906461801637,0.));
#12193=DIRECTION('',(0.,0.,1.));
#12194=DIRECTION('',(0.,0.,1.));
#12195=DIRECTION('',(1.,0.,0.));
#12196=DIRECTION('',(-0.0711106092990976,0.997468436214957,-2.41436896217802E-27));
#12197=DIRECTION('',(-0.997468436214957,-0.0711106092990976,1.42849142571773E-13));
#12198=DIRECTION('',(0.,2.42049660372182E-27,1.));
#12199=DIRECTION('',(-0.997468436214957,-0.0711106092990976,1.42849142571773E-13));
#12200=DIRECTION('',(-1.,0.,0.));
#12201=DIRECTION('',(0.,0.,1.));
#12202=DIRECTION('',(0.,0.,1.));
#12203=DIRECTION('',(0.,-1.,0.));
#12204=DIRECTION('',(0.,0.,1.));
#12205=DIRECTION('',(-0.450214462441929,-0.892920454356448,0.));
#12206=DIRECTION('',(0.,0.,1.));
#12207=DIRECTION('',(1.,0.,0.));
#12208=DIRECTION('',(0.,0.,1.));
#12209=DIRECTION('',(1.,0.,0.));
#12210=DIRECTION('',(0.,0.,1.));
#12211=DIRECTION('',(-0.341744804032454,0.93979279041543,0.));
#12212=DIRECTION('',(0.,0.,1.));
#12213=DIRECTION('',(0.,0.,1.));
#12214=DIRECTION('',(1.,0.,0.));
#12215=DIRECTION('',(0.,0.,1.));
#12216=DIRECTION('',(1.,0.,0.));
#12217=DIRECTION('',(0.,0.,-1.));
#12218=DIRECTION('',(0.,0.,1.));
#12219=DIRECTION('',(0.,1.,0.));
#12220=DIRECTION('',(0.,0.,1.));
#12221=DIRECTION('',(-0.242289357857781,0.970204033731495,0.));
#12222=DIRECTION('',(0.,0.,1.));
#12223=DIRECTION('',(0.,0.,1.));
#12224=DIRECTION('',(1.,0.,0.));
#12225=DIRECTION('',(0.,0.,1.));
#12226=DIRECTION('',(-0.0783622582376894,0.996924950276544,0.));
#12227=DIRECTION('',(0.,0.,1.));
#12228=DIRECTION('',(4.55904473753516E-14,-5.77133617911365E-13,1.));
#12229=DIRECTION('',(-0.0010855934207514,0.999999410743289,5.76936132899733E-13));
#12230=DIRECTION('',(0.,0.,1.));
#12231=DIRECTION('',(0.137103491364569,0.990556728640841,0.));
#12232=DIRECTION('',(0.,0.,1.));
#12233=DIRECTION('',(0.,0.,1.));
#12234=DIRECTION('',(1.,0.,0.));
#12235=DIRECTION('',(-1.,0.,0.));
#12236=DIRECTION('',(0.,0.,1.));
#12237=DIRECTION('',(0.,0.,1.));
#12238=DIRECTION('',(0.,-1.,0.));
#12239=DIRECTION('',(0.,0.,1.));
#12240=DIRECTION('',(-0.0870578103483313,0.99620326121598,0.));
#12241=DIRECTION('',(0.,0.,1.));
#12242=DIRECTION('',(1.,0.,0.));
#12243=DIRECTION('',(0.,0.,1.));
#12244=DIRECTION('',(1.,0.,0.));
#12245=DIRECTION('',(-0.999998028274027,0.00198581168735813,0.));
#12246=DIRECTION('',(-0.00198581168735813,-0.999998028274027,0.));
#12247=DIRECTION('',(0.,0.,1.));
#12248=DIRECTION('',(-0.00198581168735813,-0.999998028274027,0.));
#12249=DIRECTION('',(0.,0.,1.));
#12250=DIRECTION('',(0.,-1.,0.));
#12251=DIRECTION('',(0.,0.,-1.));
#12252=DIRECTION('',(0.,0.,1.));
#12253=DIRECTION('',(1.,0.,0.));
#12254=DIRECTION('',(0.974483382634164,-0.224459655550562,0.));
#12255=DIRECTION('',(0.224459655550562,0.974483382634164,0.));
#12256=DIRECTION('',(0.,0.,1.));
#12257=DIRECTION('',(0.224459655550562,0.974483382634164,0.));
#12258=DIRECTION('',(1.,0.,0.));
#12259=DIRECTION('',(0.,0.,-1.));
#12260=DIRECTION('',(0.,0.,1.));
#12261=DIRECTION('',(0.,1.,0.));
#12262=DIRECTION('',(0.,0.,1.));
#12263=DIRECTION('',(0.,0.,1.));
#12264=DIRECTION('',(0.363197411832644,-0.931712208805953,0.));
#12265=DIRECTION('',(0.,0.,1.));
#12266=DIRECTION('',(0.,0.,1.));
#12267=DIRECTION('',(1.,0.,0.));
#12268=DIRECTION('',(0.,0.,1.));
#12269=DIRECTION('',(-0.0809069735443191,-0.9967216570497,0.));
#12270=DIRECTION('',(0.,0.,1.));
#12271=DIRECTION('',(0.,0.,1.));
#12272=DIRECTION('',(1.,0.,0.));
#12273=DIRECTION('',(0.,0.,1.));
#12274=DIRECTION('',(-0.248342858253053,-0.968672196749088,0.));
#12275=DIRECTION('',(0.,0.,1.));
#12276=DIRECTION('',(0.,0.,1.));
#12277=DIRECTION('',(1.,0.,0.));
#12278=DIRECTION('',(0.,0.,1.));
#12279=DIRECTION('',(-0.46671399294095,-0.884408304344275,0.));
#12280=DIRECTION('',(0.,0.,1.));
#12281=DIRECTION('',(0.,0.,1.));
#12282=DIRECTION('',(1.,0.,0.));
#12283=DIRECTION('',(0.,0.,1.));
#12284=DIRECTION('',(-0.737880213300822,-0.674931693446925,0.));
#12285=DIRECTION('',(0.,0.,1.));
#12286=DIRECTION('',(0.,0.,1.));
#12287=DIRECTION('',(1.,0.,0.));
#12288=DIRECTION('',(0.703026635728199,-0.711163518086165,0.));
#12289=DIRECTION('',(0.711163518086165,0.703026635728199,0.));
#12290=DIRECTION('',(0.,0.,1.));
#12291=DIRECTION('',(0.711163518086165,0.703026635728199,0.));
#12292=DIRECTION('',(0.,0.,1.));
#12293=DIRECTION('',(-0.585702120216912,-0.810526388449761,0.));
#12294=DIRECTION('',(0.,0.,1.));
#12295=DIRECTION('',(0.,0.,1.));
#12296=DIRECTION('',(1.,0.,0.));
#12297=DIRECTION('',(0.,0.,1.));
#12298=DIRECTION('',(-0.17303846732854,-0.984915066807585,0.));
#12299=DIRECTION('',(0.,0.,1.));
#12300=DIRECTION('',(0.,0.,1.));
#12301=DIRECTION('',(1.,0.,0.));
#12302=DIRECTION('',(0.,0.,1.));
#12303=DIRECTION('',(0.13435089355187,-0.990933820899163,0.));
#12304=DIRECTION('',(0.,0.,1.));
#12305=DIRECTION('',(0.,0.,1.));
#12306=DIRECTION('',(1.,0.,0.));
#12307=DIRECTION('',(0.,0.,1.));
#12308=DIRECTION('',(0.476425708467287,-0.879214731627856,0.));
#12309=DIRECTION('',(0.,0.,1.));
#12310=DIRECTION('',(0.,0.,1.));
#12311=DIRECTION('',(1.,0.,0.));
#12312=DIRECTION('',(0.,0.,1.));
#12313=DIRECTION('',(0.801939660868725,-0.597405038751562,0.));
#12314=DIRECTION('',(0.,0.,1.));
#12315=DIRECTION('',(0.,0.,1.));
#12316=DIRECTION('',(1.,0.,0.));
#12317=DIRECTION('',(0.,0.,1.));
#12318=DIRECTION('',(0.971563054747656,-0.236780976113799,0.));
#12319=DIRECTION('',(0.,0.,1.));
#12320=DIRECTION('',(1.,0.,0.));
#12321=DIRECTION('',(0.,0.,1.));
#12322=DIRECTION('',(1.,0.,0.));
#12323=DIRECTION('',(0.,-1.,0.));
#12324=DIRECTION('',(0.,0.,-1.));
#12325=DIRECTION('',(0.,0.,1.));
#12326=DIRECTION('',(1.,0.,0.));
#12327=DIRECTION('',(0.,0.,1.));
#12328=DIRECTION('',(1.,0.,0.));
#12329=DIRECTION('',(0.,0.,-1.));
#12330=DIRECTION('',(0.,0.,1.));
#12331=DIRECTION('',(0.,1.,0.));
#12332=DIRECTION('',(0.,1.,0.));
#12333=DIRECTION('',(0.,0.,1.));
#12334=DIRECTION('',(0.,0.,1.));
#12335=DIRECTION('',(-1.,0.,0.));
#12336=DIRECTION('',(-1.,0.,0.));
#12337=DIRECTION('',(0.,0.,1.));
#12338=DIRECTION('',(0.,-1.,0.));
#12339=DIRECTION('',(0.,0.,1.));
#12340=DIRECTION('',(1.,0.,0.));
#12341=DIRECTION('',(0.,0.,1.));
#12342=DIRECTION('',(0.,0.,1.));
#12343=DIRECTION('',(-1.,0.,0.));
#12344=DIRECTION('',(0.,0.,1.));
#12345=DIRECTION('',(0.,0.,1.));
#12346=DIRECTION('',(0.,-1.,0.));
#12347=DIRECTION('',(0.,-1.,0.));
#12348=DIRECTION('',(0.,0.,-1.));
#12349=DIRECTION('',(0.,0.,1.));
#12350=DIRECTION('',(1.,0.,0.));
#12351=DIRECTION('',(1.,0.,0.));
#12352=DIRECTION('',(0.,0.,-1.));
#12353=DIRECTION('',(0.,0.,1.));
#12354=DIRECTION('',(0.,1.,0.));
#12355=DIRECTION('',(0.,0.,1.));
#12356=DIRECTION('',(-0.99849013223627,-0.0549313737930822,0.));
#12357=DIRECTION('',(0.,0.,1.));
#12358=DIRECTION('',(0.,0.,1.));
#12359=DIRECTION('',(1.,0.,0.));
#12360=DIRECTION('',(0.,0.,1.));
#12361=DIRECTION('',(-0.976130475373136,-0.217184932828722,0.));
#12362=DIRECTION('',(0.,0.,1.));
#12363=DIRECTION('',(0.,0.,1.));
#12364=DIRECTION('',(1.,0.,0.));
#12365=DIRECTION('',(0.,0.,1.));
#12366=DIRECTION('',(-0.870637463507858,-0.491925204819395,0.));
#12367=DIRECTION('',(0.,0.,1.));
#12368=DIRECTION('',(0.,0.,1.));
#12369=DIRECTION('',(1.,0.,0.));
#12370=DIRECTION('',(0.,0.,1.));
#12371=DIRECTION('',(0.,0.,1.));
#12372=DIRECTION('',(-0.113581390770428,-0.993528694940743,0.));
#12373=DIRECTION('',(0.,0.,1.));
#12374=DIRECTION('',(0.,0.,1.));
#12375=DIRECTION('',(1.,0.,0.));
#12376=DIRECTION('',(0.,0.,1.));
#12377=DIRECTION('',(-0.0318879395640703,-0.999491450343803,0.));
#12378=DIRECTION('',(0.,0.,1.));
#12379=DIRECTION('',(-1.89629398924934E-14,-5.94172116634507E-13,-1.));
#12380=DIRECTION('',(-2.54996268498963E-5,-0.999999999674885,5.93227232095731E-13));
#12381=DIRECTION('',(0.,0.,1.));
#12382=DIRECTION('',(0.016011180891756,-0.99987181282725,0.));
#12383=DIRECTION('',(0.,0.,1.));
#12384=DIRECTION('',(-3.10306368975257E-15,1.91538127360699E-13,-1.));
#12385=DIRECTION('',(0.0322999537952477,-0.999478220365419,-1.91388075905029E-13));
#12386=DIRECTION('',(0.,0.,1.));
#12387=DIRECTION('',(0.0564657106110559,-0.998404539014716,0.));
#12388=DIRECTION('',(0.,0.,1.));
#12389=DIRECTION('',(0.,0.,1.));
#12390=DIRECTION('',(1.,0.,0.));
#12391=DIRECTION('',(0.,0.,1.));
#12392=DIRECTION('',(0.112832119473725,-0.993614066333135,0.));
#12393=DIRECTION('',(0.,0.,1.));
#12394=DIRECTION('',(0.,0.,1.));
#12395=DIRECTION('',(1.,0.,0.));
#12396=DIRECTION('',(-1.,0.,0.));
#12397=DIRECTION('',(0.,0.,1.));
#12398=DIRECTION('',(0.,0.,1.));
#12399=DIRECTION('',(0.,-1.,0.));
#12400=DIRECTION('',(0.,0.,1.));
#12401=DIRECTION('',(-0.068148841385351,-0.997675165280681,0.));
#12402=DIRECTION('',(0.,0.,1.));
#12403=DIRECTION('',(0.,0.,1.));
#12404=DIRECTION('',(1.,0.,0.));
#12405=DIRECTION('',(0.,0.,1.));
#12406=DIRECTION('',(-0.327058886445277,-0.945003960201848,0.));
#12407=DIRECTION('',(0.,0.,1.));
#12408=DIRECTION('',(0.,0.,1.));
#12409=DIRECTION('',(1.,0.,0.));
#12410=DIRECTION('',(0.,0.,1.));
#12411=DIRECTION('',(-0.753253998296841,-0.657729742409314,0.));
#12412=DIRECTION('',(0.,0.,1.));
#12413=DIRECTION('',(1.,0.,0.));
#12414=DIRECTION('',(0.,0.,1.));
#12415=DIRECTION('',(1.,0.,0.));
#12416=DIRECTION('',(0.,0.,1.));
#12417=DIRECTION('',(-0.999280771640535,-0.0379201718020391,0.));
#12418=DIRECTION('',(0.,0.,1.));
#12419=DIRECTION('',(0.,0.,1.));
#12420=DIRECTION('',(1.,0.,0.));
#12421=DIRECTION('',(0.,0.,1.));
#12422=DIRECTION('',(-1.,0.,0.));
#12423=DIRECTION('',(0.,0.,1.));
#12424=DIRECTION('',(0.,0.,1.));
#12425=DIRECTION('',(0.,-1.,0.));
#12426=DIRECTION('',(0.,0.,1.));
#12427=DIRECTION('',(0.999386145961695,0.0350332878820954,0.));
#12428=DIRECTION('',(0.,0.,1.));
#12429=DIRECTION('',(0.,0.,1.));
#12430=DIRECTION('',(1.,0.,0.));
#12431=DIRECTION('',(0.,0.,1.));
#12432=DIRECTION('',(0.991025967696344,0.133669485491362,0.));
#12433=DIRECTION('',(0.,0.,1.));
#12434=DIRECTION('',(-1.97421860864216E-14,-2.67644078292276E-15,-1.));
#12435=DIRECTION('',(0.980123607042191,0.198387789237657,-1.93000953024097E-14));
#12436=DIRECTION('',(0.,0.,1.));
#12437=DIRECTION('',(0.918939847318215,0.394397714256529,0.));
#12438=DIRECTION('',(0.,0.,1.));
#12439=DIRECTION('',(0.,0.,1.));
#12440=DIRECTION('',(1.,0.,0.));
#12441=DIRECTION('',(0.,0.,1.));
#12442=DIRECTION('',(0.673681736328109,0.739021595176991,0.));
#12443=DIRECTION('',(0.,0.,1.));
#12444=DIRECTION('',(0.,0.,1.));
#12445=DIRECTION('',(1.,0.,0.));
#12446=DIRECTION('',(0.,0.,1.));
#12447=DIRECTION('',(0.360729591947796,0.932670446349179,0.));
#12448=DIRECTION('',(0.,0.,1.));
#12449=DIRECTION('',(0.,0.,1.));
#12450=DIRECTION('',(1.,0.,0.));
#12451=DIRECTION('',(0.,0.,1.));
#12452=DIRECTION('',(0.102492504142117,0.994733776743646,0.));
#12453=DIRECTION('',(0.,0.,1.));
#12454=DIRECTION('',(0.,0.,1.));
#12455=DIRECTION('',(1.,0.,0.));
#12456=DIRECTION('',(0.,0.,1.));
#12457=DIRECTION('',(-0.0874578014308093,0.996168225235522,0.));
#12458=DIRECTION('',(0.,0.,1.));
#12459=DIRECTION('',(0.,0.,1.));
#12460=DIRECTION('',(1.,0.,0.));
#12461=DIRECTION('',(0.,0.,1.));
#12462=DIRECTION('',(-0.24950321584075,0.968373969747806,0.));
#12463=DIRECTION('',(0.,0.,1.));
#12464=DIRECTION('',(0.,0.,1.));
#12465=DIRECTION('',(1.,0.,0.));
#12466=DIRECTION('',(0.,0.,1.));
#12467=DIRECTION('',(-0.409243043505258,0.912425411385804,0.));
#12468=DIRECTION('',(0.,0.,1.));
#12469=DIRECTION('',(0.,0.,1.));
#12470=DIRECTION('',(1.,0.,0.));
#12471=DIRECTION('',(0.,0.,1.));
#12472=DIRECTION('',(-0.610765521312694,0.791811516698029,0.));
#12473=DIRECTION('',(0.,0.,1.));
#12474=DIRECTION('',(0.,0.,1.));
#12475=DIRECTION('',(1.,0.,0.));
#12476=DIRECTION('',(0.837687919670976,0.546149200527945,0.));
#12477=DIRECTION('',(-0.546149200527945,0.837687919670976,0.));
#12478=DIRECTION('',(0.,0.,1.));
#12479=DIRECTION('',(-0.546149200527945,0.837687919670976,0.));
#12480=DIRECTION('',(0.,0.,1.));
#12481=DIRECTION('',(-0.604344557869278,0.796723073202846,0.));
#12482=DIRECTION('',(0.,0.,1.));
#12483=DIRECTION('',(0.,0.,1.));
#12484=DIRECTION('',(1.,0.,0.));
#12485=DIRECTION('',(0.,0.,1.));
#12486=DIRECTION('',(-0.498701890435646,0.866773571629819,0.));
#12487=DIRECTION('',(0.,0.,1.));
#12488=DIRECTION('',(0.,0.,1.));
#12489=DIRECTION('',(1.,0.,0.));
#12490=DIRECTION('',(0.,0.,1.));
#12491=DIRECTION('',(-0.340083645518161,0.940395190359392,0.));
#12492=DIRECTION('',(0.,0.,1.));
#12493=DIRECTION('',(0.,0.,1.));
#12494=DIRECTION('',(1.,0.,0.));
#12495=DIRECTION('',(0.,0.,1.));
#12496=DIRECTION('',(-0.131937746636698,0.991258004261469,0.));
#12497=DIRECTION('',(0.,0.,1.));
#12498=DIRECTION('',(0.,0.,1.));
#12499=DIRECTION('',(1.,0.,0.));
#12500=DIRECTION('',(0.,0.,1.));
#12501=DIRECTION('',(0.0871760092120461,0.996192924798134,0.));
#12502=DIRECTION('',(0.,0.,1.));
#12503=DIRECTION('',(0.,0.,1.));
#12504=DIRECTION('',(1.,0.,0.));
#12505=DIRECTION('',(0.,0.,1.));
#12506=DIRECTION('',(0.497511448061328,0.867457410509542,0.));
#12507=DIRECTION('',(0.,0.,1.));
#12508=DIRECTION('',(0.,0.,1.));
#12509=DIRECTION('',(1.,0.,0.));
#12510=DIRECTION('',(0.,0.,1.));
#12511=DIRECTION('',(0.,0.,1.));
#12512=DIRECTION('',(0.997474033564802,0.0710320516665831,0.));
#12513=DIRECTION('',(0.,0.,1.));
#12514=DIRECTION('',(0.,0.,1.));
#12515=DIRECTION('',(1.,0.,0.));
#12516=DIRECTION('',(1.,0.,0.));
#12517=DIRECTION('',(0.,0.,-1.));
#12518=DIRECTION('',(0.,0.,1.));
#12519=DIRECTION('',(0.,1.,0.));
#12520=DIRECTION('',(0.,0.,1.));
#12521=DIRECTION('',(0.716066872762468,-0.6980316853354,0.));
#12522=DIRECTION('',(0.,0.,1.));
#12523=DIRECTION('',(0.,0.,1.));
#12524=DIRECTION('',(1.,0.,0.));
#12525=DIRECTION('',(0.,0.,1.));
#12526=DIRECTION('',(0.408137644944641,-0.912920403309643,0.));
#12527=DIRECTION('',(0.,0.,1.));
#12528=DIRECTION('',(0.,0.,1.));
#12529=DIRECTION('',(1.,0.,0.));
#12530=DIRECTION('',(1.,0.,0.));
#12531=DIRECTION('',(0.,0.,-1.));
#12532=DIRECTION('',(0.,0.,1.));
#12533=DIRECTION('',(0.,1.,0.));
#12534=DIRECTION('',(0.,0.,1.));
#12535=DIRECTION('',(0.399897523404885,-0.916559856624017,0.));
#12536=DIRECTION('',(0.,0.,1.));
#12537=DIRECTION('',(0.,0.,1.));
#12538=DIRECTION('',(1.,0.,0.));
#12539=DIRECTION('',(0.,0.,1.));
#12540=DIRECTION('',(0.,0.,1.));
#12541=DIRECTION('',(-0.897655925874075,-0.440696991983332,0.));
#12542=DIRECTION('',(0.,0.,1.));
#12543=DIRECTION('',(0.,0.,1.));
#12544=DIRECTION('',(1.,0.,0.));
#12545=DIRECTION('',(0.,0.,1.));
#12546=DIRECTION('',(-0.730138265398595,-0.683299431728676,0.));
#12547=DIRECTION('',(0.,0.,1.));
#12548=DIRECTION('',(0.,0.,1.));
#12549=DIRECTION('',(1.,0.,0.));
#12550=DIRECTION('',(0.,0.,1.));
#12551=DIRECTION('',(-0.51604497335833,-0.856561489603403,0.));
#12552=DIRECTION('',(0.,0.,1.));
#12553=DIRECTION('',(0.,0.,1.));
#12554=DIRECTION('',(1.,0.,0.));
#12555=DIRECTION('',(0.,0.,1.));
#12556=DIRECTION('',(-0.206702163640893,-0.978403912270476,0.));
#12557=DIRECTION('',(0.,0.,1.));
#12558=DIRECTION('',(0.,0.,1.));
#12559=DIRECTION('',(1.,0.,0.));
#12560=DIRECTION('',(-0.902462008382708,0.430769455075275,0.));
#12561=DIRECTION('',(-0.430769455075275,-0.902462008382708,0.));
#12562=DIRECTION('',(0.,0.,1.));
#12563=DIRECTION('',(-0.430769455075275,-0.902462008382708,0.));
#12564=DIRECTION('',(0.,0.,1.));
#12565=DIRECTION('',(-0.684547064983192,-0.72896866587179,0.));
#12566=DIRECTION('',(0.,0.,1.));
#12567=DIRECTION('',(0.,0.,1.));
#12568=DIRECTION('',(1.,0.,0.));
#12569=DIRECTION('',(0.,0.,1.));
#12570=DIRECTION('',(-0.949138890881646,-0.314857691371766,0.));
#12571=DIRECTION('',(0.,0.,1.));
#12572=DIRECTION('',(0.,0.,1.));
#12573=DIRECTION('',(1.,0.,0.));
#12574=DIRECTION('',(0.,0.,1.));
#12575=DIRECTION('',(-0.9921044590567,-0.125414282758432,0.));
#12576=DIRECTION('',(0.,0.,1.));
#12577=DIRECTION('',(1.,0.,0.));
#12578=DIRECTION('',(0.,0.,1.));
#12579=DIRECTION('',(1.,0.,0.));
#12580=DIRECTION('',(0.,0.,1.));
#12581=DIRECTION('',(0.,0.,1.));
#12582=DIRECTION('',(0.,0.,1.));
#12583=DIRECTION('',(0.,0.,1.));
#12584=DIRECTION('',(-0.703455455049244,0.710739349383064,0.));
#12585=DIRECTION('',(0.,0.,1.));
#12586=DIRECTION('',(0.,0.,1.));
#12587=DIRECTION('',(1.,0.,0.));
#12588=DIRECTION('',(0.,0.,1.));
#12589=DIRECTION('',(-0.342963081561728,0.939348883368519,0.));
#12590=DIRECTION('',(0.,0.,1.));
#12591=DIRECTION('',(0.,0.,1.));
#12592=DIRECTION('',(1.,0.,0.));
#12593=DIRECTION('',(0.,0.,1.));
#12594=DIRECTION('',(-0.0931520642692224,0.995651893445888,0.));
#12595=DIRECTION('',(0.,0.,1.));
#12596=DIRECTION('',(0.,0.,1.));
#12597=DIRECTION('',(1.,0.,0.));
#12598=DIRECTION('',(0.,1.,0.));
#12599=DIRECTION('',(0.,0.,1.));
#12600=DIRECTION('',(0.,0.,1.));
#12601=DIRECTION('',(-1.,0.,0.));
#12602=DIRECTION('',(-1.,0.,0.));
#12603=DIRECTION('',(0.,0.,1.));
#12604=DIRECTION('',(0.,0.,1.));
#12605=DIRECTION('',(0.,-1.,0.));
#12606=DIRECTION('',(0.,-1.,0.));
#12607=DIRECTION('',(0.,0.,-1.));
#12608=DIRECTION('',(0.,0.,1.));
#12609=DIRECTION('',(1.,0.,0.));
#12610=DIRECTION('',(0.,0.,1.));
#12611=DIRECTION('',(-0.131383288424796,0.991331645577143,0.));
#12612=DIRECTION('',(0.,0.,1.));
#12613=DIRECTION('',(0.,0.,1.));
#12614=DIRECTION('',(1.,0.,0.));
#12615=DIRECTION('',(0.,0.,1.));
#12616=DIRECTION('',(-0.420656938311474,0.907219786077451,0.));
#12617=DIRECTION('',(0.,0.,1.));
#12618=DIRECTION('',(0.,0.,1.));
#12619=DIRECTION('',(1.,0.,0.));
#12620=DIRECTION('',(0.,0.,1.));
#12621=DIRECTION('',(-0.73920997040346,0.673475032689495,0.));
#12622=DIRECTION('',(0.,0.,1.));
#12623=DIRECTION('',(0.,0.,1.));
#12624=DIRECTION('',(1.,0.,0.));
#12625=DIRECTION('',(0.,0.,1.));
#12626=DIRECTION('',(0.,0.,1.));
#12627=DIRECTION('',(0.,0.,1.));
#12628=DIRECTION('',(-0.813084583540406,-0.582145565996105,0.));
#12629=DIRECTION('',(0.,0.,1.));
#12630=DIRECTION('',(0.,0.,1.));
#12631=DIRECTION('',(1.,0.,0.));
#12632=DIRECTION('',(0.,0.,1.));
#12633=DIRECTION('',(-0.464455841803955,-0.885596279923408,0.));
#12634=DIRECTION('',(0.,0.,1.));
#12635=DIRECTION('',(0.,0.,1.));
#12636=DIRECTION('',(1.,0.,0.));
#12637=DIRECTION('',(0.,0.,1.));
#12638=DIRECTION('',(-0.136455654800671,-0.990646180163695,0.));
#12639=DIRECTION('',(0.,0.,1.));
#12640=DIRECTION('',(0.,0.,1.));
#12641=DIRECTION('',(1.,0.,0.));
#12642=DIRECTION('',(0.,0.,1.));
#12643=DIRECTION('',(0.0859986148647924,-0.996295256558686,0.));
#12644=DIRECTION('',(0.,0.,1.));
#12645=DIRECTION('',(0.,0.,1.));
#12646=DIRECTION('',(1.,0.,0.));
#12647=DIRECTION('',(-1.,0.,0.));
#12648=DIRECTION('',(0.,0.,1.));
#12649=DIRECTION('',(0.,0.,1.));
#12650=DIRECTION('',(0.,-1.,0.));
#12651=DIRECTION('',(0.,0.,1.));
#12652=DIRECTION('',(1.,0.,0.));
#12653=DIRECTION('',(-0.975868867476536,-0.218357398523759,0.));
#12654=DIRECTION('',(0.218357398523759,-0.975868867476536,0.));
#12655=DIRECTION('',(0.,0.,1.));
#12656=DIRECTION('',(0.218357398523759,-0.975868867476536,0.));
#12657=DIRECTION('',(0.,0.,1.));
#12658=DIRECTION('',(0.,-1.,0.));
#12659=DIRECTION('',(0.,0.,-1.));
#12660=DIRECTION('',(0.,0.,1.));
#12661=DIRECTION('',(1.,0.,0.));
#12662=DIRECTION('',(1.,0.,0.));
#12663=DIRECTION('',(0.,0.,-1.));
#12664=DIRECTION('',(0.,0.,1.));
#12665=DIRECTION('',(0.,1.,0.));
#12666=DIRECTION('',(0.,1.,0.));
#12667=DIRECTION('',(0.,0.,1.));
#12668=DIRECTION('',(0.,0.,1.));
#12669=DIRECTION('',(-1.,0.,0.));
#12670=DIRECTION('',(-1.,0.,0.));
#12671=DIRECTION('',(0.,0.,1.));
#12672=DIRECTION('',(0.,-1.,0.));
#12673=DIRECTION('',(0.,0.,1.));
#12674=DIRECTION('',(1.,0.,0.));
#12675=DIRECTION('',(0.,0.,1.));
#12676=DIRECTION('',(-0.341744804032431,0.939792790415438,0.));
#12677=DIRECTION('',(0.,0.,1.));
#12678=DIRECTION('',(0.,0.,1.));
#12679=DIRECTION('',(1.,0.,0.));
#12680=DIRECTION('',(0.,0.,1.));
#12681=DIRECTION('',(1.,0.,0.));
#12682=DIRECTION('',(0.,0.,-1.));
#12683=DIRECTION('',(0.,0.,1.));
#12684=DIRECTION('',(0.,1.,0.));
#12685=DIRECTION('',(0.,0.,1.));
#12686=DIRECTION('',(-0.242289357857847,0.970204033731479,0.));
#12687=DIRECTION('',(0.,0.,1.));
#12688=DIRECTION('',(0.,0.,1.));
#12689=DIRECTION('',(1.,0.,0.));
#12690=DIRECTION('',(0.,0.,1.));
#12691=DIRECTION('',(-0.0783622582378789,0.996924950276529,0.));
#12692=DIRECTION('',(0.,0.,1.));
#12693=DIRECTION('',(0.,0.,1.));
#12694=DIRECTION('',(1.,0.,0.));
#12695=DIRECTION('',(0.,0.,1.));
#12696=DIRECTION('',(0.137103491365408,0.990556728640725,0.));
#12697=DIRECTION('',(0.,0.,1.));
#12698=DIRECTION('',(0.,0.,1.));
#12699=DIRECTION('',(1.,0.,0.));
#12700=DIRECTION('',(-1.,0.,0.));
#12701=DIRECTION('',(0.,0.,1.));
#12702=DIRECTION('',(0.,0.,1.));
#12703=DIRECTION('',(0.,-1.,0.));
#12704=DIRECTION('',(0.,0.,1.));
#12705=DIRECTION('',(1.,0.,0.));
#12706=DIRECTION('',(0.,0.,1.));
#12707=DIRECTION('',(0.084987492841362,-0.996382018133878,0.));
#12708=DIRECTION('',(0.,0.,1.));
#12709=DIRECTION('',(0.,0.,1.));
#12710=DIRECTION('',(1.,0.,0.));
#12711=DIRECTION('',(0.,0.,1.));
#12712=DIRECTION('',(0.,0.,1.));
#12713=DIRECTION('',(0.,0.,1.));
#12714=DIRECTION('',(-0.619480203261735,-0.785012278736326,0.));
#12715=DIRECTION('',(0.,0.,1.));
#12716=DIRECTION('',(0.,0.,1.));
#12717=DIRECTION('',(1.,0.,0.));
#12718=DIRECTION('',(0.,0.,1.));
#12719=DIRECTION('',(-0.889648537581713,-0.456645901743046,0.));
#12720=DIRECTION('',(0.,0.,1.));
#12721=DIRECTION('',(0.,0.,1.));
#12722=DIRECTION('',(1.,0.,0.));
#12723=DIRECTION('',(0.,0.,1.));
#12724=DIRECTION('',(-0.991155711748816,-0.132704013005252,0.));
#12725=DIRECTION('',(0.,0.,1.));
#12726=DIRECTION('',(0.,0.,1.));
#12727=DIRECTION('',(1.,0.,0.));
#12728=DIRECTION('',(0.,0.,1.));
#12729=DIRECTION('',(-0.99512366980525,0.098635094126443,0.));
#12730=DIRECTION('',(0.,0.,1.));
#12731=DIRECTION('',(0.,0.,1.));
#12732=DIRECTION('',(1.,0.,0.));
#12733=DIRECTION('',(0.,0.,1.));
#12734=DIRECTION('',(-0.954023820852079,0.299730794625445,0.));
#12735=DIRECTION('',(0.,0.,1.));
#12736=DIRECTION('',(0.,0.,1.));
#12737=DIRECTION('',(1.,0.,0.));
#12738=DIRECTION('',(0.,0.,1.));
#12739=DIRECTION('',(-0.813980166509793,0.580892665239189,0.));
#12740=DIRECTION('',(0.,0.,1.));
#12741=DIRECTION('',(0.,0.,1.));
#12742=DIRECTION('',(1.,0.,0.));
#12743=DIRECTION('',(0.,0.,1.));
#12744=DIRECTION('',(-0.448217074557797,0.89392474743395,0.));
#12745=DIRECTION('',(0.,0.,1.));
#12746=DIRECTION('',(0.,0.,1.));
#12747=DIRECTION('',(1.,0.,0.));
#12748=DIRECTION('',(-1.,0.,0.));
#12749=DIRECTION('',(0.,0.,1.));
#12750=DIRECTION('',(0.,0.,1.));
#12751=DIRECTION('',(0.,-1.,0.));
#12752=DIRECTION('',(0.,0.,1.));
#12753=DIRECTION('',(-0.283495868833299,0.958973457586002,0.));
#12754=DIRECTION('',(0.,0.,1.));
#12755=DIRECTION('',(0.,0.,1.));
#12756=DIRECTION('',(1.,0.,0.));
#12757=DIRECTION('',(0.,0.,1.));
#12758=DIRECTION('',(-0.641712144678958,0.766945580449833,0.));
#12759=DIRECTION('',(0.,0.,1.));
#12760=DIRECTION('',(0.,0.,1.));
#12761=DIRECTION('',(1.,0.,0.));
#12762=DIRECTION('',(0.,0.,1.));
#12763=DIRECTION('',(-0.869875927064172,0.493270586508305,0.));
#12764=DIRECTION('',(0.,0.,1.));
#12765=DIRECTION('',(0.,0.,1.));
#12766=DIRECTION('',(1.,0.,0.));
#12767=DIRECTION('',(0.,0.,1.));
#12768=DIRECTION('',(-0.985432609174598,0.170066377556955,0.));
#12769=DIRECTION('',(0.,0.,1.));
#12770=DIRECTION('',(0.,0.,1.));
#12771=DIRECTION('',(1.,0.,0.));
#12772=DIRECTION('',(0.,0.,1.));
#12773=DIRECTION('',(-0.984015616784283,-0.178082188678843,0.));
#12774=DIRECTION('',(0.,0.,1.));
#12775=DIRECTION('',(0.,0.,1.));
#12776=DIRECTION('',(1.,0.,0.));
#12777=DIRECTION('',(0.,0.,1.));
#12778=DIRECTION('',(-0.858965298757936,-0.512033803112342,0.));
#12779=DIRECTION('',(0.,0.,1.));
#12780=DIRECTION('',(0.,0.,1.));
#12781=DIRECTION('',(1.,0.,0.));
#12782=DIRECTION('',(0.,0.,1.));
#12783=DIRECTION('',(-0.600803958096621,-0.799396399751359,0.));
#12784=DIRECTION('',(0.,0.,1.));
#12785=DIRECTION('',(0.,0.,1.));
#12786=DIRECTION('',(1.,0.,0.));
#12787=DIRECTION('',(0.,0.,1.));
#12788=DIRECTION('',(-0.214558358805802,-0.976711170544578,0.));
#12789=DIRECTION('',(0.,0.,1.));
#12790=DIRECTION('',(0.,0.,1.));
#12791=DIRECTION('',(1.,0.,0.));
#12792=DIRECTION('',(0.,0.,1.));
#12793=DIRECTION('',(0.,0.,1.));
#12794=DIRECTION('',(0.625076991459422,-0.780563101067453,0.));
#12795=DIRECTION('',(0.,0.,1.));
#12796=DIRECTION('',(0.,0.,1.));
#12797=DIRECTION('',(1.,0.,0.));
#12798=DIRECTION('',(-0.83601930852084,-0.548700023492197,0.));
#12799=DIRECTION('',(0.548700023492197,-0.83601930852084,0.));
#12800=DIRECTION('',(0.,0.,1.));
#12801=DIRECTION('',(0.548700023492197,-0.83601930852084,0.));
#12802=DIRECTION('',(0.,0.,1.));
#12803=DIRECTION('',(0.596823820786663,-0.802372311923591,0.));
#12804=DIRECTION('',(0.,0.,1.));
#12805=DIRECTION('',(0.,0.,1.));
#12806=DIRECTION('',(1.,0.,0.));
#12807=DIRECTION('',(0.,0.,1.));
#12808=DIRECTION('',(0.405626403790869,-0.914038960081947,0.));
#12809=DIRECTION('',(0.,0.,1.));
#12810=DIRECTION('',(0.,0.,1.));
#12811=DIRECTION('',(1.,0.,0.));
#12812=DIRECTION('',(0.,0.,1.));
#12813=DIRECTION('',(0.245843635511401,-0.969309500045542,0.));
#12814=DIRECTION('',(0.,0.,1.));
#12815=DIRECTION('',(1.,0.,0.));
#12816=DIRECTION('',(0.,0.,1.));
#12817=DIRECTION('',(1.,0.,0.));
#12818=DIRECTION('',(0.,0.,1.));
#12819=DIRECTION('',(0.287756110039718,0.95770372304529,0.));
#12820=DIRECTION('',(0.,0.,1.));
#12821=DIRECTION('',(0.,0.,1.));
#12822=DIRECTION('',(1.,0.,0.));
#12823=DIRECTION('',(0.,0.,1.));
#12824=DIRECTION('',(1.,0.,0.));
#12825=DIRECTION('',(0.,0.,-1.));
#12826=DIRECTION('',(0.,0.,1.));
#12827=DIRECTION('',(0.,1.,0.));
#12828=DIRECTION('',(0.,0.,1.));
#12829=DIRECTION('',(0.329818936062708,0.944044209459739,0.));
#12830=DIRECTION('',(0.,0.,1.));
#12831=DIRECTION('',(0.,0.,1.));
#12832=DIRECTION('',(1.,0.,0.));
#12833=DIRECTION('',(0.,0.,1.));
#12834=DIRECTION('',(0.667171496583401,0.744904150979618,0.));
#12835=DIRECTION('',(0.,0.,1.));
#12836=DIRECTION('',(0.,0.,1.));
#12837=DIRECTION('',(1.,0.,0.));
#12838=DIRECTION('',(0.,0.,1.));
#12839=DIRECTION('',(0.872531314261971,0.488558190630633,0.));
#12840=DIRECTION('',(0.,0.,1.));
#12841=DIRECTION('',(0.,0.,1.));
#12842=DIRECTION('',(1.,0.,0.));
#12843=DIRECTION('',(0.,0.,1.));
#12844=DIRECTION('',(0.985847242400504,0.167646099421736,0.));
#12845=DIRECTION('',(0.,0.,1.));
#12846=DIRECTION('',(0.,0.,1.));
#12847=DIRECTION('',(1.,0.,0.));
#12848=DIRECTION('',(0.,-1.,0.));
#12849=DIRECTION('',(0.,0.,-1.));
#12850=DIRECTION('',(0.,0.,1.));
#12851=DIRECTION('',(1.,0.,0.));
#12852=DIRECTION('',(1.,0.,0.));
#12853=DIRECTION('',(0.,0.,-1.));
#12854=DIRECTION('',(0.,0.,1.));
#12855=DIRECTION('',(0.,1.,0.));
#12856=DIRECTION('',(0.,1.,0.));
#12857=DIRECTION('',(0.,0.,1.));
#12858=DIRECTION('',(0.,0.,1.));
#12859=DIRECTION('',(-1.,0.,0.));
#12860=DIRECTION('',(0.,0.,1.));
#12861=DIRECTION('',(0.99800571334149,-0.063123657512407,0.));
#12862=DIRECTION('',(0.,0.,1.));
#12863=DIRECTION('',(-3.00777579250236E-14,1.886064028301E-15,-1.));
#12864=DIRECTION('',(0.999999453342394,0.00104561700129035,-3.08043494877273E-14));
#12865=DIRECTION('',(0.,0.,1.));
#12866=DIRECTION('',(0.987094586643381,0.160138305908773,0.));
#12867=DIRECTION('',(0.,0.,1.));
#12868=DIRECTION('',(0.,0.,1.));
#12869=DIRECTION('',(1.,0.,0.));
#12870=DIRECTION('',(0.,0.,1.));
#12871=DIRECTION('',(0.876763070236797,0.480922570346772,0.));
#12872=DIRECTION('',(0.,0.,1.));
#12873=DIRECTION('',(0.,0.,1.));
#12874=DIRECTION('',(1.,0.,0.));
#12875=DIRECTION('',(0.,0.,1.));
#12876=DIRECTION('',(0.640065556176045,0.768320300263536,0.));
#12877=DIRECTION('',(0.,0.,1.));
#12878=DIRECTION('',(1.,0.,0.));
#12879=DIRECTION('',(0.,0.,1.));
#12880=DIRECTION('',(1.,0.,0.));
#12881=DIRECTION('',(0.924899834068041,0.380210858525779,0.));
#12882=DIRECTION('',(-0.380210858525779,0.924899834068041,0.));
#12883=DIRECTION('',(0.,0.,1.));
#12884=DIRECTION('',(-0.380210858525779,0.924899834068041,0.));
#12885=DIRECTION('',(0.,0.,1.));
#12886=DIRECTION('',(-0.922764865927742,0.385363467663135,0.));
#12887=DIRECTION('',(-0.385363467663135,-0.922764865927742,0.));
#12888=DIRECTION('',(0.,0.,1.));
#12889=DIRECTION('',(-0.385363467663135,-0.922764865927742,0.));
#12890=DIRECTION('',(-0.925129321869486,0.379652127370972,0.));
#12891=DIRECTION('',(-0.379652127370972,-0.925129321869486,0.));
#12892=DIRECTION('',(0.,0.,1.));
#12893=DIRECTION('',(-0.379652127370972,-0.925129321869486,0.));
#12894=DIRECTION('',(-0.934812403739454,-0.355141900956313,0.));
#12895=DIRECTION('',(0.355141900956313,-0.934812403739454,0.));
#12896=DIRECTION('',(0.,0.,1.));
#12897=DIRECTION('',(0.355141900956313,-0.934812403739454,0.));
#12898=DIRECTION('',(0.,-1.,0.));
#12899=DIRECTION('',(0.,0.,-1.));
#12900=DIRECTION('',(1.,0.,0.));
#12901=DIRECTION('',(0.,0.,1.));
#12902=DIRECTION('',(1.,0.,0.));
#12903=DIRECTION('',(0.,0.,1.));
#12904=DIRECTION('',(0.935823277776048,-0.352469562902235,0.));
#12905=DIRECTION('',(0.,0.,1.));
#12906=DIRECTION('',(0.,0.,1.));
#12907=DIRECTION('',(1.,0.,0.));
#12908=DIRECTION('',(0.,0.,1.));
#12909=DIRECTION('',(0.,-1.,0.));
#12910=DIRECTION('',(0.,0.,-1.));
#12911=DIRECTION('',(0.,0.,1.));
#12912=DIRECTION('',(1.,0.,0.));
#12913=DIRECTION('',(0.941989539852799,-0.335642230370245,0.));
#12914=DIRECTION('',(0.335642230370245,0.941989539852799,0.));
#12915=DIRECTION('',(0.,0.,1.));
#12916=DIRECTION('',(0.335642230370245,0.941989539852799,0.));
#12917=DIRECTION('',(0.921080112261008,-0.389373120280855,0.));
#12918=DIRECTION('',(0.389373120280855,0.921080112261008,0.));
#12919=DIRECTION('',(0.,0.,1.));
#12920=DIRECTION('',(0.389373120280855,0.921080112261008,0.));
#12921=DIRECTION('',(0.,0.,1.));
#12922=DIRECTION('',(0.898345761124564,-0.439289077339202,0.));
#12923=DIRECTION('',(0.,0.,1.));
#12924=DIRECTION('',(0.,0.,1.));
#12925=DIRECTION('',(1.,0.,0.));
#12926=DIRECTION('',(0.,0.,1.));
#12927=DIRECTION('',(0.74965687472813,-0.661826691946505,0.));
#12928=DIRECTION('',(0.,0.,1.));
#12929=DIRECTION('',(0.,0.,1.));
#12930=DIRECTION('',(1.,0.,0.));
#12931=DIRECTION('',(0.,0.,1.));
#12932=DIRECTION('',(0.370620612429827,-0.928784346144001,0.));
#12933=DIRECTION('',(0.,0.,1.));
#12934=DIRECTION('',(0.,0.,1.));
#12935=DIRECTION('',(1.,0.,0.));
#12936=DIRECTION('',(0.,0.,1.));
#12937=DIRECTION('',(0.0556603337990425,-0.998449762001764,0.));
#12938=DIRECTION('',(0.,0.,1.));
#12939=DIRECTION('',(0.,0.,1.));
#12940=DIRECTION('',(1.,0.,0.));
#12941=DIRECTION('',(0.,0.,1.));
#12942=DIRECTION('',(-0.1837951883361,-0.982964561286162,0.));
#12943=DIRECTION('',(0.,0.,1.));
#12944=DIRECTION('',(0.,0.,1.));
#12945=DIRECTION('',(1.,0.,0.));
#12946=DIRECTION('',(0.,0.,1.));
#12947=DIRECTION('',(0.183795188335496,0.982964561286275,0.));
#12948=DIRECTION('',(0.,0.,1.));
#12949=DIRECTION('',(0.,0.,1.));
#12950=DIRECTION('',(1.,0.,0.));
#12951=DIRECTION('',(0.,0.,1.));
#12952=DIRECTION('',(-0.950065693502067,0.312049960792235,0.));
#12953=DIRECTION('',(0.,0.,1.));
#12954=DIRECTION('',(0.,0.,1.));
#12955=DIRECTION('',(1.,0.,0.));
#12956=DIRECTION('',(0.,0.,1.));
#12957=DIRECTION('',(-0.972028863495654,0.234861424102272,0.));
#12958=DIRECTION('',(0.,0.,1.));
#12959=DIRECTION('',(0.,0.,1.));
#12960=DIRECTION('',(1.,0.,0.));
#12961=DIRECTION('',(0.,0.,1.));
#12962=DIRECTION('',(-0.973245185188069,0.229769035137985,0.));
#12963=DIRECTION('',(0.,0.,1.));
#12964=DIRECTION('',(0.,0.,1.));
#12965=DIRECTION('',(1.,0.,0.));
#12966=DIRECTION('',(0.352444093760553,0.935832870107319,-1.36882247543321E-26));
#12967=DIRECTION('',(-0.935832870107319,0.352444093760553,4.53285363254113E-14));
#12968=DIRECTION('',(0.,0.,1.));
#12969=DIRECTION('',(-0.935832870107319,0.352444093760553,4.53285363254113E-14));
#12970=DIRECTION('',(0.,0.,1.));
#12971=DIRECTION('',(-0.325191470826305,-0.945648194257159,0.));
#12972=DIRECTION('',(0.,0.,1.));
#12973=DIRECTION('',(0.,0.,1.));
#12974=DIRECTION('',(1.,0.,0.));
#12975=DIRECTION('',(0.,0.,1.));
#12976=DIRECTION('',(-0.247313025046455,-0.968935636480758,0.));
#12977=DIRECTION('',(0.,0.,1.));
#12978=DIRECTION('',(2.00370842001544E-14,7.86962973743642E-14,-1.));
#12979=DIRECTION('',(-0.201098032937791,-0.979571121026213,-8.16515596811175E-14));
#12980=DIRECTION('',(0.,0.,1.));
#12981=DIRECTION('',(-0.11240694983786,-0.993662255310198,0.));
#12982=DIRECTION('',(0.,0.,1.));
#12983=DIRECTION('',(0.,0.,1.));
#12984=DIRECTION('',(1.,0.,0.));
#12985=DIRECTION('',(0.,0.,1.));
#12986=DIRECTION('',(0.0503510988672703,-0.998731578975481,0.));
#12987=DIRECTION('',(0.,0.,1.));
#12988=DIRECTION('',(0.,0.,1.));
#12989=DIRECTION('',(1.,0.,0.));
#12990=DIRECTION('',(0.,0.,1.));
#12991=DIRECTION('',(0.329479389499865,-0.944162767691459,0.));
#12992=DIRECTION('',(0.,0.,1.));
#12993=DIRECTION('',(0.,0.,1.));
#12994=DIRECTION('',(1.,0.,0.));
#12995=DIRECTION('',(0.,0.,1.));
#12996=DIRECTION('',(0.676346414963082,-0.736583686329386,0.));
#12997=DIRECTION('',(0.,0.,1.));
#12998=DIRECTION('',(0.,0.,1.));
#12999=DIRECTION('',(1.,0.,0.));
#13000=DIRECTION('',(0.,0.,1.));
#13001=DIRECTION('',(0.,0.,1.));
#13002=DIRECTION('',(0.908802249385111,-0.417227122215901,0.));
#13003=DIRECTION('',(0.,0.,1.));
#13004=DIRECTION('',(0.,0.,1.));
#13005=DIRECTION('',(1.,0.,0.));
#13006=DIRECTION('',(0.,0.,1.));
#13007=DIRECTION('',(0.931075025181371,-0.364827764134679,0.));
#13008=DIRECTION('',(0.,0.,1.));
#13009=DIRECTION('',(0.,0.,1.));
#13010=DIRECTION('',(1.,0.,0.));
#13011=DIRECTION('',(0.,0.,1.));
#13012=DIRECTION('',(-0.935699406738176,0.352798271296539,0.));
#13013=DIRECTION('',(0.,0.,1.));
#13014=DIRECTION('',(1.,0.,0.));
#13015=DIRECTION('',(0.,0.,1.));
#13016=DIRECTION('',(1.,0.,0.));
#13017=DIRECTION('',(0.924899834068041,0.380210858525779,0.));
#13018=DIRECTION('',(-0.380210858525779,0.924899834068041,0.));
#13019=DIRECTION('',(0.,0.,1.));
#13020=DIRECTION('',(-0.380210858525779,0.924899834068041,0.));
#13021=DIRECTION('',(0.,0.,1.));
#13022=DIRECTION('',(-0.922764865927742,0.385363467663135,0.));
#13023=DIRECTION('',(-0.385363467663135,-0.922764865927742,0.));
#13024=DIRECTION('',(0.,0.,1.));
#13025=DIRECTION('',(-0.385363467663135,-0.922764865927742,0.));
#13026=DIRECTION('',(-0.925129321869486,0.379652127370971,0.));
#13027=DIRECTION('',(-0.379652127370971,-0.925129321869486,0.));
#13028=DIRECTION('',(0.,0.,1.));
#13029=DIRECTION('',(-0.379652127370971,-0.925129321869486,0.));
#13030=DIRECTION('',(-0.934812403739454,-0.355141900956315,0.));
#13031=DIRECTION('',(0.355141900956315,-0.934812403739454,0.));
#13032=DIRECTION('',(0.,0.,1.));
#13033=DIRECTION('',(0.355141900956315,-0.934812403739454,0.));
#13034=DIRECTION('',(0.,-1.,0.));
#13035=DIRECTION('',(0.,0.,-1.));
#13036=DIRECTION('',(1.,0.,0.));
#13037=DIRECTION('',(0.,0.,1.));
#13038=DIRECTION('',(1.,0.,0.));
#13039=DIRECTION('',(0.,0.,1.));
#13040=DIRECTION('',(0.935823277776055,-0.352469562902218,0.));
#13041=DIRECTION('',(0.,0.,1.));
#13042=DIRECTION('',(0.,0.,1.));
#13043=DIRECTION('',(1.,0.,0.));
#13044=DIRECTION('',(0.,0.,1.));
#13045=DIRECTION('',(0.,-1.,0.));
#13046=DIRECTION('',(0.,0.,-1.));
#13047=DIRECTION('',(0.,0.,1.));
#13048=DIRECTION('',(1.,0.,0.));
#13049=DIRECTION('',(0.941989539852799,-0.335642230370245,0.));
#13050=DIRECTION('',(0.335642230370245,0.941989539852799,0.));
#13051=DIRECTION('',(0.,0.,1.));
#13052=DIRECTION('',(0.335642230370245,0.941989539852799,0.));
#13053=DIRECTION('',(0.921080112261008,-0.389373120280855,0.));
#13054=DIRECTION('',(0.389373120280855,0.921080112261008,0.));
#13055=DIRECTION('',(0.,0.,1.));
#13056=DIRECTION('',(0.389373120280855,0.921080112261008,0.));
#13057=DIRECTION('',(0.,0.,1.));
#13058=DIRECTION('',(0.898345761124618,-0.439289077339092,0.));
#13059=DIRECTION('',(0.,0.,1.));
#13060=DIRECTION('',(0.,0.,1.));
#13061=DIRECTION('',(1.,0.,0.));
#13062=DIRECTION('',(0.,0.,1.));
#13063=DIRECTION('',(0.749656874728652,-0.661826691945913,0.));
#13064=DIRECTION('',(0.,0.,1.));
#13065=DIRECTION('',(0.,0.,1.));
#13066=DIRECTION('',(1.,0.,0.));
#13067=DIRECTION('',(0.,0.,1.));
#13068=DIRECTION('',(0.370620612429829,-0.928784346144001,0.));
#13069=DIRECTION('',(0.,0.,1.));
#13070=DIRECTION('',(0.,0.,1.));
#13071=DIRECTION('',(1.,0.,0.));
#13072=DIRECTION('',(0.,0.,1.));
#13073=DIRECTION('',(0.0556603337990408,-0.998449762001764,0.));
#13074=DIRECTION('',(0.,0.,1.));
#13075=DIRECTION('',(0.,0.,1.));
#13076=DIRECTION('',(1.,0.,0.));
#13077=DIRECTION('',(0.,0.,1.));
#13078=DIRECTION('',(-0.183795188340368,-0.982964561285364,0.));
#13079=DIRECTION('',(0.,0.,1.));
#13080=DIRECTION('',(0.,0.,1.));
#13081=DIRECTION('',(1.,0.,0.));
#13082=DIRECTION('',(0.,0.,1.));
#13083=DIRECTION('',(0.183795188339772,0.982964561285476,0.));
#13084=DIRECTION('',(0.,0.,1.));
#13085=DIRECTION('',(0.,0.,1.));
#13086=DIRECTION('',(1.,0.,0.));
#13087=DIRECTION('',(0.,0.,1.));
#13088=DIRECTION('',(-0.950065693502009,0.312049960792414,0.));
#13089=DIRECTION('',(0.,0.,1.));
#13090=DIRECTION('',(0.,0.,1.));
#13091=DIRECTION('',(1.,0.,0.));
#13092=DIRECTION('',(0.,0.,1.));
#13093=DIRECTION('',(-0.972028863495659,0.23486142410225,0.));
#13094=DIRECTION('',(0.,0.,1.));
#13095=DIRECTION('',(0.,0.,1.));
#13096=DIRECTION('',(1.,0.,0.));
#13097=DIRECTION('',(0.,0.,1.));
#13098=DIRECTION('',(-0.973245185188064,0.229769035138009,0.));
#13099=DIRECTION('',(0.,0.,1.));
#13100=DIRECTION('',(0.,0.,1.));
#13101=DIRECTION('',(1.,0.,0.));
#13102=DIRECTION('',(0.352444093760532,0.935832870107327,4.89812376550747E-27));
#13103=DIRECTION('',(-0.935832870107327,0.352444093760532,4.53285363254058E-14));
#13104=DIRECTION('',(0.,0.,1.));
#13105=DIRECTION('',(-0.935832870107327,0.352444093760532,4.53285363254058E-14));
#13106=DIRECTION('',(0.,0.,1.));
#13107=DIRECTION('',(-0.325191470826317,-0.945648194257154,0.));
#13108=DIRECTION('',(0.,0.,1.));
#13109=DIRECTION('',(0.,0.,1.));
#13110=DIRECTION('',(1.,0.,0.));
#13111=DIRECTION('',(0.,0.,1.));
#13112=DIRECTION('',(-0.247313025046459,-0.968935636480757,0.));
#13113=DIRECTION('',(0.,0.,1.));
#13114=DIRECTION('',(2.00370842001538E-14,7.86962973743644E-14,-1.));
#13115=DIRECTION('',(-0.201098032937781,-0.979571121026215,-8.1651559681118E-14));
#13116=DIRECTION('',(0.,0.,1.));
#13117=DIRECTION('',(-0.112406949837864,-0.993662255310197,0.));
#13118=DIRECTION('',(0.,0.,1.));
#13119=DIRECTION('',(0.,0.,1.));
#13120=DIRECTION('',(1.,0.,0.));
#13121=DIRECTION('',(0.,0.,1.));
#13122=DIRECTION('',(0.0503510988672701,-0.998731578975481,0.));
#13123=DIRECTION('',(0.,0.,1.));
#13124=DIRECTION('',(0.,0.,1.));
#13125=DIRECTION('',(1.,0.,0.));
#13126=DIRECTION('',(0.,0.,1.));
#13127=DIRECTION('',(0.329479389499858,-0.944162767691462,0.));
#13128=DIRECTION('',(0.,0.,1.));
#13129=DIRECTION('',(0.,0.,1.));
#13130=DIRECTION('',(1.,0.,0.));
#13131=DIRECTION('',(0.,0.,1.));
#13132=DIRECTION('',(0.676346414963078,-0.736583686329389,0.));
#13133=DIRECTION('',(0.,0.,1.));
#13134=DIRECTION('',(0.,0.,1.));
#13135=DIRECTION('',(1.,0.,0.));
#13136=DIRECTION('',(0.,0.,1.));
#13137=DIRECTION('',(0.,0.,1.));
#13138=DIRECTION('',(0.908802249385108,-0.417227122215909,0.));
#13139=DIRECTION('',(0.,0.,1.));
#13140=DIRECTION('',(0.,0.,1.));
#13141=DIRECTION('',(1.,0.,0.));
#13142=DIRECTION('',(0.,0.,1.));
#13143=DIRECTION('',(0.931075025181372,-0.364827764134676,0.));
#13144=DIRECTION('',(0.,0.,1.));
#13145=DIRECTION('',(0.,0.,1.));
#13146=DIRECTION('',(1.,0.,0.));
#13147=DIRECTION('',(0.,0.,1.));
#13148=DIRECTION('',(-0.935699406737306,0.352798271298844,0.));
#13149=DIRECTION('',(0.,0.,1.));
#13150=DIRECTION('',(1.,0.,0.));
#13151=DIRECTION('',(0.,0.,1.));
#13152=DIRECTION('',(1.,0.,0.));
#13153=DIRECTION('',(-0.975079015927056,-0.221857865983438,0.));
#13154=DIRECTION('',(0.221857865983438,-0.975079015927056,0.));
#13155=DIRECTION('',(0.,0.,1.));
#13156=DIRECTION('',(0.221857865983438,-0.975079015927056,0.));
#13157=DIRECTION('',(0.,0.,1.));
#13158=DIRECTION('',(0.,-1.,0.));
#13159=DIRECTION('',(0.,0.,-1.));
#13160=DIRECTION('',(0.,0.,1.));
#13161=DIRECTION('',(1.,0.,0.));
#13162=DIRECTION('',(1.,0.,0.));
#13163=DIRECTION('',(0.,0.,-1.));
#13164=DIRECTION('',(0.,0.,1.));
#13165=DIRECTION('',(0.,1.,0.));
#13166=DIRECTION('',(0.,1.,0.));
#13167=DIRECTION('',(0.,0.,1.));
#13168=DIRECTION('',(0.,0.,1.));
#13169=DIRECTION('',(-1.,0.,0.));
#13170=DIRECTION('',(-1.,0.,0.));
#13171=DIRECTION('',(0.,0.,1.));
#13172=DIRECTION('',(0.,-1.,0.));
#13173=DIRECTION('',(0.,0.,1.));
#13174=DIRECTION('',(1.,0.,0.));
#13175=DIRECTION('',(-0.941783930532423,-0.336218720762097,0.));
#13176=DIRECTION('',(0.336218720762097,-0.941783930532423,0.));
#13177=DIRECTION('',(0.,0.,1.));
#13178=DIRECTION('',(0.336218720762097,-0.941783930532423,0.));
#13179=DIRECTION('',(0.,0.,1.));
#13180=DIRECTION('',(0.,-1.,0.));
#13181=DIRECTION('',(0.,0.,-1.));
#13182=DIRECTION('',(0.,0.,1.));
#13183=DIRECTION('',(1.,0.,0.));
#13184=DIRECTION('',(0.945273870729845,-0.326277963269688,0.));
#13185=DIRECTION('',(0.326277963269688,0.945273870729845,0.));
#13186=DIRECTION('',(0.,0.,1.));
#13187=DIRECTION('',(0.326277963269688,0.945273870729845,0.));
#13188=DIRECTION('',(0.,1.,0.));
#13189=DIRECTION('',(0.,0.,1.));
#13190=DIRECTION('',(-1.,0.,0.));
#13191=DIRECTION('',(0.,0.,1.));
#13192=DIRECTION('',(1.,0.,0.));
#13193=DIRECTION('',(0.,1.,0.));
#13194=DIRECTION('',(0.,0.,1.));
#13195=DIRECTION('',(0.,0.,1.));
#13196=DIRECTION('',(-1.,0.,0.));
#13197=DIRECTION('',(0.,0.,1.));
#13198=DIRECTION('',(-0.94449679670616,-0.328520624941271,0.));
#13199=DIRECTION('',(0.328520624941271,-0.94449679670616,0.));
#13200=DIRECTION('',(0.,0.,1.));
#13201=DIRECTION('',(0.328520624941271,-0.94449679670616,0.));
#13202=DIRECTION('',(0.,-1.,0.));
#13203=DIRECTION('',(0.,0.,-1.));
#13204=DIRECTION('',(0.,0.,1.));
#13205=DIRECTION('',(1.,0.,0.));
#13206=DIRECTION('',(0.943730346928174,-0.330715938967006,0.));
#13207=DIRECTION('',(0.330715938967006,0.943730346928174,0.));
#13208=DIRECTION('',(0.,0.,1.));
#13209=DIRECTION('',(0.330715938967006,0.943730346928174,0.));
#13210=DIRECTION('',(0.,1.,0.));
#13211=DIRECTION('',(0.,0.,1.));
#13212=DIRECTION('',(0.,0.,1.));
#13213=DIRECTION('',(-1.,0.,0.));
#13214=DIRECTION('',(-0.943986258892121,0.329984761804023,0.));
#13215=DIRECTION('',(-0.329984761804023,-0.943986258892121,0.));
#13216=DIRECTION('',(0.,0.,1.));
#13217=DIRECTION('',(-0.329984761804023,-0.943986258892121,0.));
#13218=DIRECTION('',(0.945005611242037,0.327054115890725,0.));
#13219=DIRECTION('',(-0.327054115890725,0.945005611242037,0.));
#13220=DIRECTION('',(-0.327054115890725,0.945005611242037,0.));
#13221=DIRECTION('',(0.,0.,1.));
#13222=DIRECTION('',(1.,0.,0.));
#13223=DIRECTION('',(-1.,0.,0.));
#13224=DIRECTION('',(0.,0.,1.));
#13225=DIRECTION('',(0.,0.,1.));
#13226=DIRECTION('',(0.,-1.,0.));
#13227=DIRECTION('',(0.,0.,1.));
#13228=DIRECTION('',(0.,-1.,0.));
#13229=DIRECTION('',(0.,0.,-1.));
#13230=DIRECTION('',(0.,0.,1.));
#13231=DIRECTION('',(1.,0.,0.));
#13232=DIRECTION('',(1.,0.,0.));
#13233=DIRECTION('',(0.,0.,-1.));
#13234=DIRECTION('',(0.,0.,1.));
#13235=DIRECTION('',(0.,1.,0.));
#13236=DIRECTION('',(0.,1.,0.));
#13237=DIRECTION('',(0.,0.,1.));
#13238=DIRECTION('',(-1.,0.,0.));
#13239=DIRECTION('',(0.,0.,1.));
#13240=DIRECTION('',(1.,0.,0.));
#13241=DIRECTION('',(0.,0.,1.));
#13242=DIRECTION('',(1.,0.,0.));
#13243=DIRECTION('',(0.,0.,1.));
#13244=DIRECTION('',(1.,0.,0.));
#13245=DIRECTION('',(1.,0.,0.));
#13246=DIRECTION('',(0.,-1.,0.));
#13247=DIRECTION('',(1.,0.,0.));
#13248=DIRECTION('',(0.,-1.,0.));
#13249=DIRECTION('',(-0.999559014272695,-0.0296947299398174,0.));
#13250=DIRECTION('',(1.,0.,0.));
#13251=DIRECTION('',(1.05261288648746E-16,-1.,0.));
#13252=DIRECTION('',(1.,5.8676816135242E-16,0.));
#13253=DIRECTION('',(0.,-1.,0.));
#13254=DIRECTION('',(1.,0.,0.));
#13255=DIRECTION('',(0.,-1.,0.));
#13256=DIRECTION('',(1.,0.,0.));
#13257=DIRECTION('',(0.,-1.,0.));
#13258=DIRECTION('',(1.,0.,0.));
#13259=DIRECTION('',(0.,-1.,0.));
#13260=DIRECTION('',(1.,0.,0.));
#13261=DIRECTION('',(0.,-1.,0.));
#13262=DIRECTION('',(1.,0.,0.));
#13263=DIRECTION('',(0.,-1.,0.));
#13264=DIRECTION('',(1.,0.,0.));
#13265=DIRECTION('',(0.,-1.,0.));
#13266=DIRECTION('',(1.,0.,0.));
#13267=DIRECTION('',(1.54198402349248E-15,-1.,0.));
#13268=DIRECTION('',(-1.,-7.30409884621814E-16,0.));
#13269=DIRECTION('',(0.,1.,0.));
#13270=DIRECTION('',(1.,0.,0.));
#13271=DIRECTION('',(0.,0.,1.));
#13272=DIRECTION('',(1.,0.,0.));
#13273=DIRECTION('',(0.,-1.,0.));
#13274=DIRECTION('',(1.,5.8676816135242E-16,0.));
#13275=DIRECTION('',(1.05261288648746E-16,-1.,0.));
#13276=DIRECTION('',(1.,1.83365050422631E-16,0.));
#13277=DIRECTION('',(1.,0.,0.));
#13278=DIRECTION('',(0.,-1.,0.));
#13279=DIRECTION('',(1.,0.,0.));
#13280=DIRECTION('',(0.,-1.,0.));
#13281=DIRECTION('',(0.,0.,-1.));
#13282=DIRECTION('',(-1.,0.,0.));
#13283=DIRECTION('',(-5.8676816135242E-16,1.,0.));
#13284=DIRECTION('',(-1.,0.,0.));
#13285=DIRECTION('',(-5.8676816135242E-16,1.,0.));
#13286=DIRECTION('',(-1.,-5.8676816135242E-16,0.));
#13287=DIRECTION('',(1.,5.8676816135242E-16,0.));
#13288=DIRECTION('',(-5.8676816135242E-16,1.,0.));
#13289=DIRECTION('',(0.,0.,-1.));
#13290=DIRECTION('',(0.,0.,-1.));
#13291=DIRECTION('',(-5.8676816135242E-16,1.,0.));
#13292=DIRECTION('',(0.,0.,-1.));
#13293=DIRECTION('',(-1.,0.,0.));
#13294=DIRECTION('',(-1.,0.,0.));
#13295=DIRECTION('',(-1.,-5.8676816135242E-16,0.));
#13296=DIRECTION('',(-5.8676816135242E-16,1.,0.));
#13297=DIRECTION('',(1.,5.8676816135242E-16,0.));
#13298=DIRECTION('',(-5.8676816135242E-16,1.,0.));
#13299=DIRECTION('',(0.,0.,-1.));
#13300=DIRECTION('',(0.,0.,-1.));
#13301=DIRECTION('',(5.8676816135242E-16,-1.,0.));
#13302=DIRECTION('',(1.,5.8676816135242E-16,0.));
#13303=DIRECTION('',(0.,0.,1.));
#13304=DIRECTION('',(0.,0.,1.));
#13305=DIRECTION('',(0.,0.,1.));
#13306=DIRECTION('',(1.,0.,0.));
#13307=DIRECTION('',(0.,1.,0.));
#13308=DIRECTION('',(-0.999559014272695,-0.0296947299398174,0.));
#13309=DIRECTION('',(0.,-1.,0.));
#13310=DIRECTION('',(1.,0.,0.));
#13311=DIRECTION('',(0.,-1.,0.));
#13312=DIRECTION('',(1.,0.,0.));
#13313=DIRECTION('',(0.,1.,0.));
#13314=DIRECTION('',(1.,1.83365050422631E-16,0.));
#13315=DIRECTION('',(0.,1.,0.));
#13316=DIRECTION('',(1.,0.,0.));
#13317=DIRECTION('',(0.,1.,0.));
#13318=DIRECTION('',(1.,1.83365050422631E-16,0.));
#13319=DIRECTION('',(1.05261288648746E-16,-1.,0.));
#13320=DIRECTION('',(1.,0.,0.));
#13321=DIRECTION('',(-1.,0.,0.));
#13322=DIRECTION('',(0.,0.,1.));
#13323=DIRECTION('',(0.,0.,1.));
#13324=DIRECTION('',(0.,-1.,0.));
#13325=DIRECTION('',(0.,0.,-1.));
#13326=DIRECTION('',(0.,0.,-1.));
#13327=DIRECTION('',(0.,-1.,0.));
#13328=DIRECTION('',(0.,0.,-1.));
#13329=DIRECTION('',(1.83365050422631E-16,-1.,0.));
#13330=DIRECTION('',(1.,1.83365050422631E-16,0.));
#13331=DIRECTION('',(0.,0.,-1.));
#13332=DIRECTION('',(1.,1.83365050422631E-16,0.));
#13333=DIRECTION('',(0.,0.,1.));
#13334=DIRECTION('',(0.,0.,-1.));
#13335=DIRECTION('',(1.,1.83365050422631E-16,0.));
#13336=DIRECTION('',(0.,0.,-1.));
#13337=DIRECTION('',(-1.,-1.05261288648746E-16,0.));
#13338=DIRECTION('',(1.05261288648746E-16,-1.,0.));
#13339=DIRECTION('',(0.,0.,-1.));
#13340=DIRECTION('',(1.05261288648746E-16,-1.,0.));
#13341=DIRECTION('',(0.,0.,-1.));
#13342=DIRECTION('',(0.,1.,0.));
#13343=DIRECTION('',(0.,0.,1.));
#13344=DIRECTION('',(1.,0.,0.));
#13345=DIRECTION('',(0.,0.,-1.));
#13346=DIRECTION('',(0.,1.,0.));
#13347=DIRECTION('',(0.,0.,1.));
#13348=DIRECTION('',(0.,0.,-1.));
#13349=DIRECTION('',(1.,0.,0.));
#13350=DIRECTION('',(1.,0.,0.));
#13351=DIRECTION('',(0.,0.,-1.));
#13352=DIRECTION('',(0.,0.,-1.));
#13353=DIRECTION('',(0.,-1.,0.));
#13354=DIRECTION('',(0.,0.,1.));
#13355=DIRECTION('',(1.,0.,0.));
#13356=DIRECTION('',(-1.,0.,0.));
#13357=DIRECTION('',(0.,0.,1.));
#13358=DIRECTION('',(0.,0.,-1.));
#13359=DIRECTION('',(0.,1.,0.));
#13360=DIRECTION('',(0.,0.,-1.));
#13361=DIRECTION('',(0.,0.,-1.));
#13362=DIRECTION('',(0.,1.,0.));
#13363=DIRECTION('',(0.,0.,1.));
#13364=DIRECTION('',(1.,0.,0.));
#13365=DIRECTION('',(0.,1.,0.));
#13366=DIRECTION('',(0.,0.,1.));
#13367=DIRECTION('',(1.,0.,0.));
#13368=DIRECTION('',(0.,0.,1.));
#13369=DIRECTION('',(1.,0.,0.));
#13370=DIRECTION('',(-1.,0.,0.));
#13371=DIRECTION('',(0.,0.,1.));
#13372=DIRECTION('',(0.,0.,-1.));
#13373=DIRECTION('',(0.,1.,0.));
#13374=DIRECTION('',(0.,1.,0.));
#13375=DIRECTION('',(0.,0.,1.));
#13376=DIRECTION('',(0.,0.,-1.));
#13377=DIRECTION('',(1.,0.,0.));
#13378=DIRECTION('',(-1.,0.,0.));
#13379=DIRECTION('',(0.,0.,1.));
#13380=DIRECTION('',(0.,1.,0.));
#13381=DIRECTION('',(0.,0.,1.));
#13382=DIRECTION('',(1.,0.,0.));
#13383=DIRECTION('',(0.,1.,0.));
#13384=DIRECTION('',(0.,0.,1.));
#13385=DIRECTION('',(1.,0.,0.));
#13386=DIRECTION('',(0.,0.,-1.));
#13387=DIRECTION('',(-1.,0.,0.));
#13388=DIRECTION('',(0.,0.,1.));
#13389=DIRECTION('',(0.,1.,0.));
#13390=DIRECTION('',(0.,0.,1.));
#13391=DIRECTION('',(1.,0.,0.));
#13392=DIRECTION('',(0.0296947299398174,-0.999559014272695,0.));
#13393=DIRECTION('',(0.999559014272695,0.0296947299398174,0.));
#13394=DIRECTION('',(0.,-1.,0.));
#13395=DIRECTION('',(0.,0.,-1.));
#13396=DIRECTION('',(0.,0.,1.));
#13397=DIRECTION('',(0.,0.,1.));
#13398=DIRECTION('',(-1.,0.,0.));
#13399=DIRECTION('',(0.,0.,1.));
#13400=DIRECTION('',(0.,0.,-1.));
#13401=DIRECTION('',(0.,-1.,0.));
#13402=DIRECTION('',(0.,0.,1.));
#13403=DIRECTION('',(0.,-1.,0.));
#13404=DIRECTION('',(0.,0.,-1.));
#13405=DIRECTION('',(-1.,0.,0.));
#13406=DIRECTION('',(0.,0.,-1.));
#13407=DIRECTION('',(-1.,0.,0.));
#13408=DIRECTION('',(0.,0.,-1.));
#13409=DIRECTION('',(1.,0.,0.));
#13410=DIRECTION('',(0.,0.,-1.));
#13411=DIRECTION('',(0.,0.,-1.));
#13412=DIRECTION('',(1.,0.,0.));
#13413=DIRECTION('',(0.,0.,1.));
#13414=DIRECTION('',(-1.,0.,0.));
#13415=DIRECTION('',(0.,0.,1.));
#13416=DIRECTION('',(0.,-1.,0.));
#13417=DIRECTION('',(0.,0.,-1.));
#13418=DIRECTION('',(-5.8676816135242E-16,1.,0.));
#13419=DIRECTION('',(-1.,-5.8676816135242E-16,0.));
#13420=DIRECTION('',(-1.,-5.8676816135242E-16,0.));
#13421=DIRECTION('',(0.,0.,-1.));
#13422=DIRECTION('',(-1.,-5.8676816135242E-16,0.));
#13423=DIRECTION('',(0.,0.,-1.));
#13424=DIRECTION('',(1.,5.8676816135242E-16,0.));
#13425=DIRECTION('',(-5.8676816135242E-16,1.,0.));
#13426=DIRECTION('',(-5.8676816135242E-16,1.,0.));
#13427=DIRECTION('',(-5.8676816135242E-16,1.,0.));
#13428=DIRECTION('',(0.,0.,-1.));
#13429=DIRECTION('',(-1.,0.,0.));
#13430=DIRECTION('',(-5.8676816135242E-16,1.,0.));
#13431=DIRECTION('',(1.,5.8676816135242E-16,0.));
#13432=DIRECTION('',(-5.8676816135242E-16,1.,0.));
#13433=DIRECTION('',(-5.8676816135242E-16,1.,0.));
#13434=DIRECTION('',(0.,0.,-1.));
#13435=DIRECTION('',(-1.,0.,0.));
#13436=DIRECTION('',(0.,1.,0.));
#13437=DIRECTION('',(0.,0.,1.));
#13438=DIRECTION('',(0.,0.,-1.));
#13439=DIRECTION('',(1.,0.,0.));
#13440=DIRECTION('',(1.,0.,0.));
#13441=DIRECTION('',(0.,0.,-1.));
#13442=DIRECTION('',(0.,0.,-1.));
#13443=DIRECTION('',(0.,-1.,0.));
#13444=DIRECTION('',(0.,1.,0.));
#13445=DIRECTION('',(0.,0.,1.));
#13446=DIRECTION('',(0.,0.,-1.));
#13447=DIRECTION('',(1.,0.,0.));
#13448=DIRECTION('',(1.,0.,0.));
#13449=DIRECTION('',(0.,0.,-1.));
#13450=DIRECTION('',(0.,-1.,0.));
#13451=DIRECTION('',(0.,0.,-1.));
#13452=DIRECTION('',(-1.,0.,0.));
#13453=DIRECTION('',(0.,0.,1.));
#13454=DIRECTION('',(1.,0.,0.));
#13455=DIRECTION('',(0.,0.,1.));
#13456=DIRECTION('',(1.,0.,0.));
#13457=DIRECTION('',(0.,0.,1.));
#13458=DIRECTION('',(1.,0.,0.));
#13459=DIRECTION('',(0.,0.,1.));
#13460=DIRECTION('',(1.,0.,0.));
#13461=DIRECTION('',(0.,1.,0.));
#13462=DIRECTION('',(0.,0.,1.));
#13463=DIRECTION('',(1.,0.,0.));
#13464=DIRECTION('',(0.,0.,-1.));
#13465=DIRECTION('',(1.,0.,0.));
#13466=DIRECTION('',(0.,0.,-1.));
#13467=DIRECTION('',(0.,0.,-1.));
#13468=DIRECTION('',(0.,-1.,0.));
#13469=DIRECTION('',(0.,1.,0.));
#13470=DIRECTION('',(0.,0.,1.));
#13471=DIRECTION('',(0.,0.,-1.));
#13472=DIRECTION('',(1.,0.,0.));
#13473=DIRECTION('',(0.,0.,-1.));
#13474=DIRECTION('',(-1.,0.,0.));
#13475=DIRECTION('',(0.,0.,1.));
#13476=DIRECTION('',(1.,0.,0.));
#13477=DIRECTION('',(0.,0.,1.));
#13478=DIRECTION('',(1.,0.,0.));
#13479=DIRECTION('',(1.,0.,0.));
#13480=DIRECTION('',(0.,0.,-1.));
#13481=DIRECTION('',(0.,-1.,0.));
#13482=DIRECTION('',(0.,0.,1.));
#13483=DIRECTION('',(1.,0.,0.));
#13484=DIRECTION('',(0.,0.,1.));
#13485=DIRECTION('',(1.,0.,0.));
#13486=DIRECTION('',(1.,0.,0.));
#13487=DIRECTION('',(0.,0.,-1.));
#13488=DIRECTION('',(0.,0.,-1.));
#13489=DIRECTION('',(0.,-1.,0.));
#13490=DIRECTION('',(0.,0.,-1.));
#13491=DIRECTION('',(0.,1.,0.));
#13492=DIRECTION('',(0.,0.,1.));
#13493=DIRECTION('',(0.,0.,-1.));
#13494=DIRECTION('',(1.,0.,0.));
#13495=DIRECTION('',(1.,0.,0.));
#13496=DIRECTION('',(0.,0.,-1.));
#13497=DIRECTION('',(0.,0.,-1.));
#13498=DIRECTION('',(0.,-1.,0.));
#13499=DIRECTION('',(0.,1.,0.));
#13500=DIRECTION('',(0.,0.,1.));
#13501=DIRECTION('',(1.,0.,0.));
#13502=DIRECTION('',(0.,0.,-1.));
#13503=DIRECTION('',(-1.,0.,0.));
#13504=DIRECTION('',(0.,0.,1.));
#13505=DIRECTION('',(1.,0.,0.));
#13506=DIRECTION('',(0.,0.,1.));
#13507=DIRECTION('',(1.,0.,0.));
#13508=DIRECTION('',(0.,0.,1.));
#13509=DIRECTION('',(1.,0.,0.));
#13510=DIRECTION('',(0.,0.,1.));
#13511=DIRECTION('',(1.,0.,0.));
#13512=DIRECTION('',(7.30409884621814E-16,-1.,0.));
#13513=DIRECTION('',(1.,7.30409884621814E-16,0.));
#13514=DIRECTION('',(0.,0.,-1.));
#13515=DIRECTION('',(-1.,-7.30409884621814E-16,0.));
#13516=DIRECTION('',(0.,0.,-1.));
#13517=DIRECTION('',(1.,1.54198402349248E-15,0.));
#13518=DIRECTION('',(-1.54198402349248E-15,1.,0.));
#13519=DIRECTION('',(0.,0.,-1.));
#13520=DIRECTION('',(1.54198402349248E-15,-1.,0.));
#13521=DIRECTION('',(0.,1.,0.));
#13522=DIRECTION('',(0.,0.,1.));
#13523=DIRECTION('',(0.,0.,-1.));
#13524=DIRECTION('',(1.,0.,0.));
#13525=DIRECTION('',(0.,0.,-1.));
#13526=DIRECTION('',(1.,1.15648205821504E-13,0.));
#13527=DIRECTION('',(0.,0.,1.));
#13528=DIRECTION('',(-1.,-1.16026380312269E-13,0.));
#13529=DIRECTION('',(0.,0.,1.));
#13530=DIRECTION('',(-1.,-1.16026380312269E-13,0.));
#13531=DIRECTION('',(-1.,0.,0.));
#13532=DIRECTION('',(0.,0.,1.));
#13533=DIRECTION('',(0.,1.,0.));
#13534=DIRECTION('',(0.,0.,1.));
#13535=DIRECTION('',(1.,0.,0.));
#13536=DIRECTION('',(0.,0.,1.));
#13537=DIRECTION('',(1.,0.,0.));
#13538=DIRECTION('',(0.,0.,1.));
#13539=DIRECTION('',(1.,0.,0.));
#13540=DIRECTION('',(0.,0.,-1.));
#13541=DIRECTION('',(-1.,0.,0.));
#13542=DIRECTION('',(0.,0.,1.));
#13543=DIRECTION('',(1.,0.,0.));
#13544=DIRECTION('',(0.,0.,1.));
#13545=DIRECTION('',(1.,0.,0.));
#13546=DIRECTION('',(0.,0.,1.));
#13547=DIRECTION('',(1.,0.,0.));
#13548=DIRECTION('',(5.80630734529737E-16,-1.,0.));
#13549=DIRECTION('',(1.,5.80630734529737E-16,0.));
#13550=DIRECTION('',(0.,0.,1.));
#13551=DIRECTION('',(1.,5.80630734529737E-16,0.));
#13552=DIRECTION('',(0.,0.,1.));
#13553=DIRECTION('',(1.,5.80630734529737E-16,0.));
#13554=DIRECTION('',(0.,0.,1.));
#13555=DIRECTION('',(1.,5.80630734529737E-16,0.));
#13556=DIRECTION('',(0.,0.,1.));
#13557=DIRECTION('',(1.,5.80630734529737E-16,0.));
#13558=DIRECTION('',(6.63343017308823E-16,-1.,0.));
#13559=DIRECTION('',(1.,6.63343017308823E-16,0.));
#13560=DIRECTION('',(0.,0.,1.));
#13561=DIRECTION('',(1.,6.63343017308823E-16,0.));
#13562=DIRECTION('',(0.,0.,1.));
#13563=DIRECTION('',(1.,6.63343017308823E-16,0.));
#13564=DIRECTION('',(-1.,-6.63343017308823E-16,0.));
#13565=DIRECTION('',(0.,0.,-1.));
#13566=DIRECTION('',(-1.,-6.63343017308823E-16,0.));
#13567=DIRECTION('',(0.,0.,-1.));
#13568=DIRECTION('',(1.82401035823357E-16,-1.,0.));
#13569=DIRECTION('',(1.,1.82401035823357E-16,0.));
#13570=DIRECTION('',(0.,0.,1.));
#13571=DIRECTION('',(1.,1.82401035823357E-16,-2.22044604925032E-16));
#13572=DIRECTION('',(0.,0.,1.));
#13573=DIRECTION('',(-1.,-1.82401035823357E-16,2.22044604925032E-16));
#13574=DIRECTION('',(0.,0.,1.));
#13575=DIRECTION('',(1.,1.82401035823357E-16,0.));
#13576=DIRECTION('',(0.,0.,1.));
#13577=DIRECTION('',(1.,1.82401035823357E-16,0.));
#13578=DIRECTION('',(-1.,0.,0.));
#13579=DIRECTION('',(0.,0.,1.));
#13580=DIRECTION('',(0.,-1.,0.));
#13581=DIRECTION('',(0.,-1.,0.));
#13582=DIRECTION('',(3.46944695195362E-16,-1.,0.));
#13583=DIRECTION('',(1.,3.46944695195362E-16,0.));
#13584=DIRECTION('',(-1.,-3.46944695195362E-16,2.22044604925032E-16));
#13585=DIRECTION('',(0.,0.,-1.));
#13586=DIRECTION('',(1.,3.46944695195362E-16,-2.22044604925032E-16));
#13587=DIRECTION('',(0.,0.,-1.));
#13588=DIRECTION('',(0.,0.,1.));
#13589=DIRECTION('',(1.,3.46944695195362E-16,0.));
#13590=DIRECTION('',(0.,0.,1.));
#13591=DIRECTION('',(1.,3.46944695195362E-16,0.));
#13592=DIRECTION('',(-1.,-9.38694764208336E-17,0.));
#13593=DIRECTION('',(9.38694764208336E-17,-1.,0.));
#13594=DIRECTION('',(9.38694764208336E-17,-1.,0.));
#13595=DIRECTION('',(9.38694764208336E-17,-1.,0.));
#13596=DIRECTION('',(-1.,0.,0.));
#13597=DIRECTION('',(0.,0.,1.));
#13598=DIRECTION('',(0.,-1.,0.));
#13599=DIRECTION('',(0.,-1.,0.));
#13600=DIRECTION('',(-1.,-1.03688362075564E-16,0.));
#13601=DIRECTION('',(1.03688362075564E-16,-1.,0.));
#13602=DIRECTION('',(1.03688362075564E-16,-1.,0.));
#13603=DIRECTION('',(1.03688362075564E-16,-1.,0.));
#13604=DIRECTION('',(0.,0.,1.));
#13605=DIRECTION('',(1.,0.,0.));
#13606=DIRECTION('',(2.22044604925032E-16,7.70371977754896E-32,1.));
#13607=DIRECTION('',(1.,0.,-2.22044604925032E-16));
#13608=DIRECTION('',(3.46944695195362E-16,-1.,0.));
#13609=DIRECTION('',(3.46944695195362E-16,-1.,0.));
#13610=DIRECTION('',(-1.,-3.46944695195362E-16,0.));
#13611=DIRECTION('',(3.46944695195362E-16,-1.,0.));
#13612=DIRECTION('',(3.46944695195362E-16,-1.,0.));
#13613=DIRECTION('',(-1.,-3.46944695195362E-16,0.));
#13614=DIRECTION('',(3.46944695195362E-16,-1.,0.));
#13615=DIRECTION('',(3.46944695195362E-16,-1.,0.));
#13616=DIRECTION('',(-2.22044604925032E-16,-7.70371977754896E-32,-1.));
#13617=DIRECTION('',(-1.,0.,2.22044604925032E-16));
#13618=DIRECTION('',(0.,0.,1.));
#13619=DIRECTION('',(1.,0.,0.));
#13620=DIRECTION('',(0.,0.,1.));
#13621=DIRECTION('',(1.,0.,0.));
#13622=DIRECTION('',(0.,0.,1.));
#13623=DIRECTION('',(1.,0.,0.));
#13624=DIRECTION('',(0.,0.,1.));
#13625=DIRECTION('',(1.,0.,0.));
#13626=DIRECTION('',(0.,0.,1.));
#13627=DIRECTION('',(1.,0.,0.));
#13628=DIRECTION('',(0.,0.,-1.));
#13629=DIRECTION('',(-1.,0.,0.));
#13630=DIRECTION('',(-6.63343017308823E-16,1.,0.));
#13631=DIRECTION('',(-6.63343017308823E-16,1.,0.));
#13632=DIRECTION('',(1.,6.63343017308823E-16,0.));
#13633=DIRECTION('',(-6.63343017308823E-16,1.,0.));
#13634=DIRECTION('',(-6.63343017308823E-16,1.,0.));
#13635=DIRECTION('',(0.,0.,-1.));
#13636=DIRECTION('',(-1.,0.,0.));
#13637=DIRECTION('',(-6.63343017308823E-16,1.,0.));
#13638=DIRECTION('',(1.,6.63343017308823E-16,0.));
#13639=DIRECTION('',(-6.63343017308823E-16,1.,0.));
#13640=DIRECTION('',(0.,0.,1.));
#13641=DIRECTION('',(1.,0.,0.));
#13642=DIRECTION('',(0.,0.,1.));
#13643=DIRECTION('',(1.,0.,0.));
#13644=DIRECTION('',(0.,0.,1.));
#13645=DIRECTION('',(1.,0.,0.));
#13646=DIRECTION('',(0.,0.,1.));
#13647=DIRECTION('',(1.,0.,0.));
#13648=DIRECTION('',(0.,0.,1.));
#13649=DIRECTION('',(1.,0.,0.));
#13650=DIRECTION('',(0.,0.,1.));
#13651=DIRECTION('',(1.,0.,0.));
#13652=DIRECTION('',(0.,0.,1.));
#13653=DIRECTION('',(1.,0.,0.));
#13654=DIRECTION('',(0.,0.,1.));
#13655=DIRECTION('',(1.,0.,0.));
#13656=DIRECTION('',(0.,0.,1.));
#13657=DIRECTION('',(1.,0.,0.));
#13658=DIRECTION('',(0.,0.,1.));
#13659=DIRECTION('',(1.,0.,0.));
#13660=DIRECTION('',(0.,0.,1.));
#13661=DIRECTION('',(1.,0.,0.));
#13662=DIRECTION('',(0.,0.,1.));
#13663=DIRECTION('',(1.,0.,0.));
#13664=DIRECTION('',(0.,0.,1.));
#13665=DIRECTION('',(1.,0.,0.));
#13666=CARTESIAN_POINT('',(0.,0.,0.));
#13667=CARTESIAN_POINT('',(-0.00164534355699623,0.0223142072815512,0.053));
#13668=CARTESIAN_POINT('',(-0.0509220656307544,0.0569336976553794,0.053));
#13669=CARTESIAN_POINT('',(-0.0494220656307544,0.0569336976553794,0.053));
#13670=CARTESIAN_POINT('',(0.0486322651035939,0.0564345001839093,0.053));
#13671=CARTESIAN_POINT('',(0.0501322651035939,0.0564345001839093,0.053));
#13672=CARTESIAN_POINT('',(0.0486322651035939,-0.0111051429166367,0.053));
#13673=CARTESIAN_POINT('',(0.0501322651035939,-0.0111051429166367,0.053));
#13674=CARTESIAN_POINT('',(-0.051220772248647,-0.0121464062988742,0.053));
#13675=CARTESIAN_POINT('',(-0.049720772248647,-0.0121464062988742,0.053));
#13676=CARTESIAN_POINT('',(-0.00164534355699623,0.0592745386292991,0.053));
#13677=CARTESIAN_POINT('',(-0.0539478003768348,0.0592745386292991,0.053));
#13678=CARTESIAN_POINT('',(0.0506571132628424,0.0592745386292991,0.053));
#13679=CARTESIAN_POINT('',(-0.0539478003768348,0.0223142072815512,0.053));
#13680=CARTESIAN_POINT('',(-0.0539478003768348,-0.0146461240661966,0.053));
#13681=CARTESIAN_POINT('',(-0.0514478003768348,-0.0146461240661966,0.053));
#13682=CARTESIAN_POINT('',(0.0506571132628424,-0.0146461240661966,0.053));
#13683=CARTESIAN_POINT('',(0.0506571132628424,0.0223142072815512,0.053));
#13684=CARTESIAN_POINT('',(-0.0180358675863367,0.0556966970032513,0.053));
#13685=CARTESIAN_POINT('',(-0.0176099276894194,0.0550639891537442,0.053));
#13686=CARTESIAN_POINT('',(-0.0178510674912556,0.0549569783083133,0.053));
#13687=CARTESIAN_POINT('',(-0.0180210630414992,0.0538525752072795,0.053));
#13688=CARTESIAN_POINT('',(-0.0175350915715067,0.0548591601670757,0.053));
#13689=CARTESIAN_POINT('',(-0.018014310725552,0.0538439043388784,0.053));
#13690=CARTESIAN_POINT('',(-0.0172203435470091,0.0546385525872718,0.053));
#13691=CARTESIAN_POINT('',(-0.0180757189788975,0.0537813707804055,0.053));
#13692=CARTESIAN_POINT('',(-0.0169766167358088,0.0542917331204607,0.053));
#13693=CARTESIAN_POINT('',(-0.017961546777911,0.0538455303565639,0.053));
#13694=CARTESIAN_POINT('',(-0.0168791757423247,0.0538206467801351,0.053));
#13695=CARTESIAN_POINT('',(-0.0168791757423247,0.0538206467801351,0.053));
#13696=CARTESIAN_POINT('',(-0.0168791757423247,0.053496604756394,0.053));
#13697=CARTESIAN_POINT('',(-0.016976803787939,0.0532629206046576,0.053));
#13698=CARTESIAN_POINT('',(-0.016976803787939,0.0532629206046576,0.053));
#13699=CARTESIAN_POINT('',(-0.0181423829501837,0.0537234401662182,0.053));
#13700=CARTESIAN_POINT('',(-0.0172202138462648,0.0528764354202819,0.053));
#13701=CARTESIAN_POINT('',(-0.018085852953765,0.053687736386091,0.053));
#13702=CARTESIAN_POINT('',(-0.0175381592656995,0.0526361165907118,0.053));
#13703=CARTESIAN_POINT('',(-0.0183853243998774,0.0542618447974373,0.053));
#13704=CARTESIAN_POINT('',(-0.0178694922168014,0.0525032338331116,0.053));
#13705=CARTESIAN_POINT('',(-0.0183005852555395,0.0539443872572487,0.053));
#13706=CARTESIAN_POINT('',(-0.0181519645839931,0.0524480425587139,0.053));
#13707=CARTESIAN_POINT('',(-0.0184173348907568,0.0553543781883949,0.053));
#13708=CARTESIAN_POINT('',(-0.0183145113661469,0.0524381513731864,0.053));
#13709=CARTESIAN_POINT('',(-0.0186910068654541,0.0524382751980857,0.053));
#13710=CARTESIAN_POINT('',(-0.0190674979988072,0.0524382751980857,0.053));
#13711=CARTESIAN_POINT('',(-0.0190674979988072,0.0527238891613191,0.053));
#13712=CARTESIAN_POINT('',(-0.0190674979988072,0.0530095031245524,0.053));
#13713=CARTESIAN_POINT('',(-0.0187133366843978,0.0530095031245524,0.053));
#13714=CARTESIAN_POINT('',(-0.0183591753699885,0.0530095031245524,0.053));
#13715=CARTESIAN_POINT('',(-0.0183591753699885,0.0530095031245524,0.053));
#13716=CARTESIAN_POINT('',(-0.0180154000178785,0.0530095031245524,0.053));
#13717=CARTESIAN_POINT('',(-0.0178206632247649,0.0532302048234145,0.053));
#13718=CARTESIAN_POINT('',(-0.0178206632247649,0.0532302048234145,0.053));
#13719=CARTESIAN_POINT('',(-0.0178206632247649,0.0532302048234145,0.053));
#13720=CARTESIAN_POINT('',(-0.0176259264316512,0.0534509065222767,0.053));
#13721=CARTESIAN_POINT('',(-0.0176259264316512,0.0538206467801351,0.053));
#13722=CARTESIAN_POINT('',(-0.0176259264316512,0.0538206467801351,0.053));
#13723=CARTESIAN_POINT('',(-0.0176259264316512,0.0538206467801351,0.053));
#13724=CARTESIAN_POINT('',(-0.0176259264316512,0.0541716923058547,0.053));
#13725=CARTESIAN_POINT('',(-0.0178274141002594,0.0544116080349707,0.053));
#13726=CARTESIAN_POINT('',(-0.0178274141002594,0.0544116080349707,0.053));
#13727=CARTESIAN_POINT('',(-0.0178274141002594,0.0544116080349707,0.053));
#13728=CARTESIAN_POINT('',(-0.0180289017688677,0.0546515237640867,0.053));
#13729=CARTESIAN_POINT('',(-0.018418375355095,0.0546515237640867,0.053));
#13730=CARTESIAN_POINT('',(-0.018418375355095,0.0546515237640867,0.053));
#13731=CARTESIAN_POINT('',(-0.0187429366769511,0.0546515237640867,0.053));
#13732=CARTESIAN_POINT('',(-0.0190674979988072,0.0546515237640867,0.053));
#13733=CARTESIAN_POINT('',(-0.0190674979988072,0.0549148079083764,0.053));
#13734=CARTESIAN_POINT('',(-0.0190674979988072,0.055178092052666,0.053));
#13735=CARTESIAN_POINT('',(-0.0189117085643162,0.055178092052666,0.053));
#13736=CARTESIAN_POINT('',(-0.018755919127248,0.0551780868522356,0.053));
#13737=CARTESIAN_POINT('',(-0.0187593888123475,0.0621791392987544,0.053));
#13738=CARTESIAN_POINT('',(-0.0184635560002543,0.0551843745007645,0.053));
#13739=CARTESIAN_POINT('',(-0.0184879407142215,0.0558634241237902,0.053));
#13740=CARTESIAN_POINT('',(-0.0181844990385963,0.055255123037106,0.053));
#13741=CARTESIAN_POINT('',(-0.018417240536155,0.0556859315862867,0.053));
#13742=CARTESIAN_POINT('',(-0.0179733368705659,0.0554761691706587,0.053));
#13743=CARTESIAN_POINT('',(-0.0179733368705659,0.0554761691706587,0.053));
#13744=CARTESIAN_POINT('',(-0.0178918070665157,0.0556319586051496,0.053));
#13745=CARTESIAN_POINT('',(-0.0178918070665157,0.0559238041457626,0.053));
#13746=CARTESIAN_POINT('',(-0.0178918070665157,0.0559238041457626,0.053));
#13747=CARTESIAN_POINT('',(-0.0188681328256524,0.0559159981876372,0.053));
#13748=CARTESIAN_POINT('',(-0.0179244931981111,0.0561678822674257,0.053));
#13749=CARTESIAN_POINT('',(-0.0184344642688694,0.0560314420543164,0.053));
#13750=CARTESIAN_POINT('',(-0.0180543473765012,0.0563984426228449,0.053));
#13751=CARTESIAN_POINT('',(-0.0180543473765012,0.0563984426228449,0.053));
#13752=CARTESIAN_POINT('',(-0.0181514561240005,0.0565023022458389,0.053));
#13753=CARTESIAN_POINT('',(-0.0183332104642399,0.0565672145102101,0.053));
#13754=CARTESIAN_POINT('',(-0.0183332104642399,0.0565672145102101,0.053));
#13755=CARTESIAN_POINT('',(-0.0183332104642399,0.0565672145102101,0.053));
#13756=CARTESIAN_POINT('',(-0.0185149648044793,0.0566321267745813,0.053));
#13757=CARTESIAN_POINT('',(-0.0188140805187019,0.0566321267745813,0.053));
#13758=CARTESIAN_POINT('',(-0.0188140805187019,0.0566321267745813,0.053));
#13759=CARTESIAN_POINT('',(-0.0189407892587545,0.0566321267745813,0.053));
#13760=CARTESIAN_POINT('',(-0.0190674979988072,0.0566321267745813,0.053));
#13761=CARTESIAN_POINT('',(-0.0190674979988072,0.0569270881038841,0.053));
#13762=CARTESIAN_POINT('',(-0.0190674979988072,0.0572220494331869,0.053));
#13763=CARTESIAN_POINT('',(-0.0189018419001318,0.0572220494331869,0.053));
#13764=CARTESIAN_POINT('',(-0.0187361856094249,0.0572219868595544,0.053));
#13765=CARTESIAN_POINT('',(-0.0187287106829145,0.0547862756012613,0.053));
#13766=CARTESIAN_POINT('',(-0.0181452593919812,0.0571507532995863,0.053));
#13767=CARTESIAN_POINT('',(-0.0184913196917832,0.0556953303042329,0.053));
#13768=CARTESIAN_POINT('',(-0.0176388063649282,0.0569241185459351,0.053));
#13769=CARTESIAN_POINT('',(-0.0182861072882858,0.0560116619775015,0.053));
#13770=CARTESIAN_POINT('',(-0.0172883826569208,0.0565184004874029,0.053));
#13771=CARTESIAN_POINT('',(-0.0172883826569208,0.0565184004874029,0.053));
#13772=CARTESIAN_POINT('',(-0.0171585581281784,0.0562686180941025,0.053));
#13773=CARTESIAN_POINT('',(-0.0171585581281784,0.0559238041457626,0.053));
#13774=CARTESIAN_POINT('',(-0.0171585581281784,0.0559238041457626,0.053));
#13775=CARTESIAN_POINT('',(-0.0181553366722384,0.0559097561488673,0.053));
#13776=CARTESIAN_POINT('',(-0.0172234309180109,0.0555576843686071,0.053));
#13777=CARTESIAN_POINT('',(-0.018277347350894,0.0559576120394692,0.053));
#13778=CARTESIAN_POINT('',(-0.0173859581824204,0.0552684098323233,0.053));
#13779=CARTESIAN_POINT('',(-0.0181058165304416,0.0558301708358844,0.053));
#13780=CARTESIAN_POINT('',(-0.0433974702821194,-0.0116707950453359,0.053));
#13781=CARTESIAN_POINT('',(-0.0430799910984081,-0.0111568897001801,0.053));
#13782=CARTESIAN_POINT('',(-0.0429659669759313,-0.0112480187425972,0.053));
#13783=CARTESIAN_POINT('',(-0.0431290252239287,-0.0114096723856399,0.053));
#13784=CARTESIAN_POINT('',(-0.0429172243683925,-0.0113207970320931,0.053));
#13785=CARTESIAN_POINT('',(-0.0432950677202313,-0.0114804594607004,0.0529999999999996));
#13786=CARTESIAN_POINT('',(-0.0428914740549153,-0.011407155611539,0.053));
#13787=CARTESIAN_POINT('',(-0.0435229504186682,-0.0115226097754125,0.052999999999999));
#13788=CARTESIAN_POINT('',(-0.0428814698001878,-0.0114982237538387,0.053));
#13789=CARTESIAN_POINT('',(-0.0452346201305212,-0.0115893986740293,0.0529999999999859));
#13790=CARTESIAN_POINT('',(-0.0428797043434712,-0.0115884091677802,0.053));
#13791=CARTESIAN_POINT('',(-0.0428797043434712,-0.0121529139529241,0.053));
#13792=CARTESIAN_POINT('',(-0.0428797043434712,-0.0121713041270557,0.053));
#13793=CARTESIAN_POINT('',(-0.0429918108449775,-0.0121713041270557,0.053));
#13794=CARTESIAN_POINT('',(-0.0431039173464837,-0.0121713041270557,0.053));
#13795=CARTESIAN_POINT('',(-0.0431039173464837,-0.0118889781737872,0.053));
#13796=CARTESIAN_POINT('',(-0.0431039276307793,-0.0116066521966027,0.053));
#13797=CARTESIAN_POINT('',(-0.0443312106167524,-0.0116037981688616,0.053));
#13798=CARTESIAN_POINT('',(-0.0431095601167706,-0.0114871933391734,0.053));
#13799=CARTESIAN_POINT('',(-0.0434261629268468,-0.0115130659083841,0.053));
#13800=CARTESIAN_POINT('',(-0.0431352627472077,-0.0113859731249845,0.053));
#13801=CARTESIAN_POINT('',(-0.0432897177592135,-0.0114522917515595,0.053));
#13802=CARTESIAN_POINT('',(-0.0431903000234483,-0.0113167364944625,0.053));
#13803=CARTESIAN_POINT('',(-0.0432772103287096,-0.0114607479302369,0.053));
#13804=CARTESIAN_POINT('',(-0.0432878049218484,-0.0112922838956744,0.053));
#13805=CARTESIAN_POINT('',(-0.0432736514414785,-0.0116839205855628,0.053));
#13806=CARTESIAN_POINT('',(-0.0433568063804144,-0.0113005506548143,0.053));
#13807=CARTESIAN_POINT('',(-0.0432837729296497,-0.0116750103415435,0.053));
#13808=CARTESIAN_POINT('',(-0.0434405310937887,-0.0113271215737182,0.053));
#13809=CARTESIAN_POINT('',(-0.0434405310937887,-0.0112563561836598,0.053));
#13810=CARTESIAN_POINT('',(-0.0434405310937887,-0.0111855517733327,0.053));
#13811=CARTESIAN_POINT('',(-0.0431315244918967,-0.0117850339769849,0.053));
#13812=CARTESIAN_POINT('',(-0.0433328259109191,-0.0111413447799047,0.053));
#13813=CARTESIAN_POINT('',(-0.0432166598655698,-0.0114957169254559,0.053));
#13814=CARTESIAN_POINT('',(-0.0432198394807657,-0.0111230765259076,0.053));
#13815=CARTESIAN_POINT('',(-0.0432100851399576,-0.0113921612610272,0.053));
#13816=CARTESIAN_POINT('',(-0.0423553636986307,-0.0114164242593013,0.053));
#13817=CARTESIAN_POINT('',(-0.0423553636986307,-0.0111340983060328,0.053));
#13818=CARTESIAN_POINT('',(-0.0423553479683023,-0.0116987502673319,0.053));
#13819=CARTESIAN_POINT('',(-0.0411347185228186,-0.0117029996489582,0.053));
#13820=CARTESIAN_POINT('',(-0.0423497214834679,-0.0118190916415363,0.053));
#13821=CARTESIAN_POINT('',(-0.0420223347072004,-0.0117923711397578,0.053));
#13822=CARTESIAN_POINT('',(-0.0423258351256782,-0.0119175370058548,0.053));
#13823=CARTESIAN_POINT('',(-0.0421800418250723,-0.0118557228957508,0.053));
#13824=CARTESIAN_POINT('',(-0.0422707270881073,-0.0119856698608023,0.053));
#13825=CARTESIAN_POINT('',(-0.0421822774931694,-0.0118429066821996,0.053));
#13826=CARTESIAN_POINT('',(-0.0421732365123536,-0.012011099393587,0.053));
#13827=CARTESIAN_POINT('',(-0.0421908478219553,-0.0115474365029146,0.053));
#13828=CARTESIAN_POINT('',(-0.0421052680405196,-0.0120038227197337,0.053));
#13829=CARTESIAN_POINT('',(-0.0421061400587991,-0.0120040271031546,0.053));
#13830=CARTESIAN_POINT('',(-0.0421056986946199,-0.012003953542458,0.053));
#13831=CARTESIAN_POINT('',(-0.0421052573304407,-0.0120038799817615,0.053));
#13832=CARTESIAN_POINT('',(-0.0420611209125248,-0.0119965239121089,0.053));
#13833=CARTESIAN_POINT('',(-0.0420205154080422,-0.0119800463160869,0.053));
#13834=CARTESIAN_POINT('',(-0.0420205154080422,-0.0119800463160869,0.053));
#13835=CARTESIAN_POINT('',(-0.0420205154080422,-0.0120480163996774,0.053));
#13836=CARTESIAN_POINT('',(-0.0420205154080422,-0.0121160240332868,0.053));
#13837=CARTESIAN_POINT('',(-0.042347243975161,-0.0115048870014937,0.053));
#13838=CARTESIAN_POINT('',(-0.0421245403481096,-0.0121611240226459,0.053));
#13839=CARTESIAN_POINT('',(-0.0422378719210188,-0.0118396096605958,0.053));
#13840=CARTESIAN_POINT('',(-0.0422359016391402,-0.0121804119580008,0.053));
#13841=CARTESIAN_POINT('',(-0.0422404243733659,-0.0118340395865095,0.053));
#13842=CARTESIAN_POINT('',(-0.042314912837996,-0.0121722215519053,0.053));
#13843=CARTESIAN_POINT('',(-0.042260442148695,-0.011938758490011,0.053));
#13844=CARTESIAN_POINT('',(-0.0423800800926636,-0.0121464406116298,0.053));
#13845=CARTESIAN_POINT('',(-0.0421453305487315,-0.0117403680682971,0.0529999999999991));
#13846=CARTESIAN_POINT('',(-0.0424380511146161,-0.0121068713971393,0.053));
#13847=CARTESIAN_POINT('',(-0.0420208108204772,-0.011587563887701,0.053));
#13848=CARTESIAN_POINT('',(-0.0424933617845926,-0.012057136183068,0.053));
#13849=CARTESIAN_POINT('',(-0.04232434797884,-0.0118885116970332,0.053));
#13850=CARTESIAN_POINT('',(-0.0425429335183898,-0.0119846027065084,0.053));
#13851=CARTESIAN_POINT('',(-0.0421954607029625,-0.0118301793462847,0.053));
#13852=CARTESIAN_POINT('',(-0.0425695724469157,-0.0118982468215495,0.053));
#13853=CARTESIAN_POINT('',(-0.042013431323521,-0.0117965519798537,0.0529999999999992));
#13854=CARTESIAN_POINT('',(-0.0425787612211171,-0.011807179030131,0.053));
#13855=CARTESIAN_POINT('',(-0.0429093512974683,0.0219097023394065,0.053));
#13856=CARTESIAN_POINT('',(-0.0425796452404424,-0.0117169939371841,0.053));
#13857=CARTESIAN_POINT('',(-0.0425795767016433,-0.0114255457856706,0.053));
#13858=CARTESIAN_POINT('',(-0.0425795767016433,-0.0111340983060328,0.053));
#13859=CARTESIAN_POINT('',(-0.042467470200137,-0.0111340983060328,0.053));
#13860=CARTESIAN_POINT('',(-0.0418330827532929,-0.0111340983060328,0.053));
#13861=CARTESIAN_POINT('',(-0.0419451892547992,-0.0111340983060328,0.053));
#13862=CARTESIAN_POINT('',(-0.0417209762517866,-0.0111340983060328,0.053));
#13863=CARTESIAN_POINT('',(-0.0417209762517866,-0.0116527012165443,0.053));
#13864=CARTESIAN_POINT('',(-0.0417209762517866,-0.0121713041270557,0.053));
#13865=CARTESIAN_POINT('',(-0.0418211659204556,-0.0121713041270557,0.053));
#13866=CARTESIAN_POINT('',(-0.0419213555891246,-0.0121713041270557,0.053));
#13867=CARTESIAN_POINT('',(-0.0419332724219619,-0.0121178990613775,0.053));
#13868=CARTESIAN_POINT('',(-0.0419451892547992,-0.0120644939956993,0.053));
#13869=CARTESIAN_POINT('',(-0.0419451892547992,-0.0115992961508661,0.053));
#13870=CARTESIAN_POINT('',(-0.0413088892298454,-0.0111340983060328,0.053));
#13871=CARTESIAN_POINT('',(-0.0414081961701562,-0.0111340983060328,0.053));
#13872=CARTESIAN_POINT('',(-0.0412095822895347,-0.0111340983060328,0.053));
#13873=CARTESIAN_POINT('',(-0.0411976654566975,-0.011187356250318,0.053));
#13874=CARTESIAN_POINT('',(-0.0411857486238602,-0.0112406141946031,0.053));
#13875=CARTESIAN_POINT('',(-0.0411857486238602,-0.0119891678424562,0.053));
#13876=CARTESIAN_POINT('',(-0.0411857486238602,-0.0121713041270557,0.053));
#13877=CARTESIAN_POINT('',(-0.0412969723970081,-0.0121713041270557,0.053));
#13878=CARTESIAN_POINT('',(-0.0414081961701562,-0.0121713041270557,0.053));
#13879=CARTESIAN_POINT('',(-0.0414081961701562,-0.0116527012165443,0.053));
#13880=CARTESIAN_POINT('',(-0.0391042069136981,-0.0117223888501302,0.053));
#13881=CARTESIAN_POINT('',(-0.0389861389196802,-0.0121648217406689,0.053));
#13882=CARTESIAN_POINT('',(-0.0391075176887904,-0.0121802547388529,0.053));
#13883=CARTESIAN_POINT('',(-0.0391165322909268,-0.0118283611738768,0.053));
#13884=CARTESIAN_POINT('',(-0.0392878047486609,-0.0121355329653802,0.053));
#13885=CARTESIAN_POINT('',(-0.0390888567837134,-0.0117941661849323,0.053));
#13886=CARTESIAN_POINT('',(-0.0394164962515706,-0.0120149336114519,0.053));
#13887=CARTESIAN_POINT('',(-0.0389780880822218,-0.0117214505818679,0.053));
#13888=CARTESIAN_POINT('',(-0.0394919000620053,-0.0118420374052062,0.053));
#13889=CARTESIAN_POINT('',(-0.0386644155824229,-0.0116419151255347,0.053));
#13890=CARTESIAN_POINT('',(-0.0395156221494884,-0.0116378289492758,0.053));
#13891=CARTESIAN_POINT('',(-0.0388663788901624,-0.011617570500167,0.053));
#13892=CARTESIAN_POINT('',(-0.0394764980617562,-0.0113969516481734,0.053));
#13893=CARTESIAN_POINT('',(-0.0390336581635354,-0.0115651548613321,0.053));
#13894=CARTESIAN_POINT('',(-0.0393751846140813,-0.0112379109136095,0.053));
#13895=CARTESIAN_POINT('',(-0.0391212644768524,-0.0114856976445463,0.053));
#13896=CARTESIAN_POINT('',(-0.0392371270284868,-0.011150718992891,0.053));
#13897=CARTESIAN_POINT('',(-0.0390834653786413,-0.0115925576365281,0.053));
#13898=CARTESIAN_POINT('',(-0.0390872093704126,-0.0111249503674053,0.053));
#13899=CARTESIAN_POINT('',(-0.0390848930793223,-0.0115725148412973,0.053));
#13900=CARTESIAN_POINT('',(-0.0389789294453877,-0.0111377838371436,0.053));
#13901=CARTESIAN_POINT('',(-0.039066784712577,-0.011502501225239,0.053));
#13902=CARTESIAN_POINT('',(-0.0388850642792991,-0.0111743530209917,0.053));
#13903=CARTESIAN_POINT('',(-0.0388850642792991,-0.0112719510513234,0.053));
#13904=CARTESIAN_POINT('',(-0.0388850642792991,-0.0113694925349175,0.053));
#13905=CARTESIAN_POINT('',(-0.039059103302533,-0.0115230760007782,0.0529999999999999));
#13906=CARTESIAN_POINT('',(-0.038954061365495,-0.0113160818785773,0.053));
#13907=CARTESIAN_POINT('',(-0.0390380446541904,-0.0114814761958848,0.053));
#13908=CARTESIAN_POINT('',(-0.0390395420385166,-0.0112959642606753,0.053));
#13909=CARTESIAN_POINT('',(-0.0390415543415565,-0.0114794999097124,0.053));
#13910=CARTESIAN_POINT('',(-0.0391397470962413,-0.0113244489510191,0.053));
#13911=CARTESIAN_POINT('',(-0.0390045013089384,-0.0115356104616317,0.053));
#13912=CARTESIAN_POINT('',(-0.0392161085039782,-0.0114008163716906,0.053));
#13913=CARTESIAN_POINT('',(-0.0388977725369115,-0.0116019727394459,0.053));
#13914=CARTESIAN_POINT('',(-0.039263865506641,-0.0115129443445701,0.053));
#13915=CARTESIAN_POINT('',(-0.0387385298232704,-0.0116457116335673,0.053));
#13916=CARTESIAN_POINT('',(-0.0392804923060126,-0.0116490233254437,0.053));
#13917=CARTESIAN_POINT('',(-0.0387456772352379,-0.0116526566199581,0.053));
#13918=CARTESIAN_POINT('',(-0.0392629811020237,-0.0117878968627924,0.053));
#13919=CARTESIAN_POINT('',(-0.0388990935063395,-0.0116963819820154,0.053));
#13920=CARTESIAN_POINT('',(-0.039213313763584,-0.0119010559344425,0.053));
#13921=CARTESIAN_POINT('',(-0.0389952333599444,-0.0117578289859115,0.053));
#13922=CARTESIAN_POINT('',(-0.0391360724493312,-0.0119772809652638,0.053));
#13923=CARTESIAN_POINT('',(-0.0390380027357959,-0.0118215697256499,0.053));
#13924=CARTESIAN_POINT('',(-0.0390357159009976,-0.0120055937720603,0.053));
#13925=CARTESIAN_POINT('',(-0.0390326524882593,-0.0118301136365315,0.053));
#13926=CARTESIAN_POINT('',(-0.038953015549485,-0.0119864088633799,0.053));
#13927=CARTESIAN_POINT('',(-0.039083804909698,-0.0117395974028173,0.053));
#13928=CARTESIAN_POINT('',(-0.0388850642792991,-0.0119359098981711,0.053));
#13929=CARTESIAN_POINT('',(-0.0388850642792991,-0.0120315388036555,0.053));
#13930=CARTESIAN_POINT('',(-0.0388850642792991,-0.012127259138466,0.053));
#13931=CARTESIAN_POINT('',(-0.0391274255494785,-0.0116288535376228,0.053));
#13932=CARTESIAN_POINT('',(-0.0398357627212069,-0.0118567585887086,0.053));
#13933=CARTESIAN_POINT('',(-0.0398357627212069,-0.0116104773767381,0.053));
#13934=CARTESIAN_POINT('',(-0.0398358636497895,-0.0118641188431662,0.053));
#13935=CARTESIAN_POINT('',(-0.0411851256341877,0.0206747680645768,0.053));
#13936=CARTESIAN_POINT('',(-0.0398340842308954,-0.0119073719538096,0.053));
#13937=CARTESIAN_POINT('',(-0.0393711831601878,-0.0118780888610832,0.0530000000000002));
#13938=CARTESIAN_POINT('',(-0.0398266217397747,-0.0119653307200686,0.053));
#13939=CARTESIAN_POINT('',(-0.0396261666296953,-0.0119292366290646,0.053));
#13940=CARTESIAN_POINT('',(-0.039809060814046,-0.0120185644198117,0.053));
#13941=CARTESIAN_POINT('',(-0.0397546501870092,-0.011995209944569,0.053));
#13942=CARTESIAN_POINT('',(-0.0397769815925661,-0.01204992311927,0.053));
#13943=CARTESIAN_POINT('',(-0.0398063384425963,-0.0121114257200832,0.053));
#13944=CARTESIAN_POINT('',(-0.0398358030838976,-0.0121731541492374,0.053));
#13945=CARTESIAN_POINT('',(-0.0398327259039988,-0.0120396404065377,0.053));
#13946=CARTESIAN_POINT('',(-0.0398863619034107,-0.0121620122985599,0.053));
#13947=CARTESIAN_POINT('',(-0.0398066100518343,-0.011972736854095,0.053));
#13948=CARTESIAN_POINT('',(-0.0399378529095163,-0.0121308310236959,0.053));
#13949=CARTESIAN_POINT('',(-0.0397960063302497,-0.01195531062675,0.053));
#13950=CARTESIAN_POINT('',(-0.0399800958993389,-0.0120858316225552,0.053));
#13951=CARTESIAN_POINT('',(-0.0398222298002003,-0.0119747195506657,0.0529999999999998));
#13952=CARTESIAN_POINT('',(-0.0400067177799344,-0.0120315388036555,0.053));
#13953=CARTESIAN_POINT('',(-0.0401737178219699,-0.0119543233665598,0.053));
#13954=CARTESIAN_POINT('',(-0.0400796382340545,-0.0121131745834811,0.053));
#13955=CARTESIAN_POINT('',(-0.040290869879283,-0.0117912774039542,0.053));
#13956=CARTESIAN_POINT('',(-0.0402000352904058,-0.0121656596389548,0.053));
#13957=CARTESIAN_POINT('',(-0.0402000352904058,-0.0120958308524196,0.053));
#13958=CARTESIAN_POINT('',(-0.0402000352904058,-0.0120259313342955,0.053));
#13959=CARTESIAN_POINT('',(-0.0402399385469095,-0.0118290773728177,0.053));
#13960=CARTESIAN_POINT('',(-0.0401200019659612,-0.0119901967338785,0.053));
#13961=CARTESIAN_POINT('',(-0.0402850030240026,-0.0117675954661981,0.0529999999999998));
#13962=CARTESIAN_POINT('',(-0.0400582102675029,-0.0119267883718018,0.053));
#13963=CARTESIAN_POINT('',(-0.0400582102675029,-0.011732735254365,0.053));
#13964=CARTESIAN_POINT('',(-0.040058320878705,-0.0115386800692812,0.053));
#13965=CARTESIAN_POINT('',(-0.040959663176372,-0.0115218313435197,0.053));
#13966=CARTESIAN_POINT('',(-0.0400675700976337,-0.0113952402659051,0.053));
#13967=CARTESIAN_POINT('',(-0.0402294874241454,-0.0114126956351513,0.053));
#13968=CARTESIAN_POINT('',(-0.0400986216153892,-0.011316830684277,0.053));
#13969=CARTESIAN_POINT('',(-0.0401708067490623,-0.0113793610215465,0.053));
#13970=CARTESIAN_POINT('',(-0.0401530965789223,-0.0112857388914474,0.053));
#13971=CARTESIAN_POINT('',(-0.040223624259906,-0.0116846723916599,0.053));
#13972=CARTESIAN_POINT('',(-0.0402294593547528,-0.011279497514613,0.053));
#13973=CARTESIAN_POINT('',(-0.0402313537136961,-0.0115622959306857,0.053));
#13974=CARTESIAN_POINT('',(-0.0403056694911123,-0.0112894546101472,0.053));
#13975=CARTESIAN_POINT('',(-0.0401865849954585,-0.0117251060645321,0.053));
#13976=CARTESIAN_POINT('',(-0.0403718701673687,-0.0113132989011365,0.053));
#13977=CARTESIAN_POINT('',(-0.0402453882466227,-0.0115971376260555,0.053));
#13978=CARTESIAN_POINT('',(-0.0404251792207796,-0.0113436830047189,0.053));
#13979=CARTESIAN_POINT('',(0.000489772628170023,0.0194800803499047,0.053));
#13980=CARTESIAN_POINT('',(-0.0404593644189536,-0.0113693372614332,0.053));
#13981=CARTESIAN_POINT('',(-0.0405006042964129,-0.0113060832145117,0.053));
#13982=CARTESIAN_POINT('',(-0.0405420629117232,-0.0112424936839021,0.053));
#13983=CARTESIAN_POINT('',(-0.040378355083963,-0.0114045742023003,0.053));
#13984=CARTESIAN_POINT('',(-0.0404868961808525,-0.0112012363761744,0.053));
#13985=CARTESIAN_POINT('',(-0.0402470377164752,-0.0116278560911708,0.053));
#13986=CARTESIAN_POINT('',(-0.0404023239683461,-0.0111635326171943,0.053));
#13987=CARTESIAN_POINT('',(-0.0401768503026696,-0.0118300346582003,0.053));
#13988=CARTESIAN_POINT('',(-0.0402983110629103,-0.0111369013841698,0.053));
#13989=CARTESIAN_POINT('',(-0.0401836077342935,-0.0117830915867563,0.053));
#13990=CARTESIAN_POINT('',(-0.0401814980053225,-0.0111267558263853,0.053));
#13991=CARTESIAN_POINT('',(-0.040180563817808,-0.0116483914395714,0.053));
#13992=CARTESIAN_POINT('',(-0.0400739563729554,-0.0111377972862345,0.053));
#13993=CARTESIAN_POINT('',(-0.0401351834820364,-0.0114405134609295,0.053));
#13994=CARTESIAN_POINT('',(-0.0399783088384503,-0.0111745326408643,0.053));
#13995=CARTESIAN_POINT('',(-0.0401130464440751,-0.0113967712879791,0.053));
#13996=CARTESIAN_POINT('',(-0.0399029373877052,-0.0112435159721193,0.053));
#13997=CARTESIAN_POINT('',(-0.0401199746956247,-0.011396917530387,0.053));
#13998=CARTESIAN_POINT('',(-0.0398579413160583,-0.0113509746043535,0.053));
#13999=CARTESIAN_POINT('',(-0.0408564120565677,-0.0115517378389699,0.0530000000000001));
#14000=CARTESIAN_POINT('',(-0.0398403234843916,-0.0114807163080654,0.053));
#14001=CARTESIAN_POINT('',(-0.0416984451712371,-0.011610985123719,0.0529999999999958));
#14002=CARTESIAN_POINT('',(-0.0402229701300888,-0.0118501489430688,0.053));
#14003=CARTESIAN_POINT('',(-0.0403849343104492,-0.0117619548917203,0.053));
#14004=CARTESIAN_POINT('',(-0.0404073376777424,-0.0118585793231334,0.053));
#14005=CARTESIAN_POINT('',(-0.0402144079429241,-0.0118745122186125,0.053));
#14006=CARTESIAN_POINT('',(-0.0403741890003722,-0.0119822022709953,0.053));
#14007=CARTESIAN_POINT('',(-0.0402671912759141,-0.0118852340575936,0.053));
#14008=CARTESIAN_POINT('',(-0.0402753614436489,-0.0120293096545274,0.053));
#14009=CARTESIAN_POINT('',(-0.0402753614436489,-0.0121042167718236,0.053));
#14010=CARTESIAN_POINT('',(-0.0402753614436489,-0.0121790747937682,0.053));
#14011=CARTESIAN_POINT('',(-0.0402858380354804,-0.0121798216813903,0.053));
#14012=CARTESIAN_POINT('',(-0.0402991822655116,-0.0121805821290752,0.053));
#14013=CARTESIAN_POINT('',(-0.0403009622238465,-0.0117429457508122,0.053));
#14014=CARTESIAN_POINT('',(-0.0404196834587926,-0.0121639327796828,0.053));
#14015=CARTESIAN_POINT('',(-0.0403464556714001,-0.0118990376279382,0.053));
#14016=CARTESIAN_POINT('',(-0.0405216956260627,-0.0121107510047019,0.053));
#14017=CARTESIAN_POINT('',(-0.0403617818788425,-0.0119253080594523,0.053));
#14018=CARTESIAN_POINT('',(-0.0405907352122683,-0.0120131795661086,0.053));
#14019=CARTESIAN_POINT('',(-0.0402173855227059,-0.0118762725162185,0.053));
#14020=CARTESIAN_POINT('',(-0.040615164807491,-0.0118647643757552,0.053));
#14021=CARTESIAN_POINT('',(-0.0403294188074232,-0.0118557693960453,0.053));
#14022=CARTESIAN_POINT('',(-0.0405797053737958,-0.0117179706859032,0.053));
#14023=CARTESIAN_POINT('',(-0.0403038013332205,-0.011875880837464,0.053));
#14024=CARTESIAN_POINT('',(-0.0404876798902219,-0.0116167715602319,0.053));
#14025=CARTESIAN_POINT('',(-0.0402598614111307,-0.0119442888895114,0.053));
#14026=CARTESIAN_POINT('',(-0.0403599447289218,-0.0115579991887609,0.053));
#14027=CARTESIAN_POINT('',(-0.0402147124236047,-0.012095197234097,0.053));
#14028=CARTESIAN_POINT('',(-0.0402147474298282,-0.0115386802762615,0.053));
#14029=CARTESIAN_POINT('',(-0.0401742890466216,-0.0115386821369283,0.053));
#14030=CARTESIAN_POINT('',(-0.0401338306635321,-0.0115386821369283,0.053));
#14031=CARTESIAN_POINT('',(-0.0401338306635321,-0.0116040040354438,0.053));
#14032=CARTESIAN_POINT('',(-0.0401338306635321,-0.0116693259339592,0.053));
#14033=CARTESIAN_POINT('',(-0.0401539862943803,-0.0116693259339592,0.053));
#14034=CARTESIAN_POINT('',(-0.0401741420254178,-0.0116693092800942,0.053));
#14035=CARTESIAN_POINT('',(-0.0401715393525446,-0.0121019357636969,0.053));
#14036=CARTESIAN_POINT('',(-0.0402513776806653,-0.011676698221309,0.053));
#14037=CARTESIAN_POINT('',(-0.0402102480262523,-0.0119069820030056,0.053));
#14038=CARTESIAN_POINT('',(-0.040326871625787,-0.0117041638840703,0.053));
#14039=CARTESIAN_POINT('',(-0.0402443543119709,-0.0118444102878631,0.053));
#14040=CARTESIAN_POINT('',(-0.0411104224706171,-0.0112738636294331,0.053));
#14041=CARTESIAN_POINT('',(-0.0411104224706171,-0.0113677038877798,0.053));
#14042=CARTESIAN_POINT('',(-0.0411104224706171,-0.0111798055986191,0.053));
#14043=CARTESIAN_POINT('',(-0.0409234204859561,-0.0115326222334529,0.053));
#14044=CARTESIAN_POINT('',(-0.0410001000412374,-0.0111404503884883,0.053));
#14045=CARTESIAN_POINT('',(-0.0408461952101794,-0.0120224290032515,0.053));
#14046=CARTESIAN_POINT('',(-0.0408253012108806,-0.0111270797632271,0.053));
#14047=CARTESIAN_POINT('',(-0.0408253012108806,-0.0112425267727128,0.053));
#14048=CARTESIAN_POINT('',(-0.0408253012108806,-0.0113580809564238,0.053));
#14049=CARTESIAN_POINT('',(-0.0409522743776002,-0.0118523148818591,0.053));
#14050=CARTESIAN_POINT('',(-0.0409503547782516,-0.0113419303786362,0.053));
#14051=CARTESIAN_POINT('',(-0.0409497799050898,-0.0118710277337389,0.0529999999999991));
#14052=CARTESIAN_POINT('',(-0.0410322993197453,-0.0113483181960227,0.053));
#14053=CARTESIAN_POINT('',(-0.0409659294445084,-0.0117831490336903,0.053));
#14054=CARTESIAN_POINT('',(-0.0386863032772847,-0.0111340983060328,0.053));
#14055=CARTESIAN_POINT('',(-0.0387856102175953,-0.0111340983060328,0.053));
#14056=CARTESIAN_POINT('',(-0.038586996336974,-0.0111340983060328,0.053));
#14057=CARTESIAN_POINT('',(-0.0385880261867253,-0.0116527012165443,0.053));
#14058=CARTESIAN_POINT('',(-0.0385892515690967,-0.0121712963751268,0.053));
#14059=CARTESIAN_POINT('',(-0.0391158802158443,-0.012150418079559,0.053));
#14060=CARTESIAN_POINT('',(-0.0386339704190941,-0.0123626060142808,0.053));
#14061=CARTESIAN_POINT('',(-0.0389964062280165,-0.012196882634515,0.053));
#14062=CARTESIAN_POINT('',(-0.0387305346818976,-0.0124932641557075,0.053));
#14063=CARTESIAN_POINT('',(-0.0389605962197645,-0.0122299596867634,0.053));
#14064=CARTESIAN_POINT('',(-0.0388666696701183,-0.0125667825989322,0.053));
#14065=CARTESIAN_POINT('',(-0.0390273427678185,-0.0119883083430513,0.053));
#14066=CARTESIAN_POINT('',(-0.039032185260044,-0.0125888061931164,0.053));
#14067=CARTESIAN_POINT('',(-0.03903096539991,-0.0119907135845862,0.053));
#14068=CARTESIAN_POINT('',(-0.0392353499065166,-0.0125529080054376,0.053));
#14069=CARTESIAN_POINT('',(-0.039114560288479,-0.0122108419341252,0.053));
#14070=CARTESIAN_POINT('',(-0.0394017037603743,-0.012432541451614,0.053));
#14071=CARTESIAN_POINT('',(-0.0393374625629368,-0.0123690352793188,0.053));
#14072=CARTESIAN_POINT('',(-0.0392731439562486,-0.0123054525834623,0.053));
#14073=CARTESIAN_POINT('',(-0.0391309144054012,-0.0122232540587087,0.053));
#14074=CARTESIAN_POINT('',(-0.0392260890088227,-0.0123571148459215,0.053));
#14075=CARTESIAN_POINT('',(-0.0390800968528797,-0.0121532598317617,0.053));
#14076=CARTESIAN_POINT('',(-0.0391672457909258,-0.0123883153268257,0.053));
#14077=CARTESIAN_POINT('',(-0.0390591560478818,-0.0120943394342825,0.053));
#14078=CARTESIAN_POINT('',(-0.0391066268076536,-0.012403889495165,0.053));
#14079=CARTESIAN_POINT('',(-0.0390479706693526,-0.0120381155821677,0.053));
#14080=CARTESIAN_POINT('',(-0.0390524598902171,-0.0124080354300358,0.053));
#14081=CARTESIAN_POINT('',(-0.039037251871499,-0.0121701135213275,0.053));
#14082=CARTESIAN_POINT('',(-0.0388740301748201,-0.0123422591857832,0.053));
#14083=CARTESIAN_POINT('',(-0.0388740301748201,-0.0123422591857832,0.053));
#14084=CARTESIAN_POINT('',(-0.0388097381260561,-0.0122760545589094,0.053));
#14085=CARTESIAN_POINT('',(-0.0388097381260561,-0.0121159864832678,0.053));
#14086=CARTESIAN_POINT('',(-0.0388097381260561,-0.0121159864832678,0.053));
#14087=CARTESIAN_POINT('',(-0.0388097381260561,-0.0116774176105772,0.053));
#14088=CARTESIAN_POINT('',(-0.0388097381260561,-0.0112388487378865,0.053));
#14089=CARTESIAN_POINT('',(-0.0387976741718257,-0.0111864735219597,0.053));
#14090=CARTESIAN_POINT('',(-0.0201123258061263,0.0548301623156363,0.053));
#14091=CARTESIAN_POINT('',(-0.0201123258061263,0.0524382751980857,0.053));
#14092=CARTESIAN_POINT('',(-0.0201123258061263,0.0572220494331869,0.053));
#14093=CARTESIAN_POINT('',(-0.0197228522198989,0.0572220494331869,0.053));
#14094=CARTESIAN_POINT('',(-0.0193333786336716,0.0572220494331869,0.053));
#14095=CARTESIAN_POINT('',(-0.0193333786336716,0.0548301623156363,0.053));
#14096=CARTESIAN_POINT('',(-0.0193333786336716,0.0524382751980857,0.053));
#14097=CARTESIAN_POINT('',(-0.0197228522198989,0.0524382751980857,0.053));
#14098=CARTESIAN_POINT('',(-0.0150418990115618,0.0555182323179712,0.053));
#14099=CARTESIAN_POINT('',(-0.0150418990115618,0.0574816984906718,0.053));
#14100=CARTESIAN_POINT('',(-0.0150418990115618,0.0535547661452706,0.053));
#14101=CARTESIAN_POINT('',(-0.0150418990115618,0.0535547661452706,0.053));
#14102=CARTESIAN_POINT('',(-0.0150418990115618,0.0533345837445235,0.053));
#14103=CARTESIAN_POINT('',(-0.0149837376226852,0.0532078750044708,0.053));
#14104=CARTESIAN_POINT('',(-0.0149837376226852,0.0532078750044708,0.053));
#14105=CARTESIAN_POINT('',(-0.0146046733344911,0.0533676260316743,0.053));
#14106=CARTESIAN_POINT('',(-0.0148218302864707,0.0530191809427416,0.053));
#14107=CARTESIAN_POINT('',(-0.0145024814175938,0.0535695186661197,0.053));
#14108=CARTESIAN_POINT('',(-0.0145849101936525,0.0529384143210882,0.053));
#14109=CARTESIAN_POINT('',(-0.0143080492686035,0.0549473650898278,0.053));
#14110=CARTESIAN_POINT('',(-0.0142961872911946,0.0529192727129525,0.053));
#14111=CARTESIAN_POINT('',(-0.0142961869184652,0.0526787102253167,0.053));
#14112=CARTESIAN_POINT('',(-0.0142961869184652,0.0524382543031853,0.053));
#14113=CARTESIAN_POINT('',(-0.0146015301571289,0.0543609366590107,0.053));
#14114=CARTESIAN_POINT('',(-0.0144706690501459,0.0524185212484443,0.053));
#14115=CARTESIAN_POINT('',(-0.0147282831897473,0.0555861905533916,0.053));
#14116=CARTESIAN_POINT('',(-0.0146399630450534,0.052409222306439,0.053));
#14117=CARTESIAN_POINT('',(-0.0148347469402331,0.058497023332536,0.0530000000000025));
#14118=CARTESIAN_POINT('',(-0.0148341797655739,0.0524060787149576,0.053));
#14119=CARTESIAN_POINT('',(-0.014834101620018,0.0554706551603276,0.0529999999999949));
#14120=CARTESIAN_POINT('',(-0.0150294336159046,0.0524123511920295,0.053));
#14121=CARTESIAN_POINT('',(-0.0149337181671355,0.0540684562340983,0.053));
#14122=CARTESIAN_POINT('',(-0.0152049586196622,0.0524320436207061,0.053));
#14123=CARTESIAN_POINT('',(-0.0152049586196622,0.0524320436207061,0.053));
#14124=CARTESIAN_POINT('',(-0.0154251410204095,0.0524777418548234,0.053));
#14125=CARTESIAN_POINT('',(-0.0155487339717723,0.0526267804138197,0.053));
#14126=CARTESIAN_POINT('',(-0.0155487339717723,0.0526267804138197,0.053));
#14127=CARTESIAN_POINT('',(-0.0147191735181312,0.0533150361018808,0.053));
#14128=CARTESIAN_POINT('',(-0.0157371408126798,0.0529607247049159,0.053));
#14129=CARTESIAN_POINT('',(-0.0143227732933696,0.0534696625899878,0.053));
#14130=CARTESIAN_POINT('',(-0.0158182284547604,0.0533210847008597,0.053));
#14131=CARTESIAN_POINT('',(-0.0125247712854556,0.0536589841686054,0.053));
#14132=CARTESIAN_POINT('',(-0.015834503022033,0.0535942297677541,0.053));
#14133=CARTESIAN_POINT('',(-0.0158343479350056,0.0555769130049628,0.053));
#14134=CARTESIAN_POINT('',(-0.0158343479350056,0.0574816984906718,0.053));
#14135=CARTESIAN_POINT('',(-0.0154381234732837,0.0574816984906718,0.053));
#14136=CARTESIAN_POINT('',(-0.0108096193745584,0.053548534567891,0.053));
#14137=CARTESIAN_POINT('',(-0.0108096140209275,0.054417839614055,0.053));
#14138=CARTESIAN_POINT('',(-0.0108096838829925,0.053522568688079,0.053));
#14139=CARTESIAN_POINT('',(-0.00800003704221492,0.0535649937531668,0.053));
#14140=CARTESIAN_POINT('',(-0.0108033506574894,0.0533698988280678,0.053));
#14141=CARTESIAN_POINT('',(-0.00916925266063139,0.0534737336959624,0.053));
#14142=CARTESIAN_POINT('',(-0.0107773542061799,0.0531653047132116,0.053));
#14143=CARTESIAN_POINT('',(-0.0100698027308415,0.0532927069893694,0.053));
#14144=CARTESIAN_POINT('',(-0.0107153726516695,0.0529774119469087,0.053));
#14145=CARTESIAN_POINT('',(-0.0105233144038731,0.0530598393033964,0.053));
#14146=CARTESIAN_POINT('',(-0.0106021381329412,0.0528667168218942,0.053));
#14147=CARTESIAN_POINT('',(-0.0107057597515645,0.0526496295308784,0.053));
#14148=CARTESIAN_POINT('',(-0.0108097618491099,0.0524317451365206,0.053));
#14149=CARTESIAN_POINT('',(-0.0107989002437868,0.0529030119739869,0.053));
#14150=CARTESIAN_POINT('',(-0.0109882205921802,0.0524710728009523,0.053));
#14151=CARTESIAN_POINT('',(-0.0107067184575869,0.0531391631410492,0.053));
#14152=CARTESIAN_POINT('',(-0.0111699697032623,0.0525811341382141,0.053));
#14153=CARTESIAN_POINT('',(-0.0106692902323914,0.0532006729379829,0.053));
#14154=CARTESIAN_POINT('',(-0.0113190737399603,0.0527399711839355,0.053));
#14155=CARTESIAN_POINT('',(-0.0107625594852877,0.0531316838292174,0.053));
#14156=CARTESIAN_POINT('',(-0.0114130437841532,0.0529316084073069,0.053));
#14157=CARTESIAN_POINT('',(-0.0114130437841532,0.0529316084073069,0.053));
#14158=CARTESIAN_POINT('',(-0.0114784753466394,0.0527695873954364,0.053));
#14159=CARTESIAN_POINT('',(-0.0116700963510633,0.0526428786553838,0.053));
#14160=CARTESIAN_POINT('',(-0.0116700963510633,0.0526428786553838,0.053));
#14161=CARTESIAN_POINT('',(-0.0124160226609464,0.0537796651676173,0.053));
#14162=CARTESIAN_POINT('',(-0.0120954015072235,0.0524581986909915,0.053));
#14163=CARTESIAN_POINT('',(-0.0120954015072235,0.0527046751310652,0.053));
#14164=CARTESIAN_POINT('',(-0.0120954015072235,0.0529514012342232,0.053));
#14165=CARTESIAN_POINT('',(-0.0122362490444407,0.0536462416581642,0.053));
#14166=CARTESIAN_POINT('',(-0.011812903144375,0.0530775309235087,0.053));
#14167=CARTESIAN_POINT('',(-0.0123944619082284,0.053862304880089,0.053));
#14168=CARTESIAN_POINT('',(-0.0115947981243927,0.0533013956098737,0.053));
#14169=CARTESIAN_POINT('',(-0.0115947981243927,0.0539863028788105,0.053));
#14170=CARTESIAN_POINT('',(-0.0115951885515601,0.0546712643906821,0.053));
#14171=CARTESIAN_POINT('',(-0.014776679335526,0.0547307357656198,0.053));
#14172=CARTESIAN_POINT('',(-0.0116275139056357,0.0551775727545511,0.053));
#14173=CARTESIAN_POINT('',(-0.0116275139056357,0.0551775727545511,0.053));
#14174=CARTESIAN_POINT('',(-0.0116602296868788,0.0553660779702851,0.053));
#14175=CARTESIAN_POINT('',(-0.0117381244041243,0.055453839351715,0.053));
#14176=CARTESIAN_POINT('',(-0.0117381244041243,0.055453839351715,0.053));
#14177=CARTESIAN_POINT('',(-0.0119922327830285,0.0552336168769558,0.053));
#14178=CARTESIAN_POINT('',(-0.0119297207460051,0.0555640772856775,0.053));
#14179=CARTESIAN_POINT('',(-0.0121786640915514,0.0541559515851298,0.053));
#14180=CARTESIAN_POINT('',(-0.0121992603739259,0.0555861076318948,0.053));
#14181=CARTESIAN_POINT('',(-0.0122059469407664,0.0545879068853154,0.053));
#14182=CARTESIAN_POINT('',(-0.0124682612264317,0.0555509618190788,0.053));
#14183=CARTESIAN_POINT('',(-0.012047925659785,0.0540132318238,0.053));
#14184=CARTESIAN_POINT('',(-0.0127019314335735,0.0554667980200105,0.053));
#14185=CARTESIAN_POINT('',(-0.0122554849878272,0.0544649252688883,0.053));
#14186=CARTESIAN_POINT('',(-0.012889944260355,0.0553593508730323,0.053));
#14187=CARTESIAN_POINT('',(-0.0111485846456361,0.0529185037755675,0.053));
#14188=CARTESIAN_POINT('',(-0.0130104705450768,0.0552685507867641,0.053));
#14189=CARTESIAN_POINT('',(-0.0131563275561067,0.0554922674122227,0.053));
#14190=CARTESIAN_POINT('',(-0.0133026650380689,0.055716720987759,0.053));
#14191=CARTESIAN_POINT('',(-0.0127248214082622,0.0551446212729441,0.053));
#14192=CARTESIAN_POINT('',(-0.0131079405333817,0.0558623485666575,0.053));
#14193=CARTESIAN_POINT('',(-0.0122613071634324,0.0543564975229489,0.053));
#14194=CARTESIAN_POINT('',(-0.0128094249877948,0.0559954318734788,0.053));
#14195=CARTESIAN_POINT('',(-0.0120135648675822,0.0536428627036595,0.053));
#14196=CARTESIAN_POINT('',(-0.0124422879956517,0.0560894328125807,0.053));
#14197=CARTESIAN_POINT('',(-0.0120374167454857,0.0538085588543369,0.053));
#14198=CARTESIAN_POINT('',(-0.0120299699815924,0.056125243845385,0.053));
#14199=CARTESIAN_POINT('',(-0.0120266725562128,0.0542840133825158,0.053));
#14200=CARTESIAN_POINT('',(-0.0116503775524414,0.0560862705243253,0.053));
#14201=CARTESIAN_POINT('',(-0.0118664924332959,0.0550177655596294,0.053));
#14202=CARTESIAN_POINT('',(-0.0113127680223837,0.0559566048107526,0.053));
#14203=CARTESIAN_POINT('',(-0.0117883547685709,0.0551721634176602,0.053));
#14204=CARTESIAN_POINT('',(-0.0110467291659122,0.0557131148798522,0.053));
#14205=CARTESIAN_POINT('',(-0.0118128095939037,0.0551716472221209,0.053));
#14206=CARTESIAN_POINT('',(-0.010887902251308,0.0553338134112813,0.053));
#14207=CARTESIAN_POINT('',(-0.014412231237464,0.0546251740496054,0.0530000000000001));
#14208=CARTESIAN_POINT('',(-0.0108257222489304,0.0548758602237663,0.053));
#14209=CARTESIAN_POINT('',(-0.017384067619492,0.054415746203543,0.053));
#14210=CARTESIAN_POINT('',(-0.0127476399396255,0.0538829625539315,0.053));
#14211=CARTESIAN_POINT('',(-0.0128286504455607,0.0537500222364993,0.053));
#14212=CARTESIAN_POINT('',(-0.0128286504455607,0.0535423029905114,0.053));
#14213=CARTESIAN_POINT('',(-0.0127476399396255,0.0538829625539315,0.053));
#14214=CARTESIAN_POINT('',(-0.0128286504455607,0.0535423029905114,0.053));
#14215=CARTESIAN_POINT('',(-0.0128286504455607,0.0535423029905114,0.053));
#14216=CARTESIAN_POINT('',(-0.0128286504455607,0.0532494188536684,0.053));
#14217=CARTESIAN_POINT('',(-0.0127086925810027,0.0531066118720517,0.053));
#14218=CARTESIAN_POINT('',(-0.0127086925810027,0.0531066118720517,0.053));
#14219=CARTESIAN_POINT('',(-0.0127086925810027,0.0531066118720517,0.053));
#14220=CARTESIAN_POINT('',(-0.0125887347164447,0.0529638048904351,0.053));
#14221=CARTESIAN_POINT('',(-0.012361282142088,0.0529378399846866,0.053));
#14222=CARTESIAN_POINT('',(-0.012361282142088,0.0529378399846866,0.053));
#14223=CARTESIAN_POINT('',(-0.012361282142088,0.0526750751385119,0.053));
#14224=CARTESIAN_POINT('',(-0.012361282142088,0.0524119964032068,0.053));
#14225=CARTESIAN_POINT('',(-0.0124319406273118,0.052832163218629,0.053));
#14226=CARTESIAN_POINT('',(-0.0124454068796918,0.052406194096253,0.053));
#14227=CARTESIAN_POINT('',(-0.0124516458656941,0.0539502626303603,0.053));
#14228=CARTESIAN_POINT('',(-0.0128706992218038,0.052464294029991,0.053));
#14229=CARTESIAN_POINT('',(-0.0126122252421381,0.0533993011700901,0.053));
#14230=CARTESIAN_POINT('',(-0.0132307741576653,0.0526520110908838,0.053));
#14231=CARTESIAN_POINT('',(-0.0126663225455228,0.0533065737612359,0.053));
#14232=CARTESIAN_POINT('',(-0.0134741380024681,0.0529965206716782,0.053));
#14233=CARTESIAN_POINT('',(-0.0134741380024681,0.0529965206716782,0.053));
#14234=CARTESIAN_POINT('',(-0.013561899383898,0.0532109907931607,0.053));
#14235=CARTESIAN_POINT('',(-0.013561899383898,0.0535225696621425,0.053));
#14236=CARTESIAN_POINT('',(-0.013561899383898,0.0535225696621425,0.053));
#14237=CARTESIAN_POINT('',(-0.013561899383898,0.0535225696621425,0.053));
#14238=CARTESIAN_POINT('',(-0.013561899383898,0.0538206467801351,0.053));
#14239=CARTESIAN_POINT('',(-0.0134351906438454,0.0540382326903075,0.053));
#14240=CARTESIAN_POINT('',(-0.0134351906438454,0.0540382326903075,0.053));
#14241=CARTESIAN_POINT('',(-0.0124616671421077,0.0534810382811405,0.053));
#14242=CARTESIAN_POINT('',(-0.0131107079515556,0.0543956228731273,0.053));
#14243=CARTESIAN_POINT('',(-0.0123065712839223,0.0532395766436492,0.053));
#14244=CARTESIAN_POINT('',(-0.0126598379108225,0.0546030732043389,0.053));
#14245=CARTESIAN_POINT('',(-0.012147207756778,0.0527069116297427,0.053));
#14246=CARTESIAN_POINT('',(-0.0121473313191336,0.0546712636600985,0.053));
#14247=CARTESIAN_POINT('',(-0.0120045243371038,0.0546712570924556,0.053));
#14248=CARTESIAN_POINT('',(-0.0118617173554871,0.0546712570924556,0.053));
#14249=CARTESIAN_POINT('',(-0.0118617173554871,0.054440688729409,0.053));
#14250=CARTESIAN_POINT('',(-0.0118617173554871,0.0542101203663624,0.053));
#14251=CARTESIAN_POINT('',(-0.011932861197238,0.0542101203663624,0.053));
#14252=CARTESIAN_POINT('',(-0.0120040053926297,0.0542101791499326,0.053));
#14253=CARTESIAN_POINT('',(-0.0119948186721338,0.0526831264707811,0.053));
#14254=CARTESIAN_POINT('',(-0.0122766260451818,0.0541840982165971,0.053));
#14255=CARTESIAN_POINT('',(-0.0121314496601373,0.0533712597077846,0.053));
#14256=CARTESIAN_POINT('',(-0.0125430989392987,0.0540871519696753,0.053));
#14257=CARTESIAN_POINT('',(-0.012251835482445,0.0535921206787787,0.053));
#14258=CARTESIAN_POINT('',(-0.00921900924840612,0.0560993269086223,0.053));
#14259=CARTESIAN_POINT('',(-0.00956953547601069,0.0560993269086223,0.053));
#14260=CARTESIAN_POINT('',(-0.00886848302080154,0.0560993269086223,0.053));
#14261=CARTESIAN_POINT('',(-0.008826419873489,0.0559113409910033,0.053));
#14262=CARTESIAN_POINT('',(-0.00878435672617645,0.0557233550733843,0.053));
#14263=CARTESIAN_POINT('',(-0.00878435672617645,0.0530811662644182,0.053));
#14264=CARTESIAN_POINT('',(-0.00878435672617645,0.0524382751980857,0.053));
#14265=CARTESIAN_POINT('',(-0.00917694610109357,0.0524382751980857,0.053));
#14266=CARTESIAN_POINT('',(-0.00956953547601069,0.0524382751980857,0.053));
#14267=CARTESIAN_POINT('',(-0.00956953547601069,0.054268801053354,0.053));
#14268=CARTESIAN_POINT('',(-0.00851847609131194,0.0556059936994011,0.053));
#14269=CARTESIAN_POINT('',(-0.00851847609131194,0.0552747633578682,0.053));
#14270=CARTESIAN_POINT('',(-0.00851847609131194,0.055937992717939,0.053));
#14271=CARTESIAN_POINT('',(-0.00785841043998152,0.0546926468875509,0.053));
#14272=CARTESIAN_POINT('',(-0.00812900250508464,0.0560764777915637,0.053));
#14273=CARTESIAN_POINT('',(-0.00812900250508464,0.0560764777915637,0.053));
#14274=CARTESIAN_POINT('',(-0.00790154993072789,0.0561252918143708,0.053));
#14275=CARTESIAN_POINT('',(-0.00751207634450059,0.0561252918143708,0.053));
#14276=CARTESIAN_POINT('',(-0.00751207634450059,0.0561252918143708,0.053));
#14277=CARTESIAN_POINT('',(-0.00751207634450059,0.0557166041978896,0.053));
#14278=CARTESIAN_POINT('',(-0.00751207634450059,0.0553087296629032,0.053));
#14279=CARTESIAN_POINT('',(-0.00796025675362922,0.0535642196327101,0.053));
#14280=CARTESIAN_POINT('',(-0.0079534811298456,0.0553657367673495,0.053));
#14281=CARTESIAN_POINT('',(-0.00795111782380452,0.0534986617338041,0.053));
#14282=CARTESIAN_POINT('',(-0.00824272280870358,0.0553431895273145,0.053));
#14283=CARTESIAN_POINT('',(-0.00800845538985252,0.0538083560824346,0.053));
#14284=CARTESIAN_POINT('',(-0.00546344528094498,0.0531429627400996,0.053));
#14285=CARTESIAN_POINT('',(-0.00527182427652115,0.0530489697812901,0.053));
#14286=CARTESIAN_POINT('',(-0.00499971206427701,0.0530489697812901,0.053));
#14287=CARTESIAN_POINT('',(-0.00546344528094498,0.0531429627400996,0.053));
#14288=CARTESIAN_POINT('',(-0.00499971206427701,0.0530489697812901,0.053));
#14289=CARTESIAN_POINT('',(-0.00502643786885148,0.0543099922788671,0.053));
#14290=CARTESIAN_POINT('',(-0.00482107825815177,0.0530650930551772,0.053));
#14291=CARTESIAN_POINT('',(-0.0050194930477015,0.0543045619926345,0.053));
#14292=CARTESIAN_POINT('',(-0.00459415454182872,0.0531232684321896,0.053));
#14293=CARTESIAN_POINT('',(-0.00515487814536226,0.0547051779486966,0.053));
#14294=CARTESIAN_POINT('',(-0.00435373187194102,0.0532302549966965,0.053));
#14295=CARTESIAN_POINT('',(-0.00476781434442828,0.0540103149545139,0.053));
#14296=CARTESIAN_POINT('',(-0.00414281492195134,0.0533864293711109,0.053));
#14297=CARTESIAN_POINT('',(-0.00400006319296026,0.0531689276458481,0.053));
#14298=CARTESIAN_POINT('',(-0.00385757426343907,0.0529518263496278,0.053));
#14299=CARTESIAN_POINT('',(-0.00498313671086238,0.0538341846920593,0.053));
#14300=CARTESIAN_POINT('',(-0.00435682099794447,0.0525488856965743,0.053));
#14301=CARTESIAN_POINT('',(-0.00435682099794447,0.0525488856965743,0.053));
#14302=CARTESIAN_POINT('',(-0.00464243496117783,0.0524123102923372,0.053));
#14303=CARTESIAN_POINT('',(-0.0050838383589021,0.0524123102923372,0.053));
#14304=CARTESIAN_POINT('',(-0.0050838383589021,0.0524123102923372,0.053));
#14305=CARTESIAN_POINT('',(-0.00509572580026918,0.0539690647635059,0.053));
#14306=CARTESIAN_POINT('',(-0.00575268873140285,0.052558246229232,0.053));
#14307=CARTESIAN_POINT('',(-0.00508502541868747,0.0540037332265785,0.053));
#14308=CARTESIAN_POINT('',(-0.00628510899136986,0.0529574583927014,0.053));
#14309=CARTESIAN_POINT('',(-0.00479569625628024,0.054237807691265,0.053));
#14310=CARTESIAN_POINT('',(-0.00663549284384138,0.0535485372419684,0.053));
#14311=CARTESIAN_POINT('',(-0.00475681493823722,0.0542566771985272,0.053));
#14312=CARTESIAN_POINT('',(-0.00676508459278748,0.054275551814616,0.053));
#14313=CARTESIAN_POINT('',(-0.00472222571678295,0.0542882617126339,0.053));
#14314=CARTESIAN_POINT('',(-0.00664526591039754,0.054976569906949,0.053));
#14315=CARTESIAN_POINT('',(-0.00482940094238781,0.0543382391868484,0.053));
#14316=CARTESIAN_POINT('',(-0.00631777636886166,0.0555577687017114,0.053));
#14317=CARTESIAN_POINT('',(-0.00498182074339529,0.0544561491900524,0.053));
#14318=CARTESIAN_POINT('',(-0.00583371256541208,0.0559632845943746,0.053));
#14319=CARTESIAN_POINT('',(-0.0051599340174656,0.0547755522209906,0.053));
#14320=CARTESIAN_POINT('',(-0.00523962779339302,0.0561386933295992,0.053));
#14321=CARTESIAN_POINT('',(-0.00523962779339302,0.0558272146963782,0.053));
#14322=CARTESIAN_POINT('',(-0.00523962779339302,0.0555148070531477,0.053));
#14323=CARTESIAN_POINT('',(-0.00511665481325247,0.0547621723480377,0.053));
#14324=CARTESIAN_POINT('',(-0.0056355052422751,0.0553205666919708,0.053));
#14325=CARTESIAN_POINT('',(-0.00486872889082313,0.0545143116113039,0.053));
#14326=CARTESIAN_POINT('',(-0.00587888099599096,0.0549797188168925,0.053));
#14327=CARTESIAN_POINT('',(-0.00441297811363699,0.0543019768129581,0.053));
#14328=CARTESIAN_POINT('',(-0.00600229647306969,0.0545870940520891,0.053));
#14329=CARTESIAN_POINT('',(-0.00399887668672583,0.05419918576214,0.053));
#14330=CARTESIAN_POINT('',(-0.00603838528184799,0.0542433591172774,0.053));
#14331=CARTESIAN_POINT('',(-0.00431797133184578,0.0542271601518597,0.053));
#14332=CARTESIAN_POINT('',(-0.00597647034973572,0.0537723620535653,0.053));
#14333=CARTESIAN_POINT('',(-0.00497824837272172,0.05404138406198,0.053));
#14334=CARTESIAN_POINT('',(-0.00578502361524003,0.0533957536216198,0.053));
#14335=CARTESIAN_POINT('',(-0.00505236426547121,0.0539973572439338,0.053));
#14336=CARTESIAN_POINT('',(-0.00497374715852852,0.0558266953982632,0.053));
#14337=CARTESIAN_POINT('',(-0.00497374715852852,0.0555216796307188,0.053));
#14338=CARTESIAN_POINT('',(-0.00497374715852852,0.0561309262217285,0.053));
#14339=CARTESIAN_POINT('',(-0.00509898885179663,0.0545407262841611,0.053));
#14340=CARTESIAN_POINT('',(-0.00434063145666848,0.0559437086309758,0.053));
#14341=CARTESIAN_POINT('',(-0.00513167375748335,0.0545012628084167,0.053));
#14342=CARTESIAN_POINT('',(-0.00385716851394073,0.0555411522687806,0.053));
#14343=CARTESIAN_POINT('',(-0.00524134384035859,0.0544198686987005,0.053));
#14344=CARTESIAN_POINT('',(-0.00354888576887041,0.0549765743481821,0.053));
#14345=CARTESIAN_POINT('',(-0.0055043731797091,0.0543217693210901,0.053));
#14346=CARTESIAN_POINT('',(-0.00344189558162328,0.0543139802938299,0.053));
#14347=CARTESIAN_POINT('',(-0.00591964284754324,0.0543145049205497,0.0530000000000002));
#14348=CARTESIAN_POINT('',(-0.00346155104773665,0.0540024011203745,0.053));
#14349=CARTESIAN_POINT('',(-0.00457440690811679,0.0540024011203745,0.053));
#14350=CARTESIAN_POINT('',(-0.00568726276849694,0.0540024011203745,0.053));
#14351=CARTESIAN_POINT('',(-0.00568726276849694,0.0542880150836079,0.053));
#14352=CARTESIAN_POINT('',(-0.00568726276849694,0.0545736290468413,0.053));
#14353=CARTESIAN_POINT('',(-0.00493791558859561,0.0545736290468413,0.053));
#14354=CARTESIAN_POINT('',(-0.00418864440468472,0.0545736290468413,0.053));
#14355=CARTESIAN_POINT('',(-0.00515684588617246,0.0545772266479746,0.053));
#14356=CARTESIAN_POINT('',(-0.00424358446991987,0.0548987201582705,0.053));
#14357=CARTESIAN_POINT('',(-0.00516434543186022,0.0545713309316397,0.053));
#14358=CARTESIAN_POINT('',(-0.00440567192022478,0.0551874096100965,0.053));
#14359=CARTESIAN_POINT('',(-0.00520520133185421,0.0545465803450177,0.053));
#14360=CARTESIAN_POINT('',(-0.00465538921684068,0.0554113015886933,0.053));
#14361=CARTESIAN_POINT('',(-0.00504973911968134,0.0547878455573833,0.053));
#14362=CARTESIAN_POINT('',(-0.000932569227834029,0.0531003802946721,0.053));
#14363=CARTESIAN_POINT('',(-0.000799628910401777,0.0534187100391486,0.053));
#14364=CARTESIAN_POINT('',(-0.00106550954526628,0.0527820505501957,0.053));
#14365=CARTESIAN_POINT('',(-0.00174734797022155,0.054440688729409,0.053));
#14366=CARTESIAN_POINT('',(-0.00242918639517681,0.0560993269086223,0.053));
#14367=CARTESIAN_POINT('',(-0.00203659702025969,0.0560993269086223,0.053));
#14368=CARTESIAN_POINT('',(-0.00164400764534257,0.0560993269086223,0.053));
#14369=CARTESIAN_POINT('',(-0.0011766393418698,0.054869109674259,0.053));
#14370=CARTESIAN_POINT('',(-0.000709271038397045,0.0536388924398957,0.053));
#14371=CARTESIAN_POINT('',(-0.000754449974399413,0.0535288012395221,0.053));
#14372=CARTESIAN_POINT('',(0.000771247887381676,0.0560993269086223,0.053));
#14373=CARTESIAN_POINT('',(0.000375023425659767,0.0560993269086223,0.053));
#14374=CARTESIAN_POINT('',(0.0011674288272382,0.0560993269086223,0.053));
#14375=CARTESIAN_POINT('',(-0.386198726793037,0.200970206366881,0.053));
#14376=CARTESIAN_POINT('',(0.000530833971100323,0.0544084842431098,0.053));
#14377=CARTESIAN_POINT('',(0.28928237606205,-0.0552527058003942,0.053));
#14378=CARTESIAN_POINT('',(4.35999644383884E-5,0.0531170389695261,0.053));
#14379=CARTESIAN_POINT('',(-0.027968120844145,0.0635042458300451,0.053));
#14380=CARTESIAN_POINT('',(-0.000322976103244478,0.0521786508884734,0.053));
#14381=CARTESIAN_POINT('',(-0.00828202469179348,0.0554110818394111,0.053));
#14382=CARTESIAN_POINT('',(-0.00061475878147255,0.0515388508629581,0.053));
#14383=CARTESIAN_POINT('',(-0.00061475878147255,0.0515388508629581,0.053));
#14384=CARTESIAN_POINT('',(-0.000747699098904802,0.0512823175941631,0.053));
#14385=CARTESIAN_POINT('',(-0.000864541174772995,0.0511363948238566,0.053));
#14386=CARTESIAN_POINT('',(-0.000864541174772995,0.0511363948238566,0.053));
#14387=CARTESIAN_POINT('',(-0.00166018678928886,0.0517449006832637,0.053));
#14388=CARTESIAN_POINT('',(-0.00110481780765773,0.0509123405433485,0.053));
#14389=CARTESIAN_POINT('',(-0.00144097802557048,0.0514428176812323,0.053));
#14390=CARTESIAN_POINT('',(-0.00137448479824107,0.0508185103844272,0.053));
#14391=CARTESIAN_POINT('',(-0.00168686764621737,0.0538995786716784,0.053));
#14392=CARTESIAN_POINT('',(-0.00170840268130521,0.0508024808444437,0.053));
#14393=CARTESIAN_POINT('',(-0.00169378225708999,0.0514934837879111,0.053));
#14394=CARTESIAN_POINT('',(-0.00184443808530037,0.0508186678867276,0.053));
#14395=CARTESIAN_POINT('',(-0.00150110549565772,0.0524831761281343,0.0530000000000003));
#14396=CARTESIAN_POINT('',(-0.0019971246148668,0.0508575511694939,0.053));
#14397=CARTESIAN_POINT('',(-0.00144591291250593,0.0526890584491557,0.053));
#14398=CARTESIAN_POINT('',(-0.00213056348669282,0.0509033015832056,0.053));
#14399=CARTESIAN_POINT('',(0.00772393411255644,0.0471921330790164,0.053));
#14400=CARTESIAN_POINT('',(-0.00220789673992028,0.0509325607087735,0.053));
#14401=CARTESIAN_POINT('',(0.00652772583782938,0.048989277925371,0.053));
#14402=CARTESIAN_POINT('',(-0.00215602836799113,0.0511524922197271,0.053));
#14403=CARTESIAN_POINT('',(0.000227396711802765,0.0506701765596882,0.053));
#14404=CARTESIAN_POINT('',(-0.00211442091425293,0.0513248822077148,0.053));
#14405=CARTESIAN_POINT('',(-0.000941684190596531,0.0510152345860659,0.053));
#14406=CARTESIAN_POINT('',(-0.00207814086945727,0.051438107028654,0.053));
#14407=CARTESIAN_POINT('',(-0.0021330865026856,0.0507848737533237,0.053));
#14408=CARTESIAN_POINT('',(-0.00191923564627653,0.0514059105455259,0.053));
#14409=CARTESIAN_POINT('',(-0.00170538478986737,0.0520269473377263,0.053));
#14410=CARTESIAN_POINT('',(-0.00176036077702956,0.0513734022659071,0.053));
#14411=CARTESIAN_POINT('',(-0.00174864766448959,0.052927205283011,0.053));
#14412=CARTESIAN_POINT('',(-0.00157545636758198,0.051383544681989,0.053));
#14413=CARTESIAN_POINT('',(-0.0016100606924889,0.0516826925208577,0.053));
#14414=CARTESIAN_POINT('',(-0.00142938150386969,0.0514415560513996,0.053));
#14415=CARTESIAN_POINT('',(-0.00175357721779064,0.0518435980005381,0.053));
#14416=CARTESIAN_POINT('',(-0.00130589593079829,0.0515845212818067,0.053));
#14417=CARTESIAN_POINT('',(-0.00294302823524604,0.0525297394532543,0.053));
#14418=CARTESIAN_POINT('',(-0.00117685826851641,0.0518536293282617,0.053));
#14419=CARTESIAN_POINT('',(-0.00105304639050701,0.0521459103593577,0.053));
#14420=CARTESIAN_POINT('',(-0.000929453439144211,0.0524382751980857,0.053));
#14421=CARTESIAN_POINT('',(-0.000277215006742223,0.054268801053354,0.053));
#14422=CARTESIAN_POINT('',(0.00342953493791176,0.0531003802946721,0.053));
#14423=CARTESIAN_POINT('',(0.00356247525534401,0.0534187100391486,0.053));
#14424=CARTESIAN_POINT('',(0.0032965946204795,0.0527820505501957,0.053));
#14425=CARTESIAN_POINT('',(0.00261475619552424,0.054440688729409,0.053));
#14426=CARTESIAN_POINT('',(0.00193291777056898,0.0560993269086223,0.053));
#14427=CARTESIAN_POINT('',(0.0023255071454861,0.0560993269086223,0.053));
#14428=CARTESIAN_POINT('',(0.00271809652040321,0.0560993269086223,0.053));
#14429=CARTESIAN_POINT('',(0.00318546482387598,0.054869109674259,0.053));
#14430=CARTESIAN_POINT('',(0.00365283312734874,0.0536388924398957,0.053));
#14431=CARTESIAN_POINT('',(0.00360765419134638,0.0535288012395221,0.053));
#14432=CARTESIAN_POINT('',(0.00513335205312746,0.0560993269086223,0.053));
#14433=CARTESIAN_POINT('',(0.00473712759140555,0.0560993269086223,0.053));
#14434=CARTESIAN_POINT('',(0.00552953299298393,0.0560993269086223,0.053));
#14435=CARTESIAN_POINT('',(-0.381836622638181,0.200970206370974,0.053));
#14436=CARTESIAN_POINT('',(0.00489293813684614,0.0544084842431098,0.053));
#14437=CARTESIAN_POINT('',(0.293644480211955,-0.0552527057952346,0.053));
#14438=CARTESIAN_POINT('',(0.00440570413018414,0.0531170389695261,0.053));
#14439=CARTESIAN_POINT('',(-0.0236060166784104,0.0635042458300494,0.053));
#14440=CARTESIAN_POINT('',(0.00403912806250131,0.0521786508884734,0.053));
#14441=CARTESIAN_POINT('',(-0.00391992052604768,0.0554110818394112,0.053));
#14442=CARTESIAN_POINT('',(0.00374734538427323,0.0515388508629581,0.053));
#14443=CARTESIAN_POINT('',(0.00374734538427323,0.0515388508629581,0.053));
#14444=CARTESIAN_POINT('',(0.00361440506684098,0.0512823175941631,0.053));
#14445=CARTESIAN_POINT('',(0.0034975629909728,0.0511363948238566,0.053));
#14446=CARTESIAN_POINT('',(0.0034975629909728,0.0511363948238566,0.053));
#14447=CARTESIAN_POINT('',(0.00270191737645682,0.0517449006832638,0.053));
#14448=CARTESIAN_POINT('',(0.00325728635808805,0.0509123405433485,0.053));
#14449=CARTESIAN_POINT('',(0.00292112614017532,0.0514428176812323,0.053));
#14450=CARTESIAN_POINT('',(0.00298761936750471,0.0508185103844272,0.053));
#14451=CARTESIAN_POINT('',(0.00267523651952841,0.0538995786716785,0.053));
#14452=CARTESIAN_POINT('',(0.00265370148444057,0.0508024808444437,0.053));
#14453=CARTESIAN_POINT('',(0.0026683219086558,0.0514934837879111,0.053));
#14454=CARTESIAN_POINT('',(0.00251766608044542,0.0508186678867276,0.053));
#14455=CARTESIAN_POINT('',(0.00286099867008805,0.0524831761281343,0.0530000000000003));
#14456=CARTESIAN_POINT('',(0.00236497955087899,0.0508575511694939,0.053));
#14457=CARTESIAN_POINT('',(0.00291619125323964,0.052689058449155,0.053));
#14458=CARTESIAN_POINT('',(0.00223154067905297,0.0509033015832056,0.053));
#14459=CARTESIAN_POINT('',(0.00826578090440245,0.0486308805210911,0.053));
#14460=CARTESIAN_POINT('',(0.0021542074258255,0.0509325607087735,0.053));
#14461=CARTESIAN_POINT('',(0.0108898300035505,0.0489892779253766,0.053));
#14462=CARTESIAN_POINT('',(0.00220607579775466,0.0511524922197271,0.053));
#14463=CARTESIAN_POINT('',(0.00458950087754296,0.0506701765596896,0.053));
#14464=CARTESIAN_POINT('',(0.00224768325149287,0.0513248822077148,0.053));
#14465=CARTESIAN_POINT('',(0.00342041997512752,0.0510152345860728,0.053));
#14466=CARTESIAN_POINT('',(0.00228396329628852,0.051438107028654,0.053));
#14467=CARTESIAN_POINT('',(0.00222901766309894,0.0507848737535465,0.053));
#14468=CARTESIAN_POINT('',(0.00244286851946926,0.0514059105455259,0.053));
#14469=CARTESIAN_POINT('',(0.00265671937583966,0.0520269473375035,0.053));
#14470=CARTESIAN_POINT('',(0.00260174338871624,0.0513734022659072,0.053));
#14471=CARTESIAN_POINT('',(0.0026134565012562,0.052927205283011,0.053));
#14472=CARTESIAN_POINT('',(0.00278664779816381,0.051383544681989,0.053));
#14473=CARTESIAN_POINT('',(0.00275204347325689,0.0516826925208577,0.053));
#14474=CARTESIAN_POINT('',(0.00293272266187621,0.0514415560513995,0.053));
#14475=CARTESIAN_POINT('',(0.0026085269479278,0.0518435980005617,0.053));
#14476=CARTESIAN_POINT('',(0.0030562082349477,0.0515845212818066,0.053));
#14477=CARTESIAN_POINT('',(0.00141907593047543,0.0525297394532659,0.053));
#14478=CARTESIAN_POINT('',(0.0031852458972294,0.0518536293282617,0.053));
#14479=CARTESIAN_POINT('',(0.00330905777523878,0.0521459103593577,0.053));
#14480=CARTESIAN_POINT('',(0.00343265072660158,0.0524382751980857,0.053));
#14481=CARTESIAN_POINT('',(0.00408488915900357,0.054268801053354,0.053));
#14482=CARTESIAN_POINT('',(-0.0436389978530171,-0.0111340983060328,0.053));
#14483=CARTESIAN_POINT('',(-0.0437383047933278,-0.0111340983060328,0.053));
#14484=CARTESIAN_POINT('',(-0.0435396909127064,-0.0111340983060328,0.053));
#14485=CARTESIAN_POINT('',(-0.0435277740798691,-0.0111864735219597,0.053));
#14486=CARTESIAN_POINT('',(-0.0435158572470318,-0.0112388487378865,0.053));
#14487=CARTESIAN_POINT('',(-0.0435158572470318,-0.0117050764324711,0.053));
#14488=CARTESIAN_POINT('',(-0.0435158572470318,-0.0121713041270557,0.053));
#14489=CARTESIAN_POINT('',(-0.0436270810201798,-0.0121713041270557,0.053));
#14490=CARTESIAN_POINT('',(-0.0437383047933278,-0.0121713041270557,0.053));
#14491=CARTESIAN_POINT('',(-0.0437383047933278,-0.0116527012165443,0.053));
#14492=CARTESIAN_POINT('',(-0.0445936685725373,-0.0117408269309829,0.053));
#14493=CARTESIAN_POINT('',(-0.0447169562999156,-0.0117408269309829,0.053));
#14494=CARTESIAN_POINT('',(-0.044470380845159,-0.0117408269309829,0.053));
#14495=CARTESIAN_POINT('',(-0.0444437518730164,-0.0118154174772608,0.053));
#14496=CARTESIAN_POINT('',(-0.0444171229008738,-0.0118900080235386,0.053));
#14497=CARTESIAN_POINT('',(-0.044592785844179,-0.0118900080235386,0.053));
#14498=CARTESIAN_POINT('',(-0.0447684487874841,-0.0118900080235386,0.053));
#14499=CARTESIAN_POINT('',(-0.0447427025436999,-0.0118154174772608,0.053));
#14500=CARTESIAN_POINT('',(-0.044247933298863,-0.0114945457190124,0.053));
#14501=CARTESIAN_POINT('',(-0.0444833275277476,-0.0108177873109691,0.053));
#14502=CARTESIAN_POINT('',(-0.0440125390699784,-0.0121713041270557,0.053));
#14503=CARTESIAN_POINT('',(-0.0441265581495943,-0.0121713041270557,0.053));
#14504=CARTESIAN_POINT('',(-0.0442405772292103,-0.0121713041270557,0.053));
#14505=CARTESIAN_POINT('',(-0.0444162401725155,-0.0116637353210232,0.053));
#14506=CARTESIAN_POINT('',(-0.0445919031158206,-0.0111561665149908,0.053));
#14507=CARTESIAN_POINT('',(-0.0447693315158425,-0.0116637353210232,0.053));
#14508=CARTESIAN_POINT('',(-0.0449467599158642,-0.0121713041270557,0.053));
#14509=CARTESIAN_POINT('',(-0.0450616617238385,-0.0121713041270557,0.053));
#14510=CARTESIAN_POINT('',(-0.0451765635318128,-0.0121713041270557,0.053));
#14511=CARTESIAN_POINT('',(-0.0449394038462115,-0.0114945457190124,0.053));
#14512=CARTESIAN_POINT('',(-0.0447022441606103,-0.0108177873109691,0.053));
#14513=CARTESIAN_POINT('',(-0.044592785844179,-0.0108177873109691,0.053));
#14514=CARTESIAN_POINT('',(-0.0457410683169568,-0.0115404475936449,0.053));
#14515=CARTESIAN_POINT('',(-0.0460333985249528,-0.0115404475936449,0.053));
#14516=CARTESIAN_POINT('',(-0.0454487381089607,-0.0115404475936449,0.053));
#14517=CARTESIAN_POINT('',(-0.0454487381089607,-0.0116332811926613,0.053));
#14518=CARTESIAN_POINT('',(-0.0454487381089607,-0.0117261147916777,0.053));
#14519=CARTESIAN_POINT('',(-0.0457410683169568,-0.0117261147916777,0.053));
#14520=CARTESIAN_POINT('',(-0.0460333985249528,-0.0117261147916777,0.053));
#14521=CARTESIAN_POINT('',(-0.0460333985249528,-0.0116332811926613,0.053));
#14522=CARTESIAN_POINT('',(-0.00164534355699623,0.0592745386292991,0.053));
#14523=CARTESIAN_POINT('',(-0.00164534355699623,0.0592745386292991,0.05));
#14524=CARTESIAN_POINT('',(-0.0539478003768348,0.0592745386292991,0.05));
#14525=CARTESIAN_POINT('',(0.0506571132628424,0.0592745386292991,0.05));
#14526=CARTESIAN_POINT('',(-0.0539478003768348,0.0592745386292991,0.053));
#14527=CARTESIAN_POINT('',(0.0506571132628424,0.0592745386292991,0.053));
#14528=CARTESIAN_POINT('',(-0.0539478003768348,0.0223142072815512,0.053));
#14529=CARTESIAN_POINT('',(-0.0539478003768348,0.0223142072815512,0.05));
#14530=CARTESIAN_POINT('',(-0.0539478003768348,-0.0146461240661966,0.05));
#14531=CARTESIAN_POINT('',(-0.0539478003768348,-0.0146461240661966,0.053));
#14532=CARTESIAN_POINT('',(-0.0514478003768348,-0.0146461240661966,0.053));
#14533=CARTESIAN_POINT('',(-0.0514478003768348,-0.0146461240661966,0.05));
#14534=CARTESIAN_POINT('',(0.0506571132628424,-0.0146461240661966,0.05));
#14535=CARTESIAN_POINT('',(0.0506571132628424,-0.0146461240661966,0.053));
#14536=CARTESIAN_POINT('',(0.0506571132628424,0.0223142072815512,0.053));
#14537=CARTESIAN_POINT('',(0.0506571132628424,0.0223142072815512,0.05));
#14538=CARTESIAN_POINT('',(-0.00164534355699623,0.0223142072815512,0.05));
#14539=CARTESIAN_POINT('',(-0.0509220656307544,0.0569336976553794,0.05));
#14540=CARTESIAN_POINT('',(-0.0494220656307544,0.0569336976553794,0.05));
#14541=CARTESIAN_POINT('',(0.0486322651035939,0.0564345001839093,0.05));
#14542=CARTESIAN_POINT('',(0.0501322651035939,0.0564345001839093,0.05));
#14543=CARTESIAN_POINT('',(0.0486322651035939,-0.0111051429166367,0.05));
#14544=CARTESIAN_POINT('',(0.0501322651035939,-0.0111051429166367,0.05));
#14545=CARTESIAN_POINT('',(-0.051220772248647,-0.0121464062988742,0.05));
#14546=CARTESIAN_POINT('',(-0.049720772248647,-0.0121464062988742,0.05));
#14547=CARTESIAN_POINT('',(-0.051220772248647,-0.0121464062988742,0.048));
#14548=CARTESIAN_POINT('',(0.0486322651035939,-0.0111051429166367,0.048));
#14549=CARTESIAN_POINT('',(0.0486322651035939,0.0564345001839093,0.048));
#14550=CARTESIAN_POINT('',(-0.0509220656307544,0.0569336976553794,0.048));
#14551=CARTESIAN_POINT('',(-0.0180210630414992,0.0538525752072795,0.0524999999999999));
#14552=CARTESIAN_POINT('',(-0.0178510674912556,0.0549569783083133,0.0525));
#14553=CARTESIAN_POINT('',(-0.0178510674912556,0.0549569783083133,0.0525));
#14554=CARTESIAN_POINT('',(-0.0180210630414992,0.0538525752072795,0.0525));
#14555=CARTESIAN_POINT('',(-0.0175350906967802,0.0548591597543905,0.0525000000000003));
#14556=CARTESIAN_POINT('',(-0.0175350492615315,0.0548592430100746,0.0525));
#14557=CARTESIAN_POINT('',(-0.0180358675863367,0.0556966970032513,0.0524999999999999));
#14558=CARTESIAN_POINT('',(-0.0176098281900871,0.0550638464673727,0.0525));
#14559=CARTESIAN_POINT('',(-0.0176099276894194,0.0550639891537442,0.0525));
#14560=CARTESIAN_POINT('',(-0.0180358675863367,0.0556966970032513,0.0525));
#14561=CARTESIAN_POINT('',(-0.0181058165304416,0.0558301708358844,0.0524999999999999));
#14562=CARTESIAN_POINT('',(-0.0173860107025351,0.0552684499246708,0.0525));
#14563=CARTESIAN_POINT('',(-0.0173859581824204,0.0552684098323233,0.0525));
#14564=CARTESIAN_POINT('',(-0.0181058165304416,0.0558301708358844,0.0525));
#14565=CARTESIAN_POINT('',(-0.018277347350894,0.0559576120394692,0.0524999999999999));
#14566=CARTESIAN_POINT('',(-0.0172234703925497,0.0555576989747089,0.0525));
#14567=CARTESIAN_POINT('',(-0.0172234309180109,0.0555576843686071,0.0525));
#14568=CARTESIAN_POINT('',(-0.018277347350894,0.0559576120394692,0.0525));
#14569=CARTESIAN_POINT('',(-0.0181553366722384,0.0559097561488673,0.0524999999999999));
#14570=CARTESIAN_POINT('',(-0.0171585581281784,0.0559238041457626,0.0525));
#14571=CARTESIAN_POINT('',(-0.0171585581281784,0.0559238041457626,0.0525));
#14572=CARTESIAN_POINT('',(-0.0181553366722384,0.0559097561488673,0.0525));
#14573=CARTESIAN_POINT('',(-0.0172883826569208,0.0565184004874029,0.0525));
#14574=CARTESIAN_POINT('',(-0.0172883826569208,0.0565184004874029,0.053));
#14575=CARTESIAN_POINT('',(-0.0172018329710926,0.0563518788918693,0.0525));
#14576=CARTESIAN_POINT('',(-0.0172018329710926,0.0563518788918693,0.053));
#14577=CARTESIAN_POINT('',(-0.0171585581281784,0.0561536801113225,0.0525));
#14578=CARTESIAN_POINT('',(-0.0171585581281784,0.0561536801113225,0.053));
#14579=CARTESIAN_POINT('',(-0.0171585581281784,0.0559238041457626,0.0525));
#14580=CARTESIAN_POINT('',(-0.0171585581281784,0.0559238041457626,0.053));
#14581=CARTESIAN_POINT('',(-0.0172883826569208,0.0565184004874029,0.0525));
#14582=CARTESIAN_POINT('',(-0.0172883826569208,0.0565184004874029,0.0525));
#14583=CARTESIAN_POINT('',(-0.0172883826569208,0.0565184004874029,0.0525));
#14584=CARTESIAN_POINT('',(-0.0171585581281784,0.0562686180941025,0.0525));
#14585=CARTESIAN_POINT('',(-0.0171585581281784,0.0559238041457626,0.0525));
#14586=CARTESIAN_POINT('',(-0.0182861072882858,0.0560116619775015,0.0525));
#14587=CARTESIAN_POINT('',(-0.0176389088845254,0.0569239723151943,0.0525));
#14588=CARTESIAN_POINT('',(-0.0176388063649282,0.0569241185459351,0.0525));
#14589=CARTESIAN_POINT('',(-0.0182861072882858,0.0560116619775015,0.0525));
#14590=CARTESIAN_POINT('',(-0.0184913196917832,0.0556953303042329,0.0524999999999999));
#14591=CARTESIAN_POINT('',(-0.0181452245466209,0.0571509055914361,0.0525));
#14592=CARTESIAN_POINT('',(-0.0181452593919812,0.0571507532995863,0.0525));
#14593=CARTESIAN_POINT('',(-0.0184913196917832,0.0556953303042329,0.0525));
#14594=CARTESIAN_POINT('',(-0.0187287106829145,0.0547862756012613,0.0524999999999998));
#14595=CARTESIAN_POINT('',(-0.0187361858014564,0.0572220494331869,0.0525));
#14596=CARTESIAN_POINT('',(-0.0187361856094249,0.0572219868595544,0.05250000025));
#14597=CARTESIAN_POINT('',(-0.0187287106829145,0.0547862756012613,0.0525));
#14598=CARTESIAN_POINT('',(-0.0189018419001318,0.0572220494331869,0.0525));
#14599=CARTESIAN_POINT('',(-0.0190674979988072,0.0572220494331869,0.0525));
#14600=CARTESIAN_POINT('',(-0.0190674979988072,0.0572220494331869,0.0525));
#14601=CARTESIAN_POINT('',(-0.0189018419001318,0.0572220494331869,0.0525));
#14602=CARTESIAN_POINT('',(-0.0190674979988072,0.0569270881038841,0.0525));
#14603=CARTESIAN_POINT('',(-0.0190674979988072,0.0566321267745813,0.0525));
#14604=CARTESIAN_POINT('',(-0.0190674979988072,0.0566321267745813,0.0525));
#14605=CARTESIAN_POINT('',(-0.0190674979988072,0.0569270881038841,0.0525));
#14606=CARTESIAN_POINT('',(-0.0189407892587545,0.0566321267745813,0.0525));
#14607=CARTESIAN_POINT('',(-0.0188140805187019,0.0566321267745813,0.0525));
#14608=CARTESIAN_POINT('',(-0.0188140805187019,0.0566321267745813,0.0525));
#14609=CARTESIAN_POINT('',(-0.0189407892587545,0.0566321267745813,0.0525));
#14610=CARTESIAN_POINT('',(-0.0183332104642399,0.0565672145102101,0.0525));
#14611=CARTESIAN_POINT('',(-0.0183332104642399,0.0565672145102101,0.053));
#14612=CARTESIAN_POINT('',(-0.0184543800243995,0.0566104893531242,0.0525));
#14613=CARTESIAN_POINT('',(-0.0184543800243995,0.0566104893531242,0.053));
#14614=CARTESIAN_POINT('',(-0.0186146700425535,0.0566321267745813,0.0525));
#14615=CARTESIAN_POINT('',(-0.0186146700425535,0.0566321267745813,0.053));
#14616=CARTESIAN_POINT('',(-0.0188140805187019,0.0566321267745813,0.0525));
#14617=CARTESIAN_POINT('',(-0.0188140805187019,0.0566321267745813,0.053));
#14618=CARTESIAN_POINT('',(-0.0183332104642399,0.0565672145102101,0.0525));
#14619=CARTESIAN_POINT('',(-0.0183332104642399,0.0565672145102101,0.0525));
#14620=CARTESIAN_POINT('',(-0.0183332104642399,0.0565672145102101,0.0525));
#14621=CARTESIAN_POINT('',(-0.0185149648044793,0.0566321267745813,0.0525));
#14622=CARTESIAN_POINT('',(-0.0188140805187019,0.0566321267745813,0.0525));
#14623=CARTESIAN_POINT('',(-0.0180543473765012,0.0563984426228449,0.0525));
#14624=CARTESIAN_POINT('',(-0.0180543473765012,0.0563984426228449,0.053));
#14625=CARTESIAN_POINT('',(-0.0181190865415008,0.0564676823715076,0.0525));
#14626=CARTESIAN_POINT('',(-0.0181190865415008,0.0564676823715076,0.053));
#14627=CARTESIAN_POINT('',(-0.0182120409040803,0.056523939667296,0.0525));
#14628=CARTESIAN_POINT('',(-0.0182120409040803,0.056523939667296,0.053));
#14629=CARTESIAN_POINT('',(-0.0183332104642399,0.0565672145102101,0.0525));
#14630=CARTESIAN_POINT('',(-0.0183332104642399,0.0565672145102101,0.053));
#14631=CARTESIAN_POINT('',(-0.0180543473765012,0.0563984426228449,0.0525));
#14632=CARTESIAN_POINT('',(-0.0180543473765012,0.0563984426228449,0.0525));
#14633=CARTESIAN_POINT('',(-0.0180543473765012,0.0563984426228449,0.0525));
#14634=CARTESIAN_POINT('',(-0.0181514561240005,0.0565023022458389,0.0525));
#14635=CARTESIAN_POINT('',(-0.0183332104642399,0.0565672145102101,0.0525));
#14636=CARTESIAN_POINT('',(-0.0184344642688694,0.0560314420543164,0.0525));
#14637=CARTESIAN_POINT('',(-0.0179245228477588,0.0561678742597983,0.0525));
#14638=CARTESIAN_POINT('',(-0.0179244931981111,0.0561678822674257,0.0525));
#14639=CARTESIAN_POINT('',(-0.0184344642688694,0.0560314420543164,0.0525));
#14640=CARTESIAN_POINT('',(-0.0188681328256524,0.0559159981876372,0.0524999999999998));
#14641=CARTESIAN_POINT('',(-0.0178918070665157,0.0559238041457626,0.0525));
#14642=CARTESIAN_POINT('',(-0.0178918070665157,0.0559238041457626,0.0525));
#14643=CARTESIAN_POINT('',(-0.0188681328256524,0.0559159981876372,0.0525));
#14644=CARTESIAN_POINT('',(-0.0179733368705659,0.0554761691706587,0.0525));
#14645=CARTESIAN_POINT('',(-0.0179733368705659,0.0554761691706587,0.053));
#14646=CARTESIAN_POINT('',(-0.0179189836678658,0.0555800287936526,0.0525));
#14647=CARTESIAN_POINT('',(-0.0179189836678658,0.0555800287936526,0.053));
#14648=CARTESIAN_POINT('',(-0.0178918070665157,0.0557292404520206,0.0525));
#14649=CARTESIAN_POINT('',(-0.0178918070665157,0.0557292404520206,0.053));
#14650=CARTESIAN_POINT('',(-0.0178918070665157,0.0559238041457626,0.0525));
#14651=CARTESIAN_POINT('',(-0.0178918070665157,0.0559238041457626,0.053));
#14652=CARTESIAN_POINT('',(-0.0179733368705659,0.0554761691706587,0.0525));
#14653=CARTESIAN_POINT('',(-0.0179733368705659,0.0554761691706587,0.0525));
#14654=CARTESIAN_POINT('',(-0.0179733368705659,0.0554761691706587,0.0525));
#14655=CARTESIAN_POINT('',(-0.0178918070665157,0.0556319586051496,0.0525));
#14656=CARTESIAN_POINT('',(-0.0178918070665157,0.0559238041457626,0.0525));
#14657=CARTESIAN_POINT('',(-0.018417240536155,0.0556859315862867,0.0525));
#14658=CARTESIAN_POINT('',(-0.0181846912033586,0.0552554674717965,0.0525));
#14659=CARTESIAN_POINT('',(-0.0181844990385963,0.055255123037106,0.0525));
#14660=CARTESIAN_POINT('',(-0.018417240536155,0.0556859315862867,0.0525));
#14661=CARTESIAN_POINT('',(-0.0184879407142215,0.0558634241237902,0.0524999999999999));
#14662=CARTESIAN_POINT('',(-0.0184635542910974,0.0551843236300457,0.0525));
#14663=CARTESIAN_POINT('',(-0.0184635560002543,0.0551843745007645,0.0525));
#14664=CARTESIAN_POINT('',(-0.0184879407142215,0.0558634241237902,0.0525));
#14665=CARTESIAN_POINT('',(-0.0187593888123475,0.0621791392987544,0.0525));
#14666=CARTESIAN_POINT('',(-0.0187559191298253,0.055178092052666,0.0525));
#14667=CARTESIAN_POINT('',(-0.018755919127248,0.055178086852235,0.05250000025));
#14668=CARTESIAN_POINT('',(-0.0187593888123475,0.0621791392987544,0.0525));
#14669=CARTESIAN_POINT('',(-0.0189117085643162,0.055178092052666,0.0525));
#14670=CARTESIAN_POINT('',(-0.0190674979988072,0.055178092052666,0.0525));
#14671=CARTESIAN_POINT('',(-0.0190674979988072,0.055178092052666,0.0525));
#14672=CARTESIAN_POINT('',(-0.0189117085643162,0.055178092052666,0.0525));
#14673=CARTESIAN_POINT('',(-0.0190674979988072,0.0549148079083764,0.0525));
#14674=CARTESIAN_POINT('',(-0.0190674979988072,0.0546515237640867,0.0525));
#14675=CARTESIAN_POINT('',(-0.0190674979988072,0.0546515237640867,0.0525));
#14676=CARTESIAN_POINT('',(-0.0190674979988072,0.0549148079083764,0.0525));
#14677=CARTESIAN_POINT('',(-0.0187429366769511,0.0546515237640867,0.0525));
#14678=CARTESIAN_POINT('',(-0.018418375355095,0.0546515237640867,0.0525));
#14679=CARTESIAN_POINT('',(-0.018418375355095,0.0546515237640867,0.0525));
#14680=CARTESIAN_POINT('',(-0.0187429366769511,0.0546515237640867,0.0525));
#14681=CARTESIAN_POINT('',(-0.0178274141002594,0.0544116080349707,0.0525));
#14682=CARTESIAN_POINT('',(-0.0178274141002594,0.0544116080349707,0.053));
#14683=CARTESIAN_POINT('',(-0.0179617392126649,0.0545715518543814,0.0525));
#14684=CARTESIAN_POINT('',(-0.0179617392126649,0.0545715518543814,0.053));
#14685=CARTESIAN_POINT('',(-0.0181587262976101,0.0546515237640867,0.0525));
#14686=CARTESIAN_POINT('',(-0.0181587262976101,0.0546515237640867,0.053));
#14687=CARTESIAN_POINT('',(-0.018418375355095,0.0546515237640867,0.0525));
#14688=CARTESIAN_POINT('',(-0.018418375355095,0.0546515237640867,0.053));
#14689=CARTESIAN_POINT('',(-0.0178274141002594,0.0544116080349707,0.0525));
#14690=CARTESIAN_POINT('',(-0.0178274141002594,0.0544116080349707,0.0525));
#14691=CARTESIAN_POINT('',(-0.0178274141002594,0.0544116080349707,0.0525));
#14692=CARTESIAN_POINT('',(-0.0180289017688677,0.0546515237640867,0.0525));
#14693=CARTESIAN_POINT('',(-0.018418375355095,0.0546515237640867,0.0525));
#14694=CARTESIAN_POINT('',(-0.0176259264316512,0.0538206467801351,0.0525));
#14695=CARTESIAN_POINT('',(-0.0176259264316512,0.0538206467801351,0.053));
#14696=CARTESIAN_POINT('',(-0.0176259264316512,0.0540546771306148,0.0525));
#14697=CARTESIAN_POINT('',(-0.0176259264316512,0.0540546771306148,0.053));
#14698=CARTESIAN_POINT('',(-0.017693088987854,0.05425166421556,0.0525));
#14699=CARTESIAN_POINT('',(-0.017693088987854,0.05425166421556,0.053));
#14700=CARTESIAN_POINT('',(-0.0178274141002594,0.0544116080349707,0.0525));
#14701=CARTESIAN_POINT('',(-0.0178274141002594,0.0544116080349707,0.053));
#14702=CARTESIAN_POINT('',(-0.0176259264316512,0.0538206467801351,0.0525));
#14703=CARTESIAN_POINT('',(-0.0176259264316512,0.0538206467801351,0.0525));
#14704=CARTESIAN_POINT('',(-0.0176259264316512,0.0538206467801351,0.0525));
#14705=CARTESIAN_POINT('',(-0.0176259264316512,0.0541716923058547,0.0525));
#14706=CARTESIAN_POINT('',(-0.0178274141002594,0.0544116080349707,0.0525));
#14707=CARTESIAN_POINT('',(-0.0178206632247649,0.0532302048234145,0.0525));
#14708=CARTESIAN_POINT('',(-0.0178206632247649,0.0532302048234145,0.053));
#14709=CARTESIAN_POINT('',(-0.0176908386960224,0.0533773392893226,0.0525));
#14710=CARTESIAN_POINT('',(-0.0176908386960224,0.0533773392893226,0.053));
#14711=CARTESIAN_POINT('',(-0.0176259264316512,0.0535741532748962,0.0525));
#14712=CARTESIAN_POINT('',(-0.0176259264316512,0.0535741532748962,0.053));
#14713=CARTESIAN_POINT('',(-0.0176259264316512,0.0538206467801351,0.0525));
#14714=CARTESIAN_POINT('',(-0.0176259264316512,0.0538206467801351,0.053));
#14715=CARTESIAN_POINT('',(-0.0178206632247649,0.0532302048234145,0.0525));
#14716=CARTESIAN_POINT('',(-0.0178206632247649,0.0532302048234145,0.0525));
#14717=CARTESIAN_POINT('',(-0.0178206632247649,0.0532302048234145,0.0525));
#14718=CARTESIAN_POINT('',(-0.0176259264316512,0.0534509065222767,0.0525));
#14719=CARTESIAN_POINT('',(-0.0176259264316512,0.0538206467801351,0.0525));
#14720=CARTESIAN_POINT('',(-0.0183591753699885,0.0530095031245524,0.0525));
#14721=CARTESIAN_POINT('',(-0.0183591753699885,0.0530095031245524,0.053));
#14722=CARTESIAN_POINT('',(-0.0181299918019152,0.0530095031245524,0.0525));
#14723=CARTESIAN_POINT('',(-0.0181299918019152,0.0530095031245524,0.053));
#14724=CARTESIAN_POINT('',(-0.0179504877535073,0.0530830703575064,0.0525));
#14725=CARTESIAN_POINT('',(-0.0179504877535073,0.0530830703575064,0.053));
#14726=CARTESIAN_POINT('',(-0.0178206632247649,0.0532302048234145,0.0525));
#14727=CARTESIAN_POINT('',(-0.0178206632247649,0.0532302048234145,0.053));
#14728=CARTESIAN_POINT('',(-0.0183591753699885,0.0530095031245524,0.0525));
#14729=CARTESIAN_POINT('',(-0.0183591753699885,0.0530095031245524,0.0525));
#14730=CARTESIAN_POINT('',(-0.0183591753699885,0.0530095031245524,0.0525));
#14731=CARTESIAN_POINT('',(-0.0180154000178785,0.0530095031245524,0.0525));
#14732=CARTESIAN_POINT('',(-0.0178206632247649,0.0532302048234145,0.0525));
#14733=CARTESIAN_POINT('',(-0.0187133366843978,0.0530095031245524,0.0525));
#14734=CARTESIAN_POINT('',(-0.0190674979988072,0.0530095031245524,0.0525));
#14735=CARTESIAN_POINT('',(-0.0190674979988072,0.0530095031245524,0.0525));
#14736=CARTESIAN_POINT('',(-0.0187133366843978,0.0530095031245524,0.0525));
#14737=CARTESIAN_POINT('',(-0.0190674979988072,0.0527238891613191,0.0525));
#14738=CARTESIAN_POINT('',(-0.0190674979988072,0.0524382751980857,0.0525));
#14739=CARTESIAN_POINT('',(-0.0190674979988072,0.0524382751980857,0.0525));
#14740=CARTESIAN_POINT('',(-0.0190674979988072,0.0527238891613191,0.0525));
#14741=CARTESIAN_POINT('',(-0.0186910068654541,0.0524382751980857,0.0525));
#14742=CARTESIAN_POINT('',(-0.018314515732101,0.0524382751980857,0.0525));
#14743=CARTESIAN_POINT('',(-0.0183145113661469,0.0524381513731864,0.0525));
#14744=CARTESIAN_POINT('',(-0.0186910068654541,0.0524382751980857,0.0525));
#14745=CARTESIAN_POINT('',(-0.0184173348907568,0.0553543781883949,0.0525));
#14746=CARTESIAN_POINT('',(-0.0181519754221155,0.0524481418622701,0.0525));
#14747=CARTESIAN_POINT('',(-0.0181519645839931,0.0524480425587139,0.0525));
#14748=CARTESIAN_POINT('',(-0.0184173348907568,0.0553543781883949,0.0525));
#14749=CARTESIAN_POINT('',(-0.0183005852555395,0.0539443872572487,0.0524999999999997));
#14750=CARTESIAN_POINT('',(-0.017869477247572,0.0525031874624569,0.0525));
#14751=CARTESIAN_POINT('',(-0.0178694922168014,0.0525032338331116,0.0525));
#14752=CARTESIAN_POINT('',(-0.0183005852555395,0.0539443872572487,0.0525));
#14753=CARTESIAN_POINT('',(-0.0183853243998774,0.0542618447974373,0.0524999999999997));
#14754=CARTESIAN_POINT('',(-0.0175381650502213,0.0526361277798892,0.0525));
#14755=CARTESIAN_POINT('',(-0.0175381592656995,0.0526361165907118,0.0525));
#14756=CARTESIAN_POINT('',(-0.0183853243998774,0.0542618447974373,0.0525));
#14757=CARTESIAN_POINT('',(-0.018085852953765,0.053687736386091,0.0524999999999999));
#14758=CARTESIAN_POINT('',(-0.0172203546038598,0.0528765628071202,0.0525));
#14759=CARTESIAN_POINT('',(-0.0172202138462648,0.0528764354202819,0.0525));
#14760=CARTESIAN_POINT('',(-0.018085852953765,0.053687736386091,0.0525));
#14761=CARTESIAN_POINT('',(-0.0181423829501837,0.0537234401662182,0.0524999999999999));
#14762=CARTESIAN_POINT('',(-0.016976803787939,0.0532629206046576,0.0525));
#14763=CARTESIAN_POINT('',(-0.016976803787939,0.0532629206046576,0.0525));
#14764=CARTESIAN_POINT('',(-0.0181423829501837,0.0537234401662182,0.0525));
#14765=CARTESIAN_POINT('',(-0.0168791757423247,0.0538206467801351,0.0525));
#14766=CARTESIAN_POINT('',(-0.0168791757423247,0.0538206467801351,0.053));
#14767=CARTESIAN_POINT('',(-0.0168791757423247,0.0536046187643077,0.0525));
#14768=CARTESIAN_POINT('',(-0.0168791757423247,0.0536046187643077,0.053));
#14769=CARTESIAN_POINT('',(-0.0169117184241961,0.0534187100391485,0.0525));
#14770=CARTESIAN_POINT('',(-0.0169117184241961,0.0534187100391485,0.053));
#14771=CARTESIAN_POINT('',(-0.016976803787939,0.0532629206046576,0.0525));
#14772=CARTESIAN_POINT('',(-0.016976803787939,0.0532629206046576,0.053));
#14773=CARTESIAN_POINT('',(-0.0168791757423247,0.0538206467801351,0.0525));
#14774=CARTESIAN_POINT('',(-0.0168791757423247,0.0538206467801351,0.0525));
#14775=CARTESIAN_POINT('',(-0.0168791757423247,0.0538206467801351,0.0525));
#14776=CARTESIAN_POINT('',(-0.0168791757423247,0.053496604756394,0.0525));
#14777=CARTESIAN_POINT('',(-0.016976803787939,0.0532629206046576,0.0525));
#14778=CARTESIAN_POINT('',(-0.017961546777911,0.0538455303565639,0.0524999999999999));
#14779=CARTESIAN_POINT('',(-0.016976803787939,0.0542916501704127,0.0525));
#14780=CARTESIAN_POINT('',(-0.0169766167358088,0.0542917331204607,0.0525));
#14781=CARTESIAN_POINT('',(-0.017961546777911,0.0538455303565639,0.0525));
#14782=CARTESIAN_POINT('',(-0.0180757189788975,0.0537813707804055,0.0524999999999999));
#14783=CARTESIAN_POINT('',(-0.0172203546038598,0.0546385413112125,0.0525));
#14784=CARTESIAN_POINT('',(-0.0172203435470091,0.0546385525872718,0.0525));
#14785=CARTESIAN_POINT('',(-0.0180757189788975,0.0537813707804055,0.0525));
#14786=CARTESIAN_POINT('',(-0.018014310725552,0.0538439043388784,0.0524999999999999));
#14787=CARTESIAN_POINT('',(-0.018014310725552,0.0538439043388784,0.0525));
#14788=CARTESIAN_POINT('',(-0.00164534355699623,0.0223142072815512,0.0525));
#14789=CARTESIAN_POINT('',(-0.0431290252239287,-0.0114096723856399,0.0524999999999999));
#14790=CARTESIAN_POINT('',(-0.0429659174798002,-0.0112479702642558,0.0525));
#14791=CARTESIAN_POINT('',(-0.0429659669759313,-0.0112480187425972,0.0525));
#14792=CARTESIAN_POINT('',(-0.0431290252239287,-0.0114096723856399,0.0525));
#14793=CARTESIAN_POINT('',(-0.0429172243683925,-0.0113207970320931,0.0525));
#14794=CARTESIAN_POINT('',(-0.0429172202986996,-0.011320795353817,0.0525));
#14795=CARTESIAN_POINT('',(-0.0433974702821194,-0.0116707950453359,0.0524999999999998));
#14796=CARTESIAN_POINT('',(-0.0430800836808092,-0.0111570492433491,0.0525));
#14797=CARTESIAN_POINT('',(-0.0430799910984081,-0.0111568897001801,0.0525));
#14798=CARTESIAN_POINT('',(-0.0433974702821194,-0.0116707950453359,0.0525));
#14799=CARTESIAN_POINT('',(-0.0432100851399576,-0.0113921612610272,0.0525));
#14800=CARTESIAN_POINT('',(-0.0432198490042094,-0.0111229170801608,0.0525));
#14801=CARTESIAN_POINT('',(-0.0432198394807657,-0.0111230765259076,0.0525));
#14802=CARTESIAN_POINT('',(-0.0432100851399576,-0.0113921612610272,0.0525));
#14803=CARTESIAN_POINT('',(-0.0432166598655698,-0.0114957169254559,0.0524999999999999));
#14804=CARTESIAN_POINT('',(-0.0433328382340741,-0.0111413072542924,0.0525));
#14805=CARTESIAN_POINT('',(-0.0433328259109191,-0.0111413447799047,0.0525));
#14806=CARTESIAN_POINT('',(-0.0432166598655698,-0.0114957169254559,0.0525));
#14807=CARTESIAN_POINT('',(-0.0431315244918967,-0.0117850339769849,0.0525));
#14808=CARTESIAN_POINT('',(-0.0434405310937887,-0.0111855517733327,0.0525));
#14809=CARTESIAN_POINT('',(-0.0434405310937887,-0.0111855517733327,0.0525));
#14810=CARTESIAN_POINT('',(-0.0431315244918967,-0.0117850339769849,0.0525));
#14811=CARTESIAN_POINT('',(-0.0434405310937887,-0.0112563561836598,0.0525));
#14812=CARTESIAN_POINT('',(-0.0434405310937887,-0.0113271215737182,0.0525));
#14813=CARTESIAN_POINT('',(-0.0434405310937887,-0.0113271215737182,0.0525));
#14814=CARTESIAN_POINT('',(-0.0434405310937887,-0.0112563561836598,0.0525));
#14815=CARTESIAN_POINT('',(-0.0432838168852188,-0.0116747114890331,0.0525));
#14816=CARTESIAN_POINT('',(-0.0433568190211416,-0.0113004926015757,0.0525));
#14817=CARTESIAN_POINT('',(-0.0433568063804144,-0.0113005506548143,0.0525));
#14818=CARTESIAN_POINT('',(-0.0432837729296497,-0.0116750103415435,0.0525));
#14819=CARTESIAN_POINT('',(-0.0432736514414785,-0.0116839205855628,0.0525));
#14820=CARTESIAN_POINT('',(-0.0432878190877998,-0.0112921066821716,0.0525));
#14821=CARTESIAN_POINT('',(-0.0432878049218484,-0.0112922838956744,0.0525));
#14822=CARTESIAN_POINT('',(-0.0432736514414785,-0.0116839205855628,0.0525));
#14823=CARTESIAN_POINT('',(-0.0432772103287096,-0.0114607479302369,0.0525));
#14824=CARTESIAN_POINT('',(-0.0431904247255988,-0.0113169701975976,0.0525));
#14825=CARTESIAN_POINT('',(-0.0431903000234483,-0.0113167364944625,0.0525));
#14826=CARTESIAN_POINT('',(-0.0432772103287096,-0.0114607479302369,0.0525));
#14827=CARTESIAN_POINT('',(-0.0432897177592135,-0.0114522917515595,0.0525));
#14828=CARTESIAN_POINT('',(-0.043135254203204,-0.0113859701309394,0.0525));
#14829=CARTESIAN_POINT('',(-0.0431352627472077,-0.0113859731249845,0.0525));
#14830=CARTESIAN_POINT('',(-0.0432897177592135,-0.0114522917515595,0.0525));
#14831=CARTESIAN_POINT('',(-0.0434261629268468,-0.0115130659083841,0.0524999999999999));
#14832=CARTESIAN_POINT('',(-0.0431095079594198,-0.0114871896493598,0.0525));
#14833=CARTESIAN_POINT('',(-0.0431095601167706,-0.0114871933391734,0.0525));
#14834=CARTESIAN_POINT('',(-0.0434261629268468,-0.0115130659083841,0.0525));
#14835=CARTESIAN_POINT('',(-0.0443312106167524,-0.0116037981688616,0.0525));
#14836=CARTESIAN_POINT('',(-0.0431039173464837,-0.0116066522205187,0.0525));
#14837=CARTESIAN_POINT('',(-0.0431039276307793,-0.0116066521966027,0.05250000025));
#14838=CARTESIAN_POINT('',(-0.0443312106167524,-0.0116037981688616,0.0525));
#14839=CARTESIAN_POINT('',(-0.0431039173464837,-0.0118889781737872,0.0525));
#14840=CARTESIAN_POINT('',(-0.0431039173464837,-0.0121713041270557,0.0525));
#14841=CARTESIAN_POINT('',(-0.0431039173464837,-0.0121713041270557,0.0525));
#14842=CARTESIAN_POINT('',(-0.0431039173464837,-0.0118889781737872,0.0525));
#14843=CARTESIAN_POINT('',(-0.0429918108449775,-0.0121713041270557,0.0525));
#14844=CARTESIAN_POINT('',(-0.0428797043434712,-0.0121713041270557,0.0525));
#14845=CARTESIAN_POINT('',(-0.0428797043434712,-0.0121713041270557,0.0525));
#14846=CARTESIAN_POINT('',(-0.0429918108449775,-0.0121713041270557,0.0525));
#14847=CARTESIAN_POINT('',(-0.0428797043434712,-0.0121529139529241,0.0525));
#14848=CARTESIAN_POINT('',(-0.0428797043434712,-0.0115884091677802,0.0525));
#14849=CARTESIAN_POINT('',(-0.0428797043434712,-0.0115884091677802,0.0525));
#14850=CARTESIAN_POINT('',(-0.0428797043434712,-0.0121529139529241,0.0525));
#14851=CARTESIAN_POINT('',(-0.0452348518867471,-0.011589568268389,0.0525));
#14852=CARTESIAN_POINT('',(-0.0428814698001878,-0.0114982237538387,0.0525));
#14853=CARTESIAN_POINT('',(-0.0428814698001878,-0.0114982237538387,0.0525));
#14854=CARTESIAN_POINT('',(-0.0452346201305212,-0.0115893986740293,0.052499999999995));
#14855=CARTESIAN_POINT('',(-0.043522789885723,-0.0115225651236284,0.0525));
#14856=CARTESIAN_POINT('',(-0.0428914740549153,-0.011407155611539,0.0525));
#14857=CARTESIAN_POINT('',(-0.0428914740549153,-0.011407155611539,0.0525));
#14858=CARTESIAN_POINT('',(-0.0435229504186682,-0.0115226097754125,0.0524999999999996));
#14859=CARTESIAN_POINT('',(-0.043294856504366,-0.0114803189471806,0.0525));
#14860=CARTESIAN_POINT('',(-0.0432950677202313,-0.0114804594607004,0.0524999999999998));
#14861=CARTESIAN_POINT('',(-0.00164534355699623,0.0223142072815512,0.0525));
#14862=CARTESIAN_POINT('',(-0.0411347185228186,-0.0117029996489582,0.0525));
#14863=CARTESIAN_POINT('',(-0.0423553636986307,-0.0116987502125698,0.0525));
#14864=CARTESIAN_POINT('',(-0.0423553479683023,-0.0116987502673319,0.05250000025));
#14865=CARTESIAN_POINT('',(-0.0411347185228186,-0.0117029996489582,0.0525));
#14866=CARTESIAN_POINT('',(-0.0423497214742542,-0.0118190917544259,0.05250000025));
#14867=CARTESIAN_POINT('',(-0.0423497730856947,-0.0118190955120871,0.0525));
#14868=CARTESIAN_POINT('',(-0.0423553636986307,-0.0114164242593013,0.0525));
#14869=CARTESIAN_POINT('',(-0.0423553636986307,-0.0111340983060328,0.0525));
#14870=CARTESIAN_POINT('',(-0.0423553636986307,-0.0111340983060328,0.0525));
#14871=CARTESIAN_POINT('',(-0.0423553636986307,-0.0114164242593013,0.0525));
#14872=CARTESIAN_POINT('',(-0.042467470200137,-0.0111340983060328,0.0525));
#14873=CARTESIAN_POINT('',(-0.0425795767016433,-0.0111340983060328,0.0525));
#14874=CARTESIAN_POINT('',(-0.0425795767016433,-0.0111340983060328,0.0525));
#14875=CARTESIAN_POINT('',(-0.042467470200137,-0.0111340983060328,0.0525));
#14876=CARTESIAN_POINT('',(-0.0425795767016433,-0.0114255457856706,0.0525));
#14877=CARTESIAN_POINT('',(-0.0425795767016433,-0.0117169932653084,0.0525));
#14878=CARTESIAN_POINT('',(-0.0425796452404424,-0.0117169939371841,0.0525));
#14879=CARTESIAN_POINT('',(-0.0425795767016433,-0.0114255457856706,0.0525));
#14880=CARTESIAN_POINT('',(-0.0425792747156259,-0.0117617839862618,0.0524999999972169));
#14881=CARTESIAN_POINT('',(-0.0425786939732849,-0.0118071786792498,0.0525));
#14882=CARTESIAN_POINT('',(-0.0425787612211171,-0.011807179030131,0.0525));
#14883=CARTESIAN_POINT('',(-0.0425792747156259,-0.0117617839862618,0.0525));
#14884=CARTESIAN_POINT('',(-0.0420136150915822,-0.0117965952270288,0.0525));
#14885=CARTESIAN_POINT('',(-0.0425695724469157,-0.0118982468215495,0.0525));
#14886=CARTESIAN_POINT('',(-0.0425695724469157,-0.0118982468215495,0.0525));
#14887=CARTESIAN_POINT('',(-0.042013431323521,-0.0117965519798537,0.0524999999999997));
#14888=CARTESIAN_POINT('',(-0.0421957635166475,-0.0118303158205205,0.0525));
#14889=CARTESIAN_POINT('',(-0.0425429434747731,-0.0119846070792716,0.0525));
#14890=CARTESIAN_POINT('',(-0.0425429335183898,-0.0119846027065084,0.0525));
#14891=CARTESIAN_POINT('',(-0.0421954607029625,-0.0118301793462847,0.0525));
#14892=CARTESIAN_POINT('',(-0.04232434797884,-0.0118885116970332,0.0524999999999999));
#14893=CARTESIAN_POINT('',(-0.0424933635653142,-0.0120571379260467,0.0525));
#14894=CARTESIAN_POINT('',(-0.0424933617845926,-0.012057136183068,0.0525));
#14895=CARTESIAN_POINT('',(-0.04232434797884,-0.0118885116970332,0.0525));
#14896=CARTESIAN_POINT('',(-0.0420208108204772,-0.011587563887701,0.0525));
#14897=CARTESIAN_POINT('',(-0.0424380459215263,-0.0121068649568985,0.0525));
#14898=CARTESIAN_POINT('',(-0.0424380511146161,-0.0121068713971393,0.0525));
#14899=CARTESIAN_POINT('',(-0.0420208108204772,-0.011587563887701,0.0525));
#14900=CARTESIAN_POINT('',(-0.0421453769896077,-0.0117404938999313,0.0525));
#14901=CARTESIAN_POINT('',(-0.0423800800926636,-0.0121464406116298,0.0525));
#14902=CARTESIAN_POINT('',(-0.0423800800926636,-0.0121464406116298,0.0525));
#14903=CARTESIAN_POINT('',(-0.0421453305487315,-0.0117403680682971,0.0524999999999997));
#14904=CARTESIAN_POINT('',(-0.042260442148695,-0.011938758490011,0.0525));
#14905=CARTESIAN_POINT('',(-0.0423149053155411,-0.012172186855414,0.0525));
#14906=CARTESIAN_POINT('',(-0.042314912837996,-0.0121722215519053,0.0525));
#14907=CARTESIAN_POINT('',(-0.042260442148695,-0.011938758490011,0.0525));
#14908=CARTESIAN_POINT('',(-0.0422404243733659,-0.0118340395865095,0.0525));
#14909=CARTESIAN_POINT('',(-0.0422359011274717,-0.012180425653425,0.0525));
#14910=CARTESIAN_POINT('',(-0.0422359016391402,-0.0121804119580008,0.0525));
#14911=CARTESIAN_POINT('',(-0.0422404243733659,-0.0118340395865095,0.0525));
#14912=CARTESIAN_POINT('',(-0.0422378719210188,-0.0118396096605958,0.0524999999999999));
#14913=CARTESIAN_POINT('',(-0.0421245302329307,-0.0121611527509351,0.0525));
#14914=CARTESIAN_POINT('',(-0.0421245403481096,-0.0121611240226459,0.0525));
#14915=CARTESIAN_POINT('',(-0.0422378719210188,-0.0118396096605958,0.0525));
#14916=CARTESIAN_POINT('',(-0.042347243975161,-0.0115048870014937,0.0525));
#14917=CARTESIAN_POINT('',(-0.0420205154080422,-0.0121160240332868,0.0525));
#14918=CARTESIAN_POINT('',(-0.0420205154080422,-0.0121160240332868,0.0525));
#14919=CARTESIAN_POINT('',(-0.042347243975161,-0.0115048870014937,0.0525));
#14920=CARTESIAN_POINT('',(-0.0420205154080422,-0.0120480163996774,0.0525));
#14921=CARTESIAN_POINT('',(-0.0420205154080422,-0.0119800463160869,0.0525));
#14922=CARTESIAN_POINT('',(-0.0420205154080422,-0.0119800463160869,0.0525));
#14923=CARTESIAN_POINT('',(-0.0420205154080422,-0.0120480163996774,0.0525));
#14924=CARTESIAN_POINT('',(-0.0421702023046292,-0.0116101043911956,0.0525));
#14925=CARTESIAN_POINT('',(-0.0421052573304407,-0.0120038799817615,0.0525));
#14926=CARTESIAN_POINT('',(-0.0421052680405196,-0.0120038227197337,0.0525));
#14927=CARTESIAN_POINT('',(-0.0421061400587991,-0.0120040271031546,0.0525));
#14928=CARTESIAN_POINT('',(-0.0421056986946199,-0.012003953542458,0.0525));
#14929=CARTESIAN_POINT('',(-0.0421052573304407,-0.0120038799817615,0.0525));
#14930=CARTESIAN_POINT('',(-0.0420611209125248,-0.0119965239121089,0.0525));
#14931=CARTESIAN_POINT('',(-0.0420205154080422,-0.0119800463160869,0.0525));
#14932=CARTESIAN_POINT('',(-0.0421908478219553,-0.0115474365029146,0.0525));
#14933=CARTESIAN_POINT('',(-0.0421732274140312,-0.0120112360514142,0.0525));
#14934=CARTESIAN_POINT('',(-0.0421732365123536,-0.012011099393587,0.0525));
#14935=CARTESIAN_POINT('',(-0.0421908478219553,-0.0115474365029146,0.0525));
#14936=CARTESIAN_POINT('',(-0.0421822774931694,-0.0118429066821996,0.0525));
#14937=CARTESIAN_POINT('',(-0.0422706217762322,-0.0119854898076299,0.0525));
#14938=CARTESIAN_POINT('',(-0.0422707270881073,-0.0119856698608023,0.0525));
#14939=CARTESIAN_POINT('',(-0.0421822774931694,-0.0118429066821996,0.0525));
#14940=CARTESIAN_POINT('',(-0.0421800418250723,-0.0118557228957508,0.0525));
#14941=CARTESIAN_POINT('',(-0.042325792298627,-0.0119175197240395,0.0525));
#14942=CARTESIAN_POINT('',(-0.0423258351256782,-0.0119175370058548,0.0525));
#14943=CARTESIAN_POINT('',(-0.0421800418250723,-0.0118557228957508,0.0525));
#14944=CARTESIAN_POINT('',(-0.0420223347072004,-0.0117923711397578,0.0524999999999999));
#14945=CARTESIAN_POINT('',(-0.0420223347072004,-0.0117923711397578,0.0525));
#14946=CARTESIAN_POINT('',(-0.00164534355699623,0.0223142072815512,0.0525));
#14947=CARTESIAN_POINT('',(-0.0417209762517866,-0.0116527012165443,0.0525));
#14948=CARTESIAN_POINT('',(-0.0417209762517866,-0.0111340983060328,0.0525));
#14949=CARTESIAN_POINT('',(-0.0417209762517866,-0.0111340983060328,0.0525));
#14950=CARTESIAN_POINT('',(-0.0417209762517866,-0.0116527012165443,0.0525));
#14951=CARTESIAN_POINT('',(-0.0417209762517866,-0.0121713041270557,0.0525));
#14952=CARTESIAN_POINT('',(-0.0417209762517866,-0.0121713041270557,0.0525));
#14953=CARTESIAN_POINT('',(-0.0418330827532929,-0.0111340983060328,0.0525));
#14954=CARTESIAN_POINT('',(-0.0419451892547992,-0.0111340983060328,0.0525));
#14955=CARTESIAN_POINT('',(-0.0419451892547992,-0.0111340983060328,0.0525));
#14956=CARTESIAN_POINT('',(-0.0418330827532929,-0.0111340983060328,0.0525));
#14957=CARTESIAN_POINT('',(-0.0419451892547992,-0.0115992961508661,0.0525));
#14958=CARTESIAN_POINT('',(-0.0419451892547992,-0.0120644939956993,0.0525));
#14959=CARTESIAN_POINT('',(-0.0419451892547992,-0.0120644939956993,0.0525));
#14960=CARTESIAN_POINT('',(-0.0419451892547992,-0.0115992961508661,0.0525));
#14961=CARTESIAN_POINT('',(-0.0419332724219619,-0.0121178990613775,0.0525));
#14962=CARTESIAN_POINT('',(-0.0419213555891246,-0.0121713041270557,0.0525));
#14963=CARTESIAN_POINT('',(-0.0419213555891246,-0.0121713041270557,0.0525));
#14964=CARTESIAN_POINT('',(-0.0419332724219619,-0.0121178990613775,0.0525));
#14965=CARTESIAN_POINT('',(-0.0418211659204556,-0.0121713041270557,0.0525));
#14966=CARTESIAN_POINT('',(-0.0418211659204556,-0.0121713041270557,0.0525));
#14967=CARTESIAN_POINT('',(-0.00164534355699623,0.0223142072815512,0.0525));
#14968=CARTESIAN_POINT('',(-0.0411976654566975,-0.011187356250318,0.0525));
#14969=CARTESIAN_POINT('',(-0.0412095822895347,-0.0111340983060328,0.0525));
#14970=CARTESIAN_POINT('',(-0.0412095822895347,-0.0111340983060328,0.0525));
#14971=CARTESIAN_POINT('',(-0.0411976654566975,-0.011187356250318,0.0525));
#14972=CARTESIAN_POINT('',(-0.0411857486238602,-0.0112406141946031,0.0525));
#14973=CARTESIAN_POINT('',(-0.0411857486238602,-0.0112406141946031,0.0525));
#14974=CARTESIAN_POINT('',(-0.0413088892298454,-0.0111340983060328,0.0525));
#14975=CARTESIAN_POINT('',(-0.0414081961701562,-0.0111340983060328,0.0525));
#14976=CARTESIAN_POINT('',(-0.0414081961701562,-0.0111340983060328,0.0525));
#14977=CARTESIAN_POINT('',(-0.0413088892298454,-0.0111340983060328,0.0525));
#14978=CARTESIAN_POINT('',(-0.0414081961701562,-0.0116527012165443,0.0525));
#14979=CARTESIAN_POINT('',(-0.0414081961701562,-0.0121713041270557,0.0525));
#14980=CARTESIAN_POINT('',(-0.0414081961701562,-0.0121713041270557,0.0525));
#14981=CARTESIAN_POINT('',(-0.0414081961701562,-0.0116527012165443,0.0525));
#14982=CARTESIAN_POINT('',(-0.0412969723970081,-0.0121713041270557,0.0525));
#14983=CARTESIAN_POINT('',(-0.0411857486238602,-0.0121713041270557,0.0525));
#14984=CARTESIAN_POINT('',(-0.0411857486238602,-0.0121713041270557,0.0525));
#14985=CARTESIAN_POINT('',(-0.0412969723970081,-0.0121713041270557,0.0525));
#14986=CARTESIAN_POINT('',(-0.0411857486238602,-0.0119891678424562,0.0525));
#14987=CARTESIAN_POINT('',(-0.0411857486238602,-0.0119891678424562,0.0525));
#14988=CARTESIAN_POINT('',(-0.00164534355699623,0.0223142072815512,0.0525));
#14989=CARTESIAN_POINT('',(-0.0391165322909268,-0.0118283611738768,0.0525));
#14990=CARTESIAN_POINT('',(-0.0391075118255951,-0.012180425653425,0.0525));
#14991=CARTESIAN_POINT('',(-0.0391075176887904,-0.0121802547388529,0.0525));
#14992=CARTESIAN_POINT('',(-0.0391165322909268,-0.0118283611738768,0.0525));
#14993=CARTESIAN_POINT('',(-0.0392878057222256,-0.0121355323900196,0.0525));
#14994=CARTESIAN_POINT('',(-0.0392877355320849,-0.0121354065071508,0.0525));
#14995=CARTESIAN_POINT('',(-0.0391042069136981,-0.0117223888501302,0.0524999999999998));
#14996=CARTESIAN_POINT('',(-0.0389861366763265,-0.0121648307857614,0.0525));
#14997=CARTESIAN_POINT('',(-0.0389861389196802,-0.0121648217406689,0.0525));
#14998=CARTESIAN_POINT('',(-0.0391042069136981,-0.0117223888501302,0.0525));
#14999=CARTESIAN_POINT('',(-0.0391274255494785,-0.0116288535376228,0.0525));
#15000=CARTESIAN_POINT('',(-0.0388850642792991,-0.012127259138466,0.0525));
#15001=CARTESIAN_POINT('',(-0.0388850642792991,-0.012127259138466,0.0525));
#15002=CARTESIAN_POINT('',(-0.0391274255494785,-0.0116288535376228,0.0525));
#15003=CARTESIAN_POINT('',(-0.0388850642792991,-0.0120315388036555,0.0525));
#15004=CARTESIAN_POINT('',(-0.0388850642792991,-0.0119358583586413,0.0525));
#15005=CARTESIAN_POINT('',(-0.0388850642792991,-0.0119359098981711,0.0525));
#15006=CARTESIAN_POINT('',(-0.0388850642792991,-0.0120315388036555,0.0525));
#15007=CARTESIAN_POINT('',(-0.039083804909698,-0.0117395974028173,0.0524999999999999));
#15008=CARTESIAN_POINT('',(-0.0389530343628895,-0.0119863725359882,0.0525));
#15009=CARTESIAN_POINT('',(-0.038953015549485,-0.0119864088633799,0.0525));
#15010=CARTESIAN_POINT('',(-0.039083804909698,-0.0117395974028173,0.0525));
#15011=CARTESIAN_POINT('',(-0.0390326524882593,-0.0118301136365315,0.0525));
#15012=CARTESIAN_POINT('',(-0.0390357165857853,-0.0120056454384781,0.0525));
#15013=CARTESIAN_POINT('',(-0.0390357159009976,-0.0120055937720603,0.0525));
#15014=CARTESIAN_POINT('',(-0.0390326524882593,-0.0118301136365315,0.0525));
#15015=CARTESIAN_POINT('',(-0.0390380027357959,-0.0118215697256499,0.0525));
#15016=CARTESIAN_POINT('',(-0.0391360533758474,-0.0119772510096189,0.0525));
#15017=CARTESIAN_POINT('',(-0.0391360724493312,-0.0119772809652638,0.0525));
#15018=CARTESIAN_POINT('',(-0.0390380027357959,-0.0118215697256499,0.0525));
#15019=CARTESIAN_POINT('',(-0.0389952333599444,-0.0117578289859115,0.0524999999999999));
#15020=CARTESIAN_POINT('',(-0.0392132921072001,-0.0119010421280175,0.0525));
#15021=CARTESIAN_POINT('',(-0.039213313763584,-0.0119010559344425,0.0525));
#15022=CARTESIAN_POINT('',(-0.0389952333599444,-0.0117578289859115,0.0525));
#15023=CARTESIAN_POINT('',(-0.0388990935063395,-0.0116963819820154,0.0524999999999999));
#15024=CARTESIAN_POINT('',(-0.039263019138052,-0.0117879057767599,0.0525));
#15025=CARTESIAN_POINT('',(-0.0392629811020237,-0.0117878968627924,0.0525));
#15026=CARTESIAN_POINT('',(-0.0388990935063395,-0.0116963819820154,0.0525));
#15027=CARTESIAN_POINT('',(-0.0387456772352379,-0.0116526566199581,0.0524999999999998));
#15028=CARTESIAN_POINT('',(-0.0392805265838253,-0.0116490231817179,0.0525));
#15029=CARTESIAN_POINT('',(-0.0392804923060126,-0.0116490233254437,0.0525));
#15030=CARTESIAN_POINT('',(-0.0387456772352379,-0.0116526566199581,0.0525));
#15031=CARTESIAN_POINT('',(-0.0387385298232704,-0.0116457116335673,0.0524999999999998));
#15032=CARTESIAN_POINT('',(-0.0392639018664103,-0.011512935893144,0.0525));
#15033=CARTESIAN_POINT('',(-0.039263865506641,-0.0115129443445701,0.0525));
#15034=CARTESIAN_POINT('',(-0.0387385298232704,-0.0116457116335673,0.0525));
#15035=CARTESIAN_POINT('',(-0.0388977725369115,-0.0116019727394459,0.0524999999999999));
#15036=CARTESIAN_POINT('',(-0.0392160874136681,-0.0114008293916377,0.0525));
#15037=CARTESIAN_POINT('',(-0.0392161085039782,-0.0114008163716906,0.0525));
#15038=CARTESIAN_POINT('',(-0.0388977725369115,-0.0116019727394459,0.0525));
#15039=CARTESIAN_POINT('',(-0.0390045013089384,-0.0115356104616317,0.0524999999999999));
#15040=CARTESIAN_POINT('',(-0.0391397314106737,-0.0113244733886433,0.0525));
#15041=CARTESIAN_POINT('',(-0.0391397470962413,-0.0113244489510191,0.0525));
#15042=CARTESIAN_POINT('',(-0.0390045013089384,-0.0115356104616317,0.0525));
#15043=CARTESIAN_POINT('',(-0.0390415543415565,-0.0114794999097124,0.0525));
#15044=CARTESIAN_POINT('',(-0.0390395417420046,-0.011295931838391,0.0525));
#15045=CARTESIAN_POINT('',(-0.0390395420385166,-0.0112959642606753,0.0525));
#15046=CARTESIAN_POINT('',(-0.0390415543415565,-0.0114794999097124,0.0525));
#15047=CARTESIAN_POINT('',(-0.0390380446541904,-0.0114814761958848,0.0525));
#15048=CARTESIAN_POINT('',(-0.0389540642126409,-0.0113160874692393,0.0525));
#15049=CARTESIAN_POINT('',(-0.038954061365495,-0.0113160818785773,0.0525));
#15050=CARTESIAN_POINT('',(-0.0390380446541904,-0.0114814761958848,0.0525));
#15051=CARTESIAN_POINT('',(-0.0390588451359053,-0.0115227443018549,0.0524999999999999));
#15052=CARTESIAN_POINT('',(-0.0388850642792991,-0.0113694925349175,0.0525));
#15053=CARTESIAN_POINT('',(-0.0388850642792991,-0.0113694925349175,0.0525));
#15054=CARTESIAN_POINT('',(-0.039059103302533,-0.0115230760007782,0.0524999999999999));
#15055=CARTESIAN_POINT('',(-0.0388850642792991,-0.0112719510513234,0.0525));
#15056=CARTESIAN_POINT('',(-0.0388850642792991,-0.0111743530209917,0.0525));
#15057=CARTESIAN_POINT('',(-0.0388850642792991,-0.0111743530209917,0.0525));
#15058=CARTESIAN_POINT('',(-0.0388850642792991,-0.0112719510513234,0.0525));
#15059=CARTESIAN_POINT('',(-0.039066784712577,-0.011502501225239,0.0524999999999999));
#15060=CARTESIAN_POINT('',(-0.0389789277280668,-0.0111377763408592,0.0525));
#15061=CARTESIAN_POINT('',(-0.0389789294453877,-0.0111377838371436,0.0525));
#15062=CARTESIAN_POINT('',(-0.039066784712577,-0.011502501225239,0.0525));
#15063=CARTESIAN_POINT('',(-0.0390848930793223,-0.0115725148412973,0.0524999999999998));
#15064=CARTESIAN_POINT('',(-0.0390872090733538,-0.0111249767796636,0.0525));
#15065=CARTESIAN_POINT('',(-0.0390872093704126,-0.0111249503674053,0.0525));
#15066=CARTESIAN_POINT('',(-0.0390848930793223,-0.0115725148412973,0.0525));
#15067=CARTESIAN_POINT('',(-0.0390834653786413,-0.0115925576365281,0.0524999999999999));
#15068=CARTESIAN_POINT('',(-0.0392371257728747,-0.0111507230234478,0.0525));
#15069=CARTESIAN_POINT('',(-0.0392371270284868,-0.011150718992891,0.0525));
#15070=CARTESIAN_POINT('',(-0.0390834653786413,-0.0115925576365281,0.0525));
#15071=CARTESIAN_POINT('',(-0.0391212644768524,-0.0114856976445463,0.0524999999999999));
#15072=CARTESIAN_POINT('',(-0.0393751256395583,-0.0112379660095282,0.0525));
#15073=CARTESIAN_POINT('',(-0.0393751846140813,-0.0112379109136095,0.0525));
#15074=CARTESIAN_POINT('',(-0.0391212644768524,-0.0114856976445463,0.0525));
#15075=CARTESIAN_POINT('',(-0.0390336581635354,-0.0115651548613321,0.0524999999999999));
#15076=CARTESIAN_POINT('',(-0.0394763451579787,-0.0113970042354183,0.0525));
#15077=CARTESIAN_POINT('',(-0.0394764980617562,-0.0113969516481734,0.0525));
#15078=CARTESIAN_POINT('',(-0.0390336581635354,-0.0115651548613321,0.0525));
#15079=CARTESIAN_POINT('',(-0.0388663788901624,-0.011617570500167,0.0524999999999999));
#15080=CARTESIAN_POINT('',(-0.0395159208127099,-0.0116378419558459,0.0525));
#15081=CARTESIAN_POINT('',(-0.0395156221494884,-0.0116378289492758,0.0525));
#15082=CARTESIAN_POINT('',(-0.0388663788901624,-0.011617570500167,0.0525));
#15083=CARTESIAN_POINT('',(-0.0386644155824229,-0.0116419151255347,0.0524999999999998));
#15084=CARTESIAN_POINT('',(-0.0394919400256423,-0.0118420464494033,0.0525));
#15085=CARTESIAN_POINT('',(-0.0394919000620053,-0.0118420374052062,0.0525));
#15086=CARTESIAN_POINT('',(-0.0386644155824229,-0.0116419151255347,0.0525));
#15087=CARTESIAN_POINT('',(-0.0389780880822218,-0.0117214505818679,0.0524999999999999));
#15088=CARTESIAN_POINT('',(-0.0394164667510062,-0.0120149140862405,0.0525));
#15089=CARTESIAN_POINT('',(-0.0394164962515706,-0.0120149336114519,0.0525));
#15090=CARTESIAN_POINT('',(-0.0389780880822218,-0.0117214505818679,0.0525));
#15091=CARTESIAN_POINT('',(-0.0390888567837134,-0.0117941661849323,0.0524999999999999));
#15092=CARTESIAN_POINT('',(-0.0390888567837134,-0.0117941661849323,0.0525));
#15093=CARTESIAN_POINT('',(-0.00164534355699623,0.0223142072815512,0.0525));
#15094=CARTESIAN_POINT('',(-0.0398351587491723,-0.0118835579119379,0.0524999999972169));
#15095=CARTESIAN_POINT('',(-0.0398357627212069,-0.0118641146583613,0.0525));
#15096=CARTESIAN_POINT('',(-0.0398358636399272,-0.0118641190929709,0.0525000000500022));
#15097=CARTESIAN_POINT('',(-0.0398351587491723,-0.0118835579119379,0.0525));
#15098=CARTESIAN_POINT('',(-0.0398340842308954,-0.0119073719538096,0.0525));
#15099=CARTESIAN_POINT('',(-0.0398339972644903,-0.0119073683479188,0.0525));
#15100=CARTESIAN_POINT('',(-0.0398357627212069,-0.0118567585887086,0.0525));
#15101=CARTESIAN_POINT('',(-0.0398357627212069,-0.0116104773767381,0.0525));
#15102=CARTESIAN_POINT('',(-0.0398357627212069,-0.0116104773767381,0.0525));
#15103=CARTESIAN_POINT('',(-0.0398357627212069,-0.0118567585887086,0.0525));
#15104=CARTESIAN_POINT('',(-0.0416983575514786,-0.0116110704565325,0.0525));
#15105=CARTESIAN_POINT('',(-0.0398403234843916,-0.0114807163080654,0.0525));
#15106=CARTESIAN_POINT('',(-0.0398403234843916,-0.0114807163080654,0.0525));
#15107=CARTESIAN_POINT('',(-0.0416984451712371,-0.011610985123719,0.0524999999999985));
#15108=CARTESIAN_POINT('',(-0.0408558696289682,-0.0115516939278991,0.0525));
#15109=CARTESIAN_POINT('',(-0.0398578309301648,-0.0113509552393928,0.0525));
#15110=CARTESIAN_POINT('',(-0.0398579413160583,-0.0113509746043535,0.0525));
#15111=CARTESIAN_POINT('',(-0.0408564120565677,-0.0115517378389699,0.0525000000000001));
#15112=CARTESIAN_POINT('',(-0.0401199746956247,-0.011396917530387,0.0524999999999999));
#15113=CARTESIAN_POINT('',(-0.039902997197832,-0.0112435566224642,0.0525));
#15114=CARTESIAN_POINT('',(-0.0399029373877052,-0.0112435159721193,0.0525));
#15115=CARTESIAN_POINT('',(-0.0401199746956247,-0.011396917530387,0.0525));
#15116=CARTESIAN_POINT('',(-0.0401130464440751,-0.0113967712879791,0.0524999999999999));
#15117=CARTESIAN_POINT('',(-0.0399783233510752,-0.0111745566891224,0.0525));
#15118=CARTESIAN_POINT('',(-0.0399783088384503,-0.0111745326408643,0.0525));
#15119=CARTESIAN_POINT('',(-0.0401130464440751,-0.0113967712879791,0.0525));
#15120=CARTESIAN_POINT('',(-0.0401351834820364,-0.0114405134609295,0.0524999999999999));
#15121=CARTESIAN_POINT('',(-0.0400739522565595,-0.0111377763408592,0.0525));
#15122=CARTESIAN_POINT('',(-0.0400739563729554,-0.0111377972862345,0.0525));
#15123=CARTESIAN_POINT('',(-0.0401351834820364,-0.0114405134609295,0.0525));
#15124=CARTESIAN_POINT('',(-0.040180563817808,-0.0116483914395714,0.0525));
#15125=CARTESIAN_POINT('',(-0.0401814979948812,-0.0111267422363802,0.0525));
#15126=CARTESIAN_POINT('',(-0.0401814980053225,-0.0111267558263853,0.0525));
#15127=CARTESIAN_POINT('',(-0.040180563817808,-0.0116483914395714,0.0525));
#15128=CARTESIAN_POINT('',(-0.0401836077342935,-0.0117830915867563,0.0525));
#15129=CARTESIAN_POINT('',(-0.0402983123809652,-0.0111368936125008,0.0525));
#15130=CARTESIAN_POINT('',(-0.0402983110629103,-0.0111369013841698,0.0525));
#15131=CARTESIAN_POINT('',(-0.0401836077342935,-0.0117830915867563,0.0525));
#15132=CARTESIAN_POINT('',(-0.0401768503026696,-0.0118300346582003,0.0525));
#15133=CARTESIAN_POINT('',(-0.0404023272058535,-0.0111635225846434,0.0525));
#15134=CARTESIAN_POINT('',(-0.0404023239683461,-0.0111635326171943,0.0525));
#15135=CARTESIAN_POINT('',(-0.0401768503026696,-0.0118300346582003,0.0525));
#15136=CARTESIAN_POINT('',(-0.0402470377164752,-0.0116278560911708,0.0525));
#15137=CARTESIAN_POINT('',(-0.040486922006859,-0.011201185661265,0.0525));
#15138=CARTESIAN_POINT('',(-0.0404868961808525,-0.0112012363761744,0.0525));
#15139=CARTESIAN_POINT('',(-0.0402470377164752,-0.0116278560911708,0.0525));
#15140=CARTESIAN_POINT('',(-0.040378355083963,-0.0114045742023003,0.0525));
#15141=CARTESIAN_POINT('',(-0.0405420629243898,-0.0112424936826143,0.0525));
#15142=CARTESIAN_POINT('',(-0.0405420629117232,-0.0112424936839021,0.0525));
#15143=CARTESIAN_POINT('',(-0.040378355083963,-0.0114045742023003,0.0525));
#15144=CARTESIAN_POINT('',(-0.0405006042964129,-0.0113060832145117,0.0525));
#15145=CARTESIAN_POINT('',(-0.0404593644189536,-0.0113693372614332,0.0525));
#15146=CARTESIAN_POINT('',(-0.0404593644189536,-0.0113693372614332,0.0525));
#15147=CARTESIAN_POINT('',(-0.0405006042964129,-0.0113060832145117,0.0525));
#15148=CARTESIAN_POINT('',(-0.0404440554788621,-0.011357804127401,0.0524999999972169));
#15149=CARTESIAN_POINT('',(-0.0404251310217768,-0.0113437462911332,0.0525));
#15150=CARTESIAN_POINT('',(-0.0404251792207796,-0.0113436830047189,0.0525));
#15151=CARTESIAN_POINT('',(-0.0404440554788621,-0.011357804127401,0.0525));
#15152=CARTESIAN_POINT('',(-0.0402453882466227,-0.0115971376260555,0.0525));
#15153=CARTESIAN_POINT('',(-0.0403718730774916,-0.0113132921627713,0.0525));
#15154=CARTESIAN_POINT('',(-0.0403718701673687,-0.0113132989011365,0.0525));
#15155=CARTESIAN_POINT('',(-0.0402453882466227,-0.0115971376260555,0.0525));
#15156=CARTESIAN_POINT('',(-0.0401865849954585,-0.0117251060645321,0.0525));
#15157=CARTESIAN_POINT('',(-0.0403056684506178,-0.0112894584970967,0.0525));
#15158=CARTESIAN_POINT('',(-0.0403056694911123,-0.0112894546101472,0.0525));
#15159=CARTESIAN_POINT('',(-0.0401865849954585,-0.0117251060645321,0.0525));
#15160=CARTESIAN_POINT('',(-0.0402313537136961,-0.0115622959306857,0.0525));
#15161=CARTESIAN_POINT('',(-0.0402294595690164,-0.0112794542423691,0.0525));
#15162=CARTESIAN_POINT('',(-0.0402294593547528,-0.011279497514613,0.0525));
#15163=CARTESIAN_POINT('',(-0.0402313537136961,-0.0115622959306857,0.0525));
#15164=CARTESIAN_POINT('',(-0.040223624259906,-0.0116846723916599,0.0525));
#15165=CARTESIAN_POINT('',(-0.040153103566022,-0.0112857804622704,0.0525));
#15166=CARTESIAN_POINT('',(-0.0401530965789223,-0.0112857388914474,0.0525));
#15167=CARTESIAN_POINT('',(-0.040223624259906,-0.0116846723916599,0.0525));
#15168=CARTESIAN_POINT('',(-0.0401708067490623,-0.0113793610215465,0.0525));
#15169=CARTESIAN_POINT('',(-0.0400988157719855,-0.0113169701975976,0.0525));
#15170=CARTESIAN_POINT('',(-0.0400986216153892,-0.011316830684277,0.0525));
#15171=CARTESIAN_POINT('',(-0.0401708067490623,-0.0113793610215465,0.0525));
#15172=CARTESIAN_POINT('',(-0.0402294874241454,-0.0114126956351513,0.0525));
#15173=CARTESIAN_POINT('',(-0.0400674789152652,-0.0113952387787017,0.0525));
#15174=CARTESIAN_POINT('',(-0.0400675700976337,-0.0113952402659051,0.0525));
#15175=CARTESIAN_POINT('',(-0.0402294874241454,-0.0114126956351513,0.0525));
#15176=CARTESIAN_POINT('',(-0.040959663176372,-0.0115218313435197,0.0525));
#15177=CARTESIAN_POINT('',(-0.0400582102675029,-0.0115386821369283,0.0525));
#15178=CARTESIAN_POINT('',(-0.040058320878705,-0.0115386800692812,0.05250000025));
#15179=CARTESIAN_POINT('',(-0.040959663176372,-0.0115218313435197,0.0525));
#15180=CARTESIAN_POINT('',(-0.0400582102675029,-0.011732735254365,0.0525));
#15181=CARTESIAN_POINT('',(-0.0400582102675029,-0.0119267883718018,0.0525));
#15182=CARTESIAN_POINT('',(-0.0400582102675029,-0.0119267883718018,0.0525));
#15183=CARTESIAN_POINT('',(-0.0400582102675029,-0.011732735254365,0.0525));
#15184=CARTESIAN_POINT('',(-0.0402847615421182,-0.0117678648991335,0.0524999999999999));
#15185=CARTESIAN_POINT('',(-0.040120001252585,-0.0119901976922076,0.0525));
#15186=CARTESIAN_POINT('',(-0.0401200019659612,-0.0119901967338785,0.0525));
#15187=CARTESIAN_POINT('',(-0.0402850030240026,-0.0117675954661981,0.0524999999999999));
#15188=CARTESIAN_POINT('',(-0.0402399385469095,-0.0118290773728177,0.0524999999999999));
#15189=CARTESIAN_POINT('',(-0.0402000352904058,-0.0120259313342955,0.0525));
#15190=CARTESIAN_POINT('',(-0.0402000352904058,-0.0120259313342955,0.0525));
#15191=CARTESIAN_POINT('',(-0.0402399385469095,-0.0118290773728177,0.0525));
#15192=CARTESIAN_POINT('',(-0.0402000352904058,-0.0120958308524196,0.0525));
#15193=CARTESIAN_POINT('',(-0.0402000352904058,-0.0121656596389548,0.0525));
#15194=CARTESIAN_POINT('',(-0.0402000352904058,-0.0121656596389548,0.0525));
#15195=CARTESIAN_POINT('',(-0.0402000352904058,-0.0120958308524196,0.0525));
#15196=CARTESIAN_POINT('',(-0.040290869879283,-0.0117912774039542,0.0524999999999999));
#15197=CARTESIAN_POINT('',(-0.0400795428694955,-0.0121133382981929,0.0525));
#15198=CARTESIAN_POINT('',(-0.0400796382340545,-0.0121131745834811,0.0525));
#15199=CARTESIAN_POINT('',(-0.040290869879283,-0.0117912774039542,0.0525));
#15200=CARTESIAN_POINT('',(-0.0401737178219699,-0.0119543233665598,0.0525));
#15201=CARTESIAN_POINT('',(-0.0400065347255325,-0.0120321045416672,0.0525));
#15202=CARTESIAN_POINT('',(-0.0400067177799344,-0.0120315388036555,0.0525));
#15203=CARTESIAN_POINT('',(-0.0401737178219699,-0.0119543233665598,0.0525));
#15204=CARTESIAN_POINT('',(-0.0398224302707836,-0.0119748558042517,0.0525));
#15205=CARTESIAN_POINT('',(-0.0399800888077918,-0.012085826597692,0.0525));
#15206=CARTESIAN_POINT('',(-0.0399800958993389,-0.0120858316225552,0.0525));
#15207=CARTESIAN_POINT('',(-0.0398222298002003,-0.0119747195506657,0.0524999999999999));
#15208=CARTESIAN_POINT('',(-0.0397960063302497,-0.01195531062675,0.0525));
#15209=CARTESIAN_POINT('',(-0.0399378649679856,-0.0121308457439662,0.0525));
#15210=CARTESIAN_POINT('',(-0.0399378529095163,-0.0121308310236959,0.0525));
#15211=CARTESIAN_POINT('',(-0.0397960063302497,-0.01195531062675,0.0525));
#15212=CARTESIAN_POINT('',(-0.0398066100518343,-0.011972736854095,0.0525));
#15213=CARTESIAN_POINT('',(-0.0398863724804171,-0.0121620354792934,0.0525));
#15214=CARTESIAN_POINT('',(-0.0398863619034107,-0.0121620122985599,0.0525));
#15215=CARTESIAN_POINT('',(-0.0398066100518343,-0.011972736854095,0.0525));
#15216=CARTESIAN_POINT('',(-0.0398327259039988,-0.0120396404065377,0.0525));
#15217=CARTESIAN_POINT('',(-0.0398358030823853,-0.0121731541516973,0.0525));
#15218=CARTESIAN_POINT('',(-0.0398358030838976,-0.0121731541492374,0.0525));
#15219=CARTESIAN_POINT('',(-0.0398327259039988,-0.0120396404065377,0.0525));
#15220=CARTESIAN_POINT('',(-0.0398063384425963,-0.0121114257200832,0.0525));
#15221=CARTESIAN_POINT('',(-0.0397769815925661,-0.01204992311927,0.0525));
#15222=CARTESIAN_POINT('',(-0.0397769815925661,-0.01204992311927,0.0525));
#15223=CARTESIAN_POINT('',(-0.0398063384425963,-0.0121114257200832,0.0525));
#15224=CARTESIAN_POINT('',(-0.0397546501870092,-0.011995209944569,0.0525));
#15225=CARTESIAN_POINT('',(-0.0398091337490643,-0.0120185921210668,0.0525));
#15226=CARTESIAN_POINT('',(-0.039809060814046,-0.0120185644198117,0.0525));
#15227=CARTESIAN_POINT('',(-0.0397546501870092,-0.011995209944569,0.0525));
#15228=CARTESIAN_POINT('',(-0.0396261666296953,-0.0119292366290646,0.0525));
#15229=CARTESIAN_POINT('',(-0.0398266411948376,-0.0119653341767817,0.0525));
#15230=CARTESIAN_POINT('',(-0.0398266217397747,-0.0119653307200686,0.0525));
#15231=CARTESIAN_POINT('',(-0.0396261666296953,-0.0119292366290646,0.0525));
#15232=CARTESIAN_POINT('',(-0.0393710334465823,-0.0118779502859936,0.0525));
#15233=CARTESIAN_POINT('',(-0.0393711831601878,-0.0118780888610832,0.0525000000000001));
#15234=CARTESIAN_POINT('',(-0.00164534355699623,0.0223142072815512,0.0525));
#15235=CARTESIAN_POINT('',(-0.0402144079429241,-0.0118745122186125,0.0525));
#15236=CARTESIAN_POINT('',(-0.0404077706973965,-0.0118585240454253,0.0525));
#15237=CARTESIAN_POINT('',(-0.0404073376777424,-0.0118585793231334,0.0525));
#15238=CARTESIAN_POINT('',(-0.0402144079429241,-0.0118745122186125,0.0525));
#15239=CARTESIAN_POINT('',(-0.0403741747994573,-0.0119822212408758,0.0525));
#15240=CARTESIAN_POINT('',(-0.0403737856556013,-0.0119819588941966,0.0525));
#15241=CARTESIAN_POINT('',(-0.0402229701300888,-0.0118501489430688,0.0525));
#15242=CARTESIAN_POINT('',(-0.0403848197600803,-0.0117620124115826,0.0525));
#15243=CARTESIAN_POINT('',(-0.0403849343104492,-0.0117619548917203,0.0525));
#15244=CARTESIAN_POINT('',(-0.0402229701300888,-0.0118501489430688,0.0525));
#15245=CARTESIAN_POINT('',(-0.0402443543119709,-0.0118444102878631,0.0525));
#15246=CARTESIAN_POINT('',(-0.0403268539312174,-0.0117041937041128,0.0525));
#15247=CARTESIAN_POINT('',(-0.040326871625787,-0.0117041638840703,0.0525));
#15248=CARTESIAN_POINT('',(-0.0402443543119709,-0.0118444102878631,0.0525));
#15249=CARTESIAN_POINT('',(-0.0402102480262523,-0.0119069820030056,0.0524999999999999));
#15250=CARTESIAN_POINT('',(-0.0402513806565813,-0.0116766820036119,0.0525));
#15251=CARTESIAN_POINT('',(-0.0402513776806653,-0.011676698221309,0.0525));
#15252=CARTESIAN_POINT('',(-0.0402102480262523,-0.0119069820030056,0.0525));
#15253=CARTESIAN_POINT('',(-0.0401715393525446,-0.0121019357636969,0.0525));
#15254=CARTESIAN_POINT('',(-0.0401741419252285,-0.0116693259339592,0.0525));
#15255=CARTESIAN_POINT('',(-0.0401741420254178,-0.0116693092800942,0.05250000025));
#15256=CARTESIAN_POINT('',(-0.0401715393525446,-0.0121019357636969,0.0525));
#15257=CARTESIAN_POINT('',(-0.0401539862943803,-0.0116693259339592,0.0525));
#15258=CARTESIAN_POINT('',(-0.0401338306635321,-0.0116693259339592,0.0525));
#15259=CARTESIAN_POINT('',(-0.0401338306635321,-0.0116693259339592,0.0525));
#15260=CARTESIAN_POINT('',(-0.0401539862943803,-0.0116693259339592,0.0525));
#15261=CARTESIAN_POINT('',(-0.0401338306635321,-0.0116040040354438,0.0525));
#15262=CARTESIAN_POINT('',(-0.0401338306635321,-0.0115386821369283,0.0525));
#15263=CARTESIAN_POINT('',(-0.0401338306635321,-0.0115386821369283,0.0525));
#15264=CARTESIAN_POINT('',(-0.0401338306635321,-0.0116040040354438,0.0525));
#15265=CARTESIAN_POINT('',(-0.0401742890466216,-0.0115386821369283,0.0525));
#15266=CARTESIAN_POINT('',(-0.0402147474297112,-0.0115386821369283,0.0525));
#15267=CARTESIAN_POINT('',(-0.0402147474298282,-0.0115386802762615,0.0525));
#15268=CARTESIAN_POINT('',(-0.0401742890466216,-0.0115386821369283,0.0525));
#15269=CARTESIAN_POINT('',(-0.0402147124236047,-0.012095197234097,0.0524999999999998));
#15270=CARTESIAN_POINT('',(-0.0403599562446543,-0.0115579550394182,0.0525));
#15271=CARTESIAN_POINT('',(-0.0403599447289218,-0.0115579991887609,0.0525));
#15272=CARTESIAN_POINT('',(-0.0402147124236047,-0.012095197234097,0.0525));
#15273=CARTESIAN_POINT('',(-0.0402598614111307,-0.0119442888895114,0.0524999999999999));
#15274=CARTESIAN_POINT('',(-0.0404876576138242,-0.0116168035966394,0.0525));
#15275=CARTESIAN_POINT('',(-0.0404876798902219,-0.0116167715602319,0.0525));
#15276=CARTESIAN_POINT('',(-0.0402598614111307,-0.0119442888895114,0.0525));
#15277=CARTESIAN_POINT('',(-0.0403038013332205,-0.011875880837464,0.0524999999999999));
#15278=CARTESIAN_POINT('',(-0.0405796084844823,-0.0117180231150598,0.0525));
#15279=CARTESIAN_POINT('',(-0.0405797053737958,-0.0117179706859032,0.0525));
#15280=CARTESIAN_POINT('',(-0.0403038013332205,-0.011875880837464,0.0525));
#15281=CARTESIAN_POINT('',(-0.0403294188074232,-0.0118557693960453,0.0525));
#15282=CARTESIAN_POINT('',(-0.040615164807491,-0.0118647643757553,0.0525));
#15283=CARTESIAN_POINT('',(-0.040615164807491,-0.0118647643757552,0.0525));
#15284=CARTESIAN_POINT('',(-0.0403294188074232,-0.0118557693960453,0.0525));
#15285=CARTESIAN_POINT('',(-0.0402173855227059,-0.0118762725162185,0.0524999999999999));
#15286=CARTESIAN_POINT('',(-0.0405906425889613,-0.0120131486295238,0.0525));
#15287=CARTESIAN_POINT('',(-0.0405907352122683,-0.0120131795661086,0.0525));
#15288=CARTESIAN_POINT('',(-0.0402173855227059,-0.0118762725162185,0.0525));
#15289=CARTESIAN_POINT('',(-0.0403617818788425,-0.0119253080594523,0.0525));
#15290=CARTESIAN_POINT('',(-0.0405216426556194,-0.0121106901131179,0.0525));
#15291=CARTESIAN_POINT('',(-0.0405216956260627,-0.0121107510047019,0.0525));
#15292=CARTESIAN_POINT('',(-0.0403617818788425,-0.0119253080594523,0.0525));
#15293=CARTESIAN_POINT('',(-0.0403464556714001,-0.0118990376279382,0.0524999999999999));
#15294=CARTESIAN_POINT('',(-0.0404196875302338,-0.0121639480574031,0.0525));
#15295=CARTESIAN_POINT('',(-0.0404196834587926,-0.0121639327796828,0.0525));
#15296=CARTESIAN_POINT('',(-0.0403464556714001,-0.0118990376279382,0.0525));
#15297=CARTESIAN_POINT('',(-0.0403009622238465,-0.0117429457508122,0.0524999999999999));
#15298=CARTESIAN_POINT('',(-0.0402991951093235,-0.012180425653425,0.0525));
#15299=CARTESIAN_POINT('',(-0.0402991822655116,-0.0121805821290752,0.0525));
#15300=CARTESIAN_POINT('',(-0.0403009622238465,-0.0117429457508122,0.0525));
#15301=CARTESIAN_POINT('',(-0.0402858380354805,-0.0121798216813903,0.0524999999972169));
#15302=CARTESIAN_POINT('',(-0.0402753614436489,-0.0121790747937682,0.0524999999972169));
#15303=CARTESIAN_POINT('',(-0.0402753614436489,-0.0121790747937682,0.0525));
#15304=CARTESIAN_POINT('',(-0.0402858380354805,-0.0121798216813903,0.0525));
#15305=CARTESIAN_POINT('',(-0.0402753614436489,-0.0121042167718236,0.0525));
#15306=CARTESIAN_POINT('',(-0.0402753614436489,-0.0120293096545275,0.0525));
#15307=CARTESIAN_POINT('',(-0.0402753614436489,-0.0120293096545274,0.0525));
#15308=CARTESIAN_POINT('',(-0.0402753614436489,-0.0121042167718236,0.0525));
#15309=CARTESIAN_POINT('',(-0.0402671912759141,-0.0118852340575936,0.0525));
#15310=CARTESIAN_POINT('',(-0.0402671912759141,-0.0118852340575936,0.0525));
#15311=CARTESIAN_POINT('',(-0.00164534355699623,0.0223142072815512,0.0525));
#15312=CARTESIAN_POINT('',(-0.0409234204859561,-0.0115326222334529,0.0524999999999999));
#15313=CARTESIAN_POINT('',(-0.0411104224706171,-0.0111798055986191,0.0525));
#15314=CARTESIAN_POINT('',(-0.0411104224706171,-0.0111798055986191,0.0525));
#15315=CARTESIAN_POINT('',(-0.0409234204859561,-0.0115326222334529,0.0525));
#15316=CARTESIAN_POINT('',(-0.0410000992177678,-0.0111404502447924,0.05250000025));
#15317=CARTESIAN_POINT('',(-0.0410000814258275,-0.0111405716473272,0.0525));
#15318=CARTESIAN_POINT('',(-0.0411104224706171,-0.0112738636294331,0.0525));
#15319=CARTESIAN_POINT('',(-0.0411104224706171,-0.0113677038877798,0.0525));
#15320=CARTESIAN_POINT('',(-0.0411104224706171,-0.0113677038877798,0.0525));
#15321=CARTESIAN_POINT('',(-0.0411104224706171,-0.0112738636294331,0.0525));
#15322=CARTESIAN_POINT('',(-0.0409659294445084,-0.0117831490336903,0.0525));
#15323=CARTESIAN_POINT('',(-0.041032301010906,-0.0113483070543178,0.0525));
#15324=CARTESIAN_POINT('',(-0.0410322993197453,-0.0113483181960227,0.0525));
#15325=CARTESIAN_POINT('',(-0.0409659294445084,-0.0117831490336903,0.0525));
#15326=CARTESIAN_POINT('',(-0.0409496852442156,-0.0118708879695313,0.0525));
#15327=CARTESIAN_POINT('',(-0.0409503543949755,-0.0113418337130235,0.0525));
#15328=CARTESIAN_POINT('',(-0.0409503547782516,-0.0113419303786362,0.0525));
#15329=CARTESIAN_POINT('',(-0.0409497799050898,-0.0118710277337389,0.0524999999999997));
#15330=CARTESIAN_POINT('',(-0.0409522743776002,-0.0118523148818591,0.0524999999999998));
#15331=CARTESIAN_POINT('',(-0.0408253012108806,-0.0113580809564238,0.0525));
#15332=CARTESIAN_POINT('',(-0.0408253012108806,-0.0113580809564238,0.0525));
#15333=CARTESIAN_POINT('',(-0.0409522743776002,-0.0118523148818591,0.0525));
#15334=CARTESIAN_POINT('',(-0.0408253012108806,-0.0112425267727128,0.0525));
#15335=CARTESIAN_POINT('',(-0.0408253012108806,-0.0111270797632271,0.0525));
#15336=CARTESIAN_POINT('',(-0.0408253012108806,-0.0111270797632271,0.0525));
#15337=CARTESIAN_POINT('',(-0.0408253012108806,-0.0112425267727128,0.0525));
#15338=CARTESIAN_POINT('',(-0.0408461952101794,-0.0120224290032515,0.0524999999999997));
#15339=CARTESIAN_POINT('',(-0.0408461952101794,-0.0120224290032515,0.0525));
#15340=CARTESIAN_POINT('',(-0.00164534355699623,0.0223142072815512,0.0525));
#15341=CARTESIAN_POINT('',(-0.0385880261867253,-0.0116527012165443,0.0525));
#15342=CARTESIAN_POINT('',(-0.038586996336974,-0.0111340983060328,0.0525));
#15343=CARTESIAN_POINT('',(-0.038586996336974,-0.0111340983060328,0.0525));
#15344=CARTESIAN_POINT('',(-0.0385880261867253,-0.0116527012165443,0.0525));
#15345=CARTESIAN_POINT('',(-0.0385892515690967,-0.0121712963751268,0.05250000025));
#15346=CARTESIAN_POINT('',(-0.0385890560364767,-0.0121713041270557,0.0525));
#15347=CARTESIAN_POINT('',(-0.0386863032772847,-0.0111340983060328,0.0525));
#15348=CARTESIAN_POINT('',(-0.0387856102175953,-0.0111340983060328,0.0525));
#15349=CARTESIAN_POINT('',(-0.0387856102175953,-0.0111340983060328,0.0525));
#15350=CARTESIAN_POINT('',(-0.0386863032772847,-0.0111340983060328,0.0525));
#15351=CARTESIAN_POINT('',(-0.0387976741718257,-0.0111864735219597,0.0525));
#15352=CARTESIAN_POINT('',(-0.0388097381260561,-0.0112388487378865,0.0525));
#15353=CARTESIAN_POINT('',(-0.0388097381260561,-0.0112388487378865,0.0525));
#15354=CARTESIAN_POINT('',(-0.0387976741718257,-0.0111864735219597,0.0525));
#15355=CARTESIAN_POINT('',(-0.0388097381260561,-0.0116774176105772,0.0525));
#15356=CARTESIAN_POINT('',(-0.0388097381260561,-0.0121159864832678,0.0525));
#15357=CARTESIAN_POINT('',(-0.0388097381260561,-0.0121159864832678,0.0525));
#15358=CARTESIAN_POINT('',(-0.0388097381260561,-0.0116774176105772,0.0525));
#15359=CARTESIAN_POINT('',(-0.0388740301748201,-0.0123422591857832,0.0525));
#15360=CARTESIAN_POINT('',(-0.0388740301748201,-0.0123422591857832,0.053));
#15361=CARTESIAN_POINT('',(-0.0388311688089774,-0.0122981227678673,0.0525));
#15362=CARTESIAN_POINT('',(-0.0388311688089774,-0.0122981227678673,0.053));
#15363=CARTESIAN_POINT('',(-0.0388097381260561,-0.0122226985336955,0.0525));
#15364=CARTESIAN_POINT('',(-0.0388097381260561,-0.0122226985336955,0.053));
#15365=CARTESIAN_POINT('',(-0.0388097381260561,-0.0121159864832678,0.0525));
#15366=CARTESIAN_POINT('',(-0.0388097381260561,-0.0121159864832678,0.053));
#15367=CARTESIAN_POINT('',(-0.0388740301748201,-0.0123422591857832,0.0525));
#15368=CARTESIAN_POINT('',(-0.0388740301748201,-0.0123422591857832,0.0525));
#15369=CARTESIAN_POINT('',(-0.0388740301748201,-0.0123422591857832,0.0525));
#15370=CARTESIAN_POINT('',(-0.0388097381260561,-0.0122760545589094,0.0525));
#15371=CARTESIAN_POINT('',(-0.0388097381260561,-0.0121159864832678,0.0525));
#15372=CARTESIAN_POINT('',(-0.039037251871499,-0.0121701135213275,0.0525));
#15373=CARTESIAN_POINT('',(-0.0390524884245933,-0.012408463812657,0.0525));
#15374=CARTESIAN_POINT('',(-0.0390524598902171,-0.0124080354300358,0.0525));
#15375=CARTESIAN_POINT('',(-0.039037251871499,-0.0121701135213275,0.0525));
#15376=CARTESIAN_POINT('',(-0.0390479706693526,-0.0120381155821677,0.0525));
#15377=CARTESIAN_POINT('',(-0.0391066290972368,-0.0124039030494723,0.0525));
#15378=CARTESIAN_POINT('',(-0.0391066268076536,-0.012403889495165,0.0525));
#15379=CARTESIAN_POINT('',(-0.0390479706693526,-0.0120381155821677,0.0525));
#15380=CARTESIAN_POINT('',(-0.0390591560478818,-0.0120943394342825,0.0525));
#15381=CARTESIAN_POINT('',(-0.0391672431111745,-0.0123883081818087,0.0525));
#15382=CARTESIAN_POINT('',(-0.0391672457909258,-0.0123883153268257,0.0525));
#15383=CARTESIAN_POINT('',(-0.0390591560478818,-0.0120943394342825,0.0525));
#15384=CARTESIAN_POINT('',(-0.0390800968528797,-0.0121532598317617,0.0525));
#15385=CARTESIAN_POINT('',(-0.0392260916683957,-0.0123571184464815,0.0525));
#15386=CARTESIAN_POINT('',(-0.0392260890088227,-0.0123571148459215,0.0525));
#15387=CARTESIAN_POINT('',(-0.0390800968528797,-0.0121532598317617,0.0525));
#15388=CARTESIAN_POINT('',(-0.0391309144054012,-0.0122232540587087,0.0524999999999999));
#15389=CARTESIAN_POINT('',(-0.0392731439562486,-0.0123054525834623,0.0525));
#15390=CARTESIAN_POINT('',(-0.0392731439562486,-0.0123054525834623,0.0525));
#15391=CARTESIAN_POINT('',(-0.0391309144054012,-0.0122232540587087,0.0525));
#15392=CARTESIAN_POINT('',(-0.0393374625629368,-0.0123690352793188,0.0525));
#15393=CARTESIAN_POINT('',(-0.0394017037603743,-0.012432541451614,0.0525));
#15394=CARTESIAN_POINT('',(-0.0394017037603743,-0.012432541451614,0.0525));
#15395=CARTESIAN_POINT('',(-0.0393374625629368,-0.0123690352793188,0.0525));
#15396=CARTESIAN_POINT('',(-0.039114560288479,-0.0122108419341252,0.0525));
#15397=CARTESIAN_POINT('',(-0.039235360316158,-0.0125529370206349,0.0525));
#15398=CARTESIAN_POINT('',(-0.0392353499065166,-0.0125529080054376,0.0525));
#15399=CARTESIAN_POINT('',(-0.039114560288479,-0.0122108419341252,0.0525));
#15400=CARTESIAN_POINT('',(-0.03903096539991,-0.0119907135845862,0.0524999999999999));
#15401=CARTESIAN_POINT('',(-0.039032185672352,-0.0125888346405398,0.0525));
#15402=CARTESIAN_POINT('',(-0.039032185260044,-0.0125888061931164,0.0525));
#15403=CARTESIAN_POINT('',(-0.03903096539991,-0.0119907135845862,0.0525));
#15404=CARTESIAN_POINT('',(-0.0390273427678185,-0.0119883083430513,0.0524999999999999));
#15405=CARTESIAN_POINT('',(-0.0388666741051675,-0.0125667664315819,0.0525));
#15406=CARTESIAN_POINT('',(-0.0388666696701183,-0.0125667825989322,0.0525));
#15407=CARTESIAN_POINT('',(-0.0390273427678185,-0.0119883083430513,0.0525));
#15408=CARTESIAN_POINT('',(-0.0389605962197645,-0.0122299596867634,0.0524999999999999));
#15409=CARTESIAN_POINT('',(-0.0387305868165936,-0.0124932057350554,0.0525));
#15410=CARTESIAN_POINT('',(-0.0387305346818976,-0.0124932641557075,0.0525));
#15411=CARTESIAN_POINT('',(-0.0389605962197645,-0.0122299596867634,0.0525));
#15412=CARTESIAN_POINT('',(-0.0389964062280165,-0.012196882634515,0.0524999999999999));
#15413=CARTESIAN_POINT('',(-0.0386340751827509,-0.0123625619380245,0.0525));
#15414=CARTESIAN_POINT('',(-0.0386339704190941,-0.0123626060142808,0.0525));
#15415=CARTESIAN_POINT('',(-0.0389964062280165,-0.012196882634515,0.0525));
#15416=CARTESIAN_POINT('',(-0.0391158802158443,-0.012150418079559,0.0524999999999999));
#15417=CARTESIAN_POINT('',(-0.0391158802158443,-0.012150418079559,0.0525));
#15418=CARTESIAN_POINT('',(-0.00164534355699623,0.0223142072815512,0.0525));
#15419=CARTESIAN_POINT('',(-0.0197228522198989,0.0572220494331869,0.0525));
#15420=CARTESIAN_POINT('',(-0.0201123258061263,0.0572220494331869,0.0525));
#15421=CARTESIAN_POINT('',(-0.0201123258061263,0.0572220494331869,0.0525));
#15422=CARTESIAN_POINT('',(-0.0197228522198989,0.0572220494331869,0.0525));
#15423=CARTESIAN_POINT('',(-0.0193333786336716,0.0572220494331869,0.0525));
#15424=CARTESIAN_POINT('',(-0.0193333786336716,0.0572220494331869,0.0525));
#15425=CARTESIAN_POINT('',(-0.0201123258061263,0.0548301623156363,0.0525));
#15426=CARTESIAN_POINT('',(-0.0201123258061263,0.0524382751980857,0.0525));
#15427=CARTESIAN_POINT('',(-0.0201123258061263,0.0524382751980857,0.0525));
#15428=CARTESIAN_POINT('',(-0.0201123258061263,0.0548301623156363,0.0525));
#15429=CARTESIAN_POINT('',(-0.0197228522198989,0.0524382751980857,0.0525));
#15430=CARTESIAN_POINT('',(-0.0193333786336716,0.0524382751980857,0.0525));
#15431=CARTESIAN_POINT('',(-0.0193333786336716,0.0524382751980857,0.0525));
#15432=CARTESIAN_POINT('',(-0.0197228522198989,0.0524382751980857,0.0525));
#15433=CARTESIAN_POINT('',(-0.0193333786336716,0.0548301623156363,0.0525));
#15434=CARTESIAN_POINT('',(-0.0193333786336716,0.0548301623156363,0.0525));
#15435=CARTESIAN_POINT('',(-0.00164534355699623,0.0223142072815512,0.0525));
#15436=CARTESIAN_POINT('',(-0.0150418990115618,0.0535547661452706,0.0525));
#15437=CARTESIAN_POINT('',(-0.0150418990115618,0.0535547661452706,0.053));
#15438=CARTESIAN_POINT('',(-0.0150418990115618,0.0534079778781059,0.0525));
#15439=CARTESIAN_POINT('',(-0.0150418990115618,0.0534079778781059,0.053));
#15440=CARTESIAN_POINT('',(-0.0150225118819362,0.0532923474978393,0.0525));
#15441=CARTESIAN_POINT('',(-0.0150225118819362,0.0532923474978393,0.053));
#15442=CARTESIAN_POINT('',(-0.0149837376226852,0.0532078750044708,0.0525));
#15443=CARTESIAN_POINT('',(-0.0149837376226852,0.0532078750044708,0.053));
#15444=CARTESIAN_POINT('',(-0.0150418990115618,0.0535547661452706,0.0525));
#15445=CARTESIAN_POINT('',(-0.0150418990115618,0.0535547661452706,0.0525));
#15446=CARTESIAN_POINT('',(-0.0150418990115618,0.0535547661452706,0.0525));
#15447=CARTESIAN_POINT('',(-0.0150418990115618,0.0533345837445235,0.0525));
#15448=CARTESIAN_POINT('',(-0.0149837376226852,0.0532078750044708,0.0525));
#15449=CARTESIAN_POINT('',(-0.0149837376226852,0.0532078750044708,0.0525));
#15450=CARTESIAN_POINT('',(-0.0149837376226852,0.0532078750044708,0.0525));
#15451=CARTESIAN_POINT('',(-0.0150418990115618,0.0555182323179712,0.0525));
#15452=CARTESIAN_POINT('',(-0.0150418990115618,0.0574816984906718,0.0525));
#15453=CARTESIAN_POINT('',(-0.0150418990115618,0.0574816984906718,0.0525));
#15454=CARTESIAN_POINT('',(-0.0150418990115618,0.0555182323179712,0.0525));
#15455=CARTESIAN_POINT('',(-0.0154381234732837,0.0574816984906718,0.0525));
#15456=CARTESIAN_POINT('',(-0.0158343479350056,0.0574816984906718,0.0525));
#15457=CARTESIAN_POINT('',(-0.0158343479350056,0.0574816984906718,0.0525));
#15458=CARTESIAN_POINT('',(-0.0154381234732837,0.0574816984906718,0.0525));
#15459=CARTESIAN_POINT('',(-0.0158343479350056,0.0555769130049628,0.0525));
#15460=CARTESIAN_POINT('',(-0.0158343479350056,0.0535942328020083,0.0525));
#15461=CARTESIAN_POINT('',(-0.015834503022033,0.0535942297677541,0.0525));
#15462=CARTESIAN_POINT('',(-0.0158343479350056,0.0555769130049628,0.0525));
#15463=CARTESIAN_POINT('',(-0.0125247712854556,0.0536589841686054,0.0525));
#15464=CARTESIAN_POINT('',(-0.0158182496934416,0.0533210819935343,0.0525));
#15465=CARTESIAN_POINT('',(-0.0158182284547604,0.0533210847008597,0.0525));
#15466=CARTESIAN_POINT('',(-0.0125247712854556,0.0536589841686054,0.0525));
#15467=CARTESIAN_POINT('',(-0.0143227732933696,0.0534696625899878,0.0524999999999998));
#15468=CARTESIAN_POINT('',(-0.0157372391875063,0.0529606891017453,0.0525));
#15469=CARTESIAN_POINT('',(-0.0157371408126798,0.0529607247049159,0.0525));
#15470=CARTESIAN_POINT('',(-0.0143227732933696,0.0534696625899878,0.0525));
#15471=CARTESIAN_POINT('',(-0.0147191735181312,0.0533150361018808,0.0524999999999999));
#15472=CARTESIAN_POINT('',(-0.0155487339717723,0.0526267804138197,0.0525));
#15473=CARTESIAN_POINT('',(-0.0155487339717723,0.0526267804138197,0.0525));
#15474=CARTESIAN_POINT('',(-0.0147191735181312,0.0533150361018808,0.0525));
#15475=CARTESIAN_POINT('',(-0.0152049586196622,0.0524320436207061,0.0525));
#15476=CARTESIAN_POINT('',(-0.0152049586196622,0.0524320436207061,0.053));
#15477=CARTESIAN_POINT('',(-0.0153517468868271,0.0524625091101176,0.0525));
#15478=CARTESIAN_POINT('',(-0.0153517468868271,0.0524625091101176,0.053));
#15479=CARTESIAN_POINT('',(-0.0154663386708637,0.0525274213744888,0.0525));
#15480=CARTESIAN_POINT('',(-0.0154663386708637,0.0525274213744888,0.053));
#15481=CARTESIAN_POINT('',(-0.0155487339717723,0.0526267804138197,0.0525));
#15482=CARTESIAN_POINT('',(-0.0155487339717723,0.0526267804138197,0.053));
#15483=CARTESIAN_POINT('',(-0.0152049586196622,0.0524320436207061,0.0525));
#15484=CARTESIAN_POINT('',(-0.0152049586196622,0.0524320436207061,0.0525));
#15485=CARTESIAN_POINT('',(-0.0152049586196622,0.0524320436207061,0.0525));
#15486=CARTESIAN_POINT('',(-0.0154251410204095,0.0524777418548234,0.0525));
#15487=CARTESIAN_POINT('',(-0.0155487339717723,0.0526267804138197,0.0525));
#15488=CARTESIAN_POINT('',(-0.0149337181671355,0.0540684562340983,0.0525));
#15489=CARTESIAN_POINT('',(-0.0150294358568025,0.0524123102923372,0.0525));
#15490=CARTESIAN_POINT('',(-0.0150294336159046,0.0524123511920295,0.0525));
#15491=CARTESIAN_POINT('',(-0.0149337181671355,0.0540684562340983,0.0525));
#15492=CARTESIAN_POINT('',(-0.0148340898040765,0.0554704971762758,0.0525));
#15493=CARTESIAN_POINT('',(-0.0148341797655739,0.0524060787149576,0.0525));
#15494=CARTESIAN_POINT('',(-0.0148341797655739,0.0524060787149576,0.0525));
#15495=CARTESIAN_POINT('',(-0.014834101620018,0.0554706551603276,0.0524999999999982));
#15496=CARTESIAN_POINT('',(-0.0148348132040718,0.0584944811539822,0.0525));
#15497=CARTESIAN_POINT('',(-0.0146399622705752,0.0524091945036474,0.0525));
#15498=CARTESIAN_POINT('',(-0.0146399630450534,0.052409222306439,0.0525));
#15499=CARTESIAN_POINT('',(-0.0148347469402331,0.058497023332536,0.0525000000000012));
#15500=CARTESIAN_POINT('',(-0.0147282831897473,0.0555861905533916,0.0525));
#15501=CARTESIAN_POINT('',(-0.0144706710850951,0.0524185418697169,0.0525));
#15502=CARTESIAN_POINT('',(-0.0144706690501459,0.0524185212484443,0.0525));
#15503=CARTESIAN_POINT('',(-0.0147282831897473,0.0555861905533916,0.0525));
#15504=CARTESIAN_POINT('',(-0.0146015301571289,0.0543609366590107,0.0525));
#15505=CARTESIAN_POINT('',(-0.0142961869184652,0.0524382543031853,0.0525));
#15506=CARTESIAN_POINT('',(-0.0142961869184652,0.0524382543031853,0.0525));
#15507=CARTESIAN_POINT('',(-0.0146015301571289,0.0543609366590107,0.0525));
#15508=CARTESIAN_POINT('',(-0.0142961869184652,0.0526787102253167,0.0525));
#15509=CARTESIAN_POINT('',(-0.0142961876639239,0.0529192727107725,0.0524999999999994));
#15510=CARTESIAN_POINT('',(-0.0142961872911946,0.0529192727129525,0.0525));
#15511=CARTESIAN_POINT('',(-0.0142961869184652,0.0526787102253167,0.0525));
#15512=CARTESIAN_POINT('',(-0.0143080492686035,0.0549473650898278,0.0524999999999994));
#15513=CARTESIAN_POINT('',(-0.0145849166703884,0.0529383592828016,0.0525));
#15514=CARTESIAN_POINT('',(-0.0145849101936525,0.0529384143210882,0.0525));
#15515=CARTESIAN_POINT('',(-0.0143080492686035,0.0549473650898278,0.0525));
#15516=CARTESIAN_POINT('',(-0.0145024814175938,0.0535695186661197,0.0524999999999999));
#15517=CARTESIAN_POINT('',(-0.0148217166108146,0.0530193697887368,0.0525));
#15518=CARTESIAN_POINT('',(-0.0148218302864707,0.0530191809427416,0.0525));
#15519=CARTESIAN_POINT('',(-0.0145024814175938,0.0535695186661197,0.0525));
#15520=CARTESIAN_POINT('',(-0.0146046733344911,0.0533676260316743,0.0525));
#15521=CARTESIAN_POINT('',(-0.0146046733344911,0.0533676260316743,0.0525));
#15522=CARTESIAN_POINT('',(-0.00164534355699623,0.0223142072815512,0.0525));
#15523=CARTESIAN_POINT('',(-0.00800003704221492,0.0535649937531668,0.0525));
#15524=CARTESIAN_POINT('',(-0.0108096193745584,0.0535225696621425,0.0525));
#15525=CARTESIAN_POINT('',(-0.0108096838829925,0.053522568688079,0.05250000025));
#15526=CARTESIAN_POINT('',(-0.00800003704221492,0.0535649937531668,0.0525));
#15527=CARTESIAN_POINT('',(-0.0108033506489092,0.0533698986776125,0.052500000000008));
#15528=CARTESIAN_POINT('',(-0.0108033877971788,0.0533698960163414,0.0525));
#15529=CARTESIAN_POINT('',(-0.0108096193745584,0.053548534567891,0.0525));
#15530=CARTESIAN_POINT('',(-0.0108096193745584,0.0544178396123503,0.0525));
#15531=CARTESIAN_POINT('',(-0.0108096140209275,0.054417839614055,0.0525));
#15532=CARTESIAN_POINT('',(-0.0108096193745584,0.053548534567891,0.0525));
#15533=CARTESIAN_POINT('',(-0.017384067619492,0.054415746203543,0.0524999999999977));
#15534=CARTESIAN_POINT('',(-0.0108257176161225,0.0548758605497536,0.0525));
#15535=CARTESIAN_POINT('',(-0.0108257222489304,0.0548758602237663,0.0525));
#15536=CARTESIAN_POINT('',(-0.017384067619492,0.054415746203543,0.0525));
#15537=CARTESIAN_POINT('',(-0.014410316617082,0.0546253290436173,0.0524999999999993));
#15538=CARTESIAN_POINT('',(-0.0108875140918039,0.0553338814871569,0.0525));
#15539=CARTESIAN_POINT('',(-0.010887902251308,0.0553338134112813,0.0525));
#15540=CARTESIAN_POINT('',(-0.014412231237464,0.0546251740496054,0.0525000000000001));
#15541=CARTESIAN_POINT('',(-0.0118128095939037,0.0551716472221209,0.0524999999999999));
#15542=CARTESIAN_POINT('',(-0.0110469386130996,0.0557129691110849,0.0525));
#15543=CARTESIAN_POINT('',(-0.0110467291659122,0.0557131148798522,0.0525));
#15544=CARTESIAN_POINT('',(-0.0118128095939037,0.0551716472221209,0.0525));
#15545=CARTESIAN_POINT('',(-0.0117883547685709,0.0551721634176602,0.0524999999999999));
#15546=CARTESIAN_POINT('',(-0.0113128192479641,0.0559565199270057,0.0525));
#15547=CARTESIAN_POINT('',(-0.0113127680223837,0.0559566048107526,0.0525));
#15548=CARTESIAN_POINT('',(-0.0117883547685709,0.0551721634176602,0.0525));
#15549=CARTESIAN_POINT('',(-0.0118664924332959,0.0550177655596294,0.0524999999999999));
#15550=CARTESIAN_POINT('',(-0.0116503630226944,0.0560863444557481,0.0525));
#15551=CARTESIAN_POINT('',(-0.0116503775524414,0.0560862705243253,0.0525));
#15552=CARTESIAN_POINT('',(-0.0118664924332959,0.0550177655596294,0.0525));
#15553=CARTESIAN_POINT('',(-0.0120266725562128,0.0542840133825158,0.0524999999999997));
#15554=CARTESIAN_POINT('',(-0.0120299699447373,0.0561252918143708,0.0525));
#15555=CARTESIAN_POINT('',(-0.0120299699815924,0.056125243845385,0.0525));
#15556=CARTESIAN_POINT('',(-0.0120266725562128,0.0542840133825158,0.0525));
#15557=CARTESIAN_POINT('',(-0.0120374167454857,0.0538085588543369,0.0524999999999996));
#15558=CARTESIAN_POINT('',(-0.0124422926480233,0.0560894602444379,0.0525));
#15559=CARTESIAN_POINT('',(-0.0124422879956517,0.0560894328125807,0.0525));
#15560=CARTESIAN_POINT('',(-0.0120374167454857,0.0538085588543369,0.0525));
#15561=CARTESIAN_POINT('',(-0.0120135648675822,0.0536428627036595,0.0524999999999995));
#15562=CARTESIAN_POINT('',(-0.0128094364153069,0.0559954672856284,0.0525));
#15563=CARTESIAN_POINT('',(-0.0128094249877948,0.0559954318734788,0.0525));
#15564=CARTESIAN_POINT('',(-0.0120135648675822,0.0536428627036595,0.0525));
#15565=CARTESIAN_POINT('',(-0.0122613071634324,0.0543564975229489,0.0524999999999997));
#15566=CARTESIAN_POINT('',(-0.0131080328314145,0.0558625269681961,0.0525));
#15567=CARTESIAN_POINT('',(-0.0131079405333817,0.0558623485666575,0.0525));
#15568=CARTESIAN_POINT('',(-0.0122613071634324,0.0543564975229489,0.0525));
#15569=CARTESIAN_POINT('',(-0.0127248214082622,0.0551446212729441,0.0524999999999999));
#15570=CARTESIAN_POINT('',(-0.0133026650380689,0.055716720987759,0.0525));
#15571=CARTESIAN_POINT('',(-0.0133026650380689,0.055716720987759,0.0525));
#15572=CARTESIAN_POINT('',(-0.0127248214082622,0.0551446212729441,0.0525));
#15573=CARTESIAN_POINT('',(-0.0131563275561067,0.0554922674122227,0.0525));
#15574=CARTESIAN_POINT('',(-0.0130104705450768,0.0552685507867641,0.0525));
#15575=CARTESIAN_POINT('',(-0.0130104705450768,0.0552685507867641,0.0525));
#15576=CARTESIAN_POINT('',(-0.0131563275561067,0.0554922674122227,0.0525));
#15577=CARTESIAN_POINT('',(-0.0111485846456361,0.0529185037755675,0.0525));
#15578=CARTESIAN_POINT('',(-0.0128899276231272,0.0553593270947905,0.0525));
#15579=CARTESIAN_POINT('',(-0.012889944260355,0.0553593508730323,0.0525));
#15580=CARTESIAN_POINT('',(-0.0111485846456361,0.0529185037755675,0.0525));
#15581=CARTESIAN_POINT('',(-0.0122554849878272,0.0544649252688883,0.0524999999999997));
#15582=CARTESIAN_POINT('',(-0.0127019417055081,0.0554668218045892,0.0525));
#15583=CARTESIAN_POINT('',(-0.0127019314335735,0.0554667980200105,0.0525));
#15584=CARTESIAN_POINT('',(-0.0122554849878272,0.0544649252688883,0.0525));
#15585=CARTESIAN_POINT('',(-0.012047925659785,0.0540132318238,0.0524999999999996));
#15586=CARTESIAN_POINT('',(-0.0124682575537718,0.0555509480992143,0.0525));
#15587=CARTESIAN_POINT('',(-0.0124682612264317,0.0555509618190788,0.0525));
#15588=CARTESIAN_POINT('',(-0.012047925659785,0.0540132318238,0.0525));
#15589=CARTESIAN_POINT('',(-0.0122059469407664,0.0545879068853154,0.0524999999999999));
#15590=CARTESIAN_POINT('',(-0.0121992611302174,0.0555862603710322,0.0525));
#15591=CARTESIAN_POINT('',(-0.0121992603739259,0.0555861076318948,0.0525));
#15592=CARTESIAN_POINT('',(-0.0122059469407664,0.0545879068853154,0.0525));
#15593=CARTESIAN_POINT('',(-0.0121786640915514,0.0541559515851298,0.0524999999999997));
#15594=CARTESIAN_POINT('',(-0.0119297454085481,0.0555639305520885,0.0525));
#15595=CARTESIAN_POINT('',(-0.0119297207460051,0.0555640772856775,0.0525));
#15596=CARTESIAN_POINT('',(-0.0121786640915514,0.0541559515851298,0.0525));
#15597=CARTESIAN_POINT('',(-0.0119922327830285,0.0552336168769558,0.0525));
#15598=CARTESIAN_POINT('',(-0.0117381244041243,0.055453839351715,0.0525));
#15599=CARTESIAN_POINT('',(-0.0117381244041243,0.055453839351715,0.0525));
#15600=CARTESIAN_POINT('',(-0.0119922327830285,0.0552336168769558,0.0525));
#15601=CARTESIAN_POINT('',(-0.0116275139056357,0.0551775727545511,0.0525));
#15602=CARTESIAN_POINT('',(-0.0116275139056357,0.0551775727545511,0.053));
#15603=CARTESIAN_POINT('',(-0.0116493244264645,0.0553032428983738,0.0525));
#15604=CARTESIAN_POINT('',(-0.0116493244264645,0.0553032428983738,0.053));
#15605=CARTESIAN_POINT('',(-0.0116861945926273,0.0553953317640951,0.0525));
#15606=CARTESIAN_POINT('',(-0.0116861945926273,0.0553953317640951,0.053));
#15607=CARTESIAN_POINT('',(-0.0117381244041243,0.055453839351715,0.0525));
#15608=CARTESIAN_POINT('',(-0.0117381244041243,0.055453839351715,0.053));
#15609=CARTESIAN_POINT('',(-0.0116275139056357,0.0551775727545511,0.0525));
#15610=CARTESIAN_POINT('',(-0.0116275139056357,0.0551775727545511,0.0525));
#15611=CARTESIAN_POINT('',(-0.0116275139056357,0.0551775727545511,0.0525));
#15612=CARTESIAN_POINT('',(-0.0116602296868788,0.0553660779702851,0.0525));
#15613=CARTESIAN_POINT('',(-0.0117381244041243,0.055453839351715,0.0525));
#15614=CARTESIAN_POINT('',(-0.014776679335526,0.0547307357656198,0.0524999999999996));
#15615=CARTESIAN_POINT('',(-0.0115947981243927,0.0546712570924556,0.0525));
#15616=CARTESIAN_POINT('',(-0.0115951885515601,0.0546712643906821,0.05250000025));
#15617=CARTESIAN_POINT('',(-0.014776679335526,0.0547307357656198,0.0525));
#15618=CARTESIAN_POINT('',(-0.0115947981243927,0.0539863028788105,0.0525));
#15619=CARTESIAN_POINT('',(-0.0115947981243927,0.0533013956098737,0.0525));
#15620=CARTESIAN_POINT('',(-0.0115947981243927,0.0533013956098737,0.0525));
#15621=CARTESIAN_POINT('',(-0.0115947981243927,0.0539863028788105,0.0525));
#15622=CARTESIAN_POINT('',(-0.0123944619082284,0.053862304880089,0.0524999999999999));
#15623=CARTESIAN_POINT('',(-0.0118129033326799,0.0530775311776134,0.0525));
#15624=CARTESIAN_POINT('',(-0.011812903144375,0.0530775309235087,0.0525));
#15625=CARTESIAN_POINT('',(-0.0123944619082284,0.053862304880089,0.0525));
#15626=CARTESIAN_POINT('',(-0.0122362490444407,0.0536462416581642,0.0524999999999999));
#15627=CARTESIAN_POINT('',(-0.0120954015072235,0.0529514012342232,0.0525));
#15628=CARTESIAN_POINT('',(-0.0120954015072235,0.0529514012342232,0.0525));
#15629=CARTESIAN_POINT('',(-0.0122362490444407,0.0536462416581642,0.0525));
#15630=CARTESIAN_POINT('',(-0.0120954015072235,0.0527046751310652,0.0525));
#15631=CARTESIAN_POINT('',(-0.0120954015072235,0.0524581986909915,0.0525));
#15632=CARTESIAN_POINT('',(-0.0120954015072235,0.0524581986909915,0.0525));
#15633=CARTESIAN_POINT('',(-0.0120954015072235,0.0527046751310652,0.0525));
#15634=CARTESIAN_POINT('',(-0.0124160226609464,0.0537796651676173,0.0524999999999999));
#15635=CARTESIAN_POINT('',(-0.0116700963510633,0.0526428786553838,0.0525));
#15636=CARTESIAN_POINT('',(-0.0116700963510633,0.0526428786553838,0.0525));
#15637=CARTESIAN_POINT('',(-0.0124160226609464,0.0537796651676173,0.0525));
#15638=CARTESIAN_POINT('',(-0.0114130437841532,0.0529316084073069,0.0525));
#15639=CARTESIAN_POINT('',(-0.0114130437841532,0.0529316084073069,0.053));
#15640=CARTESIAN_POINT('',(-0.0114566648258107,0.0528235943993932,0.0525));
#15641=CARTESIAN_POINT('',(-0.0114566648258107,0.0528235943993932,0.053));
#15642=CARTESIAN_POINT('',(-0.0115423490147807,0.0527273511487522,0.0525));
#15643=CARTESIAN_POINT('',(-0.0115423490147807,0.0527273511487522,0.053));
#15644=CARTESIAN_POINT('',(-0.0116700963510633,0.0526428786553838,0.0525));
#15645=CARTESIAN_POINT('',(-0.0116700963510633,0.0526428786553838,0.053));
#15646=CARTESIAN_POINT('',(-0.0114130437841532,0.0529316084073069,0.0525));
#15647=CARTESIAN_POINT('',(-0.0114130437841532,0.0529316084073069,0.0525));
#15648=CARTESIAN_POINT('',(-0.0114130437841532,0.0529316084073069,0.0525));
#15649=CARTESIAN_POINT('',(-0.0114784753466394,0.0527695873954364,0.0525));
#15650=CARTESIAN_POINT('',(-0.0116700963510633,0.0526428786553838,0.0525));
#15651=CARTESIAN_POINT('',(-0.0107625594852877,0.0531316838292174,0.0524999999999999));
#15652=CARTESIAN_POINT('',(-0.0113190508253437,0.0527399874028831,0.0525));
#15653=CARTESIAN_POINT('',(-0.0113190737399603,0.0527399711839355,0.0525));
#15654=CARTESIAN_POINT('',(-0.0107625594852877,0.0531316838292174,0.0525));
#15655=CARTESIAN_POINT('',(-0.0106692902323914,0.0532006729379829,0.0524999999999999));
#15656=CARTESIAN_POINT('',(-0.0111700122663474,0.0525810821797024,0.0525));
#15657=CARTESIAN_POINT('',(-0.0111699697032623,0.0525811341382141,0.0525));
#15658=CARTESIAN_POINT('',(-0.0106692902323914,0.0532006729379829,0.0525));
#15659=CARTESIAN_POINT('',(-0.0107067184575869,0.0531391631410492,0.0524999999999999));
#15660=CARTESIAN_POINT('',(-0.010988257926108,0.0524709909793288,0.0525));
#15661=CARTESIAN_POINT('',(-0.0109882205921802,0.0524710728009523,0.0525));
#15662=CARTESIAN_POINT('',(-0.0107067184575869,0.0531391631410492,0.0525));
#15663=CARTESIAN_POINT('',(-0.0107989002437868,0.0529030119739869,0.0524999999999999));
#15664=CARTESIAN_POINT('',(-0.0108097618491099,0.0524317451365206,0.0525));
#15665=CARTESIAN_POINT('',(-0.0108097618491099,0.0524317451365206,0.0525));
#15666=CARTESIAN_POINT('',(-0.0107989002437868,0.0529030119739869,0.0525));
#15667=CARTESIAN_POINT('',(-0.0107057597515645,0.0526496295308784,0.0525));
#15668=CARTESIAN_POINT('',(-0.0106021381329412,0.0528667168218941,0.0525));
#15669=CARTESIAN_POINT('',(-0.0106021381329412,0.0528667168218942,0.0525));
#15670=CARTESIAN_POINT('',(-0.0107057597515645,0.0526496295308784,0.0525));
#15671=CARTESIAN_POINT('',(-0.0105233144038731,0.0530598393033964,0.0525));
#15672=CARTESIAN_POINT('',(-0.0107156264157489,0.0529773066414243,0.0525));
#15673=CARTESIAN_POINT('',(-0.0107153726516695,0.0529774119469088,0.0525));
#15674=CARTESIAN_POINT('',(-0.0105233144038731,0.0530598393033964,0.0525));
#15675=CARTESIAN_POINT('',(-0.0100698027308415,0.0532927069893694,0.0524999999999999));
#15676=CARTESIAN_POINT('',(-0.0107774228914303,0.0531652925590433,0.0525));
#15677=CARTESIAN_POINT('',(-0.0107773542061799,0.0531653047132116,0.0525));
#15678=CARTESIAN_POINT('',(-0.0100698027308415,0.0532927069893694,0.0525));
#15679=CARTESIAN_POINT('',(-0.00916925266063139,0.0534737336959624,0.0524999999999993));
#15680=CARTESIAN_POINT('',(-0.00916925266063139,0.0534737336959624,0.0525));
#15681=CARTESIAN_POINT('',(-0.00164534355699623,0.0223142072815512,0.0525));
#15682=CARTESIAN_POINT('',(-0.0128286504455607,0.0535423029905114,0.0525));
#15683=CARTESIAN_POINT('',(-0.0128286504455607,0.0535423029905114,0.053));
#15684=CARTESIAN_POINT('',(-0.0128286504455607,0.0533470468992827,0.0525));
#15685=CARTESIAN_POINT('',(-0.0128286504455607,0.0533470468992827,0.053));
#15686=CARTESIAN_POINT('',(-0.0127886644907081,0.0532018165264628,0.0525));
#15687=CARTESIAN_POINT('',(-0.0127886644907081,0.0532018165264628,0.053));
#15688=CARTESIAN_POINT('',(-0.0127086925810027,0.0531066118720517,0.0525));
#15689=CARTESIAN_POINT('',(-0.0127086925810027,0.0531066118720517,0.053));
#15690=CARTESIAN_POINT('',(-0.0128286504455607,0.0535423029905114,0.0525));
#15691=CARTESIAN_POINT('',(-0.0128286504455607,0.0535423029905114,0.0525));
#15692=CARTESIAN_POINT('',(-0.0128286504455607,0.0535423029905114,0.0525));
#15693=CARTESIAN_POINT('',(-0.0128286504455607,0.0532494188536684,0.0525));
#15694=CARTESIAN_POINT('',(-0.0127086925810027,0.0531066118720517,0.0525));
#15695=CARTESIAN_POINT('',(-0.0127086925810027,0.0531066118720517,0.0525));
#15696=CARTESIAN_POINT('',(-0.0127086925810027,0.0531066118720517,0.0525));
#15697=CARTESIAN_POINT('',(-0.0127476399396255,0.0538829625539315,0.0525));
#15698=CARTESIAN_POINT('',(-0.0127476399396255,0.0538829625539315,0.053));
#15699=CARTESIAN_POINT('',(-0.0128016469435823,0.0537943356756434,0.0525));
#15700=CARTESIAN_POINT('',(-0.0128016469435823,0.0537943356756434,0.053));
#15701=CARTESIAN_POINT('',(-0.0128286504455607,0.0536807824878367,0.0525));
#15702=CARTESIAN_POINT('',(-0.0128286504455607,0.0536807824878367,0.053));
#15703=CARTESIAN_POINT('',(-0.0128286504455607,0.0535423029905114,0.0525));
#15704=CARTESIAN_POINT('',(-0.0128286504455607,0.0535423029905114,0.053));
#15705=CARTESIAN_POINT('',(-0.0127476399396255,0.0538829625539315,0.0525));
#15706=CARTESIAN_POINT('',(-0.0127476399396255,0.0538829625539315,0.0525));
#15707=CARTESIAN_POINT('',(-0.0127476399396255,0.0538829625539315,0.0525));
#15708=CARTESIAN_POINT('',(-0.0128286504455607,0.0537500222364993,0.0525));
#15709=CARTESIAN_POINT('',(-0.0128286504455607,0.0535423029905114,0.0525));
#15710=CARTESIAN_POINT('',(-0.012251835482445,0.0535921206787787,0.0525));
#15711=CARTESIAN_POINT('',(-0.0125430364823274,0.0540870467131146,0.0525));
#15712=CARTESIAN_POINT('',(-0.0125430989392987,0.0540871519696753,0.0525));
#15713=CARTESIAN_POINT('',(-0.012251835482445,0.0535921206787787,0.0525));
#15714=CARTESIAN_POINT('',(-0.0121314496601373,0.0533712597077846,0.0524999999999999));
#15715=CARTESIAN_POINT('',(-0.0122766365493479,0.054184155460614,0.0525));
#15716=CARTESIAN_POINT('',(-0.0122766260451818,0.0541840982165971,0.0525));
#15717=CARTESIAN_POINT('',(-0.0121314496601373,0.0533712597077846,0.0525));
#15718=CARTESIAN_POINT('',(-0.0119948186721338,0.0526831264707811,0.0524999999999996));
#15719=CARTESIAN_POINT('',(-0.0120040050389888,0.0542101203663624,0.0525));
#15720=CARTESIAN_POINT('',(-0.0120040053926297,0.0542101791499326,0.05250000025));
#15721=CARTESIAN_POINT('',(-0.0119948186721338,0.0526831264707811,0.0525));
#15722=CARTESIAN_POINT('',(-0.011932861197238,0.0542101203663624,0.0525));
#15723=CARTESIAN_POINT('',(-0.0118617173554871,0.0542101203663624,0.0525));
#15724=CARTESIAN_POINT('',(-0.0118617173554871,0.0542101203663624,0.0525));
#15725=CARTESIAN_POINT('',(-0.011932861197238,0.0542101203663624,0.0525));
#15726=CARTESIAN_POINT('',(-0.0118617173554871,0.054440688729409,0.0525));
#15727=CARTESIAN_POINT('',(-0.0118617173554871,0.0546712570924556,0.0525));
#15728=CARTESIAN_POINT('',(-0.0118617173554871,0.0546712570924556,0.0525));
#15729=CARTESIAN_POINT('',(-0.0118617173554871,0.054440688729409,0.0525));
#15730=CARTESIAN_POINT('',(-0.0120045243371038,0.0546712570924556,0.0525));
#15731=CARTESIAN_POINT('',(-0.0121473313187205,0.0546712570924556,0.0525));
#15732=CARTESIAN_POINT('',(-0.0121473313191336,0.0546712636600985,0.0525));
#15733=CARTESIAN_POINT('',(-0.0120045243371038,0.0546712570924556,0.0525));
#15734=CARTESIAN_POINT('',(-0.012147207756778,0.0527069116297427,0.0524999999999998));
#15735=CARTESIAN_POINT('',(-0.0126598785581956,0.0546032290393945,0.0525));
#15736=CARTESIAN_POINT('',(-0.0126598379108225,0.0546030732043389,0.0525));
#15737=CARTESIAN_POINT('',(-0.012147207756778,0.0527069116297427,0.0525));
#15738=CARTESIAN_POINT('',(-0.0123065712839223,0.0532395766436492,0.0524999999999999));
#15739=CARTESIAN_POINT('',(-0.0131106293219893,0.0543955097934066,0.0525));
#15740=CARTESIAN_POINT('',(-0.0131107079515556,0.0543956228731273,0.0525));
#15741=CARTESIAN_POINT('',(-0.0123065712839223,0.0532395766436492,0.0525));
#15742=CARTESIAN_POINT('',(-0.0124616671421077,0.0534810382811405,0.0524999999999999));
#15743=CARTESIAN_POINT('',(-0.0134351906438454,0.0540382326903075,0.0525));
#15744=CARTESIAN_POINT('',(-0.0134351906438454,0.0540382326903075,0.0525));
#15745=CARTESIAN_POINT('',(-0.0124616671421077,0.0534810382811405,0.0525));
#15746=CARTESIAN_POINT('',(-0.013561899383898,0.0535225696621425,0.0525));
#15747=CARTESIAN_POINT('',(-0.013561899383898,0.0535225696621425,0.053));
#15748=CARTESIAN_POINT('',(-0.013561899383898,0.0537212877408042,0.0525));
#15749=CARTESIAN_POINT('',(-0.013561899383898,0.0537212877408042,0.053));
#15750=CARTESIAN_POINT('',(-0.0135196631372138,0.0538931754168592,0.0525));
#15751=CARTESIAN_POINT('',(-0.0135196631372138,0.0538931754168592,0.053));
#15752=CARTESIAN_POINT('',(-0.0134351906438454,0.0540382326903075,0.0525));
#15753=CARTESIAN_POINT('',(-0.0134351906438454,0.0540382326903075,0.053));
#15754=CARTESIAN_POINT('',(-0.013561899383898,0.0535225696621425,0.0525));
#15755=CARTESIAN_POINT('',(-0.013561899383898,0.0535225696621425,0.0525));
#15756=CARTESIAN_POINT('',(-0.013561899383898,0.0535225696621425,0.0525));
#15757=CARTESIAN_POINT('',(-0.013561899383898,0.0538206467801351,0.0525));
#15758=CARTESIAN_POINT('',(-0.0134351906438454,0.0540382326903075,0.0525));
#15759=CARTESIAN_POINT('',(-0.0134741380024681,0.0529965206716782,0.0525));
#15760=CARTESIAN_POINT('',(-0.0134741380024681,0.0529965206716782,0.053));
#15761=CARTESIAN_POINT('',(-0.0135326455900881,0.0531395007526665,0.0525));
#15762=CARTESIAN_POINT('',(-0.0135326455900881,0.0531395007526665,0.053));
#15763=CARTESIAN_POINT('',(-0.013561899383898,0.0533148504161546,0.0525));
#15764=CARTESIAN_POINT('',(-0.013561899383898,0.0533148504161546,0.053));
#15765=CARTESIAN_POINT('',(-0.013561899383898,0.0535225696621425,0.0525));
#15766=CARTESIAN_POINT('',(-0.013561899383898,0.0535225696621425,0.053));
#15767=CARTESIAN_POINT('',(-0.0134741380024681,0.0529965206716782,0.0525));
#15768=CARTESIAN_POINT('',(-0.0134741380024681,0.0529965206716782,0.0525));
#15769=CARTESIAN_POINT('',(-0.0134741380024681,0.0529965206716782,0.0525));
#15770=CARTESIAN_POINT('',(-0.013561899383898,0.0532109907931607,0.0525));
#15771=CARTESIAN_POINT('',(-0.013561899383898,0.0535225696621425,0.0525));
#15772=CARTESIAN_POINT('',(-0.0126663225455228,0.0533065737612359,0.0525));
#15773=CARTESIAN_POINT('',(-0.0132305871865473,0.0526522260214532,0.0525));
#15774=CARTESIAN_POINT('',(-0.0132307741576653,0.0526520110908838,0.0525));
#15775=CARTESIAN_POINT('',(-0.0126663225455228,0.0533065737612359,0.0525));
#15776=CARTESIAN_POINT('',(-0.0126122252421381,0.0533993011700901,0.0524999999999999));
#15777=CARTESIAN_POINT('',(-0.0128707135928733,0.0524642401038342,0.0525));
#15778=CARTESIAN_POINT('',(-0.0128706992218038,0.052464294029991,0.0525));
#15779=CARTESIAN_POINT('',(-0.0126122252421381,0.0533993011700901,0.0525));
#15780=CARTESIAN_POINT('',(-0.0124516458656941,0.0539502626303603,0.0524999999999999));
#15781=CARTESIAN_POINT('',(-0.0124454084367131,0.0524060787149576,0.0525));
#15782=CARTESIAN_POINT('',(-0.0124454068796918,0.052406194096253,0.0525));
#15783=CARTESIAN_POINT('',(-0.0124516458656941,0.0539502626303603,0.0525));
#15784=CARTESIAN_POINT('',(-0.0124319406273118,0.052832163218629,0.0525));
#15785=CARTESIAN_POINT('',(-0.012361282142088,0.0524119964032068,0.0525));
#15786=CARTESIAN_POINT('',(-0.012361282142088,0.0524119964032068,0.0525));
#15787=CARTESIAN_POINT('',(-0.0124319406273118,0.052832163218629,0.0525));
#15788=CARTESIAN_POINT('',(-0.012361282142088,0.0526750751385119,0.0525));
#15789=CARTESIAN_POINT('',(-0.012361282142088,0.0529378399846866,0.0525));
#15790=CARTESIAN_POINT('',(-0.012361282142088,0.0529378399846866,0.0525));
#15791=CARTESIAN_POINT('',(-0.012361282142088,0.0526750751385119,0.0525));
#15792=CARTESIAN_POINT('',(-0.0127086925810027,0.0531066118720517,0.0525));
#15793=CARTESIAN_POINT('',(-0.0127086925810027,0.0531066118720517,0.053));
#15794=CARTESIAN_POINT('',(-0.0126287206712974,0.0530114072176406,0.0525));
#15795=CARTESIAN_POINT('',(-0.0126287206712974,0.0530114072176406,0.053));
#15796=CARTESIAN_POINT('',(-0.0125129171916592,0.0529551499218523,0.0525));
#15797=CARTESIAN_POINT('',(-0.0125129171916592,0.0529551499218523,0.053));
#15798=CARTESIAN_POINT('',(-0.012361282142088,0.0529378399846866,0.0525));
#15799=CARTESIAN_POINT('',(-0.012361282142088,0.0529378399846866,0.053));
#15800=CARTESIAN_POINT('',(-0.0127086925810027,0.0531066118720517,0.0525));
#15801=CARTESIAN_POINT('',(-0.0125887347164447,0.0529638048904351,0.0525));
#15802=CARTESIAN_POINT('',(-0.012361282142088,0.0529378399846866,0.0525));
#15803=CARTESIAN_POINT('',(-0.00164534355699623,0.0223142072815512,0.0525));
#15804=CARTESIAN_POINT('',(-0.008826419873489,0.0559113409910033,0.0525));
#15805=CARTESIAN_POINT('',(-0.00886848302080154,0.0560993269086223,0.0525));
#15806=CARTESIAN_POINT('',(-0.00886848302080154,0.0560993269086223,0.0525));
#15807=CARTESIAN_POINT('',(-0.008826419873489,0.0559113409910033,0.0525));
#15808=CARTESIAN_POINT('',(-0.00878435672617645,0.0557233550733843,0.0525));
#15809=CARTESIAN_POINT('',(-0.00878435672617645,0.0557233550733843,0.0525));
#15810=CARTESIAN_POINT('',(-0.00921900924840612,0.0560993269086223,0.0525));
#15811=CARTESIAN_POINT('',(-0.00956953547601069,0.0560993269086223,0.0525));
#15812=CARTESIAN_POINT('',(-0.00956953547601069,0.0560993269086223,0.0525));
#15813=CARTESIAN_POINT('',(-0.00921900924840612,0.0560993269086223,0.0525));
#15814=CARTESIAN_POINT('',(-0.00956953547601069,0.054268801053354,0.0525));
#15815=CARTESIAN_POINT('',(-0.00956953547601069,0.0524382751980857,0.0525));
#15816=CARTESIAN_POINT('',(-0.00956953547601069,0.0524382751980857,0.0525));
#15817=CARTESIAN_POINT('',(-0.00956953547601069,0.054268801053354,0.0525));
#15818=CARTESIAN_POINT('',(-0.00917694610109357,0.0524382751980857,0.0525));
#15819=CARTESIAN_POINT('',(-0.00878435672617645,0.0524382751980857,0.0525));
#15820=CARTESIAN_POINT('',(-0.00878435672617645,0.0524382751980857,0.0525));
#15821=CARTESIAN_POINT('',(-0.00917694610109357,0.0524382751980857,0.0525));
#15822=CARTESIAN_POINT('',(-0.00878435672617645,0.0530811662644182,0.0525));
#15823=CARTESIAN_POINT('',(-0.00878435672617645,0.0530811662644182,0.0525));
#15824=CARTESIAN_POINT('',(-0.00164534355699623,0.0223142072815512,0.0525));
#15825=CARTESIAN_POINT('',(-0.00785841043998152,0.0546926468875509,0.0524999999999999));
#15826=CARTESIAN_POINT('',(-0.00851847609131194,0.055937992717939,0.0525));
#15827=CARTESIAN_POINT('',(-0.00851847609131194,0.055937992717939,0.0525));
#15828=CARTESIAN_POINT('',(-0.00785841043998152,0.0546926468875509,0.0525));
#15829=CARTESIAN_POINT('',(-0.00812900250508464,0.0560764777915637,0.0525));
#15830=CARTESIAN_POINT('',(-0.00812900250508464,0.0560764777915637,0.0525));
#15831=CARTESIAN_POINT('',(-0.00851847609131194,0.0556059936994011,0.0525));
#15832=CARTESIAN_POINT('',(-0.00851847609131194,0.0552747633578682,0.0525));
#15833=CARTESIAN_POINT('',(-0.00851847609131194,0.0552747633578682,0.0525));
#15834=CARTESIAN_POINT('',(-0.00851847609131194,0.0556059936994011,0.0525));
#15835=CARTESIAN_POINT('',(-0.00800845538985252,0.0538083560824346,0.0524999999999997));
#15836=CARTESIAN_POINT('',(-0.00824272879226301,0.0553432288532264,0.0525));
#15837=CARTESIAN_POINT('',(-0.00824272280870358,0.0553431895273145,0.0525));
#15838=CARTESIAN_POINT('',(-0.00800845538985252,0.0538083560824346,0.0525));
#15839=CARTESIAN_POINT('',(-0.00795111782380452,0.0534986617338041,0.0524999999999995));
#15840=CARTESIAN_POINT('',(-0.00795347974222487,0.0553660779702851,0.0525));
#15841=CARTESIAN_POINT('',(-0.0079534811298456,0.0553657367673495,0.0525));
#15842=CARTESIAN_POINT('',(-0.00795111782380452,0.0534986617338041,0.0525));
#15843=CARTESIAN_POINT('',(-0.00796025675362922,0.0535642196327101,0.0524999999999998));
#15844=CARTESIAN_POINT('',(-0.00751207634450059,0.0553087296629032,0.0525));
#15845=CARTESIAN_POINT('',(-0.00751207634450059,0.0553087296629032,0.0525));
#15846=CARTESIAN_POINT('',(-0.00796025675362922,0.0535642196327101,0.0525));
#15847=CARTESIAN_POINT('',(-0.00751207634450059,0.0557166041978896,0.0525));
#15848=CARTESIAN_POINT('',(-0.00751207634450059,0.0561252918143708,0.0525));
#15849=CARTESIAN_POINT('',(-0.00751207634450059,0.0561252918143708,0.0525));
#15850=CARTESIAN_POINT('',(-0.00751207634450059,0.0557166041978896,0.0525));
#15851=CARTESIAN_POINT('',(-0.00812900250508464,0.0560764777915637,0.0525));
#15852=CARTESIAN_POINT('',(-0.00812900250508464,0.0560764777915637,0.053));
#15853=CARTESIAN_POINT('',(-0.00797736745551347,0.0561090204734351,0.0525));
#15854=CARTESIAN_POINT('',(-0.00797736745551347,0.0561090204734351,0.053));
#15855=CARTESIAN_POINT('',(-0.00777172540198546,0.0561252918143708,0.0525));
#15856=CARTESIAN_POINT('',(-0.00777172540198546,0.0561252918143708,0.053));
#15857=CARTESIAN_POINT('',(-0.00751207634450059,0.0561252918143708,0.0525));
#15858=CARTESIAN_POINT('',(-0.00751207634450059,0.0561252918143708,0.053));
#15859=CARTESIAN_POINT('',(-0.00812900250508464,0.0560764777915637,0.0525));
#15860=CARTESIAN_POINT('',(-0.00790154993072789,0.0561252918143708,0.0525));
#15861=CARTESIAN_POINT('',(-0.00751207634450059,0.0561252918143708,0.0525));
#15862=CARTESIAN_POINT('',(-0.00164534355699623,0.0223142072815512,0.0525));
#15863=CARTESIAN_POINT('',(-0.00502643786885148,0.0543099922788671,0.0524999999999994));
#15864=CARTESIAN_POINT('',(-0.00499971206427701,0.0530489697812901,0.0525));
#15865=CARTESIAN_POINT('',(-0.00499971206427701,0.0530489697812901,0.0525));
#15866=CARTESIAN_POINT('',(-0.00502643786885148,0.0543099922788671,0.0525));
#15867=CARTESIAN_POINT('',(-0.00482107801781593,0.0530650930932964,0.052500000000001));
#15868=CARTESIAN_POINT('',(-0.00482107351272742,0.0530650680228542,0.0525));
#15869=CARTESIAN_POINT('',(-0.00546344528094498,0.0531429627400996,0.0525));
#15870=CARTESIAN_POINT('',(-0.00546344528094498,0.0531429627400996,0.053));
#15871=CARTESIAN_POINT('',(-0.00533569794466243,0.0530803007675599,0.0525));
#15872=CARTESIAN_POINT('',(-0.00533569794466243,0.0530803007675599,0.053));
#15873=CARTESIAN_POINT('',(-0.0051811202057731,0.0530489697812901,0.0525));
#15874=CARTESIAN_POINT('',(-0.0051811202057731,0.0530489697812901,0.053));
#15875=CARTESIAN_POINT('',(-0.00499971206427701,0.0530489697812901,0.0525));
#15876=CARTESIAN_POINT('',(-0.00499971206427701,0.0530489697812901,0.053));
#15877=CARTESIAN_POINT('',(-0.00546344528094498,0.0531429627400996,0.0525));
#15878=CARTESIAN_POINT('',(-0.00546344528094498,0.0531429627400996,0.0525));
#15879=CARTESIAN_POINT('',(-0.00546344528094498,0.0531429627400996,0.0525));
#15880=CARTESIAN_POINT('',(-0.00527182427652115,0.0530489697812901,0.0525));
#15881=CARTESIAN_POINT('',(-0.00499971206427701,0.0530489697812901,0.0525));
#15882=CARTESIAN_POINT('',(-0.00505236426547121,0.0539973572439338,0.0524999999999999));
#15883=CARTESIAN_POINT('',(-0.00578489081411125,0.0533958609220899,0.0525));
#15884=CARTESIAN_POINT('',(-0.00578502361524003,0.0533957536216198,0.0525));
#15885=CARTESIAN_POINT('',(-0.00505236426547121,0.0539973572439338,0.0525));
#15886=CARTESIAN_POINT('',(-0.00497824837272172,0.05404138406198,0.0524999999999999));
#15887=CARTESIAN_POINT('',(-0.00597651181853508,0.0537723520554429,0.0525));
#15888=CARTESIAN_POINT('',(-0.00597647034973572,0.0537723620535653,0.0525));
#15889=CARTESIAN_POINT('',(-0.00497824837272172,0.05404138406198,0.0525));
#15890=CARTESIAN_POINT('',(-0.00431797133184578,0.0542271601518597,0.0524999999999999));
#15891=CARTESIAN_POINT('',(-0.00603830829421648,0.0542433554457205,0.0525));
#15892=CARTESIAN_POINT('',(-0.00603838528184799,0.0542433591172774,0.0525));
#15893=CARTESIAN_POINT('',(-0.00431797133184578,0.0542271601518597,0.0525));
#15894=CARTESIAN_POINT('',(-0.00399887668672583,0.05419918576214,0.0524999999999997));
#15895=CARTESIAN_POINT('',(-0.00600247672428357,0.0545871307978305,0.0525));
#15896=CARTESIAN_POINT('',(-0.00600229647306969,0.0545870940520891,0.0525));
#15897=CARTESIAN_POINT('',(-0.00399887668672583,0.05419918576214,0.0525));
#15898=CARTESIAN_POINT('',(-0.00441297811363699,0.0543019768129581,0.0524999999999998));
#15899=CARTESIAN_POINT('',(-0.00587888377292077,0.0549797201727476,0.0525));
#15900=CARTESIAN_POINT('',(-0.00587888099599096,0.0549797188168925,0.0525));
#15901=CARTESIAN_POINT('',(-0.00441297811363699,0.0543019768129581,0.0525));
#15902=CARTESIAN_POINT('',(-0.00486872889082313,0.0545143116113039,0.0524999999999999));
#15903=CARTESIAN_POINT('',(-0.00563533295699996,0.0553203797361677,0.0525));
#15904=CARTESIAN_POINT('',(-0.0056355052422751,0.0553205666919708,0.0525));
#15905=CARTESIAN_POINT('',(-0.00486872889082313,0.0545143116113039,0.0525));
#15906=CARTESIAN_POINT('',(-0.00511665481325247,0.0547621723480377,0.0525));
#15907=CARTESIAN_POINT('',(-0.00523962779339302,0.0555148070531477,0.0525));
#15908=CARTESIAN_POINT('',(-0.00523962779339302,0.0555148070531477,0.0525));
#15909=CARTESIAN_POINT('',(-0.00511665481325247,0.0547621723480377,0.0525));
#15910=CARTESIAN_POINT('',(-0.00523962779339302,0.0558272146963782,0.0525));
#15911=CARTESIAN_POINT('',(-0.00523962779339302,0.0561386933295992,0.0525));
#15912=CARTESIAN_POINT('',(-0.00523962779339302,0.0561386933295992,0.0525));
#15913=CARTESIAN_POINT('',(-0.00523962779339302,0.0558272146963782,0.0525));
#15914=CARTESIAN_POINT('',(-0.0051599340174656,0.0547755522209906,0.0525));
#15915=CARTESIAN_POINT('',(-0.0058337048369184,0.0559632708025003,0.0525));
#15916=CARTESIAN_POINT('',(-0.00583371256541208,0.0559632845943746,0.0525));
#15917=CARTESIAN_POINT('',(-0.0051599340174656,0.0547755522209906,0.0525));
#15918=CARTESIAN_POINT('',(-0.00498182074339529,0.0544561491900524,0.0524999999999999));
#15919=CARTESIAN_POINT('',(-0.0063176906800702,0.0555576989747089,0.0525));
#15920=CARTESIAN_POINT('',(-0.00631777636886166,0.0555577687017114,0.0525));
#15921=CARTESIAN_POINT('',(-0.00498182074339529,0.0544561491900524,0.0525));
#15922=CARTESIAN_POINT('',(-0.00482940094238781,0.0543382391868484,0.0524999999999999));
#15923=CARTESIAN_POINT('',(-0.0066453677906161,0.0549766043840578,0.0525));
#15924=CARTESIAN_POINT('',(-0.00664526591039754,0.054976569906949,0.0525));
#15925=CARTESIAN_POINT('',(-0.00482940094238781,0.0543382391868484,0.0525));
#15926=CARTESIAN_POINT('',(-0.00472222571678295,0.0542882617126339,0.0524999999999999));
#15927=CARTESIAN_POINT('',(-0.00676532565517411,0.0542755519288486,0.0525));
#15928=CARTESIAN_POINT('',(-0.00676508459278748,0.054275551814616,0.0525));
#15929=CARTESIAN_POINT('',(-0.00472222571678295,0.0542882617126339,0.0525));
#15930=CARTESIAN_POINT('',(-0.00475681493823722,0.0542566771985272,0.0524999999999999));
#15931=CARTESIAN_POINT('',(-0.00663550112643168,0.053548534567891,0.0525));
#15932=CARTESIAN_POINT('',(-0.00663549284384138,0.0535485372419684,0.0525));
#15933=CARTESIAN_POINT('',(-0.00475681493823722,0.0542566771985272,0.0525));
#15934=CARTESIAN_POINT('',(-0.00479569625628024,0.054237807691265,0.0524999999999999));
#15935=CARTESIAN_POINT('',(-0.0062849748988271,0.0529575733130554,0.0525));
#15936=CARTESIAN_POINT('',(-0.00628510899136986,0.0529574583927014,0.0525));
#15937=CARTESIAN_POINT('',(-0.00479569625628024,0.054237807691265,0.0525));
#15938=CARTESIAN_POINT('',(-0.00508502541868747,0.0540037332265785,0.0524999999999999));
#15939=CARTESIAN_POINT('',(-0.00575269433098312,0.0525582330626437,0.0525));
#15940=CARTESIAN_POINT('',(-0.00575268873140285,0.052558246229232,0.0525));
#15941=CARTESIAN_POINT('',(-0.00508502541868747,0.0540037332265785,0.0525));
#15942=CARTESIAN_POINT('',(-0.00509572580026918,0.0539690647635059,0.0524999999999999));
#15943=CARTESIAN_POINT('',(-0.0050838383589021,0.0524123102923372,0.0525));
#15944=CARTESIAN_POINT('',(-0.0050838383589021,0.0524123102923372,0.0525));
#15945=CARTESIAN_POINT('',(-0.00509572580026918,0.0539690647635059,0.0525));
#15946=CARTESIAN_POINT('',(-0.00435682099794447,0.0525488856965743,0.0525));
#15947=CARTESIAN_POINT('',(-0.00435682099794447,0.0525488856965743,0.053));
#15948=CARTESIAN_POINT('',(-0.00454723030676671,0.0524578354270829,0.0525));
#15949=CARTESIAN_POINT('',(-0.00454723030676671,0.0524578354270829,0.053));
#15950=CARTESIAN_POINT('',(-0.00478956942708592,0.0524123102923372,0.0525));
#15951=CARTESIAN_POINT('',(-0.00478956942708592,0.0524123102923372,0.053));
#15952=CARTESIAN_POINT('',(-0.0050838383589021,0.0524123102923372,0.0525));
#15953=CARTESIAN_POINT('',(-0.0050838383589021,0.0524123102923372,0.053));
#15954=CARTESIAN_POINT('',(-0.00435682099794447,0.0525488856965743,0.0525));
#15955=CARTESIAN_POINT('',(-0.00435682099794447,0.0525488856965743,0.0525));
#15956=CARTESIAN_POINT('',(-0.00435682099794447,0.0525488856965743,0.0525));
#15957=CARTESIAN_POINT('',(-0.00464243496117783,0.0524123102923372,0.0525));
#15958=CARTESIAN_POINT('',(-0.0050838383589021,0.0524123102923372,0.0525));
#15959=CARTESIAN_POINT('',(-0.00498313671086238,0.0538341846920593,0.0525));
#15960=CARTESIAN_POINT('',(-0.00385757425114561,0.0529518263491108,0.0525));
#15961=CARTESIAN_POINT('',(-0.00385757426343907,0.0529518263496278,0.0525));
#15962=CARTESIAN_POINT('',(-0.00498313671086238,0.0538341846920593,0.0525));
#15963=CARTESIAN_POINT('',(-0.00400006319296026,0.0531689276458481,0.0525));
#15964=CARTESIAN_POINT('',(-0.00414281492195134,0.0533864293711109,0.0525));
#15965=CARTESIAN_POINT('',(-0.00414281492195134,0.0533864293711109,0.0525));
#15966=CARTESIAN_POINT('',(-0.00400006319296026,0.0531689276458481,0.0525));
#15967=CARTESIAN_POINT('',(-0.00476781434442828,0.0540103149545139,0.0524999999999999));
#15968=CARTESIAN_POINT('',(-0.00435370520925466,0.0532302048234145,0.0525));
#15969=CARTESIAN_POINT('',(-0.00435373187194102,0.0532302549966965,0.0525));
#15970=CARTESIAN_POINT('',(-0.00476781434442828,0.0540103149545139,0.0525));
#15971=CARTESIAN_POINT('',(-0.00515487814536226,0.0547051779486966,0.0524999999999995));
#15972=CARTESIAN_POINT('',(-0.00459414023648564,0.0531232294117308,0.0525));
#15973=CARTESIAN_POINT('',(-0.00459415454182872,0.0531232684321896,0.0525));
#15974=CARTESIAN_POINT('',(-0.00515487814536226,0.0547051779486966,0.0525));
#15975=CARTESIAN_POINT('',(-0.0050194930477015,0.0543045619926345,0.0524999999999997));
#15976=CARTESIAN_POINT('',(-0.0050194930477015,0.0543045619926345,0.0525));
#15977=CARTESIAN_POINT('',(-0.00164534355699623,0.0223142072815512,0.0525));
#15978=CARTESIAN_POINT('',(-0.00509898885179663,0.0545407262841611,0.0524999999999999));
#15979=CARTESIAN_POINT('',(-0.00497374715852852,0.0561309262217285,0.0525));
#15980=CARTESIAN_POINT('',(-0.00497374715852852,0.0561309262217285,0.0525));
#15981=CARTESIAN_POINT('',(-0.00509898885179663,0.0545407262841611,0.0525));
#15982=CARTESIAN_POINT('',(-0.00434063079953964,0.0559437082705425,0.0525000000000003));
#15983=CARTESIAN_POINT('',(-0.00434072275638041,0.0559435374741314,0.0525));
#15984=CARTESIAN_POINT('',(-0.00497374715852852,0.0558266953982632,0.0525));
#15985=CARTESIAN_POINT('',(-0.00497374715852852,0.0555216796307188,0.0525));
#15986=CARTESIAN_POINT('',(-0.00497374715852852,0.0555216796307188,0.0525));
#15987=CARTESIAN_POINT('',(-0.00497374715852852,0.0558266953982632,0.0525));
#15988=CARTESIAN_POINT('',(-0.00504973911968134,0.0547878455573833,0.0525));
#15989=CARTESIAN_POINT('',(-0.00465541741405207,0.0554112569062874,0.0525));
#15990=CARTESIAN_POINT('',(-0.00465538921684068,0.0554113015886933,0.0525));
#15991=CARTESIAN_POINT('',(-0.00504973911968134,0.0547878455573833,0.0525));
#15992=CARTESIAN_POINT('',(-0.00520520133185421,0.0545465803450177,0.0524999999999999));
#15993=CARTESIAN_POINT('',(-0.00440563502075163,0.0551874394187355,0.0525));
#15994=CARTESIAN_POINT('',(-0.00440567192022478,0.0551874096100965,0.0525));
#15995=CARTESIAN_POINT('',(-0.00520520133185421,0.0545465803450177,0.0525));
#15996=CARTESIAN_POINT('',(-0.00516434543186022,0.0545713309316397,0.0524999999999999));
#15997=CARTESIAN_POINT('',(-0.00424361400888107,0.0548987096668123,0.0525));
#15998=CARTESIAN_POINT('',(-0.00424358446991987,0.0548987201582705,0.0525));
#15999=CARTESIAN_POINT('',(-0.00516434543186022,0.0545713309316397,0.0525));
#16000=CARTESIAN_POINT('',(-0.00515684588617246,0.0545772266479746,0.0524999999999999));
#16001=CARTESIAN_POINT('',(-0.00418864440468472,0.0545736290468413,0.0525));
#16002=CARTESIAN_POINT('',(-0.00418864440468472,0.0545736290468413,0.0525));
#16003=CARTESIAN_POINT('',(-0.00515684588617246,0.0545772266479746,0.0525));
#16004=CARTESIAN_POINT('',(-0.00493791558859561,0.0545736290468413,0.0525));
#16005=CARTESIAN_POINT('',(-0.00568726276849694,0.0545736290468413,0.0525));
#16006=CARTESIAN_POINT('',(-0.00568726276849694,0.0545736290468413,0.0525));
#16007=CARTESIAN_POINT('',(-0.00493791558859561,0.0545736290468413,0.0525));
#16008=CARTESIAN_POINT('',(-0.00568726276849694,0.0542880150836079,0.0525));
#16009=CARTESIAN_POINT('',(-0.00568726276849694,0.0540024011203745,0.0525));
#16010=CARTESIAN_POINT('',(-0.00568726276849694,0.0540024011203745,0.0525));
#16011=CARTESIAN_POINT('',(-0.00568726276849694,0.0542880150836079,0.0525));
#16012=CARTESIAN_POINT('',(-0.00457440690811679,0.0540024011203745,0.0525));
#16013=CARTESIAN_POINT('',(-0.00346155104773665,0.0540024011203745,0.0525));
#16014=CARTESIAN_POINT('',(-0.00346155104773665,0.0540024011203745,0.0525));
#16015=CARTESIAN_POINT('',(-0.00457440690811679,0.0540024011203745,0.0525));
#16016=CARTESIAN_POINT('',(-0.00591877935009728,0.0543145458398084,0.0524999999999993));
#16017=CARTESIAN_POINT('',(-0.0034418177193678,0.0543139799893564,0.0525));
#16018=CARTESIAN_POINT('',(-0.00344189558162328,0.0543139802938299,0.0525));
#16019=CARTESIAN_POINT('',(-0.00591964284754324,0.0543145049205497,0.0525000000000001));
#16020=CARTESIAN_POINT('',(-0.0055043731797091,0.0543217693210901,0.0524999999999999));
#16021=CARTESIAN_POINT('',(-0.00354879313105157,0.0549766043840578,0.0525));
#16022=CARTESIAN_POINT('',(-0.00354888576887041,0.0549765743481821,0.0525));
#16023=CARTESIAN_POINT('',(-0.0055043731797091,0.0543217693210901,0.0525));
#16024=CARTESIAN_POINT('',(-0.00524134384035859,0.0544198686987005,0.0524999999999999));
#16025=CARTESIAN_POINT('',(-0.00385725621134358,0.0555410814350299,0.0525));
#16026=CARTESIAN_POINT('',(-0.00385716851394073,0.0555411522687806,0.0525));
#16027=CARTESIAN_POINT('',(-0.00524134384035859,0.0544198686987005,0.0525));
#16028=CARTESIAN_POINT('',(-0.00513167375748335,0.0545012628084167,0.0524999999999999));
#16029=CARTESIAN_POINT('',(-0.00513167375748335,0.0545012628084167,0.0525));
#16030=CARTESIAN_POINT('',(-0.00164534355699623,0.0223142072815512,0.0525));
#16031=CARTESIAN_POINT('',(-0.00174734797022155,0.054440688729409,0.0525));
#16032=CARTESIAN_POINT('',(-0.00106550954526628,0.0527820505501957,0.0525));
#16033=CARTESIAN_POINT('',(-0.00106550954526628,0.0527820505501957,0.0525));
#16034=CARTESIAN_POINT('',(-0.00174734797022155,0.054440688729409,0.0525));
#16035=CARTESIAN_POINT('',(-0.00242918639517681,0.0560993269086223,0.0525));
#16036=CARTESIAN_POINT('',(-0.00242918639517681,0.0560993269086223,0.0525));
#16037=CARTESIAN_POINT('',(-0.000932569227834029,0.0531003802946721,0.0525));
#16038=CARTESIAN_POINT('',(-0.000799628910401777,0.0534187100391486,0.0525));
#16039=CARTESIAN_POINT('',(-0.000799628910401777,0.0534187100391486,0.0525));
#16040=CARTESIAN_POINT('',(-0.000932569227834029,0.0531003802946721,0.0525));
#16041=CARTESIAN_POINT('',(-0.000754449974399413,0.0535288012395221,0.0525));
#16042=CARTESIAN_POINT('',(-0.000709271038397045,0.0536388924398957,0.0525));
#16043=CARTESIAN_POINT('',(-0.000709271038397045,0.0536388924398957,0.0525));
#16044=CARTESIAN_POINT('',(-0.000754449974399413,0.0535288012395221,0.0525));
#16045=CARTESIAN_POINT('',(-0.0011766393418698,0.054869109674259,0.0525));
#16046=CARTESIAN_POINT('',(-0.00164400764534257,0.0560993269086223,0.0525));
#16047=CARTESIAN_POINT('',(-0.00164400764534257,0.0560993269086223,0.0525));
#16048=CARTESIAN_POINT('',(-0.0011766393418698,0.054869109674259,0.0525));
#16049=CARTESIAN_POINT('',(-0.00203659702025969,0.0560993269086223,0.0525));
#16050=CARTESIAN_POINT('',(-0.00203659702025969,0.0560993269086223,0.0525));
#16051=CARTESIAN_POINT('',(-0.00164534355699623,0.0223142072815512,0.0525));
#16052=CARTESIAN_POINT('',(-0.386198726793037,0.200970206366881,0.0525));
#16053=CARTESIAN_POINT('',(0.00116742882723821,0.0560993269086223,0.0525));
#16054=CARTESIAN_POINT('',(0.0011674288272382,0.0560993269086223,0.0525));
#16055=CARTESIAN_POINT('',(-0.386198726793037,0.200970206366881,0.0525));
#16056=CARTESIAN_POINT('',(0.000530833971938522,0.0544084842453927,0.0525));
#16057=CARTESIAN_POINT('',(0.000530812860150689,0.0544084922462809,0.0525));
#16058=CARTESIAN_POINT('',(0.000771247887381676,0.0560993269086223,0.0525));
#16059=CARTESIAN_POINT('',(0.000375023425659767,0.0560993269086223,0.0525));
#16060=CARTESIAN_POINT('',(0.000375023425659767,0.0560993269086223,0.0525));
#16061=CARTESIAN_POINT('',(0.000771247887381676,0.0560993269086223,0.0525));
#16062=CARTESIAN_POINT('',(-0.000277215006742223,0.054268801053354,0.0525));
#16063=CARTESIAN_POINT('',(-0.000929453439144211,0.0524382751980857,0.0525));
#16064=CARTESIAN_POINT('',(-0.000929453439144211,0.0524382751980857,0.0525));
#16065=CARTESIAN_POINT('',(-0.000277215006742223,0.054268801053354,0.0525));
#16066=CARTESIAN_POINT('',(-0.00105304639050701,0.0521459103593577,0.0525));
#16067=CARTESIAN_POINT('',(-0.00117663934186981,0.0518535455206298,0.0525));
#16068=CARTESIAN_POINT('',(-0.00117685826851641,0.0518536293282617,0.0525));
#16069=CARTESIAN_POINT('',(-0.00105304639050701,0.0521459103593577,0.0525));
#16070=CARTESIAN_POINT('',(-0.00294302823524604,0.0525297394532543,0.0524999999999995));
#16071=CARTESIAN_POINT('',(-0.00130594457249727,0.0515845490970755,0.0525));
#16072=CARTESIAN_POINT('',(-0.00130589593079829,0.0515845212818067,0.0525));
#16073=CARTESIAN_POINT('',(-0.00294302823524604,0.0525297394532543,0.0525));
#16074=CARTESIAN_POINT('',(-0.00175357721779064,0.0518435980005381,0.0524999999999999));
#16075=CARTESIAN_POINT('',(-0.00142953752386007,0.0514417421154588,0.0525));
#16076=CARTESIAN_POINT('',(-0.00142938150386969,0.0514415560513996,0.0525));
#16077=CARTESIAN_POINT('',(-0.00175357721779064,0.0518435980005381,0.0525));
#16078=CARTESIAN_POINT('',(-0.0016100606924889,0.0516826925208577,0.0525));
#16079=CARTESIAN_POINT('',(-0.00157546029416656,0.0513835807265822,0.0525));
#16080=CARTESIAN_POINT('',(-0.00157545636758198,0.051383544681989,0.0525));
#16081=CARTESIAN_POINT('',(-0.0016100606924889,0.0516826925208577,0.0525));
#16082=CARTESIAN_POINT('',(-0.00174864766448959,0.052927205283011,0.0525));
#16083=CARTESIAN_POINT('',(-0.00176033042309579,0.0513737140623977,0.0525));
#16084=CARTESIAN_POINT('',(-0.00176036077702956,0.0513734022659071,0.0525));
#16085=CARTESIAN_POINT('',(-0.00174864766448959,0.052927205283011,0.0525));
#16086=CARTESIAN_POINT('',(-0.00170538478986737,0.0520269473377263,0.0524999999999999));
#16087=CARTESIAN_POINT('',(-0.00191923564627653,0.0514059105455259,0.0525));
#16088=CARTESIAN_POINT('',(-0.00191923564627653,0.0514059105455259,0.0525));
#16089=CARTESIAN_POINT('',(-0.00170538478986737,0.0520269473377263,0.0525));
#16090=CARTESIAN_POINT('',(-0.0021330865026856,0.0507848737533237,0.0524999999999998));
#16091=CARTESIAN_POINT('',(-0.00207812721696632,0.0514388424284268,0.0525));
#16092=CARTESIAN_POINT('',(-0.00207814086945727,0.051438107028654,0.0525));
#16093=CARTESIAN_POINT('',(-0.0021330865026856,0.0507848737533237,0.0525));
#16094=CARTESIAN_POINT('',(-0.000941684190596531,0.0510152345860659,0.0525));
#16095=CARTESIAN_POINT('',(-0.00211449173750515,0.0513249000395906,0.0525));
#16096=CARTESIAN_POINT('',(-0.00211442091425293,0.0513248822077148,0.0525));
#16097=CARTESIAN_POINT('',(-0.000941684190596531,0.0510152345860659,0.0525));
#16098=CARTESIAN_POINT('',(0.000227396711802765,0.0506701765596882,0.0525));
#16099=CARTESIAN_POINT('',(-0.00215603558670273,0.0511524930654206,0.0525));
#16100=CARTESIAN_POINT('',(-0.00215602836799113,0.0511524922197271,0.0525));
#16101=CARTESIAN_POINT('',(0.000227396711802765,0.0506701765596882,0.0525));
#16102=CARTESIAN_POINT('',(0.00652772583782938,0.048989277925371,0.0525));
#16103=CARTESIAN_POINT('',(-0.00220789673992028,0.0509325607087735,0.0525));
#16104=CARTESIAN_POINT('',(-0.00220789673992028,0.0509325607087735,0.0525));
#16105=CARTESIAN_POINT('',(0.00652772583782938,0.048989277925371,0.0525));
#16106=CARTESIAN_POINT('',(-0.0021755912604533,0.0509203941395089,0.0524999999972169));
#16107=CARTESIAN_POINT('',(-0.00213058997906922,0.0509032299702352,0.0525));
#16108=CARTESIAN_POINT('',(-0.00213056348669282,0.0509033015832056,0.0525));
#16109=CARTESIAN_POINT('',(-0.0021755912604533,0.0509203941395089,0.0525));
#16110=CARTESIAN_POINT('',(-0.00144591291250593,0.0526890584491557,0.0525));
#16111=CARTESIAN_POINT('',(-0.00199713036352199,0.0508575317361178,0.0525));
#16112=CARTESIAN_POINT('',(-0.0019971246148668,0.0508575511694939,0.0525));
#16113=CARTESIAN_POINT('',(-0.00144591291250593,0.0526890584491557,0.0525));
#16114=CARTESIAN_POINT('',(-0.00150148335466418,0.0524822170599614,0.0525));
#16115=CARTESIAN_POINT('',(-0.00184445671772089,0.0508185843774951,0.0525));
#16116=CARTESIAN_POINT('',(-0.00184443808530037,0.0508186678867276,0.0525));
#16117=CARTESIAN_POINT('',(-0.00150110549565772,0.0524831761281343,0.0525000000000001));
#16118=CARTESIAN_POINT('',(-0.00169378225708999,0.0514934837879111,0.0524999999999997));
#16119=CARTESIAN_POINT('',(-0.00170840061159882,0.050802486135931,0.0525));
#16120=CARTESIAN_POINT('',(-0.00170840268130521,0.0508024808444437,0.0525));
#16121=CARTESIAN_POINT('',(-0.00169378225708999,0.0514934837879111,0.0525));
#16122=CARTESIAN_POINT('',(-0.00168686764621737,0.0538995786716784,0.052499999999999));
#16123=CARTESIAN_POINT('',(-0.00137449192367327,0.0508185843774951,0.0525));
#16124=CARTESIAN_POINT('',(-0.00137448479824107,0.0508185103844272,0.0525));
#16125=CARTESIAN_POINT('',(-0.00168686764621737,0.0538995786716784,0.0525));
#16126=CARTESIAN_POINT('',(-0.00144097802557048,0.0514428176812323,0.0525));
#16127=CARTESIAN_POINT('',(-0.00110497620200398,0.0509125773363046,0.0525));
#16128=CARTESIAN_POINT('',(-0.00110481780765773,0.0509123405433485,0.0525));
#16129=CARTESIAN_POINT('',(-0.00144097802557048,0.0514428176812323,0.0525));
#16130=CARTESIAN_POINT('',(-0.00166018678928886,0.0517449006832637,0.0524999999999999));
#16131=CARTESIAN_POINT('',(-0.000864541174772995,0.0511363948238566,0.0525));
#16132=CARTESIAN_POINT('',(-0.000864541174772995,0.0511363948238566,0.0525));
#16133=CARTESIAN_POINT('',(-0.00166018678928886,0.0517449006832637,0.0525));
#16134=CARTESIAN_POINT('',(-0.00061475878147255,0.0515388508629581,0.0525));
#16135=CARTESIAN_POINT('',(-0.00061475878147255,0.0515388508629581,0.053));
#16136=CARTESIAN_POINT('',(-0.000703385659760718,0.0513678286837614,0.0525));
#16137=CARTESIAN_POINT('',(-0.000703385659760718,0.0513678286837614,0.053));
#16138=CARTESIAN_POINT('',(-0.000786646457527533,0.0512336766707276,0.0525));
#16139=CARTESIAN_POINT('',(-0.000786646457527533,0.0512336766707276,0.053));
#16140=CARTESIAN_POINT('',(-0.000864541174772995,0.0511363948238566,0.0525));
#16141=CARTESIAN_POINT('',(-0.000864541174772995,0.0511363948238566,0.053));
#16142=CARTESIAN_POINT('',(-0.00061475878147255,0.0515388508629581,0.0525));
#16143=CARTESIAN_POINT('',(-0.00061475878147255,0.0515388508629581,0.0525));
#16144=CARTESIAN_POINT('',(-0.00061475878147255,0.0515388508629581,0.0525));
#16145=CARTESIAN_POINT('',(-0.000747699098904802,0.0512823175941631,0.0525));
#16146=CARTESIAN_POINT('',(-0.000864541174772995,0.0511363948238566,0.0525));
#16147=CARTESIAN_POINT('',(-0.00828202469179348,0.0554110818394111,0.0524999999999985));
#16148=CARTESIAN_POINT('',(-0.000322913240859559,0.0521786261406008,0.0525));
#16149=CARTESIAN_POINT('',(-0.000322976103244477,0.0521786508884734,0.0525));
#16150=CARTESIAN_POINT('',(-0.00828202469179348,0.0554110818394111,0.0525));
#16151=CARTESIAN_POINT('',(-0.027968120844145,0.0635042458300451,0.0524999999999912));
#16152=CARTESIAN_POINT('',(4.37112283090748E-5,0.0531169978343511,0.0525));
#16153=CARTESIAN_POINT('',(4.35999644383819E-5,0.0531170389695261,0.0525));
#16154=CARTESIAN_POINT('',(-0.027968120844145,0.0635042458300451,0.0525));
#16155=CARTESIAN_POINT('',(0.28928237606205,-0.0552527058003942,0.0525));
#16156=CARTESIAN_POINT('',(0.28928237606205,-0.0552527058003942,0.0525));
#16157=CARTESIAN_POINT('',(-0.00164534355699623,0.0223142072815512,0.0525));
#16158=CARTESIAN_POINT('',(0.00261475619552424,0.054440688729409,0.0525));
#16159=CARTESIAN_POINT('',(0.0032965946204795,0.0527820505501957,0.0525));
#16160=CARTESIAN_POINT('',(0.0032965946204795,0.0527820505501957,0.0525));
#16161=CARTESIAN_POINT('',(0.00261475619552424,0.054440688729409,0.0525));
#16162=CARTESIAN_POINT('',(0.00193291777056898,0.0560993269086223,0.0525));
#16163=CARTESIAN_POINT('',(0.00193291777056898,0.0560993269086223,0.0525));
#16164=CARTESIAN_POINT('',(0.00342953493791176,0.0531003802946721,0.0525));
#16165=CARTESIAN_POINT('',(0.00356247525534401,0.0534187100391486,0.0525));
#16166=CARTESIAN_POINT('',(0.00356247525534401,0.0534187100391486,0.0525));
#16167=CARTESIAN_POINT('',(0.00342953493791176,0.0531003802946721,0.0525));
#16168=CARTESIAN_POINT('',(0.00360765419134638,0.0535288012395221,0.0525));
#16169=CARTESIAN_POINT('',(0.00365283312734874,0.0536388924398957,0.0525));
#16170=CARTESIAN_POINT('',(0.00365283312734874,0.0536388924398957,0.0525));
#16171=CARTESIAN_POINT('',(0.00360765419134638,0.0535288012395221,0.0525));
#16172=CARTESIAN_POINT('',(0.00318546482387598,0.054869109674259,0.0525));
#16173=CARTESIAN_POINT('',(0.00271809652040321,0.0560993269086223,0.0525));
#16174=CARTESIAN_POINT('',(0.00271809652040321,0.0560993269086223,0.0525));
#16175=CARTESIAN_POINT('',(0.00318546482387598,0.054869109674259,0.0525));
#16176=CARTESIAN_POINT('',(0.0023255071454861,0.0560993269086223,0.0525));
#16177=CARTESIAN_POINT('',(0.0023255071454861,0.0560993269086223,0.0525));
#16178=CARTESIAN_POINT('',(-0.00164534355699623,0.0223142072815512,0.0525));
#16179=CARTESIAN_POINT('',(-0.381836622638181,0.200970206370974,0.0525));
#16180=CARTESIAN_POINT('',(0.00552953299298394,0.0560993269086223,0.0525));
#16181=CARTESIAN_POINT('',(0.00552953299298393,0.0560993269086223,0.0525));
#16182=CARTESIAN_POINT('',(-0.381836622638181,0.200970206370974,0.0525));
#16183=CARTESIAN_POINT('',(0.00489293813768436,0.0544084842453927,0.0525));
#16184=CARTESIAN_POINT('',(0.00489291702589647,0.0544084922462809,0.0525));
#16185=CARTESIAN_POINT('',(0.00513335205312746,0.0560993269086223,0.0525));
#16186=CARTESIAN_POINT('',(0.00473712759140555,0.0560993269086223,0.0525));
#16187=CARTESIAN_POINT('',(0.00473712759140555,0.0560993269086223,0.0525));
#16188=CARTESIAN_POINT('',(0.00513335205312746,0.0560993269086223,0.0525));
#16189=CARTESIAN_POINT('',(0.00408488915900357,0.054268801053354,0.0525));
#16190=CARTESIAN_POINT('',(0.00343265072660158,0.0524382751980857,0.0525));
#16191=CARTESIAN_POINT('',(0.00343265072660158,0.0524382751980857,0.0525));
#16192=CARTESIAN_POINT('',(0.00408488915900357,0.054268801053354,0.0525));
#16193=CARTESIAN_POINT('',(0.00330905777523878,0.0521459103593577,0.0525));
#16194=CARTESIAN_POINT('',(0.00318546482387598,0.0518535455206298,0.0525));
#16195=CARTESIAN_POINT('',(0.0031852458972294,0.0518536293282617,0.0525));
#16196=CARTESIAN_POINT('',(0.00330905777523878,0.0521459103593577,0.0525));
#16197=CARTESIAN_POINT('',(0.00141907593047543,0.0525297394532659,0.0524999999999995));
#16198=CARTESIAN_POINT('',(0.00305615959324852,0.0515845490970755,0.0525));
#16199=CARTESIAN_POINT('',(0.0030562082349477,0.0515845212818066,0.0525));
#16200=CARTESIAN_POINT('',(0.00141907593047543,0.0525297394532659,0.0525));
#16201=CARTESIAN_POINT('',(0.0026085269479278,0.0518435980005617,0.0524999999999999));
#16202=CARTESIAN_POINT('',(0.00293256664188572,0.0514417421154588,0.0525));
#16203=CARTESIAN_POINT('',(0.00293272266187621,0.0514415560513995,0.0525));
#16204=CARTESIAN_POINT('',(0.0026085269479278,0.0518435980005617,0.0525));
#16205=CARTESIAN_POINT('',(0.00275204347325689,0.0516826925208577,0.0525));
#16206=CARTESIAN_POINT('',(0.00278664387157923,0.0513835807265822,0.0525));
#16207=CARTESIAN_POINT('',(0.00278664779816381,0.051383544681989,0.0525));
#16208=CARTESIAN_POINT('',(0.00275204347325689,0.0516826925208577,0.0525));
#16209=CARTESIAN_POINT('',(0.0026134565012562,0.052927205283011,0.0525));
#16210=CARTESIAN_POINT('',(0.00260177374264999,0.0513737140623977,0.0525));
#16211=CARTESIAN_POINT('',(0.00260174338871624,0.0513734022659072,0.0525));
#16212=CARTESIAN_POINT('',(0.0026134565012562,0.052927205283011,0.0525));
#16213=CARTESIAN_POINT('',(0.00265671937583966,0.0520269473375035,0.0524999999999999));
#16214=CARTESIAN_POINT('',(0.00244286851946925,0.0514059105455259,0.0525));
#16215=CARTESIAN_POINT('',(0.00244286851946926,0.0514059105455259,0.0525));
#16216=CARTESIAN_POINT('',(0.00265671937583966,0.0520269473375035,0.0525));
#16217=CARTESIAN_POINT('',(0.00222901766309894,0.0507848737535465,0.0524999999999998));
#16218=CARTESIAN_POINT('',(0.00228397694877941,0.0514388424284266,0.0525));
#16219=CARTESIAN_POINT('',(0.00228396329628852,0.051438107028654,0.0525));
#16220=CARTESIAN_POINT('',(0.00222901766309894,0.0507848737535465,0.0525));
#16221=CARTESIAN_POINT('',(0.00342041997512752,0.0510152345860728,0.0525));
#16222=CARTESIAN_POINT('',(0.00224761242824064,0.0513249000395906,0.0525));
#16223=CARTESIAN_POINT('',(0.00224768325149287,0.0513248822077148,0.0525));
#16224=CARTESIAN_POINT('',(0.00342041997512752,0.0510152345860728,0.0525));
#16225=CARTESIAN_POINT('',(0.00458950087754296,0.0506701765596896,0.0525));
#16226=CARTESIAN_POINT('',(0.00220606857904306,0.0511524930654206,0.0525));
#16227=CARTESIAN_POINT('',(0.00220607579775466,0.0511524922197271,0.0525));
#16228=CARTESIAN_POINT('',(0.00458950087754296,0.0506701765596896,0.0525));
#16229=CARTESIAN_POINT('',(0.0108898300035505,0.0489892779253766,0.0525));
#16230=CARTESIAN_POINT('',(0.0021542074258255,0.0509325607087735,0.0525));
#16231=CARTESIAN_POINT('',(0.0021542074258255,0.0509325607087735,0.0525));
#16232=CARTESIAN_POINT('',(0.0108898300035505,0.0489892779253766,0.0525));
#16233=CARTESIAN_POINT('',(0.00218651290529249,0.0509203941395089,0.0524999999972169));
#16234=CARTESIAN_POINT('',(0.00223151418667658,0.0509032299702352,0.0525));
#16235=CARTESIAN_POINT('',(0.00223154067905297,0.0509033015832056,0.0525));
#16236=CARTESIAN_POINT('',(0.00218651290529249,0.0509203941395089,0.0525));
#16237=CARTESIAN_POINT('',(0.00291619125323964,0.052689058449155,0.0525));
#16238=CARTESIAN_POINT('',(0.0023649738022238,0.0508575317361178,0.0525));
#16239=CARTESIAN_POINT('',(0.00236497955087899,0.0508575511694939,0.0525));
#16240=CARTESIAN_POINT('',(0.00291619125323964,0.052689058449155,0.0525));
#16241=CARTESIAN_POINT('',(0.00286062081105562,0.0524822170598596,0.0525));
#16242=CARTESIAN_POINT('',(0.0025176474480249,0.0508185843774951,0.0525));
#16243=CARTESIAN_POINT('',(0.00251766608044542,0.0508186678867276,0.0525));
#16244=CARTESIAN_POINT('',(0.00286099867008805,0.0524831761281343,0.0525000000000001));
#16245=CARTESIAN_POINT('',(0.0026683219086558,0.0514934837879111,0.0524999999999997));
#16246=CARTESIAN_POINT('',(0.00265370355414697,0.050802486135931,0.0525));
#16247=CARTESIAN_POINT('',(0.00265370148444057,0.0508024808444437,0.0525));
#16248=CARTESIAN_POINT('',(0.0026683219086558,0.0514934837879111,0.0525));
#16249=CARTESIAN_POINT('',(0.00267523651952841,0.0538995786716785,0.052499999999999));
#16250=CARTESIAN_POINT('',(0.00298761224207251,0.0508185843774951,0.0525));
#16251=CARTESIAN_POINT('',(0.00298761936750471,0.0508185103844272,0.0525));
#16252=CARTESIAN_POINT('',(0.00267523651952841,0.0538995786716785,0.0525));
#16253=CARTESIAN_POINT('',(0.00292112614017532,0.0514428176812323,0.0525));
#16254=CARTESIAN_POINT('',(0.0032571279637418,0.0509125773363046,0.0525));
#16255=CARTESIAN_POINT('',(0.00325728635808805,0.0509123405433485,0.0525));
#16256=CARTESIAN_POINT('',(0.00292112614017532,0.0514428176812323,0.0525));
#16257=CARTESIAN_POINT('',(0.00270191737645682,0.0517449006832638,0.0524999999999999));
#16258=CARTESIAN_POINT('',(0.0034975629909728,0.0511363948238566,0.0525));
#16259=CARTESIAN_POINT('',(0.0034975629909728,0.0511363948238566,0.0525));
#16260=CARTESIAN_POINT('',(0.00270191737645682,0.0517449006832638,0.0525));
#16261=CARTESIAN_POINT('',(0.00374734538427323,0.0515388508629581,0.0525));
#16262=CARTESIAN_POINT('',(0.00374734538427323,0.0515388508629581,0.053));
#16263=CARTESIAN_POINT('',(0.00365871850598507,0.0513678286837614,0.0525));
#16264=CARTESIAN_POINT('',(0.00365871850598507,0.0513678286837614,0.053));
#16265=CARTESIAN_POINT('',(0.00357545770821825,0.0512336766707276,0.0525));
#16266=CARTESIAN_POINT('',(0.00357545770821825,0.0512336766707276,0.053));
#16267=CARTESIAN_POINT('',(0.0034975629909728,0.0511363948238566,0.0525));
#16268=CARTESIAN_POINT('',(0.0034975629909728,0.0511363948238566,0.053));
#16269=CARTESIAN_POINT('',(0.00374734538427323,0.0515388508629581,0.0525));
#16270=CARTESIAN_POINT('',(0.00374734538427323,0.0515388508629581,0.0525));
#16271=CARTESIAN_POINT('',(0.00374734538427323,0.0515388508629581,0.0525));
#16272=CARTESIAN_POINT('',(0.00361440506684098,0.0512823175941631,0.0525));
#16273=CARTESIAN_POINT('',(0.0034975629909728,0.0511363948238566,0.0525));
#16274=CARTESIAN_POINT('',(-0.00391992052604768,0.0554110818394112,0.0524999999999985));
#16275=CARTESIAN_POINT('',(0.00403919092488623,0.0521786261406008,0.0525));
#16276=CARTESIAN_POINT('',(0.00403912806250131,0.0521786508884734,0.0525));
#16277=CARTESIAN_POINT('',(-0.00391992052604768,0.0554110818394112,0.0525));
#16278=CARTESIAN_POINT('',(-0.0236060166784104,0.0635042458300494,0.0524999999999912));
#16279=CARTESIAN_POINT('',(0.00440581539405486,0.0531169978343511,0.0525));
#16280=CARTESIAN_POINT('',(0.00440570413018413,0.0531170389695261,0.0525));
#16281=CARTESIAN_POINT('',(-0.0236060166784104,0.0635042458300494,0.0525));
#16282=CARTESIAN_POINT('',(0.293644480211955,-0.0552527057952346,0.0525));
#16283=CARTESIAN_POINT('',(0.293644480211955,-0.0552527057952346,0.0525));
#16284=CARTESIAN_POINT('',(-0.00164534355699623,0.0223142072815512,0.0525));
#16285=CARTESIAN_POINT('',(-0.0435277740798691,-0.0111864735219597,0.0525));
#16286=CARTESIAN_POINT('',(-0.0435396909127064,-0.0111340983060328,0.0525));
#16287=CARTESIAN_POINT('',(-0.0435396909127064,-0.0111340983060328,0.0525));
#16288=CARTESIAN_POINT('',(-0.0435277740798691,-0.0111864735219597,0.0525));
#16289=CARTESIAN_POINT('',(-0.0435158572470318,-0.0112388487378865,0.0525));
#16290=CARTESIAN_POINT('',(-0.0435158572470318,-0.0112388487378865,0.0525));
#16291=CARTESIAN_POINT('',(-0.0436389978530171,-0.0111340983060328,0.0525));
#16292=CARTESIAN_POINT('',(-0.0437383047933278,-0.0111340983060328,0.0525));
#16293=CARTESIAN_POINT('',(-0.0437383047933278,-0.0111340983060328,0.0525));
#16294=CARTESIAN_POINT('',(-0.0436389978530171,-0.0111340983060328,0.0525));
#16295=CARTESIAN_POINT('',(-0.0437383047933278,-0.0116527012165443,0.0525));
#16296=CARTESIAN_POINT('',(-0.0437383047933278,-0.0121713041270557,0.0525));
#16297=CARTESIAN_POINT('',(-0.0437383047933278,-0.0121713041270557,0.0525));
#16298=CARTESIAN_POINT('',(-0.0437383047933278,-0.0116527012165443,0.0525));
#16299=CARTESIAN_POINT('',(-0.0436270810201798,-0.0121713041270557,0.0525));
#16300=CARTESIAN_POINT('',(-0.0435158572470318,-0.0121713041270557,0.0525));
#16301=CARTESIAN_POINT('',(-0.0435158572470318,-0.0121713041270557,0.0525));
#16302=CARTESIAN_POINT('',(-0.0436270810201798,-0.0121713041270557,0.0525));
#16303=CARTESIAN_POINT('',(-0.0435158572470318,-0.0117050764324711,0.0525));
#16304=CARTESIAN_POINT('',(-0.0435158572470318,-0.0117050764324711,0.0525));
#16305=CARTESIAN_POINT('',(-0.00164534355699623,0.0223142072815512,0.0525));
#16306=CARTESIAN_POINT('',(-0.0444437518730164,-0.0118154174772608,0.0525));
#16307=CARTESIAN_POINT('',(-0.044470380845159,-0.0117408269309829,0.0525));
#16308=CARTESIAN_POINT('',(-0.044470380845159,-0.0117408269309829,0.0525));
#16309=CARTESIAN_POINT('',(-0.0444437518730164,-0.0118154174772608,0.0525));
#16310=CARTESIAN_POINT('',(-0.0444171229008738,-0.0118900080235386,0.0525));
#16311=CARTESIAN_POINT('',(-0.0444171229008738,-0.0118900080235386,0.0525));
#16312=CARTESIAN_POINT('',(-0.0445936685725373,-0.0117408269309829,0.0525));
#16313=CARTESIAN_POINT('',(-0.0447169562999156,-0.0117408269309829,0.0525));
#16314=CARTESIAN_POINT('',(-0.0447169562999156,-0.0117408269309829,0.0525));
#16315=CARTESIAN_POINT('',(-0.0445936685725373,-0.0117408269309829,0.0525));
#16316=CARTESIAN_POINT('',(-0.0447427025436999,-0.0118154174772608,0.0525));
#16317=CARTESIAN_POINT('',(-0.0447684487874841,-0.0118900080235386,0.0525));
#16318=CARTESIAN_POINT('',(-0.0447684487874841,-0.0118900080235386,0.0525));
#16319=CARTESIAN_POINT('',(-0.0447427025436999,-0.0118154174772608,0.0525));
#16320=CARTESIAN_POINT('',(-0.044592785844179,-0.0118900080235386,0.0525));
#16321=CARTESIAN_POINT('',(-0.044592785844179,-0.0118900080235386,0.0525));
#16322=CARTESIAN_POINT('',(-0.00164534355699623,0.0223142072815512,0.0525));
#16323=CARTESIAN_POINT('',(-0.0441265581495943,-0.0121713041270557,0.0525));
#16324=CARTESIAN_POINT('',(-0.0440125390699784,-0.0121713041270557,0.0525));
#16325=CARTESIAN_POINT('',(-0.0440125390699784,-0.0121713041270557,0.0525));
#16326=CARTESIAN_POINT('',(-0.0441265581495943,-0.0121713041270557,0.0525));
#16327=CARTESIAN_POINT('',(-0.0442405772292103,-0.0121713041270557,0.0525));
#16328=CARTESIAN_POINT('',(-0.0442405772292103,-0.0121713041270557,0.0525));
#16329=CARTESIAN_POINT('',(-0.044247933298863,-0.0114945457190124,0.0525));
#16330=CARTESIAN_POINT('',(-0.0444833275277476,-0.0108177873109691,0.0525));
#16331=CARTESIAN_POINT('',(-0.0444833275277476,-0.0108177873109691,0.0525));
#16332=CARTESIAN_POINT('',(-0.044247933298863,-0.0114945457190124,0.0525));
#16333=CARTESIAN_POINT('',(-0.044592785844179,-0.0108177873109691,0.0525));
#16334=CARTESIAN_POINT('',(-0.0447022441606103,-0.0108177873109691,0.0525));
#16335=CARTESIAN_POINT('',(-0.0447022441606103,-0.0108177873109691,0.0525));
#16336=CARTESIAN_POINT('',(-0.044592785844179,-0.0108177873109691,0.0525));
#16337=CARTESIAN_POINT('',(-0.0449394038462115,-0.0114945457190124,0.0525));
#16338=CARTESIAN_POINT('',(-0.0451765635318128,-0.0121713041270557,0.0525));
#16339=CARTESIAN_POINT('',(-0.0451765635318128,-0.0121713041270557,0.0525));
#16340=CARTESIAN_POINT('',(-0.0449394038462115,-0.0114945457190124,0.0525));
#16341=CARTESIAN_POINT('',(-0.0450616617238385,-0.0121713041270557,0.0525));
#16342=CARTESIAN_POINT('',(-0.0449467599158642,-0.0121713041270557,0.0525));
#16343=CARTESIAN_POINT('',(-0.0449467599158642,-0.0121713041270557,0.0525));
#16344=CARTESIAN_POINT('',(-0.0450616617238385,-0.0121713041270557,0.0525));
#16345=CARTESIAN_POINT('',(-0.0447693315158425,-0.0116637353210232,0.0525));
#16346=CARTESIAN_POINT('',(-0.0445919031158206,-0.0111561665149908,0.0525));
#16347=CARTESIAN_POINT('',(-0.0445919031158206,-0.0111561665149908,0.0525));
#16348=CARTESIAN_POINT('',(-0.0447693315158425,-0.0116637353210232,0.0525));
#16349=CARTESIAN_POINT('',(-0.0444162401725155,-0.0116637353210232,0.0525));
#16350=CARTESIAN_POINT('',(-0.0444162401725155,-0.0116637353210232,0.0525));
#16351=CARTESIAN_POINT('',(-0.00164534355699623,0.0223142072815512,0.0525));
#16352=CARTESIAN_POINT('',(-0.0454487381089607,-0.0116332811926613,0.0525));
#16353=CARTESIAN_POINT('',(-0.0454487381089607,-0.0115404475936449,0.0525));
#16354=CARTESIAN_POINT('',(-0.0454487381089607,-0.0115404475936449,0.0525));
#16355=CARTESIAN_POINT('',(-0.0454487381089607,-0.0116332811926613,0.0525));
#16356=CARTESIAN_POINT('',(-0.0454487381089607,-0.0117261147916777,0.0525));
#16357=CARTESIAN_POINT('',(-0.0454487381089607,-0.0117261147916777,0.0525));
#16358=CARTESIAN_POINT('',(-0.0457410683169568,-0.0115404475936449,0.0525));
#16359=CARTESIAN_POINT('',(-0.0460333985249528,-0.0115404475936449,0.0525));
#16360=CARTESIAN_POINT('',(-0.0460333985249528,-0.0115404475936449,0.0525));
#16361=CARTESIAN_POINT('',(-0.0457410683169568,-0.0115404475936449,0.0525));
#16362=CARTESIAN_POINT('',(-0.0460333985249528,-0.0116332811926613,0.0525));
#16363=CARTESIAN_POINT('',(-0.0460333985249528,-0.0117261147916777,0.0525));
#16364=CARTESIAN_POINT('',(-0.0460333985249528,-0.0117261147916777,0.0525));
#16365=CARTESIAN_POINT('',(-0.0460333985249528,-0.0116332811926613,0.0525));
#16366=CARTESIAN_POINT('',(-0.0457410683169568,-0.0117261147916777,0.0525));
#16367=CARTESIAN_POINT('',(-0.0457410683169568,-0.0117261147916777,0.0525));
#16368=CARTESIAN_POINT('',(-0.00164534355699623,0.0223142072815512,0.0525));
#16369=CARTESIAN_POINT('',(-0.011800970301036,-0.0569668650884246,-0.0218323855996132));
#16370=CARTESIAN_POINT('',(-0.00164534355699623,0.0213142072815512,0.022));
#16371=CARTESIAN_POINT('',(0.0403671717656246,0.0427145829900816,0.022));
#16372=CARTESIAN_POINT('',(0.0351048300172257,0.0427145829900816,0.022));
#16373=CARTESIAN_POINT('',(0.0456295135140234,0.0427145829900816,0.022));
#16374=CARTESIAN_POINT('',(0.0351048300172257,0.0472145608096904,0.022));
#16375=CARTESIAN_POINT('',(0.0351048300172257,0.0517145386292991,0.022));
#16376=CARTESIAN_POINT('',(0.0403671717656246,0.0517145386292991,0.022));
#16377=CARTESIAN_POINT('',(0.0456295135140234,0.0517145386292991,0.022));
#16378=CARTESIAN_POINT('',(0.0456295135140234,0.0472145608096904,0.022));
#16379=CARTESIAN_POINT('',(0.0336214735533014,0.00411864953873514,0.022));
#16380=CARTESIAN_POINT('',(0.0351001985604506,0.00416257925085373,0.022));
#16381=CARTESIAN_POINT('',(0.0321427485461522,0.00407471982661654,0.022));
#16382=CARTESIAN_POINT('',(0.0403786559116465,0.00416257925085373,0.022));
#16383=CARTESIAN_POINT('',(0.0456571132628424,0.00416257925085373,0.022));
#16384=CARTESIAN_POINT('',(0.0456571132628424,0.0213142072815512,0.022));
#16385=CARTESIAN_POINT('',(0.0456571132628424,0.0542745386292991,0.022));
#16386=CARTESIAN_POINT('',(-0.00164534355699624,0.0542745386292991,0.022));
#16387=CARTESIAN_POINT('',(-0.0489478003768348,0.0542745386292991,0.022));
#16388=CARTESIAN_POINT('',(-0.0489478003768348,0.0213142072815512,0.022));
#16389=CARTESIAN_POINT('',(-0.0489478003768348,0.00407471982661654,0.022));
#16390=CARTESIAN_POINT('',(-0.0084025259153413,0.00407471982661654,0.022));
#16391=CARTESIAN_POINT('',(0.0366922058165074,0.0218942766077816,0.022));
#16392=CARTESIAN_POINT('',(0.0366922058165074,0.030486224219203,0.022));
#16393=CARTESIAN_POINT('',(0.0366922058165074,0.0134147274090734,0.022));
#16394=CARTESIAN_POINT('',(0.0403548300172258,0.0134147274090734,0.022));
#16395=CARTESIAN_POINT('',(0.0456048300172258,0.0134147274090734,0.022));
#16396=CARTESIAN_POINT('',(0.0456048300172258,0.00881475008236218,0.022));
#16397=CARTESIAN_POINT('',(0.0456048300172258,0.00421477275565098,0.022));
#16398=CARTESIAN_POINT('',(0.0403548300172258,0.00421477275565098,0.022));
#16399=CARTESIAN_POINT('',(0.0351048300172258,0.00421477275565098,0.022));
#16400=CARTESIAN_POINT('',(0.0351048300172258,0.00881475008236218,0.022));
#16401=CARTESIAN_POINT('',(0.0351048300172258,0.0133023289963603,0.022));
#16402=CARTESIAN_POINT('',(-0.00181724131107331,0.0133023289963603,0.022));
#16403=CARTESIAN_POINT('',(-0.0393951699827742,0.0133023289963603,0.022));
#16404=CARTESIAN_POINT('',(-0.0393951699827742,0.00896474934301576,0.022));
#16405=CARTESIAN_POINT('',(-0.0393951699827742,0.00421477275565094,0.022));
#16406=CARTESIAN_POINT('',(-0.0441451699827742,0.00421477275565094,0.022));
#16407=CARTESIAN_POINT('',(-0.0488951699827742,0.00421477275565094,0.022));
#16408=CARTESIAN_POINT('',(-0.0488951699827742,0.00896474934301576,0.022));
#16409=CARTESIAN_POINT('',(-0.0488951699827742,0.0137147259303806,0.022));
#16410=CARTESIAN_POINT('',(-0.0441451699827742,0.0137147259303806,0.022));
#16411=CARTESIAN_POINT('',(-0.0403266884386539,0.0137147259303806,0.022));
#16412=CARTESIAN_POINT('',(-0.0403266884386539,0.0218942766077816,0.022));
#16413=CARTESIAN_POINT('',(-0.0403266884386539,0.030486224219203,0.022));
#16414=CARTESIAN_POINT('',(-0.00181724131107331,0.030486224219203,0.022));
#16415=CARTESIAN_POINT('',(-0.0488951699827743,0.04721456080969,0.022));
#16416=CARTESIAN_POINT('',(-0.0488951699827743,0.0517145386292991,0.022));
#16417=CARTESIAN_POINT('',(-0.0488951699827743,0.0427145829900816,0.022));
#16418=CARTESIAN_POINT('',(-0.0441451699827743,0.0517145386292991,0.022));
#16419=CARTESIAN_POINT('',(-0.0393951699827743,0.0517145386292991,0.022));
#16420=CARTESIAN_POINT('',(-0.0393951699827743,0.0472145608096903,0.022));
#16421=CARTESIAN_POINT('',(-0.0393951699827743,0.0427145829900816,0.022));
#16422=CARTESIAN_POINT('',(-0.0441451699827743,0.0427145829900816,0.022));
#16423=CARTESIAN_POINT('',(-0.00164534355699623,0.0180266976241087,-0.003));
#16424=CARTESIAN_POINT('',(-0.0489478003768348,0.0213142072815512,-0.003));
#16425=CARTESIAN_POINT('',(-0.0489478003768348,0.0542745386292991,-0.003));
#16426=CARTESIAN_POINT('',(-0.0489478003768348,-0.0116461240661966,-0.003));
#16427=CARTESIAN_POINT('',(-0.00164534355699624,0.0542745386292991,-0.003));
#16428=CARTESIAN_POINT('',(0.0456571132628424,0.0542745386292991,-0.003));
#16429=CARTESIAN_POINT('',(0.0456571132628424,0.0213142072815512,-0.003));
#16430=CARTESIAN_POINT('',(0.0456571132628424,-0.0116461240661966,-0.003));
#16431=CARTESIAN_POINT('',(-0.00164534355699623,-0.0116461240661966,-0.003));
#16432=CARTESIAN_POINT('',(-0.00181724131107331,0.030486224219203,-0.003));
#16433=CARTESIAN_POINT('',(-0.0403266884386539,0.030486224219203,-0.003));
#16434=CARTESIAN_POINT('',(0.0366922058165074,0.030486224219203,-0.003));
#16435=CARTESIAN_POINT('',(-0.0403266884386539,0.0218942766077816,-0.003));
#16436=CARTESIAN_POINT('',(-0.0403266884386539,0.0133023289963603,-0.003));
#16437=CARTESIAN_POINT('',(-0.00181724131107331,0.0133023289963603,-0.003));
#16438=CARTESIAN_POINT('',(0.0366922058165074,0.0133023289963603,-0.003));
#16439=CARTESIAN_POINT('',(0.0366922058165074,0.0218942766077816,-0.003));
#16440=CARTESIAN_POINT('',(-0.00296430635395825,0.0102745386292991,0.0170775991382271));
#16441=CARTESIAN_POINT('',(0.0333939611734518,0.0102745386292991,0.0170775991382271));
#16442=CARTESIAN_POINT('',(0.0333939611734518,0.030486224219203,0.0170775991382271));
#16443=CARTESIAN_POINT('',(0.0333939611734518,0.0542745386292991,0.0170775991382271));
#16444=CARTESIAN_POINT('',(-0.00296430635395825,0.030486224219203,0.0170775991382271));
#16445=CARTESIAN_POINT('',(-0.0393225738813683,0.030486224219203,0.0170775991382271));
#16446=CARTESIAN_POINT('',(-0.0393225738813683,0.0102745386292991,0.0170775991382271));
#16447=CARTESIAN_POINT('',(-0.0393225738813683,0.0542745386292991,0.0170775991382271));
#16448=CARTESIAN_POINT('',(-0.00296430635395828,0.0542745386292991,0.0170775991382271));
#16449=CARTESIAN_POINT('',(0.0333939611734518,0.0102745386292991,0.0114920556911042));
#16450=CARTESIAN_POINT('',(0.0333939611734518,0.030486224219203,0.0114920556911042));
#16451=CARTESIAN_POINT('',(0.0333939611734518,0.030486224219203,0.0059065122439813));
#16452=CARTESIAN_POINT('',(0.0333939611734518,0.0542745386292991,0.0114920556911042));
#16453=CARTESIAN_POINT('',(0.0333939611734518,0.0542745386292991,0.0059065122439813));
#16454=CARTESIAN_POINT('',(0.0333939611734518,0.0102745386292991,0.0059065122439813));
#16455=CARTESIAN_POINT('',(-0.00296430635395825,0.0102745386292991,0.0059065122439813));
#16456=CARTESIAN_POINT('',(-0.00296430635395825,0.030486224219203,0.0059065122439813));
#16457=CARTESIAN_POINT('',(-0.0393225738813683,0.030486224219203,0.0059065122439813));
#16458=CARTESIAN_POINT('',(-0.00296430635395828,0.0542745386292991,0.0059065122439813));
#16459=CARTESIAN_POINT('',(-0.0393225738813683,0.0542745386292991,0.0059065122439813));
#16460=CARTESIAN_POINT('',(-0.0393225738813683,0.0102745386292991,0.0059065122439813));
#16461=CARTESIAN_POINT('',(-0.0393225738813683,0.0102745386292991,0.0114920556911042));
#16462=CARTESIAN_POINT('',(-0.0393225738813683,0.030486224219203,0.0114920556911042));
#16463=CARTESIAN_POINT('',(-0.0393225738813683,0.0542745386292991,0.0114920556911042));
#16464=CARTESIAN_POINT('',(-0.00164534355699624,0.0542745386292991,-0.003));
#16465=CARTESIAN_POINT('',(-0.0489478003768348,0.0542745386292991,-0.003));
#16466=CARTESIAN_POINT('',(0.0456571132628424,0.0542745386292991,-0.003));
#16467=CARTESIAN_POINT('',(-0.00164534355699623,0.0180266976241087,0.));
#16468=CARTESIAN_POINT('',(0.0351001985604506,-0.00365943171579566,0.));
#16469=CARTESIAN_POINT('',(0.0351001985604506,-0.011481442682445,0.));
#16470=CARTESIAN_POINT('',(0.0351001985604506,0.00416257925085373,0.));
#16471=CARTESIAN_POINT('',(0.0336214735533014,0.00411864953873514,0.));
#16472=CARTESIAN_POINT('',(0.0321427485461522,0.00407471982661654,0.));
#16473=CARTESIAN_POINT('',(0.0321427485461522,-0.00186034739506359,0.));
#16474=CARTESIAN_POINT('',(0.0321427485461522,-0.00779541461674373,0.));
#16475=CARTESIAN_POINT('',(-0.0084025259153413,-0.00779541461674373,0.));
#16476=CARTESIAN_POINT('',(-0.0489478003768348,-0.00779541461674373,0.));
#16477=CARTESIAN_POINT('',(-0.0489478003768348,0.0213142072815512,0.));
#16478=CARTESIAN_POINT('',(-0.0489478003768348,-0.00846433387324214,0.));
#16479=CARTESIAN_POINT('',(-0.00817560187656644,-0.00846433387324214,0.));
#16480=CARTESIAN_POINT('',(0.0325965966237019,-0.00846433387324214,0.));
#16481=CARTESIAN_POINT('',(0.0325965966237019,-0.0100552289697194,0.));
#16482=CARTESIAN_POINT('',(0.0325965966237019,-0.0116461240661966,0.));
#16483=CARTESIAN_POINT('',(-0.00164534355699623,-0.0116461240661966,0.));
#16484=CARTESIAN_POINT('',(0.033096596623702,-0.0116461240661966,0.));
#16485=CARTESIAN_POINT('',(0.033096596623702,-0.00980522896971938,0.));
#16486=CARTESIAN_POINT('',(0.033096596623702,-0.00796433387324214,0.));
#16487=CARTESIAN_POINT('',(0.0338483975920763,-0.00796433387324214,0.));
#16488=CARTESIAN_POINT('',(0.0346001985604506,-0.00796433387324214,0.));
#16489=CARTESIAN_POINT('',(0.0346001985604506,-0.00980522896971938,0.));
#16490=CARTESIAN_POINT('',(0.0346001985604506,-0.0116461240661966,0.));
#16491=CARTESIAN_POINT('',(-0.00164534355699623,-0.0116461240661966,0.));
#16492=CARTESIAN_POINT('',(0.0456571132628424,-0.0116461240661966,0.));
#16493=CARTESIAN_POINT('',(0.0456571132628424,0.0213142072815512,0.));
#16494=CARTESIAN_POINT('',(0.0456571132628424,-0.011481442682445,0.));
#16495=CARTESIAN_POINT('',(0.0403786559116465,-0.011481442682445,0.));
#16496=CARTESIAN_POINT('',(-0.0489478003768348,0.0213142072815512,-0.003));
#16497=CARTESIAN_POINT('',(-0.0489478003768348,-0.0116461240661966,-0.003));
#16498=CARTESIAN_POINT('',(-0.0489478003768348,-0.0116461240661966,0.024));
#16499=CARTESIAN_POINT('',(-0.0489478003768348,0.0213142072815512,0.024));
#16500=CARTESIAN_POINT('',(-0.0489478003768348,-0.00846433387324214,0.024));
#16501=CARTESIAN_POINT('',(-0.0489478003768348,-0.00846433387324214,0.024));
#16502=CARTESIAN_POINT('',(-0.0489478003768348,-0.00779541461674373,0.024));
#16503=CARTESIAN_POINT('',(-0.0489478003768348,-0.00779541461674373,0.024));
#16504=CARTESIAN_POINT('',(-0.0489478003768348,0.0213142072815512,0.024));
#16505=CARTESIAN_POINT('',(-0.0489478003768348,0.00407471982661654,0.024));
#16506=CARTESIAN_POINT('',(-0.0489478003768348,0.00407471982661654,0.024));
#16507=CARTESIAN_POINT('',(-0.00164534355699623,-0.0116461240661966,-0.003));
#16508=CARTESIAN_POINT('',(0.0325965966237019,-0.0116461240661966,0.024));
#16509=CARTESIAN_POINT('',(0.0325965966237019,-0.0116461240661966,0.024));
#16510=CARTESIAN_POINT('',(-0.00164534355699623,-0.0116461240661966,0.024));
#16511=CARTESIAN_POINT('',(0.0456571132628424,-0.0116461240661966,-0.003));
#16512=CARTESIAN_POINT('',(0.0346001985604506,-0.0116461240661966,0.024));
#16513=CARTESIAN_POINT('',(0.0346001985604506,-0.0116461240661966,0.024));
#16514=CARTESIAN_POINT('',(-0.00164534355699623,-0.0116461240661966,0.024));
#16515=CARTESIAN_POINT('',(0.033096596623702,-0.0116461240661966,0.024));
#16516=CARTESIAN_POINT('',(0.033096596623702,-0.0116461240661966,0.024));
#16517=CARTESIAN_POINT('',(0.0456571132628424,0.0213142072815512,-0.003));
#16518=CARTESIAN_POINT('',(0.0456571132628424,0.00416257925085373,0.024));
#16519=CARTESIAN_POINT('',(0.0456571132628424,0.00416257925085373,0.024));
#16520=CARTESIAN_POINT('',(0.0456571132628424,0.0213142072815512,0.024));
#16521=CARTESIAN_POINT('',(0.0456571132628424,-0.011481442682445,0.024));
#16522=CARTESIAN_POINT('',(0.0456571132628424,-0.011481442682445,0.024));
#16523=CARTESIAN_POINT('',(-0.0084025259153413,0.00407471982661654,0.024));
#16524=CARTESIAN_POINT('',(-0.0084025259153413,0.00407471982661654,0.024));
#16525=CARTESIAN_POINT('',(0.0321427485461522,0.00407471982661654,0.024));
#16526=CARTESIAN_POINT('',(0.0321427485461522,0.00407471982661654,0.024));
#16527=CARTESIAN_POINT('',(-0.0084025259153413,-0.00779541461674373,0.024));
#16528=CARTESIAN_POINT('',(0.0321427485461522,-0.00779541461674373,0.024));
#16529=CARTESIAN_POINT('',(0.0321427485461522,-0.00779541461674373,0.024));
#16530=CARTESIAN_POINT('',(-0.0084025259153413,-0.00779541461674373,0.024));
#16531=CARTESIAN_POINT('',(0.0321427485461522,-0.00186034739506359,0.024));
#16532=CARTESIAN_POINT('',(0.0321427485461522,0.00407471982661654,0.022));
#16533=CARTESIAN_POINT('',(0.0321427485461522,-0.00186034739506359,0.024));
#16534=CARTESIAN_POINT('',(-0.00164534355699623,0.0210642072815512,0.024));
#16535=CARTESIAN_POINT('',(0.0351001985604506,-0.00365943171579566,0.024));
#16536=CARTESIAN_POINT('',(0.0351001985604506,-0.011481442682445,0.024));
#16537=CARTESIAN_POINT('',(0.0351001985604506,-0.011481442682445,0.024));
#16538=CARTESIAN_POINT('',(0.0351001985604506,-0.00365943171579566,0.024));
#16539=CARTESIAN_POINT('',(0.0351001985604506,0.00416257925085373,0.024));
#16540=CARTESIAN_POINT('',(0.0351001985604506,0.00416257925085373,0.024));
#16541=CARTESIAN_POINT('',(0.0351001985604506,0.00416257925085373,0.022));
#16542=CARTESIAN_POINT('',(0.0403786559116465,-0.011481442682445,0.024));
#16543=CARTESIAN_POINT('',(0.0403786559116465,-0.011481442682445,0.024));
#16544=CARTESIAN_POINT('',(0.0403786559116465,0.00416257925085373,0.024));
#16545=CARTESIAN_POINT('',(0.0403786559116465,0.00416257925085373,0.024));
#16546=CARTESIAN_POINT('',(-0.00164534355699623,0.0210642072815512,0.024));
#16547=CARTESIAN_POINT('',(0.0346001985604506,-0.00980522896971938,0.024));
#16548=CARTESIAN_POINT('',(0.0346001985604506,-0.00796433387324214,0.024));
#16549=CARTESIAN_POINT('',(0.0346001985604506,-0.00796433387324214,0.024));
#16550=CARTESIAN_POINT('',(0.0346001985604506,-0.00980522896971938,0.024));
#16551=CARTESIAN_POINT('',(0.0338483975920763,-0.00796433387324214,0.024));
#16552=CARTESIAN_POINT('',(0.033096596623702,-0.00796433387324214,0.024));
#16553=CARTESIAN_POINT('',(0.033096596623702,-0.00796433387324214,0.024));
#16554=CARTESIAN_POINT('',(0.0338483975920763,-0.00796433387324214,0.024));
#16555=CARTESIAN_POINT('',(0.033096596623702,-0.00980522896971938,0.024));
#16556=CARTESIAN_POINT('',(0.033096596623702,-0.00980522896971938,0.024));
#16557=CARTESIAN_POINT('',(-0.00164534355699623,0.0210642072815512,0.024));
#16558=CARTESIAN_POINT('',(-0.00817560187656644,-0.00846433387324214,0.024));
#16559=CARTESIAN_POINT('',(-0.00817560187656644,-0.00846433387324214,0.024));
#16560=CARTESIAN_POINT('',(0.0325965966237019,-0.00846433387324214,0.024));
#16561=CARTESIAN_POINT('',(0.0325965966237019,-0.00846433387324214,0.024));
#16562=CARTESIAN_POINT('',(0.0325965966237019,-0.0100552289697194,0.024));
#16563=CARTESIAN_POINT('',(0.0325965966237019,-0.0100552289697194,0.024));
#16564=CARTESIAN_POINT('',(-0.00164534355699623,0.0210642072815512,0.024));
#16565=CARTESIAN_POINT('',(0.0336214735533014,0.00411864953873514,0.022));
#16566=CARTESIAN_POINT('',(-0.00181724131107331,0.030486224219203,-0.003));
#16567=CARTESIAN_POINT('',(-0.0403266884386539,0.030486224219203,-0.003));
#16568=CARTESIAN_POINT('',(0.0366922058165074,0.030486224219203,-0.003));
#16569=CARTESIAN_POINT('',(-0.0403266884386539,0.0218942766077816,-0.003));
#16570=CARTESIAN_POINT('',(-0.0403266884386539,0.0137147259303806,0.0226));
#16571=CARTESIAN_POINT('',(-0.0403266884386539,0.0137147259303806,0.0226));
#16572=CARTESIAN_POINT('',(-0.0403266884386539,0.0218942766077816,0.0226));
#16573=CARTESIAN_POINT('',(-0.0403266884386539,0.0133023289963603,0.0226));
#16574=CARTESIAN_POINT('',(-0.0403266884386539,0.0133023289963603,-0.003));
#16575=CARTESIAN_POINT('',(-0.00181724131107331,0.0133023289963603,-0.003));
#16576=CARTESIAN_POINT('',(-0.00296430635395825,0.0133023289963603,0.0170775991382271));
#16577=CARTESIAN_POINT('',(0.0333939611734518,0.0133023289963603,0.0170775991382271));
#16578=CARTESIAN_POINT('',(-0.0393225738813683,0.0133023289963603,0.0170775991382271));
#16579=CARTESIAN_POINT('',(-0.0393225738813683,0.0133023289963603,0.0114920556911042));
#16580=CARTESIAN_POINT('',(-0.0393225738813683,0.0133023289963603,0.0059065122439813));
#16581=CARTESIAN_POINT('',(-0.00296430635395825,0.0133023289963603,0.0059065122439813));
#16582=CARTESIAN_POINT('',(0.0333939611734518,0.0133023289963603,0.0059065122439813));
#16583=CARTESIAN_POINT('',(0.0333939611734518,0.0133023289963603,0.0114920556911042));
#16584=CARTESIAN_POINT('',(-0.00181724131107331,0.0133023289963603,0.0226));
#16585=CARTESIAN_POINT('',(-0.0393951699827742,0.0133023289963603,0.0226));
#16586=CARTESIAN_POINT('',(-0.0393951699827742,0.0133023289963603,0.0226));
#16587=CARTESIAN_POINT('',(0.0351048300172258,0.0133023289963603,0.0226));
#16588=CARTESIAN_POINT('',(0.0351048300172258,0.0133023289963603,0.0226));
#16589=CARTESIAN_POINT('',(-0.00181724131107331,0.0133023289963603,0.0226));
#16590=CARTESIAN_POINT('',(0.0366922058165074,0.0133023289963603,0.0226));
#16591=CARTESIAN_POINT('',(0.0366922058165074,0.0133023289963603,-0.003));
#16592=CARTESIAN_POINT('',(0.0366922058165074,0.0218942766077816,-0.003));
#16593=CARTESIAN_POINT('',(0.0366922058165074,0.0218942766077816,0.0226));
#16594=CARTESIAN_POINT('',(0.0366922058165074,0.0134147274090734,0.0226));
#16595=CARTESIAN_POINT('',(0.0366922058165074,0.0134147274090734,0.0226));
#16596=CARTESIAN_POINT('',(-0.00164534355699621,0.0102745386292991,0.0095));
#16597=CARTESIAN_POINT('',(-0.00296430635395825,0.0102745386292991,0.0170775991382271));
#16598=CARTESIAN_POINT('',(0.0333939611734518,0.0102745386292991,0.0170775991382271));
#16599=CARTESIAN_POINT('',(-0.0393225738813683,0.0102745386292991,0.0170775991382271));
#16600=CARTESIAN_POINT('',(0.0333939611734518,0.0102745386292991,0.0114920556911042));
#16601=CARTESIAN_POINT('',(0.0333939611734518,0.0102745386292991,0.0059065122439813));
#16602=CARTESIAN_POINT('',(-0.00296430635395825,0.0102745386292991,0.0059065122439813));
#16603=CARTESIAN_POINT('',(-0.0393225738813683,0.0102745386292991,0.0059065122439813));
#16604=CARTESIAN_POINT('',(-0.0393225738813683,0.0102745386292991,0.0114920556911042));
#16605=CARTESIAN_POINT('',(-0.0393225738813683,0.0102745386292991,0.0114920556911042));
#16606=CARTESIAN_POINT('',(-0.0393225738813683,0.0102745386292991,0.0170775991382271));
#16607=CARTESIAN_POINT('',(-0.0393225738813683,0.0102745386292991,0.0059065122439813));
#16608=CARTESIAN_POINT('',(-0.00296430635395825,0.0102745386292991,0.0059065122439813));
#16609=CARTESIAN_POINT('',(0.0333939611734518,0.0102745386292991,0.0059065122439813));
#16610=CARTESIAN_POINT('',(0.0333939611734518,0.0102745386292991,0.0114920556911042));
#16611=CARTESIAN_POINT('',(0.0333939611734518,0.0102745386292991,0.0170775991382271));
#16612=CARTESIAN_POINT('',(-0.00296430635395825,0.0102745386292991,0.0170775991382271));
#16613=CARTESIAN_POINT('',(-0.0441451699827742,0.0137147259303806,0.0226));
#16614=CARTESIAN_POINT('',(-0.0488951699827742,0.0137147259303806,0.0226));
#16615=CARTESIAN_POINT('',(-0.0488951699827742,0.0137147259303806,0.0226));
#16616=CARTESIAN_POINT('',(-0.0441451699827742,0.0137147259303806,0.0226));
#16617=CARTESIAN_POINT('',(-0.0488951699827742,0.00896474934301576,0.0226));
#16618=CARTESIAN_POINT('',(-0.0488951699827742,0.00421477275565094,0.0226));
#16619=CARTESIAN_POINT('',(-0.0488951699827742,0.00421477275565094,0.0226));
#16620=CARTESIAN_POINT('',(-0.0488951699827742,0.00896474934301576,0.0226));
#16621=CARTESIAN_POINT('',(-0.0441451699827742,0.00421477275565094,0.0226));
#16622=CARTESIAN_POINT('',(-0.0393951699827742,0.00421477275565094,0.0226));
#16623=CARTESIAN_POINT('',(-0.0393951699827742,0.00421477275565094,0.0226));
#16624=CARTESIAN_POINT('',(-0.0441451699827742,0.00421477275565094,0.0226));
#16625=CARTESIAN_POINT('',(-0.0393951699827742,0.00896474934301576,0.0226));
#16626=CARTESIAN_POINT('',(-0.0393951699827742,0.00896474934301576,0.0226));
#16627=CARTESIAN_POINT('',(-0.0438951699827742,0.0092147481107718,0.0226));
#16628=CARTESIAN_POINT('',(-0.0438951699827742,0.0092147481107718,0.0226));
#16629=CARTESIAN_POINT('',(-0.0422951699827742,0.0092147481107718,0.0226));
#16630=CARTESIAN_POINT('',(-0.0438951699827742,0.0092147481107718,0.022));
#16631=CARTESIAN_POINT('',(-0.0422951699827742,0.0092147481107718,0.022));
#16632=CARTESIAN_POINT('',(-0.00164534355699623,0.0291746292279579,0.0226));
#16633=CARTESIAN_POINT('',(-0.00164534355699623,0.0213142072815512,0.022));
#16634=CARTESIAN_POINT('',(0.0403548300172258,0.0134147274090734,0.0226));
#16635=CARTESIAN_POINT('',(0.0403548300172258,0.0134147274090734,0.0226));
#16636=CARTESIAN_POINT('',(0.0456048300172258,0.0134147274090734,0.0226));
#16637=CARTESIAN_POINT('',(0.0456048300172258,0.0134147274090734,0.0226));
#16638=CARTESIAN_POINT('',(0.0351048300172258,0.00881475008236218,0.0226));
#16639=CARTESIAN_POINT('',(0.0351048300172258,0.00421477275565098,0.0226));
#16640=CARTESIAN_POINT('',(0.0351048300172258,0.00421477275565098,0.0226));
#16641=CARTESIAN_POINT('',(0.0351048300172258,0.00881475008236218,0.0226));
#16642=CARTESIAN_POINT('',(0.0403548300172258,0.00421477275565098,0.0226));
#16643=CARTESIAN_POINT('',(0.0456048300172258,0.00421477275565098,0.0226));
#16644=CARTESIAN_POINT('',(0.0456048300172258,0.00421477275565098,0.0226));
#16645=CARTESIAN_POINT('',(0.0403548300172258,0.00421477275565098,0.0226));
#16646=CARTESIAN_POINT('',(0.0396048300172258,0.00921474811077184,0.0226));
#16647=CARTESIAN_POINT('',(0.0396048300172258,0.00921474811077184,0.0226));
#16648=CARTESIAN_POINT('',(0.0412048300172258,0.00921474811077184,0.0226));
#16649=CARTESIAN_POINT('',(0.0396048300172258,0.00921474811077184,0.022));
#16650=CARTESIAN_POINT('',(0.0412048300172258,0.00921474811077184,0.022));
#16651=CARTESIAN_POINT('',(0.0456048300172258,0.00881475008236218,0.0226));
#16652=CARTESIAN_POINT('',(0.0456048300172258,0.00881475008236218,0.0226));
#16653=CARTESIAN_POINT('',(-0.00164534355699623,0.0291746292279579,0.0226));
#16654=CARTESIAN_POINT('',(-0.00164534355699623,0.0213142072815512,0.022));
#16655=CARTESIAN_POINT('',(0.0351048300172257,0.0472145608096904,0.0226));
#16656=CARTESIAN_POINT('',(0.0351048300172257,0.0427145829900816,0.0226));
#16657=CARTESIAN_POINT('',(0.0351048300172257,0.0427145829900816,0.0226));
#16658=CARTESIAN_POINT('',(0.0351048300172257,0.0472145608096904,0.0226));
#16659=CARTESIAN_POINT('',(0.0351048300172257,0.0517145386292991,0.0226));
#16660=CARTESIAN_POINT('',(0.0351048300172257,0.0517145386292991,0.0226));
#16661=CARTESIAN_POINT('',(0.0403671717656246,0.0427145829900816,0.0226));
#16662=CARTESIAN_POINT('',(0.0456295135140234,0.0427145829900816,0.0226));
#16663=CARTESIAN_POINT('',(0.0456295135140234,0.0427145829900816,0.0226));
#16664=CARTESIAN_POINT('',(0.0403671717656246,0.0427145829900816,0.0226));
#16665=CARTESIAN_POINT('',(0.0456295135140234,0.0472145608096904,0.0226));
#16666=CARTESIAN_POINT('',(0.0456295135140234,0.0517145386292991,0.0226));
#16667=CARTESIAN_POINT('',(0.0456295135140234,0.0517145386292991,0.0226));
#16668=CARTESIAN_POINT('',(0.0456295135140234,0.0472145608096904,0.0226));
#16669=CARTESIAN_POINT('',(0.0403671717656246,0.0517145386292991,0.0226));
#16670=CARTESIAN_POINT('',(0.0403671717656246,0.0517145386292991,0.0226));
#16671=CARTESIAN_POINT('',(0.0396048300172257,0.0472145608096904,0.0226));
#16672=CARTESIAN_POINT('',(0.0396048300172257,0.0472145608096904,0.0226));
#16673=CARTESIAN_POINT('',(0.0412048300172257,0.0472145608096904,0.0226));
#16674=CARTESIAN_POINT('',(0.0396048300172257,0.0472145608096904,0.022));
#16675=CARTESIAN_POINT('',(0.0412048300172257,0.0472145608096904,0.022));
#16676=CARTESIAN_POINT('',(-0.00164534355699623,0.0291746292279579,0.0226));
#16677=CARTESIAN_POINT('',(-0.00164534355699623,0.0213142072815512,0.022));
#16678=CARTESIAN_POINT('',(-0.0441451699827743,0.0517145386292991,0.0226));
#16679=CARTESIAN_POINT('',(-0.0488951699827743,0.0517145386292991,0.0226));
#16680=CARTESIAN_POINT('',(-0.0488951699827743,0.0517145386292991,0.0226));
#16681=CARTESIAN_POINT('',(-0.0441451699827743,0.0517145386292991,0.0226));
#16682=CARTESIAN_POINT('',(-0.0393951699827743,0.0517145386292991,0.0226));
#16683=CARTESIAN_POINT('',(-0.0393951699827743,0.0517145386292991,0.0226));
#16684=CARTESIAN_POINT('',(-0.0488951699827743,0.04721456080969,0.0226));
#16685=CARTESIAN_POINT('',(-0.0488951699827743,0.0427145829900816,0.0226));
#16686=CARTESIAN_POINT('',(-0.0488951699827743,0.0427145829900816,0.0226));
#16687=CARTESIAN_POINT('',(-0.0488951699827743,0.04721456080969,0.0226));
#16688=CARTESIAN_POINT('',(-0.0441451699827743,0.0427145829900816,0.0226));
#16689=CARTESIAN_POINT('',(-0.0393951699827743,0.0427145829900816,0.0226));
#16690=CARTESIAN_POINT('',(-0.0393951699827743,0.0427145829900816,0.0226));
#16691=CARTESIAN_POINT('',(-0.0441451699827743,0.0427145829900816,0.0226));
#16692=CARTESIAN_POINT('',(-0.0438951704532666,0.0472145608096903,0.0226));
#16693=CARTESIAN_POINT('',(-0.0438951699827743,0.0472145608096903,0.0226));
#16694=CARTESIAN_POINT('',(-0.0459951699827743,0.0472145608096901,0.0226));
#16695=CARTESIAN_POINT('',(-0.0438951699827743,0.0472145608096903,0.022));
#16696=CARTESIAN_POINT('',(-0.0459951699827743,0.0472145608096901,0.022));
#16697=CARTESIAN_POINT('',(-0.0393951699827743,0.0472145608096903,0.0226));
#16698=CARTESIAN_POINT('',(-0.0393951699827743,0.0472145608096903,0.0226));
#16699=CARTESIAN_POINT('',(-0.00164534355699623,0.0291746292279579,0.0226));
#16700=CARTESIAN_POINT('',(-0.00164534355699623,0.0213142072815512,0.022));
#16701=CARTESIAN_POINT('',(-0.0438951699827743,0.0472145608096903,0.022));
#16702=CARTESIAN_POINT('',(-0.0422951699827743,0.0472145608096903,0.022));
#16703=CARTESIAN_POINT('',(-0.0438951699827743,0.0472145608096903,0.0226));
#16704=CARTESIAN_POINT('',(-0.0438951699827743,0.0472145608096903,0.0226));
#16705=CARTESIAN_POINT('',(-0.0422951699827743,0.0472145608096903,0.0226));
#16706=CARTESIAN_POINT('',(-0.00164534355699623,0.0291746292279579,0.0226));
#16707=CARTESIAN_POINT('',(-0.011800970301036,-0.0569668650884246,-0.0218323855996132));
#16708=CARTESIAN_POINT('',(-0.00164534355699624,0.0547745386292991,-0.003));
#16709=CARTESIAN_POINT('',(0.0461571132628424,0.0547745386292991,-0.003));
#16710=CARTESIAN_POINT('',(0.0461571132628424,0.0547745386292991,-0.003));
#16711=CARTESIAN_POINT('',(0.0461571132628424,0.0547745386292991,0.05));
#16712=CARTESIAN_POINT('',(-0.00164534355699624,0.0547745386292991,0.05));
#16713=CARTESIAN_POINT('',(-0.0494478003768348,0.0547745386292991,0.05));
#16714=CARTESIAN_POINT('',(-0.0494478003768348,0.0547745386292991,-0.003));
#16715=CARTESIAN_POINT('',(-0.0494478003768348,0.0547745386292991,-0.003));
#16716=CARTESIAN_POINT('',(-0.00164534355699624,0.0547745386292991,-0.003));
#16717=CARTESIAN_POINT('',(-0.00983601855494422,0.0547745386292991,-0.003));
#16718=CARTESIAN_POINT('',(-0.00983601855494422,0.0547745386292991,0.0203198135179991));
#16719=CARTESIAN_POINT('',(-0.00983601855494422,0.0547745386292991,0.0287960133849168));
#16720=CARTESIAN_POINT('',(-0.00164534355699624,0.0547745386292991,0.0287960133849168));
#16721=CARTESIAN_POINT('',(0.00870265587874298,0.0547745386292991,0.0287960133849168));
#16722=CARTESIAN_POINT('',(0.00870265587874298,0.0547745386292991,-0.003));
#16723=CARTESIAN_POINT('',(0.00870265587874298,0.0547745386292991,0.0203198135179991));
#16724=CARTESIAN_POINT('',(-0.00164534355699624,0.0547745386292991,0.0203198135179991));
#16725=CARTESIAN_POINT('',(-0.00164534355699623,0.0592745386292991,-0.003));
#16726=CARTESIAN_POINT('',(-0.0539478003768348,0.0592745386292991,-0.003));
#16727=CARTESIAN_POINT('',(-0.0539478003768348,0.0592745386292991,-0.003));
#16728=CARTESIAN_POINT('',(-0.0539478003768348,0.0592745386292991,0.05));
#16729=CARTESIAN_POINT('',(-0.00164534355699623,0.0592745386292991,0.05));
#16730=CARTESIAN_POINT('',(0.0506571132628424,0.0592745386292991,0.05));
#16731=CARTESIAN_POINT('',(0.0506571132628424,0.0592745386292991,-0.003));
#16732=CARTESIAN_POINT('',(0.0506571132628424,0.0592745386292991,-0.003));
#16733=CARTESIAN_POINT('',(-0.00164534355699623,0.0592745386292991,-0.003));
#16734=CARTESIAN_POINT('',(-0.000566681338100622,0.0592745386292991,0.0287960133849168));
#16735=CARTESIAN_POINT('',(0.00870265587874298,0.0592745386292991,0.0287960133849168));
#16736=CARTESIAN_POINT('',(-0.00983601855494422,0.0592745386292991,0.0287960133849168));
#16737=CARTESIAN_POINT('',(-0.00983601855494422,0.0592745386292991,0.0245579134514579));
#16738=CARTESIAN_POINT('',(-0.00983601855494422,0.0592745386292991,0.0203198135179991));
#16739=CARTESIAN_POINT('',(-0.000566681338100622,0.0592745386292991,0.0203198135179991));
#16740=CARTESIAN_POINT('',(0.00870265587874298,0.0592745386292991,0.0203198135179991));
#16741=CARTESIAN_POINT('',(0.00870265587874298,0.0592745386292991,0.0245579134514579));
#16742=CARTESIAN_POINT('',(-0.00139534355699623,-0.0121461240661966,-0.003));
#16743=CARTESIAN_POINT('',(0.0316017256307262,-0.0121461240661966,0.0347653355987032));
#16744=CARTESIAN_POINT('',(0.0316017256307262,-0.0121461240661966,0.0258153355987032));
#16745=CARTESIAN_POINT('',(0.0316017256307262,-0.0121461240661966,0.0437153355987032));
#16746=CARTESIAN_POINT('',(0.000351725630726254,-0.0121461240661966,0.0437153355987032));
#16747=CARTESIAN_POINT('',(-0.0308982743692738,-0.0121461240661966,0.0437153355987032));
#16748=CARTESIAN_POINT('',(-0.0308982743692738,-0.0121461240661966,0.0347653355987032));
#16749=CARTESIAN_POINT('',(-0.0308982743692737,-0.0121461240661966,0.0258153355987032));
#16750=CARTESIAN_POINT('',(0.000351725630726254,-0.0121461240661966,0.0258153355987032));
#16751=CARTESIAN_POINT('',(-0.0494478003768348,-0.0121461240661966,-0.003));
#16752=CARTESIAN_POINT('',(-0.0494478003768348,-0.0121461240661966,-0.003));
#16753=CARTESIAN_POINT('',(-0.0494478003768348,-0.0121461240661966,0.05));
#16754=CARTESIAN_POINT('',(-0.00139534355699623,-0.0121461240661966,0.05));
#16755=CARTESIAN_POINT('',(0.0461571132628424,-0.0121461240661966,0.05));
#16756=CARTESIAN_POINT('',(0.0461571132628424,-0.0121461240661966,-0.003));
#16757=CARTESIAN_POINT('',(0.0461571132628424,-0.0121461240661966,-0.003));
#16758=CARTESIAN_POINT('',(-0.00139534355699623,-0.0121461240661966,-0.003));
#16759=CARTESIAN_POINT('',(-0.0494478003768348,0.0213142072815512,-0.003));
#16760=CARTESIAN_POINT('',(-0.0494478003768348,0.0213142072815512,0.05));
#16761=CARTESIAN_POINT('',(-0.0494478003768348,0.0213142072815512,-0.003));
#16762=CARTESIAN_POINT('',(-0.0514478003768348,-0.0146461240661966,-0.003));
#16763=CARTESIAN_POINT('',(0.000351725630726267,-0.0146461240661966,0.0437153355987032));
#16764=CARTESIAN_POINT('',(0.0316017256307262,-0.0146461240661966,0.0437153355987032));
#16765=CARTESIAN_POINT('',(-0.0308982743692738,-0.0146461240661966,0.0437153355987032));
#16766=CARTESIAN_POINT('',(0.0316017256307262,-0.0146461240661966,0.0347653355987032));
#16767=CARTESIAN_POINT('',(0.0316017256307262,-0.0146461240661966,0.0258153355987032));
#16768=CARTESIAN_POINT('',(0.000351725630726267,-0.0146461240661966,0.0258153355987032));
#16769=CARTESIAN_POINT('',(-0.0308982743692737,-0.0146461240661966,0.0258153355987032));
#16770=CARTESIAN_POINT('',(-0.0308982743692738,-0.0146461240661966,0.0347653355987032));
#16771=CARTESIAN_POINT('',(0.0506571132628424,-0.0146461240661966,-0.003));
#16772=CARTESIAN_POINT('',(0.0506571132628424,-0.0146461240661966,-0.003));
#16773=CARTESIAN_POINT('',(0.0506571132628424,-0.0146461240661966,0.05));
#16774=CARTESIAN_POINT('',(-0.0514478003768348,-0.0146461240661966,0.05));
#16775=CARTESIAN_POINT('',(-0.0539478003768348,-0.0146461240661966,0.05));
#16776=CARTESIAN_POINT('',(-0.0539478003768348,-0.0146461240661966,-0.003));
#16777=CARTESIAN_POINT('',(-0.0539478003768348,-0.0146461240661966,-0.003));
#16778=CARTESIAN_POINT('',(-0.0514478003768348,-0.0146461240661966,-0.003));
#16779=CARTESIAN_POINT('',(0.0506571132628424,0.0223142072815512,-0.003));
#16780=CARTESIAN_POINT('',(0.0506571132628424,0.0223142072815512,0.05));
#16781=CARTESIAN_POINT('',(0.0506571132628424,0.0223142072815512,-0.003));
#16782=CARTESIAN_POINT('',(-0.0539478003768348,0.0223142072815512,-0.003));
#16783=CARTESIAN_POINT('',(-0.0539478003768348,0.0223142072815512,0.05));
#16784=CARTESIAN_POINT('',(-0.0539478003768348,0.0223142072815512,-0.003));
#16785=CARTESIAN_POINT('',(0.0461571132628424,0.0213142072815512,-0.003));
#16786=CARTESIAN_POINT('',(0.0461571132628424,0.0213142072815512,0.05));
#16787=CARTESIAN_POINT('',(0.0461571132628424,0.0213142072815512,-0.003));
#16788=CARTESIAN_POINT('',(-0.00164534355699623,0.0180266976241087,-0.003));
#16789=CARTESIAN_POINT('',(0.000351725630726241,0.0592765386292991,0.0437153355987032));
#16790=CARTESIAN_POINT('',(0.0316017256307262,0.0592765386292991,0.0437153355987032));
#16791=CARTESIAN_POINT('',(-0.0308982743692738,0.0592765386292991,0.0437153355987032));
#16792=CARTESIAN_POINT('',(-0.0308982743692738,0.0592765386292991,0.0347653355987032));
#16793=CARTESIAN_POINT('',(-0.0308982743692737,0.0592765386292991,0.0258153355987032));
#16794=CARTESIAN_POINT('',(0.0316017256307262,0.0592765386292991,0.0347653355987032));
#16795=CARTESIAN_POINT('',(0.0316017256307262,0.0592765386292991,0.0258153355987032));
#16796=CARTESIAN_POINT('',(0.000351725630726241,0.0592765386292991,0.0258153355987032));
#16797=CARTESIAN_POINT('',(-0.00164534355699623,0.0223142072815512,0.05));
#16798=CARTESIAN_POINT('',(-0.0509220656307544,0.0569336976553794,0.05));
#16799=CARTESIAN_POINT('',(-0.0494220656307544,0.0569336976553794,0.05));
#16800=CARTESIAN_POINT('',(0.0486322651035939,0.0564345001839093,0.05));
#16801=CARTESIAN_POINT('',(0.0501322651035939,0.0564345001839093,0.05));
#16802=CARTESIAN_POINT('',(0.0486322651035939,-0.0111051429166367,0.05));
#16803=CARTESIAN_POINT('',(0.0501322651035939,-0.0111051429166367,0.05));
#16804=CARTESIAN_POINT('',(-0.051220772248647,-0.0121464062988742,0.05));
#16805=CARTESIAN_POINT('',(-0.049720772248647,-0.0121464062988742,0.05));
#16806=CARTESIAN_POINT('',(-0.000566681338100605,0.0342745386292991,0.0287960133849168));
#16807=CARTESIAN_POINT('',(-0.00983601855494421,0.0342745386292991,0.0287960133849168));
#16808=CARTESIAN_POINT('',(0.008702655878743,0.0342745386292991,0.0287960133849168));
#16809=CARTESIAN_POINT('',(0.008702655878743,0.0342745386292991,0.0245579134514579));
#16810=CARTESIAN_POINT('',(0.008702655878743,0.0342745386292991,0.0203198135179991));
#16811=CARTESIAN_POINT('',(-0.000566681338100605,0.0342745386292991,0.0203198135179991));
#16812=CARTESIAN_POINT('',(-0.00983601855494421,0.0342745386292991,0.0203198135179991));
#16813=CARTESIAN_POINT('',(-0.00983601855494421,0.0342745386292991,0.0245579134514579));
#16814=CARTESIAN_POINT('',(-0.051220772248647,-0.0121464062988742,0.048));
#16815=CARTESIAN_POINT('',(-0.051220772248647,-0.0121464062988742,0.048));
#16816=CARTESIAN_POINT('',(-0.049720772248647,-0.0121464062988742,0.048));
#16817=CARTESIAN_POINT('',(-0.00164534355699623,0.0223142072815512,0.048));
#16818=CARTESIAN_POINT('',(0.0486322651035939,-0.0111051429166367,0.048));
#16819=CARTESIAN_POINT('',(0.0486322651035939,-0.0111051429166367,0.048));
#16820=CARTESIAN_POINT('',(0.0501322651035939,-0.0111051429166367,0.048));
#16821=CARTESIAN_POINT('',(-0.00164534355699623,0.0223142072815512,0.048));
#16822=CARTESIAN_POINT('',(0.0486322651035939,0.0564345001839093,0.048));
#16823=CARTESIAN_POINT('',(0.0486322651035939,0.0564345001839093,0.048));
#16824=CARTESIAN_POINT('',(0.0501322651035939,0.0564345001839093,0.048));
#16825=CARTESIAN_POINT('',(-0.00164534355699623,0.0223142072815512,0.048));
#16826=CARTESIAN_POINT('',(-0.0509220656307544,0.0569336976553794,0.048));
#16827=CARTESIAN_POINT('',(-0.0509220656307544,0.0569336976553794,0.048));
#16828=CARTESIAN_POINT('',(-0.0494220656307544,0.0569336976553794,0.048));
#16829=CARTESIAN_POINT('',(-0.00164534355699623,0.0223142072815512,0.048));
#16830=CARTESIAN_POINT('',(-0.011800970301036,-0.0569668650884246,-0.0218323855996132));
#16831=MECHANICAL_DESIGN_GEOMETRIC_PRESENTATION_REPRESENTATION('',(#9708,
#9709,#9710),#16832);
#16832=(
GEOMETRIC_REPRESENTATION_CONTEXT(3)
GLOBAL_UNCERTAINTY_ASSIGNED_CONTEXT((#16836))
GLOBAL_UNIT_ASSIGNED_CONTEXT((#16842,#16841,#16840))
REPRESENTATION_CONTEXT('Assembly 1','TOP_LEVEL_ASSEMBLY_PART')
);
#16833=(
GEOMETRIC_REPRESENTATION_CONTEXT(3)
GLOBAL_UNCERTAINTY_ASSIGNED_CONTEXT((#16837))
GLOBAL_UNIT_ASSIGNED_CONTEXT((#16842,#16841,#16840))
REPRESENTATION_CONTEXT('Part 3','COMPONENT_PART')
);
#16834=(
GEOMETRIC_REPRESENTATION_CONTEXT(3)
GLOBAL_UNCERTAINTY_ASSIGNED_CONTEXT((#16838))
GLOBAL_UNIT_ASSIGNED_CONTEXT((#16842,#16841,#16840))
REPRESENTATION_CONTEXT('Part 1','COMPONENT_PART')
);
#16835=(
GEOMETRIC_REPRESENTATION_CONTEXT(3)
GLOBAL_UNCERTAINTY_ASSIGNED_CONTEXT((#16839))
GLOBAL_UNIT_ASSIGNED_CONTEXT((#16842,#16841,#16840))
REPRESENTATION_CONTEXT('Part 2','COMPONENT_PART')
);
#16836=UNCERTAINTY_MEASURE_WITH_UNIT(LENGTH_MEASURE(1.E-8),#16842,
'DISTANCE_ACCURACY_VALUE','Maximum Tolerance applied to model');
#16837=UNCERTAINTY_MEASURE_WITH_UNIT(LENGTH_MEASURE(2.E-5),#16842,
'DISTANCE_ACCURACY_VALUE','Maximum Tolerance applied to model');
#16838=UNCERTAINTY_MEASURE_WITH_UNIT(LENGTH_MEASURE(1.E-8),#16842,
'DISTANCE_ACCURACY_VALUE','Maximum Tolerance applied to model');
#16839=UNCERTAINTY_MEASURE_WITH_UNIT(LENGTH_MEASURE(1.E-8),#16842,
'DISTANCE_ACCURACY_VALUE','Maximum Tolerance applied to model');
#16840=(
NAMED_UNIT(*)
SI_UNIT($,.STERADIAN.)
SOLID_ANGLE_UNIT()
);
#16841=(
NAMED_UNIT(*)
PLANE_ANGLE_UNIT()
SI_UNIT($,.RADIAN.)
);
#16842=(
LENGTH_UNIT()
NAMED_UNIT(*)
SI_UNIT($,.METRE.)
);
#16843=PRODUCT_DEFINITION_SHAPE('','',#16850);
#16844=PRODUCT_DEFINITION_SHAPE('','',#16851);
#16845=PRODUCT_DEFINITION_SHAPE(' ','NAUO PRDDFN',#16);
#16846=PRODUCT_DEFINITION_SHAPE('','',#16852);
#16847=PRODUCT_DEFINITION_SHAPE(' ','NAUO PRDDFN',#17);
#16848=PRODUCT_DEFINITION_SHAPE('','',#16853);
#16849=PRODUCT_DEFINITION_SHAPE(' ','NAUO PRDDFN',#18);
#16850=PRODUCT_DEFINITION('','',#16858,#16854);
#16851=PRODUCT_DEFINITION('','',#16859,#16855);
#16852=PRODUCT_DEFINITION('','',#16860,#16856);
#16853=PRODUCT_DEFINITION('','',#16861,#16857);
#16854=PRODUCT_DEFINITION_CONTEXT('',#16879,'design');
#16855=PRODUCT_DEFINITION_CONTEXT('',#16879,'design');
#16856=PRODUCT_DEFINITION_CONTEXT('',#16879,'design');
#16857=PRODUCT_DEFINITION_CONTEXT('',#16879,'design');
#16858=PRODUCT_DEFINITION_FORMATION_WITH_SPECIFIED_SOURCE('','',#16866,
 .NOT_KNOWN.);
#16859=PRODUCT_DEFINITION_FORMATION_WITH_SPECIFIED_SOURCE('','',#16867,
 .NOT_KNOWN.);
#16860=PRODUCT_DEFINITION_FORMATION_WITH_SPECIFIED_SOURCE('','',#16868,
 .NOT_KNOWN.);
#16861=PRODUCT_DEFINITION_FORMATION_WITH_SPECIFIED_SOURCE('','',#16869,
 .NOT_KNOWN.);
#16862=PRODUCT_RELATED_PRODUCT_CATEGORY('','',(#16866));
#16863=PRODUCT_RELATED_PRODUCT_CATEGORY('','',(#16867));
#16864=PRODUCT_RELATED_PRODUCT_CATEGORY('','',(#16868));
#16865=PRODUCT_RELATED_PRODUCT_CATEGORY('','',(#16869));
#16866=PRODUCT('Assembly 1','Assembly 1','Assembly 1',(#16874));
#16867=PRODUCT('Part 3','Part 3','Part 3',(#16875));
#16868=PRODUCT('Part 1','Part 1','Part 1',(#16876));
#16869=PRODUCT('Part 2','Part 2','Part 2',(#16877));
#16870=PRODUCT_CATEGORY('','');
#16871=PRODUCT_CATEGORY('','');
#16872=PRODUCT_CATEGORY('','');
#16873=PRODUCT_CATEGORY('','');
#16874=PRODUCT_CONTEXT('',#16879,'mechanical');
#16875=PRODUCT_CONTEXT('',#16879,'mechanical');
#16876=PRODUCT_CONTEXT('',#16879,'mechanical');
#16877=PRODUCT_CONTEXT('',#16879,'mechanical');
#16878=APPLICATION_PROTOCOL_DEFINITION('international standard',
'ap242_managed_model_based_3d_engineering',2020,#16879);
#16879=APPLICATION_CONTEXT('managed model based 3d engineering');
ENDSEC;
END-ISO-10303-21;
